xcodebuild -scheme SingleThread -destination 'platform=iOS Simulator,id=DD998B17-B378-4CD2-8D51-6A89FE96ABB0' -configuration Debug -derivedDataPath 'DerivedData' build-for-testing
Command line invocation:
    /Applications/Xcode.app/Contents/Developer/usr/bin/xcodebuild -scheme SingleThread -destination "platform=iOS Simulator,id=DD998B17-B378-4CD2-8D51-6A89FE96ABB0" -configuration Debug -derivedDataPath DerivedData build-for-testing

Resolve Package Graph


Resolved source packages:
  SingleThreadCore: /Users/vardy/dev/alanvardy-var-1014-lower-deployment-targets-from-ios-187watchos-265-to-the/SingleThreadCore @ local

ComputePackagePrebuildTargetDependencyGraph

Prepare packages

CreateBuildRequest

SendProjectDescription

CreateBuildOperation

ComputeTargetDependencyGraph
note: Building targets in dependency order
note: Target dependency graph (11 targets)
    Target 'SingleThreadUITests' in project 'SingleThread'
        ➜ Explicit dependency on target 'SingleThread' in project 'SingleThread'
        ➜ Explicit dependency on target 'SingleThreadCore-product' in project 'SingleThreadCore'
    Target 'SingleThreadTests' in project 'SingleThread'
        ➜ Explicit dependency on target 'SingleThread' in project 'SingleThread'
        ➜ Explicit dependency on target 'SingleThreadCore-product' in project 'SingleThreadCore'
    Target 'SingleThread' in project 'SingleThread'
        ➜ Explicit dependency on target 'SingleThreadWatch' in project 'SingleThread'
        ➜ Explicit dependency on target 'SingleThreadWidget' in project 'SingleThread'
        ➜ Explicit dependency on target 'SingleThreadCore-product' in project 'SingleThreadCore'
    Target 'SingleThreadWidget' in project 'SingleThread'
        ➜ Explicit dependency on target 'SingleThreadCore-product' in project 'SingleThreadCore'
    Target 'SingleThreadCore-product' in project 'SingleThreadCore'
        ➜ Explicit dependency on target 'SingleThreadCore' in project 'SingleThreadCore'
        ➜ Explicit dependency on target 'SingleThreadCore_SingleThreadCore' in project 'SingleThreadCore'
    Target 'SingleThreadCore' in project 'SingleThreadCore'
        ➜ Explicit dependency on target 'SingleThreadCore_SingleThreadCore' in project 'SingleThreadCore'
    Target 'SingleThreadCore_SingleThreadCore' in project 'SingleThreadCore' (no dependencies)
    Target 'SingleThreadWatch' in project 'SingleThread'
        ➜ Explicit dependency on target 'SingleThreadCore-product' in project 'SingleThreadCore'
    Target 'SingleThreadCore-product' in project 'SingleThreadCore'
        ➜ Explicit dependency on target 'SingleThreadCore' in project 'SingleThreadCore'
        ➜ Explicit dependency on target 'SingleThreadCore_SingleThreadCore' in project 'SingleThreadCore'
    Target 'SingleThreadCore' in project 'SingleThreadCore'
        ➜ Explicit dependency on target 'SingleThreadCore_SingleThreadCore' in project 'SingleThreadCore'
    Target 'SingleThreadCore_SingleThreadCore' in project 'SingleThreadCore' (no dependencies)

GatherProvisioningInputs

CreateBuildDescription

ExecuteExternalTool /Applications/Xcode.app/Contents/Developer/usr/bin/xcstringstool compile --dry-run --output-directory /Users/vardy/dev/alanvardy-var-1014-lower-deployment-targets-from-ios-187watchos-265-to-the/DerivedData/Build/Intermediates.noindex/SingleThreadCore.build/Debug-watchsimulator/SingleThreadCore_SingleThreadCore-b.build /Users/vardy/dev/alanvardy-var-1014-lower-deployment-targets-from-ios-187watchos-265-to-the/SingleThreadCore/Sources/SingleThreadCore/Resources/Localizable.xcstrings

ExecuteExternalTool /Applications/Xcode.app/Contents/Developer/usr/bin/xcstringstool compile --dry-run --output-directory /Users/vardy/dev/alanvardy-var-1014-lower-deployment-targets-from-ios-187watchos-265-to-the/DerivedData/Build/Intermediates.noindex/SingleThreadCore.build/Debug-iphonesimulator/SingleThreadCore_SingleThreadCore-b.build /Users/vardy/dev/alanvardy-var-1014-lower-deployment-targets-from-ios-187watchos-265-to-the/SingleThreadCore/Sources/SingleThreadCore/Resources/Localizable.xcstrings

ExecuteExternalTool /Applications/Xcode.app/Contents/Developer/usr/bin/actool --print-asset-tag-combinations --output-format xml1 /Users/vardy/dev/alanvardy-var-1014-lower-deployment-targets-from-ios-187watchos-265-to-the/SingleThreadWatch/Assets.xcassets

ExecuteExternalTool /Applications/Xcode.app/Contents/Developer/usr/bin/xcstringstool compile --dry-run --output-directory /Users/vardy/dev/alanvardy-var-1014-lower-deployment-targets-from-ios-187watchos-265-to-the/DerivedData/Build/Intermediates.noindex/SingleThread.build/Debug-watchsimulator/SingleThreadWatch.build /Users/vardy/dev/alanvardy-var-1014-lower-deployment-targets-from-ios-187watchos-265-to-the/SingleThreadWatch/Resources/Localizable.xcstrings

ExecuteExternalTool /Applications/Xcode.app/Contents/Developer/Toolchains/XcodeDefault.xctoolchain/usr/bin/swiftc --version

ExecuteExternalTool /Applications/Xcode.app/Contents/Developer/usr/bin/xcstringstool compile --dry-run --output-directory /Users/vardy/dev/alanvardy-var-1014-lower-deployment-targets-from-ios-187watchos-265-to-the/DerivedData/Build/Intermediates.noindex/SingleThread.build/Debug-iphonesimulator/SingleThreadWidget.build /Users/vardy/dev/alanvardy-var-1014-lower-deployment-targets-from-ios-187watchos-265-to-the/SingleThreadWidget/Resources/Localizable.xcstrings

ExecuteExternalTool /Applications/Xcode.app/Contents/Developer/usr/bin/xcstringstool compile --dry-run --output-directory /Users/vardy/dev/alanvardy-var-1014-lower-deployment-targets-from-ios-187watchos-265-to-the/DerivedData/Build/Intermediates.noindex/SingleThread.build/Debug-iphonesimulator/SingleThread.build /Users/vardy/dev/alanvardy-var-1014-lower-deployment-targets-from-ios-187watchos-265-to-the/SingleThread/Resources/Localizable.xcstrings

ExecuteExternalTool /Applications/Xcode.app/Contents/Developer/usr/bin/actool --print-asset-tag-combinations --output-format xml1 /Users/vardy/dev/alanvardy-var-1014-lower-deployment-targets-from-ios-187watchos-265-to-the/SingleThread/Assets.xcassets

ExecuteExternalTool /Applications/Xcode.app/Contents/Developer/Toolchains/XcodeDefault.xctoolchain/usr/bin/clang -v -E -dM -isysroot /Applications/Xcode.app/Contents/Developer/Platforms/WatchSimulator.platform/Developer/SDKs/WatchSimulator27.0.sdk -x c -c /dev/null

ExecuteExternalTool /Applications/Xcode.app/Contents/Developer/Toolchains/XcodeDefault.xctoolchain/usr/bin/clang -v -E -dM -isysroot /Applications/Xcode.app/Contents/Developer/Platforms/iPhoneSimulator.platform/Developer/SDKs/iPhoneSimulator27.0.sdk -x c -c /dev/null

ExecuteExternalTool /Applications/Xcode.app/Contents/Developer/Toolchains/XcodeDefault.xctoolchain/usr/bin/ld -version_details

ExecuteExternalTool /Applications/Xcode.app/Contents/Developer/usr/bin/actool --version --output-format xml1

Build description signature: a612307b703515b0641ea0cedb9b04a1
Build description path: /Users/vardy/dev/alanvardy-var-1014-lower-deployment-targets-from-ios-187watchos-265-to-the/DerivedData/Build/Intermediates.noindex/XCBuildData/a612307b703515b0641ea0cedb9b04a1.xcbuilddata
CreateBuildDirectory /Users/vardy/dev/alanvardy-var-1014-lower-deployment-targets-from-ios-187watchos-265-to-the/DerivedData/SDKExplicitPrecompiledModules
    cd /Users/vardy/dev/alanvardy-var-1014-lower-deployment-targets-from-ios-187watchos-265-to-the/SingleThread.xcodeproj
    builtin-create-build-directory /Users/vardy/dev/alanvardy-var-1014-lower-deployment-targets-from-ios-187watchos-265-to-the/DerivedData/SDKExplicitPrecompiledModules

CreateBuildDirectory /Users/vardy/dev/alanvardy-var-1014-lower-deployment-targets-from-ios-187watchos-265-to-the/DerivedData/ModuleCache.noindex
    cd /Users/vardy/dev/alanvardy-var-1014-lower-deployment-targets-from-ios-187watchos-265-to-the/SingleThread.xcodeproj
    builtin-create-build-directory /Users/vardy/dev/alanvardy-var-1014-lower-deployment-targets-from-ios-187watchos-265-to-the/DerivedData/ModuleCache.noindex

CreateBuildDirectory /Users/vardy/dev/alanvardy-var-1014-lower-deployment-targets-from-ios-187watchos-265-to-the/DerivedData/CompilationCache.noindex
    cd /Users/vardy/dev/alanvardy-var-1014-lower-deployment-targets-from-ios-187watchos-265-to-the/SingleThread.xcodeproj
    builtin-create-build-directory /Users/vardy/dev/alanvardy-var-1014-lower-deployment-targets-from-ios-187watchos-265-to-the/DerivedData/CompilationCache.noindex

ClangStatCache /Applications/Xcode.app/Contents/Developer/Toolchains/XcodeDefault.xctoolchain/usr/bin/clang-stat-cache /Applications/Xcode.app/Contents/Developer/Platforms/iPhoneSimulator.platform/Developer/SDKs/iPhoneSimulator27.0.sdk /Users/vardy/dev/alanvardy-var-1014-lower-deployment-targets-from-ios-187watchos-265-to-the/DerivedData/SDKStatCaches.noindex/iphonesimulator27.0-24A430-8dc58220667be655e1bcc261a7455254.sdkstatcache
    cd /Users/vardy/dev/alanvardy-var-1014-lower-deployment-targets-from-ios-187watchos-265-to-the/SingleThread.xcodeproj
    /Applications/Xcode.app/Contents/Developer/Toolchains/XcodeDefault.xctoolchain/usr/bin/clang-stat-cache /Applications/Xcode.app/Contents/Developer/Platforms/iPhoneSimulator.platform/Developer/SDKs/iPhoneSimulator27.0.sdk -o /Users/vardy/dev/alanvardy-var-1014-lower-deployment-targets-from-ios-187watchos-265-to-the/DerivedData/SDKStatCaches.noindex/iphonesimulator27.0-24A430-8dc58220667be655e1bcc261a7455254.sdkstatcache

ClangStatCache /Applications/Xcode.app/Contents/Developer/Toolchains/XcodeDefault.xctoolchain/usr/bin/clang-stat-cache /Applications/Xcode.app/Contents/Developer/Platforms/WatchSimulator.platform/Developer/SDKs/WatchSimulator27.0.sdk /Users/vardy/dev/alanvardy-var-1014-lower-deployment-targets-from-ios-187watchos-265-to-the/DerivedData/SDKStatCaches.noindex/watchsimulator27.0-24R360-c50668d93734557a32a78b937f5ceaf1.sdkstatcache
    cd /Users/vardy/dev/alanvardy-var-1014-lower-deployment-targets-from-ios-187watchos-265-to-the/SingleThread.xcodeproj
    /Applications/Xcode.app/Contents/Developer/Toolchains/XcodeDefault.xctoolchain/usr/bin/clang-stat-cache /Applications/Xcode.app/Contents/Developer/Platforms/WatchSimulator.platform/Developer/SDKs/WatchSimulator27.0.sdk -o /Users/vardy/dev/alanvardy-var-1014-lower-deployment-targets-from-ios-187watchos-265-to-the/DerivedData/SDKStatCaches.noindex/watchsimulator27.0-24R360-c50668d93734557a32a78b937f5ceaf1.sdkstatcache

CreateBuildDirectory /Users/vardy/dev/alanvardy-var-1014-lower-deployment-targets-from-ios-187watchos-265-to-the/DerivedData/Build/Intermediates.noindex
    cd /Users/vardy/dev/alanvardy-var-1014-lower-deployment-targets-from-ios-187watchos-265-to-the/SingleThread.xcodeproj
    builtin-create-build-directory /Users/vardy/dev/alanvardy-var-1014-lower-deployment-targets-from-ios-187watchos-265-to-the/DerivedData/Build/Intermediates.noindex

CreateBuildDirectory /Users/vardy/dev/alanvardy-var-1014-lower-deployment-targets-from-ios-187watchos-265-to-the/DerivedData/Build/Products
    cd /Users/vardy/dev/alanvardy-var-1014-lower-deployment-targets-from-ios-187watchos-265-to-the/SingleThread.xcodeproj
    builtin-create-build-directory /Users/vardy/dev/alanvardy-var-1014-lower-deployment-targets-from-ios-187watchos-265-to-the/DerivedData/Build/Products

CreateBuildDirectory /Users/vardy/dev/alanvardy-var-1014-lower-deployment-targets-from-ios-187watchos-265-to-the/DerivedData/Build/Intermediates.noindex/SwiftExplicitPrecompiledModules
    cd /Users/vardy/dev/alanvardy-var-1014-lower-deployment-targets-from-ios-187watchos-265-to-the/SingleThread.xcodeproj
    builtin-create-build-directory /Users/vardy/dev/alanvardy-var-1014-lower-deployment-targets-from-ios-187watchos-265-to-the/DerivedData/Build/Intermediates.noindex/SwiftExplicitPrecompiledModules

CreateBuildDirectory /Users/vardy/dev/alanvardy-var-1014-lower-deployment-targets-from-ios-187watchos-265-to-the/DerivedData/Build/Intermediates.noindex/ExplicitPrecompiledModules
    cd /Users/vardy/dev/alanvardy-var-1014-lower-deployment-targets-from-ios-187watchos-265-to-the/SingleThread.xcodeproj
    builtin-create-build-directory /Users/vardy/dev/alanvardy-var-1014-lower-deployment-targets-from-ios-187watchos-265-to-the/DerivedData/Build/Intermediates.noindex/ExplicitPrecompiledModules

CreateBuildDirectory /Users/vardy/dev/alanvardy-var-1014-lower-deployment-targets-from-ios-187watchos-265-to-the/DerivedData/Build/Intermediates.noindex/PrecompiledHeaders
    cd /Users/vardy/dev/alanvardy-var-1014-lower-deployment-targets-from-ios-187watchos-265-to-the/SingleThread.xcodeproj
    builtin-create-build-directory /Users/vardy/dev/alanvardy-var-1014-lower-deployment-targets-from-ios-187watchos-265-to-the/DerivedData/Build/Intermediates.noindex/PrecompiledHeaders

CreateBuildDirectory /Users/vardy/dev/alanvardy-var-1014-lower-deployment-targets-from-ios-187watchos-265-to-the/DerivedData/Build/Intermediates.noindex/EagerLinkingTBDs/Debug-iphonesimulator
    cd /Users/vardy/dev/alanvardy-var-1014-lower-deployment-targets-from-ios-187watchos-265-to-the/SingleThread.xcodeproj
    builtin-create-build-directory /Users/vardy/dev/alanvardy-var-1014-lower-deployment-targets-from-ios-187watchos-265-to-the/DerivedData/Build/Intermediates.noindex/EagerLinkingTBDs/Debug-iphonesimulator

CreateBuildDirectory /Users/vardy/dev/alanvardy-var-1014-lower-deployment-targets-from-ios-187watchos-265-to-the/DerivedData/Build/Products/Debug-watchsimulator
    cd /Users/vardy/dev/alanvardy-var-1014-lower-deployment-targets-from-ios-187watchos-265-to-the/SingleThread.xcodeproj
    builtin-create-build-directory /Users/vardy/dev/alanvardy-var-1014-lower-deployment-targets-from-ios-187watchos-265-to-the/DerivedData/Build/Products/Debug-watchsimulator

CreateBuildDirectory /Users/vardy/dev/alanvardy-var-1014-lower-deployment-targets-from-ios-187watchos-265-to-the/DerivedData/Build/Products/Debug-iphonesimulator
    cd /Users/vardy/dev/alanvardy-var-1014-lower-deployment-targets-from-ios-187watchos-265-to-the/SingleThread.xcodeproj
    builtin-create-build-directory /Users/vardy/dev/alanvardy-var-1014-lower-deployment-targets-from-ios-187watchos-265-to-the/DerivedData/Build/Products/Debug-iphonesimulator

CreateBuildDirectory /Users/vardy/dev/alanvardy-var-1014-lower-deployment-targets-from-ios-187watchos-265-to-the/DerivedData/Build/Intermediates.noindex/EagerLinkingTBDs/Debug-watchsimulator
    cd /Users/vardy/dev/alanvardy-var-1014-lower-deployment-targets-from-ios-187watchos-265-to-the/SingleThread.xcodeproj
    builtin-create-build-directory /Users/vardy/dev/alanvardy-var-1014-lower-deployment-targets-from-ios-187watchos-265-to-the/DerivedData/Build/Intermediates.noindex/EagerLinkingTBDs/Debug-watchsimulator

WriteAuxiliaryFile /Users/vardy/dev/alanvardy-var-1014-lower-deployment-targets-from-ios-187watchos-265-to-the/DerivedData/Build/Intermediates.noindex/SingleThread.build/Debug-iphonesimulator/SingleThread-33ec346c36bc7f11d2672a35e2382a55-VFS-iphonesimulator/all-product-headers.yaml
    cd /Users/vardy/dev/alanvardy-var-1014-lower-deployment-targets-from-ios-187watchos-265-to-the/SingleThread.xcodeproj
    write-file /Users/vardy/dev/alanvardy-var-1014-lower-deployment-targets-from-ios-187watchos-265-to-the/DerivedData/Build/Intermediates.noindex/SingleThread.build/Debug-iphonesimulator/SingleThread-33ec346c36bc7f11d2672a35e2382a55-VFS-iphonesimulator/all-product-headers.yaml

WriteAuxiliaryFile /Users/vardy/dev/alanvardy-var-1014-lower-deployment-targets-from-ios-187watchos-265-to-the/DerivedData/Build/Intermediates.noindex/SingleThread.build/Debug-watchsimulator/SingleThread-33ec346c36bc7f11d2672a35e2382a55-VFS-watchsimulator/all-product-headers.yaml
    cd /Users/vardy/dev/alanvardy-var-1014-lower-deployment-targets-from-ios-187watchos-265-to-the/SingleThread.xcodeproj
    write-file /Users/vardy/dev/alanvardy-var-1014-lower-deployment-targets-from-ios-187watchos-265-to-the/DerivedData/Build/Intermediates.noindex/SingleThread.build/Debug-watchsimulator/SingleThread-33ec346c36bc7f11d2672a35e2382a55-VFS-watchsimulator/all-product-headers.yaml

CreateBuildDirectory /Users/vardy/dev/alanvardy-var-1014-lower-deployment-targets-from-ios-187watchos-265-to-the/DerivedData/Build/Products/Debug-watchsimulator/PackageFrameworks
    cd /Users/vardy/dev/alanvardy-var-1014-lower-deployment-targets-from-ios-187watchos-265-to-the/SingleThread.xcodeproj
    builtin-create-build-directory /Users/vardy/dev/alanvardy-var-1014-lower-deployment-targets-from-ios-187watchos-265-to-the/DerivedData/Build/Products/Debug-watchsimulator/PackageFrameworks

CreateBuildDirectory /Users/vardy/dev/alanvardy-var-1014-lower-deployment-targets-from-ios-187watchos-265-to-the/DerivedData/Build/Products/Debug-iphonesimulator/PackageFrameworks
    cd /Users/vardy/dev/alanvardy-var-1014-lower-deployment-targets-from-ios-187watchos-265-to-the/SingleThread.xcodeproj
    builtin-create-build-directory /Users/vardy/dev/alanvardy-var-1014-lower-deployment-targets-from-ios-187watchos-265-to-the/DerivedData/Build/Products/Debug-iphonesimulator/PackageFrameworks

WriteAuxiliaryFile /Users/vardy/dev/alanvardy-var-1014-lower-deployment-targets-from-ios-187watchos-265-to-the/DerivedData/Build/Intermediates.noindex/SingleThread.build/Debug-iphonesimulator/SingleThreadWidget.build/SingleThreadWidget.hmap (in target 'SingleThreadWidget' from project 'SingleThread')
    cd /Users/vardy/dev/alanvardy-var-1014-lower-deployment-targets-from-ios-187watchos-265-to-the
    write-file /Users/vardy/dev/alanvardy-var-1014-lower-deployment-targets-from-ios-187watchos-265-to-the/DerivedData/Build/Intermediates.noindex/SingleThread.build/Debug-iphonesimulator/SingleThreadWidget.build/SingleThreadWidget.hmap

WriteAuxiliaryFile /Users/vardy/dev/alanvardy-var-1014-lower-deployment-targets-from-ios-187watchos-265-to-the/DerivedData/Build/Intermediates.noindex/SingleThread.build/Debug-iphonesimulator/SingleThreadWidget.build/SingleThreadWidget.DependencyStaticMetadataFileList (in target 'SingleThreadWidget' from project 'SingleThread')
    cd /Users/vardy/dev/alanvardy-var-1014-lower-deployment-targets-from-ios-187watchos-265-to-the
    write-file /Users/vardy/dev/alanvardy-var-1014-lower-deployment-targets-from-ios-187watchos-265-to-the/DerivedData/Build/Intermediates.noindex/SingleThread.build/Debug-iphonesimulator/SingleThreadWidget.build/SingleThreadWidget.DependencyStaticMetadataFileList

WriteAuxiliaryFile /Users/vardy/dev/alanvardy-var-1014-lower-deployment-targets-from-ios-187watchos-265-to-the/DerivedData/Build/Intermediates.noindex/SingleThread.build/Debug-iphonesimulator/SingleThreadWidget.build/SingleThreadWidget.DependencyMetadataFileList (in target 'SingleThreadWidget' from project 'SingleThread')
    cd /Users/vardy/dev/alanvardy-var-1014-lower-deployment-targets-from-ios-187watchos-265-to-the
    write-file /Users/vardy/dev/alanvardy-var-1014-lower-deployment-targets-from-ios-187watchos-265-to-the/DerivedData/Build/Intermediates.noindex/SingleThread.build/Debug-iphonesimulator/SingleThreadWidget.build/SingleThreadWidget.DependencyMetadataFileList

WriteAuxiliaryFile /Users/vardy/dev/alanvardy-var-1014-lower-deployment-targets-from-ios-187watchos-265-to-the/DerivedData/Build/Intermediates.noindex/SingleThread.build/Debug-iphonesimulator/SingleThreadWidget.build/SingleThreadWidget-project-headers.hmap (in target 'SingleThreadWidget' from project 'SingleThread')
    cd /Users/vardy/dev/alanvardy-var-1014-lower-deployment-targets-from-ios-187watchos-265-to-the
    write-file /Users/vardy/dev/alanvardy-var-1014-lower-deployment-targets-from-ios-187watchos-265-to-the/DerivedData/Build/Intermediates.noindex/SingleThread.build/Debug-iphonesimulator/SingleThreadWidget.build/SingleThreadWidget-project-headers.hmap

WriteAuxiliaryFile /Users/vardy/dev/alanvardy-var-1014-lower-deployment-targets-from-ios-187watchos-265-to-the/DerivedData/Build/Intermediates.noindex/SingleThread.build/Debug-iphonesimulator/SingleThreadWidget.build/SingleThreadWidget-own-target-headers.hmap (in target 'SingleThreadWidget' from project 'SingleThread')
    cd /Users/vardy/dev/alanvardy-var-1014-lower-deployment-targets-from-ios-187watchos-265-to-the
    write-file /Users/vardy/dev/alanvardy-var-1014-lower-deployment-targets-from-ios-187watchos-265-to-the/DerivedData/Build/Intermediates.noindex/SingleThread.build/Debug-iphonesimulator/SingleThreadWidget.build/SingleThreadWidget-own-target-headers.hmap

WriteAuxiliaryFile /Users/vardy/dev/alanvardy-var-1014-lower-deployment-targets-from-ios-187watchos-265-to-the/DerivedData/Build/Intermediates.noindex/SingleThread.build/Debug-iphonesimulator/SingleThreadWidget.build/SingleThreadWidget-generated-files.hmap (in target 'SingleThreadWidget' from project 'SingleThread')
    cd /Users/vardy/dev/alanvardy-var-1014-lower-deployment-targets-from-ios-187watchos-265-to-the
    write-file /Users/vardy/dev/alanvardy-var-1014-lower-deployment-targets-from-ios-187watchos-265-to-the/DerivedData/Build/Intermediates.noindex/SingleThread.build/Debug-iphonesimulator/SingleThreadWidget.build/SingleThreadWidget-generated-files.hmap

WriteAuxiliaryFile /Users/vardy/dev/alanvardy-var-1014-lower-deployment-targets-from-ios-187watchos-265-to-the/DerivedData/Build/Intermediates.noindex/SingleThread.build/Debug-iphonesimulator/SingleThreadWidget.build/SingleThreadWidget-all-target-headers.hmap (in target 'SingleThreadWidget' from project 'SingleThread')
    cd /Users/vardy/dev/alanvardy-var-1014-lower-deployment-targets-from-ios-187watchos-265-to-the
    write-file /Users/vardy/dev/alanvardy-var-1014-lower-deployment-targets-from-ios-187watchos-265-to-the/DerivedData/Build/Intermediates.noindex/SingleThread.build/Debug-iphonesimulator/SingleThreadWidget.build/SingleThreadWidget-all-target-headers.hmap

WriteAuxiliaryFile /Users/vardy/dev/alanvardy-var-1014-lower-deployment-targets-from-ios-187watchos-265-to-the/DerivedData/Build/Intermediates.noindex/SingleThread.build/Debug-iphonesimulator/SingleThreadWidget.build/SingleThreadWidget-all-non-framework-target-headers.hmap (in target 'SingleThreadWidget' from project 'SingleThread')
    cd /Users/vardy/dev/alanvardy-var-1014-lower-deployment-targets-from-ios-187watchos-265-to-the
    write-file /Users/vardy/dev/alanvardy-var-1014-lower-deployment-targets-from-ios-187watchos-265-to-the/DerivedData/Build/Intermediates.noindex/SingleThread.build/Debug-iphonesimulator/SingleThreadWidget.build/SingleThreadWidget-all-non-framework-target-headers.hmap

WriteAuxiliaryFile /Users/vardy/dev/alanvardy-var-1014-lower-deployment-targets-from-ios-187watchos-265-to-the/DerivedData/Build/Intermediates.noindex/SingleThread.build/Debug-iphonesimulator/SingleThreadWidget.build/SingleThreadWidget-DebugEntryPoint-normal-arm64.txt (in target 'SingleThreadWidget' from project 'SingleThread')
    cd /Users/vardy/dev/alanvardy-var-1014-lower-deployment-targets-from-ios-187watchos-265-to-the
    write-file /Users/vardy/dev/alanvardy-var-1014-lower-deployment-targets-from-ios-187watchos-265-to-the/DerivedData/Build/Intermediates.noindex/SingleThread.build/Debug-iphonesimulator/SingleThreadWidget.build/SingleThreadWidget-DebugEntryPoint-normal-arm64.txt

WriteAuxiliaryFile /Users/vardy/dev/alanvardy-var-1014-lower-deployment-targets-from-ios-187watchos-265-to-the/DerivedData/Build/Intermediates.noindex/SingleThread.build/Debug-iphonesimulator/SingleThreadWidget.build/SingleThreadWidget-DebugDylibPath-normal-arm64.txt (in target 'SingleThreadWidget' from project 'SingleThread')
    cd /Users/vardy/dev/alanvardy-var-1014-lower-deployment-targets-from-ios-187watchos-265-to-the
    write-file /Users/vardy/dev/alanvardy-var-1014-lower-deployment-targets-from-ios-187watchos-265-to-the/DerivedData/Build/Intermediates.noindex/SingleThread.build/Debug-iphonesimulator/SingleThreadWidget.build/SingleThreadWidget-DebugDylibPath-normal-arm64.txt

WriteAuxiliaryFile /Users/vardy/dev/alanvardy-var-1014-lower-deployment-targets-from-ios-187watchos-265-to-the/DerivedData/Build/Intermediates.noindex/SingleThread.build/Debug-iphonesimulator/SingleThreadWidget.build/SingleThreadWidget-DebugDylibInstallName-normal-arm64.txt (in target 'SingleThreadWidget' from project 'SingleThread')
    cd /Users/vardy/dev/alanvardy-var-1014-lower-deployment-targets-from-ios-187watchos-265-to-the
    write-file /Users/vardy/dev/alanvardy-var-1014-lower-deployment-targets-from-ios-187watchos-265-to-the/DerivedData/Build/Intermediates.noindex/SingleThread.build/Debug-iphonesimulator/SingleThreadWidget.build/SingleThreadWidget-DebugDylibInstallName-normal-arm64.txt

WriteAuxiliaryFile /Users/vardy/dev/alanvardy-var-1014-lower-deployment-targets-from-ios-187watchos-265-to-the/DerivedData/Build/Intermediates.noindex/SingleThread.build/Debug-iphonesimulator/SingleThreadWidget.build/Objects-normal/arm64/SingleThreadWidget_const_extract_protocols.json (in target 'SingleThreadWidget' from project 'SingleThread')
    cd /Users/vardy/dev/alanvardy-var-1014-lower-deployment-targets-from-ios-187watchos-265-to-the
    write-file /Users/vardy/dev/alanvardy-var-1014-lower-deployment-targets-from-ios-187watchos-265-to-the/DerivedData/Build/Intermediates.noindex/SingleThread.build/Debug-iphonesimulator/SingleThreadWidget.build/Objects-normal/arm64/SingleThreadWidget_const_extract_protocols.json

WriteAuxiliaryFile /Users/vardy/dev/alanvardy-var-1014-lower-deployment-targets-from-ios-187watchos-265-to-the/DerivedData/Build/Intermediates.noindex/SingleThread.build/Debug-iphonesimulator/SingleThreadWidget.build/Objects-normal/arm64/SingleThreadWidget.SwiftConstValuesFileList (in target 'SingleThreadWidget' from project 'SingleThread')
    cd /Users/vardy/dev/alanvardy-var-1014-lower-deployment-targets-from-ios-187watchos-265-to-the
    write-file /Users/vardy/dev/alanvardy-var-1014-lower-deployment-targets-from-ios-187watchos-265-to-the/DerivedData/Build/Intermediates.noindex/SingleThread.build/Debug-iphonesimulator/SingleThreadWidget.build/Objects-normal/arm64/SingleThreadWidget.SwiftConstValuesFileList

WriteAuxiliaryFile /Users/vardy/dev/alanvardy-var-1014-lower-deployment-targets-from-ios-187watchos-265-to-the/DerivedData/Build/Intermediates.noindex/SingleThread.build/Debug-iphonesimulator/SingleThreadWidget.build/Objects-normal/arm64/SingleThreadWidget.SwiftFileList (in target 'SingleThreadWidget' from project 'SingleThread')
    cd /Users/vardy/dev/alanvardy-var-1014-lower-deployment-targets-from-ios-187watchos-265-to-the
    write-file /Users/vardy/dev/alanvardy-var-1014-lower-deployment-targets-from-ios-187watchos-265-to-the/DerivedData/Build/Intermediates.noindex/SingleThread.build/Debug-iphonesimulator/SingleThreadWidget.build/Objects-normal/arm64/SingleThreadWidget.SwiftFileList

WriteAuxiliaryFile /Users/vardy/dev/alanvardy-var-1014-lower-deployment-targets-from-ios-187watchos-265-to-the/DerivedData/Build/Intermediates.noindex/SingleThread.build/Debug-iphonesimulator/SingleThreadWidget.build/Objects-normal/arm64/SingleThreadWidget.LinkFileList (in target 'SingleThreadWidget' from project 'SingleThread')
    cd /Users/vardy/dev/alanvardy-var-1014-lower-deployment-targets-from-ios-187watchos-265-to-the
    write-file /Users/vardy/dev/alanvardy-var-1014-lower-deployment-targets-from-ios-187watchos-265-to-the/DerivedData/Build/Intermediates.noindex/SingleThread.build/Debug-iphonesimulator/SingleThreadWidget.build/Objects-normal/arm64/SingleThreadWidget.LinkFileList

WriteAuxiliaryFile /Users/vardy/dev/alanvardy-var-1014-lower-deployment-targets-from-ios-187watchos-265-to-the/DerivedData/Build/Intermediates.noindex/SingleThread.build/Debug-iphonesimulator/SingleThreadWidget.build/Objects-normal/arm64/SingleThreadWidget-OutputFileMap.json (in target 'SingleThreadWidget' from project 'SingleThread')
    cd /Users/vardy/dev/alanvardy-var-1014-lower-deployment-targets-from-ios-187watchos-265-to-the
    write-file /Users/vardy/dev/alanvardy-var-1014-lower-deployment-targets-from-ios-187watchos-265-to-the/DerivedData/Build/Intermediates.noindex/SingleThread.build/Debug-iphonesimulator/SingleThreadWidget.build/Objects-normal/arm64/SingleThreadWidget-OutputFileMap.json

WriteAuxiliaryFile /Users/vardy/dev/alanvardy-var-1014-lower-deployment-targets-from-ios-187watchos-265-to-the/DerivedData/Build/Intermediates.noindex/SingleThread.build/Debug-iphonesimulator/SingleThreadWidget.build/DerivedSources/Entitlements-Simulated.plist (in target 'SingleThreadWidget' from project 'SingleThread')
    cd /Users/vardy/dev/alanvardy-var-1014-lower-deployment-targets-from-ios-187watchos-265-to-the
    write-file /Users/vardy/dev/alanvardy-var-1014-lower-deployment-targets-from-ios-187watchos-265-to-the/DerivedData/Build/Intermediates.noindex/SingleThread.build/Debug-iphonesimulator/SingleThreadWidget.build/DerivedSources/Entitlements-Simulated.plist

WriteAuxiliaryFile /Users/vardy/dev/alanvardy-var-1014-lower-deployment-targets-from-ios-187watchos-265-to-the/DerivedData/Build/Intermediates.noindex/SingleThread.build/Debug-watchsimulator/SingleThreadWatch.build/empty-SingleThreadWatch.plist (in target 'SingleThreadWatch' from project 'SingleThread')
    cd /Users/vardy/dev/alanvardy-var-1014-lower-deployment-targets-from-ios-187watchos-265-to-the
    write-file /Users/vardy/dev/alanvardy-var-1014-lower-deployment-targets-from-ios-187watchos-265-to-the/DerivedData/Build/Intermediates.noindex/SingleThread.build/Debug-watchsimulator/SingleThreadWatch.build/empty-SingleThreadWatch.plist

WriteAuxiliaryFile /Users/vardy/dev/alanvardy-var-1014-lower-deployment-targets-from-ios-187watchos-265-to-the/DerivedData/Build/Intermediates.noindex/SingleThread.build/Debug-watchsimulator/SingleThreadWatch.build/SingleThreadWatch.hmap (in target 'SingleThreadWatch' from project 'SingleThread')
    cd /Users/vardy/dev/alanvardy-var-1014-lower-deployment-targets-from-ios-187watchos-265-to-the
    write-file /Users/vardy/dev/alanvardy-var-1014-lower-deployment-targets-from-ios-187watchos-265-to-the/DerivedData/Build/Intermediates.noindex/SingleThread.build/Debug-watchsimulator/SingleThreadWatch.build/SingleThreadWatch.hmap

WriteAuxiliaryFile /Users/vardy/dev/alanvardy-var-1014-lower-deployment-targets-from-ios-187watchos-265-to-the/DerivedData/Build/Intermediates.noindex/SingleThread.build/Debug-watchsimulator/SingleThreadWatch.build/SingleThreadWatch.DependencyStaticMetadataFileList (in target 'SingleThreadWatch' from project 'SingleThread')
    cd /Users/vardy/dev/alanvardy-var-1014-lower-deployment-targets-from-ios-187watchos-265-to-the
    write-file /Users/vardy/dev/alanvardy-var-1014-lower-deployment-targets-from-ios-187watchos-265-to-the/DerivedData/Build/Intermediates.noindex/SingleThread.build/Debug-watchsimulator/SingleThreadWatch.build/SingleThreadWatch.DependencyStaticMetadataFileList

WriteAuxiliaryFile /Users/vardy/dev/alanvardy-var-1014-lower-deployment-targets-from-ios-187watchos-265-to-the/DerivedData/Build/Intermediates.noindex/SingleThread.build/Debug-watchsimulator/SingleThreadWatch.build/SingleThreadWatch.DependencyMetadataFileList (in target 'SingleThreadWatch' from project 'SingleThread')
    cd /Users/vardy/dev/alanvardy-var-1014-lower-deployment-targets-from-ios-187watchos-265-to-the
    write-file /Users/vardy/dev/alanvardy-var-1014-lower-deployment-targets-from-ios-187watchos-265-to-the/DerivedData/Build/Intermediates.noindex/SingleThread.build/Debug-watchsimulator/SingleThreadWatch.build/SingleThreadWatch.DependencyMetadataFileList

WriteAuxiliaryFile /Users/vardy/dev/alanvardy-var-1014-lower-deployment-targets-from-ios-187watchos-265-to-the/DerivedData/Build/Intermediates.noindex/SingleThread.build/Debug-watchsimulator/SingleThreadWatch.build/SingleThreadWatch-project-headers.hmap (in target 'SingleThreadWatch' from project 'SingleThread')
    cd /Users/vardy/dev/alanvardy-var-1014-lower-deployment-targets-from-ios-187watchos-265-to-the
    write-file /Users/vardy/dev/alanvardy-var-1014-lower-deployment-targets-from-ios-187watchos-265-to-the/DerivedData/Build/Intermediates.noindex/SingleThread.build/Debug-watchsimulator/SingleThreadWatch.build/SingleThreadWatch-project-headers.hmap

WriteAuxiliaryFile /Users/vardy/dev/alanvardy-var-1014-lower-deployment-targets-from-ios-187watchos-265-to-the/DerivedData/Build/Intermediates.noindex/SingleThread.build/Debug-watchsimulator/SingleThreadWatch.build/SingleThreadWatch-own-target-headers.hmap (in target 'SingleThreadWatch' from project 'SingleThread')
    cd /Users/vardy/dev/alanvardy-var-1014-lower-deployment-targets-from-ios-187watchos-265-to-the
    write-file /Users/vardy/dev/alanvardy-var-1014-lower-deployment-targets-from-ios-187watchos-265-to-the/DerivedData/Build/Intermediates.noindex/SingleThread.build/Debug-watchsimulator/SingleThreadWatch.build/SingleThreadWatch-own-target-headers.hmap

WriteAuxiliaryFile /Users/vardy/dev/alanvardy-var-1014-lower-deployment-targets-from-ios-187watchos-265-to-the/DerivedData/Build/Intermediates.noindex/SingleThread.build/Debug-watchsimulator/SingleThreadWatch.build/SingleThreadWatch-generated-files.hmap (in target 'SingleThreadWatch' from project 'SingleThread')
    cd /Users/vardy/dev/alanvardy-var-1014-lower-deployment-targets-from-ios-187watchos-265-to-the
    write-file /Users/vardy/dev/alanvardy-var-1014-lower-deployment-targets-from-ios-187watchos-265-to-the/DerivedData/Build/Intermediates.noindex/SingleThread.build/Debug-watchsimulator/SingleThreadWatch.build/SingleThreadWatch-generated-files.hmap

WriteAuxiliaryFile /Users/vardy/dev/alanvardy-var-1014-lower-deployment-targets-from-ios-187watchos-265-to-the/DerivedData/Build/Intermediates.noindex/SingleThread.build/Debug-watchsimulator/SingleThreadWatch.build/SingleThreadWatch-all-target-headers.hmap (in target 'SingleThreadWatch' from project 'SingleThread')
    cd /Users/vardy/dev/alanvardy-var-1014-lower-deployment-targets-from-ios-187watchos-265-to-the
    write-file /Users/vardy/dev/alanvardy-var-1014-lower-deployment-targets-from-ios-187watchos-265-to-the/DerivedData/Build/Intermediates.noindex/SingleThread.build/Debug-watchsimulator/SingleThreadWatch.build/SingleThreadWatch-all-target-headers.hmap

WriteAuxiliaryFile /Users/vardy/dev/alanvardy-var-1014-lower-deployment-targets-from-ios-187watchos-265-to-the/DerivedData/Build/Intermediates.noindex/SingleThread.build/Debug-watchsimulator/SingleThreadWatch.build/SingleThreadWatch-all-non-framework-target-headers.hmap (in target 'SingleThreadWatch' from project 'SingleThread')
    cd /Users/vardy/dev/alanvardy-var-1014-lower-deployment-targets-from-ios-187watchos-265-to-the
    write-file /Users/vardy/dev/alanvardy-var-1014-lower-deployment-targets-from-ios-187watchos-265-to-the/DerivedData/Build/Intermediates.noindex/SingleThread.build/Debug-watchsimulator/SingleThreadWatch.build/SingleThreadWatch-all-non-framework-target-headers.hmap

WriteAuxiliaryFile /Users/vardy/dev/alanvardy-var-1014-lower-deployment-targets-from-ios-187watchos-265-to-the/DerivedData/Build/Intermediates.noindex/SingleThread.build/Debug-watchsimulator/SingleThreadWatch.build/SingleThreadWatch-DebugDylibPath-normal-x86_64.txt (in target 'SingleThreadWatch' from project 'SingleThread')
    cd /Users/vardy/dev/alanvardy-var-1014-lower-deployment-targets-from-ios-187watchos-265-to-the
    write-file /Users/vardy/dev/alanvardy-var-1014-lower-deployment-targets-from-ios-187watchos-265-to-the/DerivedData/Build/Intermediates.noindex/SingleThread.build/Debug-watchsimulator/SingleThreadWatch.build/SingleThreadWatch-DebugDylibPath-normal-x86_64.txt

WriteAuxiliaryFile /Users/vardy/dev/alanvardy-var-1014-lower-deployment-targets-from-ios-187watchos-265-to-the/DerivedData/Build/Intermediates.noindex/SingleThread.build/Debug-watchsimulator/SingleThreadWatch.build/SingleThreadWatch-DebugDylibPath-normal-arm64.txt (in target 'SingleThreadWatch' from project 'SingleThread')
    cd /Users/vardy/dev/alanvardy-var-1014-lower-deployment-targets-from-ios-187watchos-265-to-the
    write-file /Users/vardy/dev/alanvardy-var-1014-lower-deployment-targets-from-ios-187watchos-265-to-the/DerivedData/Build/Intermediates.noindex/SingleThread.build/Debug-watchsimulator/SingleThreadWatch.build/SingleThreadWatch-DebugDylibPath-normal-arm64.txt

WriteAuxiliaryFile /Users/vardy/dev/alanvardy-var-1014-lower-deployment-targets-from-ios-187watchos-265-to-the/DerivedData/Build/Intermediates.noindex/SingleThread.build/Debug-watchsimulator/SingleThreadWatch.build/SingleThreadWatch-DebugDylibInstallName-normal-x86_64.txt (in target 'SingleThreadWatch' from project 'SingleThread')
    cd /Users/vardy/dev/alanvardy-var-1014-lower-deployment-targets-from-ios-187watchos-265-to-the
    write-file /Users/vardy/dev/alanvardy-var-1014-lower-deployment-targets-from-ios-187watchos-265-to-the/DerivedData/Build/Intermediates.noindex/SingleThread.build/Debug-watchsimulator/SingleThreadWatch.build/SingleThreadWatch-DebugDylibInstallName-normal-x86_64.txt

WriteAuxiliaryFile /Users/vardy/dev/alanvardy-var-1014-lower-deployment-targets-from-ios-187watchos-265-to-the/DerivedData/Build/Intermediates.noindex/SingleThread.build/Debug-watchsimulator/SingleThreadWatch.build/SingleThreadWatch-DebugDylibInstallName-normal-arm64.txt (in target 'SingleThreadWatch' from project 'SingleThread')
    cd /Users/vardy/dev/alanvardy-var-1014-lower-deployment-targets-from-ios-187watchos-265-to-the
    write-file /Users/vardy/dev/alanvardy-var-1014-lower-deployment-targets-from-ios-187watchos-265-to-the/DerivedData/Build/Intermediates.noindex/SingleThread.build/Debug-watchsimulator/SingleThreadWatch.build/SingleThreadWatch-DebugDylibInstallName-normal-arm64.txt

WriteAuxiliaryFile /Users/vardy/dev/alanvardy-var-1014-lower-deployment-targets-from-ios-187watchos-265-to-the/DerivedData/Build/Intermediates.noindex/SingleThread.build/Debug-watchsimulator/SingleThreadWatch.build/Objects-normal/x86_64/SingleThreadWatch.SwiftFileList (in target 'SingleThreadWatch' from project 'SingleThread')
    cd /Users/vardy/dev/alanvardy-var-1014-lower-deployment-targets-from-ios-187watchos-265-to-the
    write-file /Users/vardy/dev/alanvardy-var-1014-lower-deployment-targets-from-ios-187watchos-265-to-the/DerivedData/Build/Intermediates.noindex/SingleThread.build/Debug-watchsimulator/SingleThreadWatch.build/Objects-normal/x86_64/SingleThreadWatch.SwiftFileList

WriteAuxiliaryFile /Users/vardy/dev/alanvardy-var-1014-lower-deployment-targets-from-ios-187watchos-265-to-the/DerivedData/Build/Intermediates.noindex/SingleThread.build/Debug-watchsimulator/SingleThreadWatch.build/Objects-normal/x86_64/SingleThreadWatch.SwiftConstValuesFileList (in target 'SingleThreadWatch' from project 'SingleThread')
    cd /Users/vardy/dev/alanvardy-var-1014-lower-deployment-targets-from-ios-187watchos-265-to-the
    write-file /Users/vardy/dev/alanvardy-var-1014-lower-deployment-targets-from-ios-187watchos-265-to-the/DerivedData/Build/Intermediates.noindex/SingleThread.build/Debug-watchsimulator/SingleThreadWatch.build/Objects-normal/x86_64/SingleThreadWatch.SwiftConstValuesFileList

WriteAuxiliaryFile /Users/vardy/dev/alanvardy-var-1014-lower-deployment-targets-from-ios-187watchos-265-to-the/DerivedData/Build/Intermediates.noindex/SingleThread.build/Debug-watchsimulator/SingleThreadWatch.build/Objects-normal/x86_64/SingleThreadWatch.LinkFileList (in target 'SingleThreadWatch' from project 'SingleThread')
    cd /Users/vardy/dev/alanvardy-var-1014-lower-deployment-targets-from-ios-187watchos-265-to-the
    write-file /Users/vardy/dev/alanvardy-var-1014-lower-deployment-targets-from-ios-187watchos-265-to-the/DerivedData/Build/Intermediates.noindex/SingleThread.build/Debug-watchsimulator/SingleThreadWatch.build/Objects-normal/x86_64/SingleThreadWatch.LinkFileList

WriteAuxiliaryFile /Users/vardy/dev/alanvardy-var-1014-lower-deployment-targets-from-ios-187watchos-265-to-the/DerivedData/Build/Intermediates.noindex/SingleThread.build/Debug-watchsimulator/SingleThreadWatch.build/Objects-normal/x86_64/SingleThreadWatch_const_extract_protocols.json (in target 'SingleThreadWatch' from project 'SingleThread')
    cd /Users/vardy/dev/alanvardy-var-1014-lower-deployment-targets-from-ios-187watchos-265-to-the
    write-file /Users/vardy/dev/alanvardy-var-1014-lower-deployment-targets-from-ios-187watchos-265-to-the/DerivedData/Build/Intermediates.noindex/SingleThread.build/Debug-watchsimulator/SingleThreadWatch.build/Objects-normal/x86_64/SingleThreadWatch_const_extract_protocols.json

WriteAuxiliaryFile /Users/vardy/dev/alanvardy-var-1014-lower-deployment-targets-from-ios-187watchos-265-to-the/DerivedData/Build/Intermediates.noindex/SingleThread.build/Debug-watchsimulator/SingleThreadWatch.build/Objects-normal/x86_64/SingleThreadWatch-OutputFileMap.json (in target 'SingleThreadWatch' from project 'SingleThread')
    cd /Users/vardy/dev/alanvardy-var-1014-lower-deployment-targets-from-ios-187watchos-265-to-the
    write-file /Users/vardy/dev/alanvardy-var-1014-lower-deployment-targets-from-ios-187watchos-265-to-the/DerivedData/Build/Intermediates.noindex/SingleThread.build/Debug-watchsimulator/SingleThreadWatch.build/Objects-normal/x86_64/SingleThreadWatch-OutputFileMap.json

WriteAuxiliaryFile /Users/vardy/dev/alanvardy-var-1014-lower-deployment-targets-from-ios-187watchos-265-to-the/DerivedData/Build/Intermediates.noindex/SingleThread.build/Debug-watchsimulator/SingleThreadWatch.build/Objects-normal/arm64/SingleThreadWatch_const_extract_protocols.json (in target 'SingleThreadWatch' from project 'SingleThread')
    cd /Users/vardy/dev/alanvardy-var-1014-lower-deployment-targets-from-ios-187watchos-265-to-the
    write-file /Users/vardy/dev/alanvardy-var-1014-lower-deployment-targets-from-ios-187watchos-265-to-the/DerivedData/Build/Intermediates.noindex/SingleThread.build/Debug-watchsimulator/SingleThreadWatch.build/Objects-normal/arm64/SingleThreadWatch_const_extract_protocols.json

WriteAuxiliaryFile /Users/vardy/dev/alanvardy-var-1014-lower-deployment-targets-from-ios-187watchos-265-to-the/DerivedData/Build/Intermediates.noindex/SingleThread.build/Debug-watchsimulator/SingleThreadWatch.build/Objects-normal/arm64/SingleThreadWatch.SwiftFileList (in target 'SingleThreadWatch' from project 'SingleThread')
    cd /Users/vardy/dev/alanvardy-var-1014-lower-deployment-targets-from-ios-187watchos-265-to-the
    write-file /Users/vardy/dev/alanvardy-var-1014-lower-deployment-targets-from-ios-187watchos-265-to-the/DerivedData/Build/Intermediates.noindex/SingleThread.build/Debug-watchsimulator/SingleThreadWatch.build/Objects-normal/arm64/SingleThreadWatch.SwiftFileList

WriteAuxiliaryFile /Users/vardy/dev/alanvardy-var-1014-lower-deployment-targets-from-ios-187watchos-265-to-the/DerivedData/Build/Intermediates.noindex/SingleThread.build/Debug-watchsimulator/SingleThreadWatch.build/Objects-normal/arm64/SingleThreadWatch.SwiftConstValuesFileList (in target 'SingleThreadWatch' from project 'SingleThread')
    cd /Users/vardy/dev/alanvardy-var-1014-lower-deployment-targets-from-ios-187watchos-265-to-the
    write-file /Users/vardy/dev/alanvardy-var-1014-lower-deployment-targets-from-ios-187watchos-265-to-the/DerivedData/Build/Intermediates.noindex/SingleThread.build/Debug-watchsimulator/SingleThreadWatch.build/Objects-normal/arm64/SingleThreadWatch.SwiftConstValuesFileList

WriteAuxiliaryFile /Users/vardy/dev/alanvardy-var-1014-lower-deployment-targets-from-ios-187watchos-265-to-the/DerivedData/Build/Intermediates.noindex/SingleThread.build/Debug-watchsimulator/SingleThreadWatch.build/Objects-normal/arm64/SingleThreadWatch.LinkFileList (in target 'SingleThreadWatch' from project 'SingleThread')
    cd /Users/vardy/dev/alanvardy-var-1014-lower-deployment-targets-from-ios-187watchos-265-to-the
    write-file /Users/vardy/dev/alanvardy-var-1014-lower-deployment-targets-from-ios-187watchos-265-to-the/DerivedData/Build/Intermediates.noindex/SingleThread.build/Debug-watchsimulator/SingleThreadWatch.build/Objects-normal/arm64/SingleThreadWatch.LinkFileList

WriteAuxiliaryFile /Users/vardy/dev/alanvardy-var-1014-lower-deployment-targets-from-ios-187watchos-265-to-the/DerivedData/Build/Intermediates.noindex/SingleThread.build/Debug-watchsimulator/SingleThreadWatch.build/Objects-normal/arm64/SingleThreadWatch-OutputFileMap.json (in target 'SingleThreadWatch' from project 'SingleThread')
    cd /Users/vardy/dev/alanvardy-var-1014-lower-deployment-targets-from-ios-187watchos-265-to-the
    write-file /Users/vardy/dev/alanvardy-var-1014-lower-deployment-targets-from-ios-187watchos-265-to-the/DerivedData/Build/Intermediates.noindex/SingleThread.build/Debug-watchsimulator/SingleThreadWatch.build/Objects-normal/arm64/SingleThreadWatch-OutputFileMap.json

WriteAuxiliaryFile /Users/vardy/dev/alanvardy-var-1014-lower-deployment-targets-from-ios-187watchos-265-to-the/DerivedData/Build/Intermediates.noindex/SingleThread.build/Debug-watchsimulator/SingleThreadWatch.build/DerivedSources/Entitlements-Simulated.plist (in target 'SingleThreadWatch' from project 'SingleThread')
    cd /Users/vardy/dev/alanvardy-var-1014-lower-deployment-targets-from-ios-187watchos-265-to-the
    write-file /Users/vardy/dev/alanvardy-var-1014-lower-deployment-targets-from-ios-187watchos-265-to-the/DerivedData/Build/Intermediates.noindex/SingleThread.build/Debug-watchsimulator/SingleThreadWatch.build/DerivedSources/Entitlements-Simulated.plist

WriteAuxiliaryFile /Users/vardy/dev/alanvardy-var-1014-lower-deployment-targets-from-ios-187watchos-265-to-the/DerivedData/Build/Intermediates.noindex/SingleThread.build/Debug-iphonesimulator/SingleThreadUITests.build/empty-SingleThreadUITests.plist (in target 'SingleThreadUITests' from project 'SingleThread')
    cd /Users/vardy/dev/alanvardy-var-1014-lower-deployment-targets-from-ios-187watchos-265-to-the
    write-file /Users/vardy/dev/alanvardy-var-1014-lower-deployment-targets-from-ios-187watchos-265-to-the/DerivedData/Build/Intermediates.noindex/SingleThread.build/Debug-iphonesimulator/SingleThreadUITests.build/empty-SingleThreadUITests.plist

WriteAuxiliaryFile /Users/vardy/dev/alanvardy-var-1014-lower-deployment-targets-from-ios-187watchos-265-to-the/DerivedData/Build/Intermediates.noindex/SingleThread.build/Debug-iphonesimulator/SingleThreadUITests.build/SingleThreadUITests.hmap (in target 'SingleThreadUITests' from project 'SingleThread')
    cd /Users/vardy/dev/alanvardy-var-1014-lower-deployment-targets-from-ios-187watchos-265-to-the
    write-file /Users/vardy/dev/alanvardy-var-1014-lower-deployment-targets-from-ios-187watchos-265-to-the/DerivedData/Build/Intermediates.noindex/SingleThread.build/Debug-iphonesimulator/SingleThreadUITests.build/SingleThreadUITests.hmap

WriteAuxiliaryFile /Users/vardy/dev/alanvardy-var-1014-lower-deployment-targets-from-ios-187watchos-265-to-the/DerivedData/Build/Intermediates.noindex/SingleThread.build/Debug-iphonesimulator/SingleThreadUITests.build/SingleThreadUITests.DependencyStaticMetadataFileList (in target 'SingleThreadUITests' from project 'SingleThread')
    cd /Users/vardy/dev/alanvardy-var-1014-lower-deployment-targets-from-ios-187watchos-265-to-the
    write-file /Users/vardy/dev/alanvardy-var-1014-lower-deployment-targets-from-ios-187watchos-265-to-the/DerivedData/Build/Intermediates.noindex/SingleThread.build/Debug-iphonesimulator/SingleThreadUITests.build/SingleThreadUITests.DependencyStaticMetadataFileList

WriteAuxiliaryFile /Users/vardy/dev/alanvardy-var-1014-lower-deployment-targets-from-ios-187watchos-265-to-the/DerivedData/Build/Intermediates.noindex/SingleThread.build/Debug-iphonesimulator/SingleThreadUITests.build/SingleThreadUITests.DependencyMetadataFileList (in target 'SingleThreadUITests' from project 'SingleThread')
    cd /Users/vardy/dev/alanvardy-var-1014-lower-deployment-targets-from-ios-187watchos-265-to-the
    write-file /Users/vardy/dev/alanvardy-var-1014-lower-deployment-targets-from-ios-187watchos-265-to-the/DerivedData/Build/Intermediates.noindex/SingleThread.build/Debug-iphonesimulator/SingleThreadUITests.build/SingleThreadUITests.DependencyMetadataFileList

WriteAuxiliaryFile /Users/vardy/dev/alanvardy-var-1014-lower-deployment-targets-from-ios-187watchos-265-to-the/DerivedData/Build/Intermediates.noindex/SingleThread.build/Debug-iphonesimulator/SingleThreadUITests.build/SingleThreadUITests-project-headers.hmap (in target 'SingleThreadUITests' from project 'SingleThread')
    cd /Users/vardy/dev/alanvardy-var-1014-lower-deployment-targets-from-ios-187watchos-265-to-the
    write-file /Users/vardy/dev/alanvardy-var-1014-lower-deployment-targets-from-ios-187watchos-265-to-the/DerivedData/Build/Intermediates.noindex/SingleThread.build/Debug-iphonesimulator/SingleThreadUITests.build/SingleThreadUITests-project-headers.hmap

WriteAuxiliaryFile /Users/vardy/dev/alanvardy-var-1014-lower-deployment-targets-from-ios-187watchos-265-to-the/DerivedData/Build/Intermediates.noindex/SingleThread.build/Debug-iphonesimulator/SingleThreadUITests.build/SingleThreadUITests-own-target-headers.hmap (in target 'SingleThreadUITests' from project 'SingleThread')
    cd /Users/vardy/dev/alanvardy-var-1014-lower-deployment-targets-from-ios-187watchos-265-to-the
    write-file /Users/vardy/dev/alanvardy-var-1014-lower-deployment-targets-from-ios-187watchos-265-to-the/DerivedData/Build/Intermediates.noindex/SingleThread.build/Debug-iphonesimulator/SingleThreadUITests.build/SingleThreadUITests-own-target-headers.hmap

WriteAuxiliaryFile /Users/vardy/dev/alanvardy-var-1014-lower-deployment-targets-from-ios-187watchos-265-to-the/DerivedData/Build/Intermediates.noindex/SingleThread.build/Debug-iphonesimulator/SingleThreadUITests.build/SingleThreadUITests-generated-files.hmap (in target 'SingleThreadUITests' from project 'SingleThread')
    cd /Users/vardy/dev/alanvardy-var-1014-lower-deployment-targets-from-ios-187watchos-265-to-the
    write-file /Users/vardy/dev/alanvardy-var-1014-lower-deployment-targets-from-ios-187watchos-265-to-the/DerivedData/Build/Intermediates.noindex/SingleThread.build/Debug-iphonesimulator/SingleThreadUITests.build/SingleThreadUITests-generated-files.hmap

WriteAuxiliaryFile /Users/vardy/dev/alanvardy-var-1014-lower-deployment-targets-from-ios-187watchos-265-to-the/DerivedData/Build/Intermediates.noindex/SingleThread.build/Debug-iphonesimulator/SingleThreadUITests.build/SingleThreadUITests-all-target-headers.hmap (in target 'SingleThreadUITests' from project 'SingleThread')
    cd /Users/vardy/dev/alanvardy-var-1014-lower-deployment-targets-from-ios-187watchos-265-to-the
    write-file /Users/vardy/dev/alanvardy-var-1014-lower-deployment-targets-from-ios-187watchos-265-to-the/DerivedData/Build/Intermediates.noindex/SingleThread.build/Debug-iphonesimulator/SingleThreadUITests.build/SingleThreadUITests-all-target-headers.hmap

WriteAuxiliaryFile /Users/vardy/dev/alanvardy-var-1014-lower-deployment-targets-from-ios-187watchos-265-to-the/DerivedData/Build/Intermediates.noindex/SingleThread.build/Debug-iphonesimulator/SingleThreadUITests.build/SingleThreadUITests-all-non-framework-target-headers.hmap (in target 'SingleThreadUITests' from project 'SingleThread')
    cd /Users/vardy/dev/alanvardy-var-1014-lower-deployment-targets-from-ios-187watchos-265-to-the
    write-file /Users/vardy/dev/alanvardy-var-1014-lower-deployment-targets-from-ios-187watchos-265-to-the/DerivedData/Build/Intermediates.noindex/SingleThread.build/Debug-iphonesimulator/SingleThreadUITests.build/SingleThreadUITests-all-non-framework-target-headers.hmap

WriteAuxiliaryFile /Users/vardy/dev/alanvardy-var-1014-lower-deployment-targets-from-ios-187watchos-265-to-the/DerivedData/Build/Intermediates.noindex/SingleThread.build/Debug-iphonesimulator/SingleThreadUITests.build/ProductTypeInfoPlistAdditions.plist (in target 'SingleThreadUITests' from project 'SingleThread')
    cd /Users/vardy/dev/alanvardy-var-1014-lower-deployment-targets-from-ios-187watchos-265-to-the
    write-file /Users/vardy/dev/alanvardy-var-1014-lower-deployment-targets-from-ios-187watchos-265-to-the/DerivedData/Build/Intermediates.noindex/SingleThread.build/Debug-iphonesimulator/SingleThreadUITests.build/ProductTypeInfoPlistAdditions.plist

WriteAuxiliaryFile /Users/vardy/dev/alanvardy-var-1014-lower-deployment-targets-from-ios-187watchos-265-to-the/DerivedData/Build/Intermediates.noindex/SingleThread.build/Debug-iphonesimulator/SingleThreadUITests.build/Objects-normal/arm64/SingleThreadUITests.LinkFileList (in target 'SingleThreadUITests' from project 'SingleThread')
    cd /Users/vardy/dev/alanvardy-var-1014-lower-deployment-targets-from-ios-187watchos-265-to-the
    write-file /Users/vardy/dev/alanvardy-var-1014-lower-deployment-targets-from-ios-187watchos-265-to-the/DerivedData/Build/Intermediates.noindex/SingleThread.build/Debug-iphonesimulator/SingleThreadUITests.build/Objects-normal/arm64/SingleThreadUITests.LinkFileList

WriteAuxiliaryFile /Users/vardy/dev/alanvardy-var-1014-lower-deployment-targets-from-ios-187watchos-265-to-the/DerivedData/Build/Intermediates.noindex/SingleThread.build/Debug-iphonesimulator/SingleThreadUITests.build/Objects-normal/arm64/SingleThreadUITests.SwiftConstValuesFileList (in target 'SingleThreadUITests' from project 'SingleThread')
    cd /Users/vardy/dev/alanvardy-var-1014-lower-deployment-targets-from-ios-187watchos-265-to-the
    write-file /Users/vardy/dev/alanvardy-var-1014-lower-deployment-targets-from-ios-187watchos-265-to-the/DerivedData/Build/Intermediates.noindex/SingleThread.build/Debug-iphonesimulator/SingleThreadUITests.build/Objects-normal/arm64/SingleThreadUITests.SwiftConstValuesFileList

WriteAuxiliaryFile /Users/vardy/dev/alanvardy-var-1014-lower-deployment-targets-from-ios-187watchos-265-to-the/DerivedData/Build/Intermediates.noindex/SingleThread.build/Debug-iphonesimulator/SingleThreadUITests.build/Objects-normal/arm64/SingleThreadUITests_const_extract_protocols.json (in target 'SingleThreadUITests' from project 'SingleThread')
    cd /Users/vardy/dev/alanvardy-var-1014-lower-deployment-targets-from-ios-187watchos-265-to-the
    write-file /Users/vardy/dev/alanvardy-var-1014-lower-deployment-targets-from-ios-187watchos-265-to-the/DerivedData/Build/Intermediates.noindex/SingleThread.build/Debug-iphonesimulator/SingleThreadUITests.build/Objects-normal/arm64/SingleThreadUITests_const_extract_protocols.json

WriteAuxiliaryFile /Users/vardy/dev/alanvardy-var-1014-lower-deployment-targets-from-ios-187watchos-265-to-the/DerivedData/Build/Intermediates.noindex/SingleThread.build/Debug-iphonesimulator/SingleThreadUITests.build/Objects-normal/arm64/SingleThreadUITests.SwiftFileList (in target 'SingleThreadUITests' from project 'SingleThread')
    cd /Users/vardy/dev/alanvardy-var-1014-lower-deployment-targets-from-ios-187watchos-265-to-the
    write-file /Users/vardy/dev/alanvardy-var-1014-lower-deployment-targets-from-ios-187watchos-265-to-the/DerivedData/Build/Intermediates.noindex/SingleThread.build/Debug-iphonesimulator/SingleThreadUITests.build/Objects-normal/arm64/SingleThreadUITests.SwiftFileList

WriteAuxiliaryFile /Users/vardy/dev/alanvardy-var-1014-lower-deployment-targets-from-ios-187watchos-265-to-the/DerivedData/Build/Intermediates.noindex/SingleThread.build/Debug-iphonesimulator/SingleThreadUITests.build/Objects-normal/arm64/SingleThreadUITests-OutputFileMap.json (in target 'SingleThreadUITests' from project 'SingleThread')
    cd /Users/vardy/dev/alanvardy-var-1014-lower-deployment-targets-from-ios-187watchos-265-to-the
    write-file /Users/vardy/dev/alanvardy-var-1014-lower-deployment-targets-from-ios-187watchos-265-to-the/DerivedData/Build/Intermediates.noindex/SingleThread.build/Debug-iphonesimulator/SingleThreadUITests.build/Objects-normal/arm64/SingleThreadUITests-OutputFileMap.json

WriteAuxiliaryFile /Users/vardy/dev/alanvardy-var-1014-lower-deployment-targets-from-ios-187watchos-265-to-the/DerivedData/Build/Intermediates.noindex/SingleThread.build/Debug-iphonesimulator/SingleThreadUITests.build/DerivedSources/Entitlements-Simulated.plist (in target 'SingleThreadUITests' from project 'SingleThread')
    cd /Users/vardy/dev/alanvardy-var-1014-lower-deployment-targets-from-ios-187watchos-265-to-the
    write-file /Users/vardy/dev/alanvardy-var-1014-lower-deployment-targets-from-ios-187watchos-265-to-the/DerivedData/Build/Intermediates.noindex/SingleThread.build/Debug-iphonesimulator/SingleThreadUITests.build/DerivedSources/Entitlements-Simulated.plist

WriteAuxiliaryFile /Users/vardy/dev/alanvardy-var-1014-lower-deployment-targets-from-ios-187watchos-265-to-the/DerivedData/Build/Intermediates.noindex/SingleThread.build/Debug-iphonesimulator/SingleThreadTests.build/empty-SingleThreadTests.plist (in target 'SingleThreadTests' from project 'SingleThread')
    cd /Users/vardy/dev/alanvardy-var-1014-lower-deployment-targets-from-ios-187watchos-265-to-the
    write-file /Users/vardy/dev/alanvardy-var-1014-lower-deployment-targets-from-ios-187watchos-265-to-the/DerivedData/Build/Intermediates.noindex/SingleThread.build/Debug-iphonesimulator/SingleThreadTests.build/empty-SingleThreadTests.plist

WriteAuxiliaryFile /Users/vardy/dev/alanvardy-var-1014-lower-deployment-targets-from-ios-187watchos-265-to-the/DerivedData/Build/Intermediates.noindex/SingleThread.build/Debug-iphonesimulator/SingleThreadTests.build/SingleThreadTests.hmap (in target 'SingleThreadTests' from project 'SingleThread')
    cd /Users/vardy/dev/alanvardy-var-1014-lower-deployment-targets-from-ios-187watchos-265-to-the
    write-file /Users/vardy/dev/alanvardy-var-1014-lower-deployment-targets-from-ios-187watchos-265-to-the/DerivedData/Build/Intermediates.noindex/SingleThread.build/Debug-iphonesimulator/SingleThreadTests.build/SingleThreadTests.hmap

WriteAuxiliaryFile /Users/vardy/dev/alanvardy-var-1014-lower-deployment-targets-from-ios-187watchos-265-to-the/DerivedData/Build/Intermediates.noindex/SingleThread.build/Debug-iphonesimulator/SingleThreadTests.build/SingleThreadTests.DependencyStaticMetadataFileList (in target 'SingleThreadTests' from project 'SingleThread')
    cd /Users/vardy/dev/alanvardy-var-1014-lower-deployment-targets-from-ios-187watchos-265-to-the
    write-file /Users/vardy/dev/alanvardy-var-1014-lower-deployment-targets-from-ios-187watchos-265-to-the/DerivedData/Build/Intermediates.noindex/SingleThread.build/Debug-iphonesimulator/SingleThreadTests.build/SingleThreadTests.DependencyStaticMetadataFileList

WriteAuxiliaryFile /Users/vardy/dev/alanvardy-var-1014-lower-deployment-targets-from-ios-187watchos-265-to-the/DerivedData/Build/Intermediates.noindex/SingleThread.build/Debug-iphonesimulator/SingleThreadTests.build/SingleThreadTests.DependencyMetadataFileList (in target 'SingleThreadTests' from project 'SingleThread')
    cd /Users/vardy/dev/alanvardy-var-1014-lower-deployment-targets-from-ios-187watchos-265-to-the
    write-file /Users/vardy/dev/alanvardy-var-1014-lower-deployment-targets-from-ios-187watchos-265-to-the/DerivedData/Build/Intermediates.noindex/SingleThread.build/Debug-iphonesimulator/SingleThreadTests.build/SingleThreadTests.DependencyMetadataFileList

WriteAuxiliaryFile /Users/vardy/dev/alanvardy-var-1014-lower-deployment-targets-from-ios-187watchos-265-to-the/DerivedData/Build/Intermediates.noindex/SingleThread.build/Debug-iphonesimulator/SingleThreadTests.build/SingleThreadTests-project-headers.hmap (in target 'SingleThreadTests' from project 'SingleThread')
    cd /Users/vardy/dev/alanvardy-var-1014-lower-deployment-targets-from-ios-187watchos-265-to-the
    write-file /Users/vardy/dev/alanvardy-var-1014-lower-deployment-targets-from-ios-187watchos-265-to-the/DerivedData/Build/Intermediates.noindex/SingleThread.build/Debug-iphonesimulator/SingleThreadTests.build/SingleThreadTests-project-headers.hmap

WriteAuxiliaryFile /Users/vardy/dev/alanvardy-var-1014-lower-deployment-targets-from-ios-187watchos-265-to-the/DerivedData/Build/Intermediates.noindex/SingleThread.build/Debug-iphonesimulator/SingleThreadTests.build/SingleThreadTests-own-target-headers.hmap (in target 'SingleThreadTests' from project 'SingleThread')
    cd /Users/vardy/dev/alanvardy-var-1014-lower-deployment-targets-from-ios-187watchos-265-to-the
    write-file /Users/vardy/dev/alanvardy-var-1014-lower-deployment-targets-from-ios-187watchos-265-to-the/DerivedData/Build/Intermediates.noindex/SingleThread.build/Debug-iphonesimulator/SingleThreadTests.build/SingleThreadTests-own-target-headers.hmap

WriteAuxiliaryFile /Users/vardy/dev/alanvardy-var-1014-lower-deployment-targets-from-ios-187watchos-265-to-the/DerivedData/Build/Intermediates.noindex/SingleThread.build/Debug-iphonesimulator/SingleThreadTests.build/SingleThreadTests-generated-files.hmap (in target 'SingleThreadTests' from project 'SingleThread')
    cd /Users/vardy/dev/alanvardy-var-1014-lower-deployment-targets-from-ios-187watchos-265-to-the
    write-file /Users/vardy/dev/alanvardy-var-1014-lower-deployment-targets-from-ios-187watchos-265-to-the/DerivedData/Build/Intermediates.noindex/SingleThread.build/Debug-iphonesimulator/SingleThreadTests.build/SingleThreadTests-generated-files.hmap

WriteAuxiliaryFile /Users/vardy/dev/alanvardy-var-1014-lower-deployment-targets-from-ios-187watchos-265-to-the/DerivedData/Build/Intermediates.noindex/SingleThread.build/Debug-iphonesimulator/SingleThreadTests.build/SingleThreadTests-all-target-headers.hmap (in target 'SingleThreadTests' from project 'SingleThread')
    cd /Users/vardy/dev/alanvardy-var-1014-lower-deployment-targets-from-ios-187watchos-265-to-the
    write-file /Users/vardy/dev/alanvardy-var-1014-lower-deployment-targets-from-ios-187watchos-265-to-the/DerivedData/Build/Intermediates.noindex/SingleThread.build/Debug-iphonesimulator/SingleThreadTests.build/SingleThreadTests-all-target-headers.hmap

WriteAuxiliaryFile /Users/vardy/dev/alanvardy-var-1014-lower-deployment-targets-from-ios-187watchos-265-to-the/DerivedData/Build/Intermediates.noindex/SingleThread.build/Debug-iphonesimulator/SingleThreadTests.build/SingleThreadTests-all-non-framework-target-headers.hmap (in target 'SingleThreadTests' from project 'SingleThread')
    cd /Users/vardy/dev/alanvardy-var-1014-lower-deployment-targets-from-ios-187watchos-265-to-the
    write-file /Users/vardy/dev/alanvardy-var-1014-lower-deployment-targets-from-ios-187watchos-265-to-the/DerivedData/Build/Intermediates.noindex/SingleThread.build/Debug-iphonesimulator/SingleThreadTests.build/SingleThreadTests-all-non-framework-target-headers.hmap

WriteAuxiliaryFile /Users/vardy/dev/alanvardy-var-1014-lower-deployment-targets-from-ios-187watchos-265-to-the/DerivedData/Build/Intermediates.noindex/SingleThread.build/Debug-iphonesimulator/SingleThreadTests.build/Objects-normal/arm64/SingleThreadTests_const_extract_protocols.json (in target 'SingleThreadTests' from project 'SingleThread')
    cd /Users/vardy/dev/alanvardy-var-1014-lower-deployment-targets-from-ios-187watchos-265-to-the
    write-file /Users/vardy/dev/alanvardy-var-1014-lower-deployment-targets-from-ios-187watchos-265-to-the/DerivedData/Build/Intermediates.noindex/SingleThread.build/Debug-iphonesimulator/SingleThreadTests.build/Objects-normal/arm64/SingleThreadTests_const_extract_protocols.json

WriteAuxiliaryFile /Users/vardy/dev/alanvardy-var-1014-lower-deployment-targets-from-ios-187watchos-265-to-the/DerivedData/Build/Intermediates.noindex/SingleThread.build/Debug-iphonesimulator/SingleThreadTests.build/Objects-normal/arm64/SingleThreadTests.SwiftFileList (in target 'SingleThreadTests' from project 'SingleThread')
    cd /Users/vardy/dev/alanvardy-var-1014-lower-deployment-targets-from-ios-187watchos-265-to-the
    write-file /Users/vardy/dev/alanvardy-var-1014-lower-deployment-targets-from-ios-187watchos-265-to-the/DerivedData/Build/Intermediates.noindex/SingleThread.build/Debug-iphonesimulator/SingleThreadTests.build/Objects-normal/arm64/SingleThreadTests.SwiftFileList

WriteAuxiliaryFile /Users/vardy/dev/alanvardy-var-1014-lower-deployment-targets-from-ios-187watchos-265-to-the/DerivedData/Build/Intermediates.noindex/SingleThread.build/Debug-iphonesimulator/SingleThreadTests.build/Objects-normal/arm64/SingleThreadTests.SwiftConstValuesFileList (in target 'SingleThreadTests' from project 'SingleThread')
    cd /Users/vardy/dev/alanvardy-var-1014-lower-deployment-targets-from-ios-187watchos-265-to-the
    write-file /Users/vardy/dev/alanvardy-var-1014-lower-deployment-targets-from-ios-187watchos-265-to-the/DerivedData/Build/Intermediates.noindex/SingleThread.build/Debug-iphonesimulator/SingleThreadTests.build/Objects-normal/arm64/SingleThreadTests.SwiftConstValuesFileList

WriteAuxiliaryFile /Users/vardy/dev/alanvardy-var-1014-lower-deployment-targets-from-ios-187watchos-265-to-the/DerivedData/Build/Intermediates.noindex/SingleThread.build/Debug-iphonesimulator/SingleThreadTests.build/Objects-normal/arm64/SingleThreadTests.LinkFileList (in target 'SingleThreadTests' from project 'SingleThread')
    cd /Users/vardy/dev/alanvardy-var-1014-lower-deployment-targets-from-ios-187watchos-265-to-the
    write-file /Users/vardy/dev/alanvardy-var-1014-lower-deployment-targets-from-ios-187watchos-265-to-the/DerivedData/Build/Intermediates.noindex/SingleThread.build/Debug-iphonesimulator/SingleThreadTests.build/Objects-normal/arm64/SingleThreadTests.LinkFileList

WriteAuxiliaryFile /Users/vardy/dev/alanvardy-var-1014-lower-deployment-targets-from-ios-187watchos-265-to-the/DerivedData/Build/Intermediates.noindex/SingleThread.build/Debug-iphonesimulator/SingleThreadTests.build/Objects-normal/arm64/SingleThreadTests-OutputFileMap.json (in target 'SingleThreadTests' from project 'SingleThread')
    cd /Users/vardy/dev/alanvardy-var-1014-lower-deployment-targets-from-ios-187watchos-265-to-the
    write-file /Users/vardy/dev/alanvardy-var-1014-lower-deployment-targets-from-ios-187watchos-265-to-the/DerivedData/Build/Intermediates.noindex/SingleThread.build/Debug-iphonesimulator/SingleThreadTests.build/Objects-normal/arm64/SingleThreadTests-OutputFileMap.json

WriteAuxiliaryFile /Users/vardy/dev/alanvardy-var-1014-lower-deployment-targets-from-ios-187watchos-265-to-the/DerivedData/Build/Intermediates.noindex/SingleThreadCore.build/Debug-watchsimulator/SingleThreadCore-product-t.build/SingleThreadCore_38C46E065536DF53_PackageProduct.DependencyMetadataFileList (in target 'SingleThreadCoredynamic-product' from project 'SingleThreadCore')
    cd /Users/vardy/dev/alanvardy-var-1014-lower-deployment-targets-from-ios-187watchos-265-to-the/SingleThreadCore
    write-file /Users/vardy/dev/alanvardy-var-1014-lower-deployment-targets-from-ios-187watchos-265-to-the/DerivedData/Build/Intermediates.noindex/SingleThreadCore.build/Debug-watchsimulator/SingleThreadCore-product-t.build/SingleThreadCore_38C46E065536DF53_PackageProduct.DependencyMetadataFileList

WriteAuxiliaryFile /Users/vardy/dev/alanvardy-var-1014-lower-deployment-targets-from-ios-187watchos-265-to-the/DerivedData/Build/Intermediates.noindex/SingleThreadCore.build/Debug-watchsimulator/SingleThreadCore-product-t.build/empty-SingleThreadCore_38C46E065536DF53_PackageProduct.plist (in target 'SingleThreadCoredynamic-product' from project 'SingleThreadCore')
    cd /Users/vardy/dev/alanvardy-var-1014-lower-deployment-targets-from-ios-187watchos-265-to-the/SingleThreadCore
    write-file /Users/vardy/dev/alanvardy-var-1014-lower-deployment-targets-from-ios-187watchos-265-to-the/DerivedData/Build/Intermediates.noindex/SingleThreadCore.build/Debug-watchsimulator/SingleThreadCore-product-t.build/empty-SingleThreadCore_38C46E065536DF53_PackageProduct.plist

WriteAuxiliaryFile /Users/vardy/dev/alanvardy-var-1014-lower-deployment-targets-from-ios-187watchos-265-to-the/DerivedData/Build/Intermediates.noindex/SingleThreadCore.build/Debug-watchsimulator/SingleThreadCore-product-t.build/SingleThreadCore_38C46E065536DF53_PackageProduct.DependencyStaticMetadataFileList (in target 'SingleThreadCoredynamic-product' from project 'SingleThreadCore')
    cd /Users/vardy/dev/alanvardy-var-1014-lower-deployment-targets-from-ios-187watchos-265-to-the/SingleThreadCore
    write-file /Users/vardy/dev/alanvardy-var-1014-lower-deployment-targets-from-ios-187watchos-265-to-the/DerivedData/Build/Intermediates.noindex/SingleThreadCore.build/Debug-watchsimulator/SingleThreadCore-product-t.build/SingleThreadCore_38C46E065536DF53_PackageProduct.DependencyStaticMetadataFileList

WriteAuxiliaryFile /Users/vardy/dev/alanvardy-var-1014-lower-deployment-targets-from-ios-187watchos-265-to-the/DerivedData/Build/Intermediates.noindex/SingleThreadCore.build/Debug-watchsimulator/SingleThreadCore-product-t.build/Objects-normal/x86_64/SingleThreadCore_38C46E065536DF53_PackageProduct.LinkFileList (in target 'SingleThreadCoredynamic-product' from project 'SingleThreadCore')
    cd /Users/vardy/dev/alanvardy-var-1014-lower-deployment-targets-from-ios-187watchos-265-to-the/SingleThreadCore
    write-file /Users/vardy/dev/alanvardy-var-1014-lower-deployment-targets-from-ios-187watchos-265-to-the/DerivedData/Build/Intermediates.noindex/SingleThreadCore.build/Debug-watchsimulator/SingleThreadCore-product-t.build/Objects-normal/x86_64/SingleThreadCore_38C46E065536DF53_PackageProduct.LinkFileList

WriteAuxiliaryFile /Users/vardy/dev/alanvardy-var-1014-lower-deployment-targets-from-ios-187watchos-265-to-the/DerivedData/Build/Intermediates.noindex/SingleThreadCore.build/Debug-watchsimulator/SingleThreadCore-product-t.build/Objects-normal/arm64/SingleThreadCore_38C46E065536DF53_PackageProduct.LinkFileList (in target 'SingleThreadCoredynamic-product' from project 'SingleThreadCore')
    cd /Users/vardy/dev/alanvardy-var-1014-lower-deployment-targets-from-ios-187watchos-265-to-the/SingleThreadCore
    write-file /Users/vardy/dev/alanvardy-var-1014-lower-deployment-targets-from-ios-187watchos-265-to-the/DerivedData/Build/Intermediates.noindex/SingleThreadCore.build/Debug-watchsimulator/SingleThreadCore-product-t.build/Objects-normal/arm64/SingleThreadCore_38C46E065536DF53_PackageProduct.LinkFileList

WriteAuxiliaryFile /Users/vardy/dev/alanvardy-var-1014-lower-deployment-targets-from-ios-187watchos-265-to-the/DerivedData/Build/Intermediates.noindex/SingleThreadCore.build/Debug-iphonesimulator/SingleThreadCore-product-t.build/empty-SingleThreadCore_38C46E065536DF53_PackageProduct.plist (in target 'SingleThreadCoredynamic-product' from project 'SingleThreadCore')
    cd /Users/vardy/dev/alanvardy-var-1014-lower-deployment-targets-from-ios-187watchos-265-to-the/SingleThreadCore
    write-file /Users/vardy/dev/alanvardy-var-1014-lower-deployment-targets-from-ios-187watchos-265-to-the/DerivedData/Build/Intermediates.noindex/SingleThreadCore.build/Debug-iphonesimulator/SingleThreadCore-product-t.build/empty-SingleThreadCore_38C46E065536DF53_PackageProduct.plist

WriteAuxiliaryFile /Users/vardy/dev/alanvardy-var-1014-lower-deployment-targets-from-ios-187watchos-265-to-the/DerivedData/Build/Intermediates.noindex/SingleThreadCore.build/Debug-iphonesimulator/SingleThreadCore-product-t.build/SingleThreadCore_38C46E065536DF53_PackageProduct.DependencyStaticMetadataFileList (in target 'SingleThreadCoredynamic-product' from project 'SingleThreadCore')
    cd /Users/vardy/dev/alanvardy-var-1014-lower-deployment-targets-from-ios-187watchos-265-to-the/SingleThreadCore
    write-file /Users/vardy/dev/alanvardy-var-1014-lower-deployment-targets-from-ios-187watchos-265-to-the/DerivedData/Build/Intermediates.noindex/SingleThreadCore.build/Debug-iphonesimulator/SingleThreadCore-product-t.build/SingleThreadCore_38C46E065536DF53_PackageProduct.DependencyStaticMetadataFileList

WriteAuxiliaryFile /Users/vardy/dev/alanvardy-var-1014-lower-deployment-targets-from-ios-187watchos-265-to-the/DerivedData/Build/Intermediates.noindex/SingleThreadCore.build/Debug-iphonesimulator/SingleThreadCore-product-t.build/SingleThreadCore_38C46E065536DF53_PackageProduct.DependencyMetadataFileList (in target 'SingleThreadCoredynamic-product' from project 'SingleThreadCore')
    cd /Users/vardy/dev/alanvardy-var-1014-lower-deployment-targets-from-ios-187watchos-265-to-the/SingleThreadCore
    write-file /Users/vardy/dev/alanvardy-var-1014-lower-deployment-targets-from-ios-187watchos-265-to-the/DerivedData/Build/Intermediates.noindex/SingleThreadCore.build/Debug-iphonesimulator/SingleThreadCore-product-t.build/SingleThreadCore_38C46E065536DF53_PackageProduct.DependencyMetadataFileList

WriteAuxiliaryFile /Users/vardy/dev/alanvardy-var-1014-lower-deployment-targets-from-ios-187watchos-265-to-the/DerivedData/Build/Intermediates.noindex/SingleThreadCore.build/Debug-iphonesimulator/SingleThreadCore-product-t.build/Objects-normal/arm64/SingleThreadCore_38C46E065536DF53_PackageProduct.LinkFileList (in target 'SingleThreadCoredynamic-product' from project 'SingleThreadCore')
    cd /Users/vardy/dev/alanvardy-var-1014-lower-deployment-targets-from-ios-187watchos-265-to-the/SingleThreadCore
    write-file /Users/vardy/dev/alanvardy-var-1014-lower-deployment-targets-from-ios-187watchos-265-to-the/DerivedData/Build/Intermediates.noindex/SingleThreadCore.build/Debug-iphonesimulator/SingleThreadCore-product-t.build/Objects-normal/arm64/SingleThreadCore_38C46E065536DF53_PackageProduct.LinkFileList

WriteAuxiliaryFile /Users/vardy/dev/alanvardy-var-1014-lower-deployment-targets-from-ios-187watchos-265-to-the/DerivedData/Build/Intermediates.noindex/SingleThreadCore.build/Debug-watchsimulator/SingleThreadCore_SingleThreadCore-b.build/empty-SingleThreadCore_SingleThreadCore.plist (in target 'SingleThreadCore_SingleThreadCore' from project 'SingleThreadCore')
    cd /Users/vardy/dev/alanvardy-var-1014-lower-deployment-targets-from-ios-187watchos-265-to-the/SingleThreadCore
    write-file /Users/vardy/dev/alanvardy-var-1014-lower-deployment-targets-from-ios-187watchos-265-to-the/DerivedData/Build/Intermediates.noindex/SingleThreadCore.build/Debug-watchsimulator/SingleThreadCore_SingleThreadCore-b.build/empty-SingleThreadCore_SingleThreadCore.plist

WriteAuxiliaryFile /Users/vardy/dev/alanvardy-var-1014-lower-deployment-targets-from-ios-187watchos-265-to-the/DerivedData/Build/Intermediates.noindex/SingleThreadCore.build/Debug-watchsimulator/SingleThreadCore_SingleThreadCore-b.build/SingleThreadCore_SingleThreadCore.DependencyStaticMetadataFileList (in target 'SingleThreadCore_SingleThreadCore' from project 'SingleThreadCore')
    cd /Users/vardy/dev/alanvardy-var-1014-lower-deployment-targets-from-ios-187watchos-265-to-the/SingleThreadCore
    write-file /Users/vardy/dev/alanvardy-var-1014-lower-deployment-targets-from-ios-187watchos-265-to-the/DerivedData/Build/Intermediates.noindex/SingleThreadCore.build/Debug-watchsimulator/SingleThreadCore_SingleThreadCore-b.build/SingleThreadCore_SingleThreadCore.DependencyStaticMetadataFileList

WriteAuxiliaryFile /Users/vardy/dev/alanvardy-var-1014-lower-deployment-targets-from-ios-187watchos-265-to-the/DerivedData/Build/Intermediates.noindex/SingleThreadCore.build/Debug-watchsimulator/SingleThreadCore_SingleThreadCore-b.build/SingleThreadCore_SingleThreadCore.DependencyMetadataFileList (in target 'SingleThreadCore_SingleThreadCore' from project 'SingleThreadCore')
    cd /Users/vardy/dev/alanvardy-var-1014-lower-deployment-targets-from-ios-187watchos-265-to-the/SingleThreadCore
    write-file /Users/vardy/dev/alanvardy-var-1014-lower-deployment-targets-from-ios-187watchos-265-to-the/DerivedData/Build/Intermediates.noindex/SingleThreadCore.build/Debug-watchsimulator/SingleThreadCore_SingleThreadCore-b.build/SingleThreadCore_SingleThreadCore.DependencyMetadataFileList

WriteAuxiliaryFile /Users/vardy/dev/alanvardy-var-1014-lower-deployment-targets-from-ios-187watchos-265-to-the/DerivedData/Build/Intermediates.noindex/SingleThreadCore.build/Debug-iphonesimulator/SingleThreadCore_SingleThreadCore-b.build/SingleThreadCore_SingleThreadCore.DependencyStaticMetadataFileList (in target 'SingleThreadCore_SingleThreadCore' from project 'SingleThreadCore')
    cd /Users/vardy/dev/alanvardy-var-1014-lower-deployment-targets-from-ios-187watchos-265-to-the/SingleThreadCore
    write-file /Users/vardy/dev/alanvardy-var-1014-lower-deployment-targets-from-ios-187watchos-265-to-the/DerivedData/Build/Intermediates.noindex/SingleThreadCore.build/Debug-iphonesimulator/SingleThreadCore_SingleThreadCore-b.build/SingleThreadCore_SingleThreadCore.DependencyStaticMetadataFileList

WriteAuxiliaryFile /Users/vardy/dev/alanvardy-var-1014-lower-deployment-targets-from-ios-187watchos-265-to-the/DerivedData/Build/Intermediates.noindex/SingleThreadCore.build/Debug-iphonesimulator/SingleThreadCore_SingleThreadCore-b.build/empty-SingleThreadCore_SingleThreadCore.plist (in target 'SingleThreadCore_SingleThreadCore' from project 'SingleThreadCore')
    cd /Users/vardy/dev/alanvardy-var-1014-lower-deployment-targets-from-ios-187watchos-265-to-the/SingleThreadCore
    write-file /Users/vardy/dev/alanvardy-var-1014-lower-deployment-targets-from-ios-187watchos-265-to-the/DerivedData/Build/Intermediates.noindex/SingleThreadCore.build/Debug-iphonesimulator/SingleThreadCore_SingleThreadCore-b.build/empty-SingleThreadCore_SingleThreadCore.plist

WriteAuxiliaryFile /Users/vardy/dev/alanvardy-var-1014-lower-deployment-targets-from-ios-187watchos-265-to-the/DerivedData/Build/Intermediates.noindex/SingleThreadCore.build/Debug-iphonesimulator/SingleThreadCore_SingleThreadCore-b.build/SingleThreadCore_SingleThreadCore.DependencyMetadataFileList (in target 'SingleThreadCore_SingleThreadCore' from project 'SingleThreadCore')
    cd /Users/vardy/dev/alanvardy-var-1014-lower-deployment-targets-from-ios-187watchos-265-to-the/SingleThreadCore
    write-file /Users/vardy/dev/alanvardy-var-1014-lower-deployment-targets-from-ios-187watchos-265-to-the/DerivedData/Build/Intermediates.noindex/SingleThreadCore.build/Debug-iphonesimulator/SingleThreadCore_SingleThreadCore-b.build/SingleThreadCore_SingleThreadCore.DependencyMetadataFileList

WriteAuxiliaryFile /Users/vardy/dev/alanvardy-var-1014-lower-deployment-targets-from-ios-187watchos-265-to-the/DerivedData/Build/Intermediates.noindex/SingleThreadCore.build/Debug-watchsimulator/SingleThreadCore-t.build/SingleThreadCore.modulemap (in target 'SingleThreadCore' from project 'SingleThreadCore')
    cd /Users/vardy/dev/alanvardy-var-1014-lower-deployment-targets-from-ios-187watchos-265-to-the/SingleThreadCore
    write-file /Users/vardy/dev/alanvardy-var-1014-lower-deployment-targets-from-ios-187watchos-265-to-the/DerivedData/Build/Intermediates.noindex/SingleThreadCore.build/Debug-watchsimulator/SingleThreadCore-t.build/SingleThreadCore.modulemap

WriteAuxiliaryFile /Users/vardy/dev/alanvardy-var-1014-lower-deployment-targets-from-ios-187watchos-265-to-the/DerivedData/Build/Intermediates.noindex/SingleThreadCore.build/Debug-watchsimulator/SingleThreadCore-t.build/SingleThreadCore.DependencyStaticMetadataFileList (in target 'SingleThreadCore' from project 'SingleThreadCore')
    cd /Users/vardy/dev/alanvardy-var-1014-lower-deployment-targets-from-ios-187watchos-265-to-the/SingleThreadCore
    write-file /Users/vardy/dev/alanvardy-var-1014-lower-deployment-targets-from-ios-187watchos-265-to-the/DerivedData/Build/Intermediates.noindex/SingleThreadCore.build/Debug-watchsimulator/SingleThreadCore-t.build/SingleThreadCore.DependencyStaticMetadataFileList

WriteAuxiliaryFile /Users/vardy/dev/alanvardy-var-1014-lower-deployment-targets-from-ios-187watchos-265-to-the/DerivedData/Build/Intermediates.noindex/SingleThreadCore.build/Debug-watchsimulator/SingleThreadCore-t.build/SingleThreadCore.DependencyMetadataFileList (in target 'SingleThreadCore' from project 'SingleThreadCore')
    cd /Users/vardy/dev/alanvardy-var-1014-lower-deployment-targets-from-ios-187watchos-265-to-the/SingleThreadCore
    write-file /Users/vardy/dev/alanvardy-var-1014-lower-deployment-targets-from-ios-187watchos-265-to-the/DerivedData/Build/Intermediates.noindex/SingleThreadCore.build/Debug-watchsimulator/SingleThreadCore-t.build/SingleThreadCore.DependencyMetadataFileList

WriteAuxiliaryFile /Users/vardy/dev/alanvardy-var-1014-lower-deployment-targets-from-ios-187watchos-265-to-the/DerivedData/Build/Intermediates.noindex/SingleThreadCore.build/Debug-watchsimulator/SingleThreadCore-t.build/Objects-normal/x86_64/SingleThreadCore_const_extract_protocols.json (in target 'SingleThreadCore' from project 'SingleThreadCore')
    cd /Users/vardy/dev/alanvardy-var-1014-lower-deployment-targets-from-ios-187watchos-265-to-the/SingleThreadCore
    write-file /Users/vardy/dev/alanvardy-var-1014-lower-deployment-targets-from-ios-187watchos-265-to-the/DerivedData/Build/Intermediates.noindex/SingleThreadCore.build/Debug-watchsimulator/SingleThreadCore-t.build/Objects-normal/x86_64/SingleThreadCore_const_extract_protocols.json

WriteAuxiliaryFile /Users/vardy/dev/alanvardy-var-1014-lower-deployment-targets-from-ios-187watchos-265-to-the/DerivedData/Build/Intermediates.noindex/SingleThreadCore.build/Debug-watchsimulator/SingleThreadCore-t.build/Objects-normal/x86_64/SingleThreadCore.SwiftFileList (in target 'SingleThreadCore' from project 'SingleThreadCore')
    cd /Users/vardy/dev/alanvardy-var-1014-lower-deployment-targets-from-ios-187watchos-265-to-the/SingleThreadCore
    write-file /Users/vardy/dev/alanvardy-var-1014-lower-deployment-targets-from-ios-187watchos-265-to-the/DerivedData/Build/Intermediates.noindex/SingleThreadCore.build/Debug-watchsimulator/SingleThreadCore-t.build/Objects-normal/x86_64/SingleThreadCore.SwiftFileList

WriteAuxiliaryFile /Users/vardy/dev/alanvardy-var-1014-lower-deployment-targets-from-ios-187watchos-265-to-the/DerivedData/Build/Intermediates.noindex/SingleThreadCore.build/Debug-watchsimulator/SingleThreadCore-t.build/Objects-normal/x86_64/SingleThreadCore.SwiftConstValuesFileList (in target 'SingleThreadCore' from project 'SingleThreadCore')
    cd /Users/vardy/dev/alanvardy-var-1014-lower-deployment-targets-from-ios-187watchos-265-to-the/SingleThreadCore
    write-file /Users/vardy/dev/alanvardy-var-1014-lower-deployment-targets-from-ios-187watchos-265-to-the/DerivedData/Build/Intermediates.noindex/SingleThreadCore.build/Debug-watchsimulator/SingleThreadCore-t.build/Objects-normal/x86_64/SingleThreadCore.SwiftConstValuesFileList

WriteAuxiliaryFile /Users/vardy/dev/alanvardy-var-1014-lower-deployment-targets-from-ios-187watchos-265-to-the/DerivedData/Build/Intermediates.noindex/SingleThreadCore.build/Debug-watchsimulator/SingleThreadCore-t.build/Objects-normal/x86_64/SingleThreadCore.LinkFileList (in target 'SingleThreadCore' from project 'SingleThreadCore')
    cd /Users/vardy/dev/alanvardy-var-1014-lower-deployment-targets-from-ios-187watchos-265-to-the/SingleThreadCore
    write-file /Users/vardy/dev/alanvardy-var-1014-lower-deployment-targets-from-ios-187watchos-265-to-the/DerivedData/Build/Intermediates.noindex/SingleThreadCore.build/Debug-watchsimulator/SingleThreadCore-t.build/Objects-normal/x86_64/SingleThreadCore.LinkFileList

WriteAuxiliaryFile /Users/vardy/dev/alanvardy-var-1014-lower-deployment-targets-from-ios-187watchos-265-to-the/DerivedData/Build/Intermediates.noindex/SingleThreadCore.build/Debug-watchsimulator/SingleThreadCore-t.build/Objects-normal/x86_64/SingleThreadCore-OutputFileMap.json (in target 'SingleThreadCore' from project 'SingleThreadCore')
    cd /Users/vardy/dev/alanvardy-var-1014-lower-deployment-targets-from-ios-187watchos-265-to-the/SingleThreadCore
    write-file /Users/vardy/dev/alanvardy-var-1014-lower-deployment-targets-from-ios-187watchos-265-to-the/DerivedData/Build/Intermediates.noindex/SingleThreadCore.build/Debug-watchsimulator/SingleThreadCore-t.build/Objects-normal/x86_64/SingleThreadCore-OutputFileMap.json

WriteAuxiliaryFile /Users/vardy/dev/alanvardy-var-1014-lower-deployment-targets-from-ios-187watchos-265-to-the/DerivedData/Build/Intermediates.noindex/SingleThreadCore.build/Debug-watchsimulator/SingleThreadCore-t.build/Objects-normal/arm64/SingleThreadCore.SwiftFileList (in target 'SingleThreadCore' from project 'SingleThreadCore')
    cd /Users/vardy/dev/alanvardy-var-1014-lower-deployment-targets-from-ios-187watchos-265-to-the/SingleThreadCore
    write-file /Users/vardy/dev/alanvardy-var-1014-lower-deployment-targets-from-ios-187watchos-265-to-the/DerivedData/Build/Intermediates.noindex/SingleThreadCore.build/Debug-watchsimulator/SingleThreadCore-t.build/Objects-normal/arm64/SingleThreadCore.SwiftFileList

WriteAuxiliaryFile /Users/vardy/dev/alanvardy-var-1014-lower-deployment-targets-from-ios-187watchos-265-to-the/DerivedData/Build/Intermediates.noindex/SingleThreadCore.build/Debug-watchsimulator/SingleThreadCore-t.build/Objects-normal/arm64/SingleThreadCore_const_extract_protocols.json (in target 'SingleThreadCore' from project 'SingleThreadCore')
    cd /Users/vardy/dev/alanvardy-var-1014-lower-deployment-targets-from-ios-187watchos-265-to-the/SingleThreadCore
    write-file /Users/vardy/dev/alanvardy-var-1014-lower-deployment-targets-from-ios-187watchos-265-to-the/DerivedData/Build/Intermediates.noindex/SingleThreadCore.build/Debug-watchsimulator/SingleThreadCore-t.build/Objects-normal/arm64/SingleThreadCore_const_extract_protocols.json

WriteAuxiliaryFile /Users/vardy/dev/alanvardy-var-1014-lower-deployment-targets-from-ios-187watchos-265-to-the/DerivedData/Build/Intermediates.noindex/SingleThreadCore.build/Debug-watchsimulator/SingleThreadCore-t.build/Objects-normal/arm64/SingleThreadCore.SwiftConstValuesFileList (in target 'SingleThreadCore' from project 'SingleThreadCore')
    cd /Users/vardy/dev/alanvardy-var-1014-lower-deployment-targets-from-ios-187watchos-265-to-the/SingleThreadCore
    write-file /Users/vardy/dev/alanvardy-var-1014-lower-deployment-targets-from-ios-187watchos-265-to-the/DerivedData/Build/Intermediates.noindex/SingleThreadCore.build/Debug-watchsimulator/SingleThreadCore-t.build/Objects-normal/arm64/SingleThreadCore.SwiftConstValuesFileList

WriteAuxiliaryFile /Users/vardy/dev/alanvardy-var-1014-lower-deployment-targets-from-ios-187watchos-265-to-the/DerivedData/Build/Intermediates.noindex/SingleThreadCore.build/Debug-watchsimulator/SingleThreadCore-t.build/Objects-normal/arm64/SingleThreadCore.LinkFileList (in target 'SingleThreadCore' from project 'SingleThreadCore')
    cd /Users/vardy/dev/alanvardy-var-1014-lower-deployment-targets-from-ios-187watchos-265-to-the/SingleThreadCore
    write-file /Users/vardy/dev/alanvardy-var-1014-lower-deployment-targets-from-ios-187watchos-265-to-the/DerivedData/Build/Intermediates.noindex/SingleThreadCore.build/Debug-watchsimulator/SingleThreadCore-t.build/Objects-normal/arm64/SingleThreadCore.LinkFileList

WriteAuxiliaryFile /Users/vardy/dev/alanvardy-var-1014-lower-deployment-targets-from-ios-187watchos-265-to-the/DerivedData/Build/Intermediates.noindex/SingleThreadCore.build/Debug-watchsimulator/SingleThreadCore-t.build/Objects-normal/arm64/SingleThreadCore-OutputFileMap.json (in target 'SingleThreadCore' from project 'SingleThreadCore')
    cd /Users/vardy/dev/alanvardy-var-1014-lower-deployment-targets-from-ios-187watchos-265-to-the/SingleThreadCore
    write-file /Users/vardy/dev/alanvardy-var-1014-lower-deployment-targets-from-ios-187watchos-265-to-the/DerivedData/Build/Intermediates.noindex/SingleThreadCore.build/Debug-watchsimulator/SingleThreadCore-t.build/Objects-normal/arm64/SingleThreadCore-OutputFileMap.json

WriteAuxiliaryFile /Users/vardy/dev/alanvardy-var-1014-lower-deployment-targets-from-ios-187watchos-265-to-the/DerivedData/Build/Intermediates.noindex/SingleThreadCore.build/Debug-watchsimulator/SingleThreadCore-t.build/DerivedSources/resource_bundle_accessor.swift (in target 'SingleThreadCore' from project 'SingleThreadCore')
    cd /Users/vardy/dev/alanvardy-var-1014-lower-deployment-targets-from-ios-187watchos-265-to-the/SingleThreadCore
    write-file /Users/vardy/dev/alanvardy-var-1014-lower-deployment-targets-from-ios-187watchos-265-to-the/DerivedData/Build/Intermediates.noindex/SingleThreadCore.build/Debug-watchsimulator/SingleThreadCore-t.build/DerivedSources/resource_bundle_accessor.swift

Copy /Users/vardy/dev/alanvardy-var-1014-lower-deployment-targets-from-ios-187watchos-265-to-the/DerivedData/Build/Intermediates.noindex/GeneratedModuleMaps-watchsimulator/SingleThreadCore.modulemap /Users/vardy/dev/alanvardy-var-1014-lower-deployment-targets-from-ios-187watchos-265-to-the/DerivedData/Build/Intermediates.noindex/SingleThreadCore.build/Debug-watchsimulator/SingleThreadCore-t.build/SingleThreadCore.modulemap (in target 'SingleThreadCore' from project 'SingleThreadCore')
    cd /Users/vardy/dev/alanvardy-var-1014-lower-deployment-targets-from-ios-187watchos-265-to-the/SingleThreadCore
    builtin-copy -exclude .DS_Store -exclude CVS -exclude .svn -exclude .git -exclude .hg -resolve-src-symlinks /Users/vardy/dev/alanvardy-var-1014-lower-deployment-targets-from-ios-187watchos-265-to-the/DerivedData/Build/Intermediates.noindex/SingleThreadCore.build/Debug-watchsimulator/SingleThreadCore-t.build/SingleThreadCore.modulemap /Users/vardy/dev/alanvardy-var-1014-lower-deployment-targets-from-ios-187watchos-265-to-the/DerivedData/Build/Intermediates.noindex/GeneratedModuleMaps-watchsimulator

WriteAuxiliaryFile /Users/vardy/dev/alanvardy-var-1014-lower-deployment-targets-from-ios-187watchos-265-to-the/DerivedData/Build/Intermediates.noindex/SingleThreadCore.build/Debug-iphonesimulator/SingleThreadCore-t.build/SingleThreadCore.modulemap (in target 'SingleThreadCore' from project 'SingleThreadCore')
    cd /Users/vardy/dev/alanvardy-var-1014-lower-deployment-targets-from-ios-187watchos-265-to-the/SingleThreadCore
    write-file /Users/vardy/dev/alanvardy-var-1014-lower-deployment-targets-from-ios-187watchos-265-to-the/DerivedData/Build/Intermediates.noindex/SingleThreadCore.build/Debug-iphonesimulator/SingleThreadCore-t.build/SingleThreadCore.modulemap

WriteAuxiliaryFile /Users/vardy/dev/alanvardy-var-1014-lower-deployment-targets-from-ios-187watchos-265-to-the/DerivedData/Build/Intermediates.noindex/SingleThreadCore.build/Debug-iphonesimulator/SingleThreadCore-t.build/SingleThreadCore.DependencyStaticMetadataFileList (in target 'SingleThreadCore' from project 'SingleThreadCore')
    cd /Users/vardy/dev/alanvardy-var-1014-lower-deployment-targets-from-ios-187watchos-265-to-the/SingleThreadCore
    write-file /Users/vardy/dev/alanvardy-var-1014-lower-deployment-targets-from-ios-187watchos-265-to-the/DerivedData/Build/Intermediates.noindex/SingleThreadCore.build/Debug-iphonesimulator/SingleThreadCore-t.build/SingleThreadCore.DependencyStaticMetadataFileList

WriteAuxiliaryFile /Users/vardy/dev/alanvardy-var-1014-lower-deployment-targets-from-ios-187watchos-265-to-the/DerivedData/Build/Intermediates.noindex/SingleThreadCore.build/Debug-iphonesimulator/SingleThreadCore-t.build/SingleThreadCore.DependencyMetadataFileList (in target 'SingleThreadCore' from project 'SingleThreadCore')
    cd /Users/vardy/dev/alanvardy-var-1014-lower-deployment-targets-from-ios-187watchos-265-to-the/SingleThreadCore
    write-file /Users/vardy/dev/alanvardy-var-1014-lower-deployment-targets-from-ios-187watchos-265-to-the/DerivedData/Build/Intermediates.noindex/SingleThreadCore.build/Debug-iphonesimulator/SingleThreadCore-t.build/SingleThreadCore.DependencyMetadataFileList

WriteAuxiliaryFile /Users/vardy/dev/alanvardy-var-1014-lower-deployment-targets-from-ios-187watchos-265-to-the/DerivedData/Build/Intermediates.noindex/SingleThreadCore.build/Debug-iphonesimulator/SingleThreadCore-t.build/Objects-normal/arm64/SingleThreadCore_const_extract_protocols.json (in target 'SingleThreadCore' from project 'SingleThreadCore')
    cd /Users/vardy/dev/alanvardy-var-1014-lower-deployment-targets-from-ios-187watchos-265-to-the/SingleThreadCore
    write-file /Users/vardy/dev/alanvardy-var-1014-lower-deployment-targets-from-ios-187watchos-265-to-the/DerivedData/Build/Intermediates.noindex/SingleThreadCore.build/Debug-iphonesimulator/SingleThreadCore-t.build/Objects-normal/arm64/SingleThreadCore_const_extract_protocols.json

WriteAuxiliaryFile /Users/vardy/dev/alanvardy-var-1014-lower-deployment-targets-from-ios-187watchos-265-to-the/DerivedData/Build/Intermediates.noindex/SingleThreadCore.build/Debug-iphonesimulator/SingleThreadCore-t.build/Objects-normal/arm64/SingleThreadCore.SwiftConstValuesFileList (in target 'SingleThreadCore' from project 'SingleThreadCore')
    cd /Users/vardy/dev/alanvardy-var-1014-lower-deployment-targets-from-ios-187watchos-265-to-the/SingleThreadCore
    write-file /Users/vardy/dev/alanvardy-var-1014-lower-deployment-targets-from-ios-187watchos-265-to-the/DerivedData/Build/Intermediates.noindex/SingleThreadCore.build/Debug-iphonesimulator/SingleThreadCore-t.build/Objects-normal/arm64/SingleThreadCore.SwiftConstValuesFileList

WriteAuxiliaryFile /Users/vardy/dev/alanvardy-var-1014-lower-deployment-targets-from-ios-187watchos-265-to-the/DerivedData/Build/Intermediates.noindex/SingleThreadCore.build/Debug-iphonesimulator/SingleThreadCore-t.build/Objects-normal/arm64/SingleThreadCore.SwiftFileList (in target 'SingleThreadCore' from project 'SingleThreadCore')
    cd /Users/vardy/dev/alanvardy-var-1014-lower-deployment-targets-from-ios-187watchos-265-to-the/SingleThreadCore
    write-file /Users/vardy/dev/alanvardy-var-1014-lower-deployment-targets-from-ios-187watchos-265-to-the/DerivedData/Build/Intermediates.noindex/SingleThreadCore.build/Debug-iphonesimulator/SingleThreadCore-t.build/Objects-normal/arm64/SingleThreadCore.SwiftFileList

WriteAuxiliaryFile /Users/vardy/dev/alanvardy-var-1014-lower-deployment-targets-from-ios-187watchos-265-to-the/DerivedData/Build/Intermediates.noindex/SingleThreadCore.build/Debug-iphonesimulator/SingleThreadCore-t.build/Objects-normal/arm64/SingleThreadCore.LinkFileList (in target 'SingleThreadCore' from project 'SingleThreadCore')
    cd /Users/vardy/dev/alanvardy-var-1014-lower-deployment-targets-from-ios-187watchos-265-to-the/SingleThreadCore
    write-file /Users/vardy/dev/alanvardy-var-1014-lower-deployment-targets-from-ios-187watchos-265-to-the/DerivedData/Build/Intermediates.noindex/SingleThreadCore.build/Debug-iphonesimulator/SingleThreadCore-t.build/Objects-normal/arm64/SingleThreadCore.LinkFileList

WriteAuxiliaryFile /Users/vardy/dev/alanvardy-var-1014-lower-deployment-targets-from-ios-187watchos-265-to-the/DerivedData/Build/Intermediates.noindex/SingleThreadCore.build/Debug-iphonesimulator/SingleThreadCore-t.build/Objects-normal/arm64/SingleThreadCore-OutputFileMap.json (in target 'SingleThreadCore' from project 'SingleThreadCore')
    cd /Users/vardy/dev/alanvardy-var-1014-lower-deployment-targets-from-ios-187watchos-265-to-the/SingleThreadCore
    write-file /Users/vardy/dev/alanvardy-var-1014-lower-deployment-targets-from-ios-187watchos-265-to-the/DerivedData/Build/Intermediates.noindex/SingleThreadCore.build/Debug-iphonesimulator/SingleThreadCore-t.build/Objects-normal/arm64/SingleThreadCore-OutputFileMap.json

WriteAuxiliaryFile /Users/vardy/dev/alanvardy-var-1014-lower-deployment-targets-from-ios-187watchos-265-to-the/DerivedData/Build/Intermediates.noindex/SingleThreadCore.build/Debug-iphonesimulator/SingleThreadCore-t.build/DerivedSources/resource_bundle_accessor.swift (in target 'SingleThreadCore' from project 'SingleThreadCore')
    cd /Users/vardy/dev/alanvardy-var-1014-lower-deployment-targets-from-ios-187watchos-265-to-the/SingleThreadCore
    write-file /Users/vardy/dev/alanvardy-var-1014-lower-deployment-targets-from-ios-187watchos-265-to-the/DerivedData/Build/Intermediates.noindex/SingleThreadCore.build/Debug-iphonesimulator/SingleThreadCore-t.build/DerivedSources/resource_bundle_accessor.swift

WriteAuxiliaryFile /Users/vardy/dev/alanvardy-var-1014-lower-deployment-targets-from-ios-187watchos-265-to-the/DerivedData/Build/Intermediates.noindex/SingleThread.build/Debug-iphonesimulator/SingleThread.build/empty-SingleThread.plist (in target 'SingleThread' from project 'SingleThread')
    cd /Users/vardy/dev/alanvardy-var-1014-lower-deployment-targets-from-ios-187watchos-265-to-the
    write-file /Users/vardy/dev/alanvardy-var-1014-lower-deployment-targets-from-ios-187watchos-265-to-the/DerivedData/Build/Intermediates.noindex/SingleThread.build/Debug-iphonesimulator/SingleThread.build/empty-SingleThread.plist

Copy /Users/vardy/dev/alanvardy-var-1014-lower-deployment-targets-from-ios-187watchos-265-to-the/DerivedData/Build/Intermediates.noindex/GeneratedModuleMaps-iphonesimulator/SingleThreadCore.modulemap /Users/vardy/dev/alanvardy-var-1014-lower-deployment-targets-from-ios-187watchos-265-to-the/DerivedData/Build/Intermediates.noindex/SingleThreadCore.build/Debug-iphonesimulator/SingleThreadCore-t.build/SingleThreadCore.modulemap (in target 'SingleThreadCore' from project 'SingleThreadCore')
    cd /Users/vardy/dev/alanvardy-var-1014-lower-deployment-targets-from-ios-187watchos-265-to-the/SingleThreadCore
    builtin-copy -exclude .DS_Store -exclude CVS -exclude .svn -exclude .git -exclude .hg -resolve-src-symlinks /Users/vardy/dev/alanvardy-var-1014-lower-deployment-targets-from-ios-187watchos-265-to-the/DerivedData/Build/Intermediates.noindex/SingleThreadCore.build/Debug-iphonesimulator/SingleThreadCore-t.build/SingleThreadCore.modulemap /Users/vardy/dev/alanvardy-var-1014-lower-deployment-targets-from-ios-187watchos-265-to-the/DerivedData/Build/Intermediates.noindex/GeneratedModuleMaps-iphonesimulator

WriteAuxiliaryFile /Users/vardy/dev/alanvardy-var-1014-lower-deployment-targets-from-ios-187watchos-265-to-the/DerivedData/Build/Intermediates.noindex/SingleThread.build/Debug-iphonesimulator/SingleThread.build/SingleThread.hmap (in target 'SingleThread' from project 'SingleThread')
    cd /Users/vardy/dev/alanvardy-var-1014-lower-deployment-targets-from-ios-187watchos-265-to-the
    write-file /Users/vardy/dev/alanvardy-var-1014-lower-deployment-targets-from-ios-187watchos-265-to-the/DerivedData/Build/Intermediates.noindex/SingleThread.build/Debug-iphonesimulator/SingleThread.build/SingleThread.hmap

WriteAuxiliaryFile /Users/vardy/dev/alanvardy-var-1014-lower-deployment-targets-from-ios-187watchos-265-to-the/DerivedData/Build/Intermediates.noindex/SingleThread.build/Debug-iphonesimulator/SingleThread.build/SingleThread.DependencyStaticMetadataFileList (in target 'SingleThread' from project 'SingleThread')
    cd /Users/vardy/dev/alanvardy-var-1014-lower-deployment-targets-from-ios-187watchos-265-to-the
    write-file /Users/vardy/dev/alanvardy-var-1014-lower-deployment-targets-from-ios-187watchos-265-to-the/DerivedData/Build/Intermediates.noindex/SingleThread.build/Debug-iphonesimulator/SingleThread.build/SingleThread.DependencyStaticMetadataFileList

WriteAuxiliaryFile /Users/vardy/dev/alanvardy-var-1014-lower-deployment-targets-from-ios-187watchos-265-to-the/DerivedData/Build/Intermediates.noindex/SingleThread.build/Debug-iphonesimulator/SingleThread.build/SingleThread.DependencyMetadataFileList (in target 'SingleThread' from project 'SingleThread')
    cd /Users/vardy/dev/alanvardy-var-1014-lower-deployment-targets-from-ios-187watchos-265-to-the
    write-file /Users/vardy/dev/alanvardy-var-1014-lower-deployment-targets-from-ios-187watchos-265-to-the/DerivedData/Build/Intermediates.noindex/SingleThread.build/Debug-iphonesimulator/SingleThread.build/SingleThread.DependencyMetadataFileList

WriteAuxiliaryFile /Users/vardy/dev/alanvardy-var-1014-lower-deployment-targets-from-ios-187watchos-265-to-the/DerivedData/Build/Intermediates.noindex/SingleThread.build/Debug-iphonesimulator/SingleThread.build/SingleThread-project-headers.hmap (in target 'SingleThread' from project 'SingleThread')
    cd /Users/vardy/dev/alanvardy-var-1014-lower-deployment-targets-from-ios-187watchos-265-to-the
    write-file /Users/vardy/dev/alanvardy-var-1014-lower-deployment-targets-from-ios-187watchos-265-to-the/DerivedData/Build/Intermediates.noindex/SingleThread.build/Debug-iphonesimulator/SingleThread.build/SingleThread-project-headers.hmap

WriteAuxiliaryFile /Users/vardy/dev/alanvardy-var-1014-lower-deployment-targets-from-ios-187watchos-265-to-the/DerivedData/Build/Intermediates.noindex/SingleThread.build/Debug-iphonesimulator/SingleThread.build/SingleThread-own-target-headers.hmap (in target 'SingleThread' from project 'SingleThread')
    cd /Users/vardy/dev/alanvardy-var-1014-lower-deployment-targets-from-ios-187watchos-265-to-the
    write-file /Users/vardy/dev/alanvardy-var-1014-lower-deployment-targets-from-ios-187watchos-265-to-the/DerivedData/Build/Intermediates.noindex/SingleThread.build/Debug-iphonesimulator/SingleThread.build/SingleThread-own-target-headers.hmap

WriteAuxiliaryFile /Users/vardy/dev/alanvardy-var-1014-lower-deployment-targets-from-ios-187watchos-265-to-the/DerivedData/Build/Intermediates.noindex/SingleThread.build/Debug-iphonesimulator/SingleThread.build/SingleThread-generated-files.hmap (in target 'SingleThread' from project 'SingleThread')
    cd /Users/vardy/dev/alanvardy-var-1014-lower-deployment-targets-from-ios-187watchos-265-to-the
    write-file /Users/vardy/dev/alanvardy-var-1014-lower-deployment-targets-from-ios-187watchos-265-to-the/DerivedData/Build/Intermediates.noindex/SingleThread.build/Debug-iphonesimulator/SingleThread.build/SingleThread-generated-files.hmap

WriteAuxiliaryFile /Users/vardy/dev/alanvardy-var-1014-lower-deployment-targets-from-ios-187watchos-265-to-the/DerivedData/Build/Intermediates.noindex/SingleThread.build/Debug-iphonesimulator/SingleThread.build/SingleThread-all-target-headers.hmap (in target 'SingleThread' from project 'SingleThread')
    cd /Users/vardy/dev/alanvardy-var-1014-lower-deployment-targets-from-ios-187watchos-265-to-the
    write-file /Users/vardy/dev/alanvardy-var-1014-lower-deployment-targets-from-ios-187watchos-265-to-the/DerivedData/Build/Intermediates.noindex/SingleThread.build/Debug-iphonesimulator/SingleThread.build/SingleThread-all-target-headers.hmap

WriteAuxiliaryFile /Users/vardy/dev/alanvardy-var-1014-lower-deployment-targets-from-ios-187watchos-265-to-the/DerivedData/Build/Intermediates.noindex/SingleThread.build/Debug-iphonesimulator/SingleThread.build/SingleThread-all-non-framework-target-headers.hmap (in target 'SingleThread' from project 'SingleThread')
    cd /Users/vardy/dev/alanvardy-var-1014-lower-deployment-targets-from-ios-187watchos-265-to-the
    write-file /Users/vardy/dev/alanvardy-var-1014-lower-deployment-targets-from-ios-187watchos-265-to-the/DerivedData/Build/Intermediates.noindex/SingleThread.build/Debug-iphonesimulator/SingleThread.build/SingleThread-all-non-framework-target-headers.hmap

WriteAuxiliaryFile /Users/vardy/dev/alanvardy-var-1014-lower-deployment-targets-from-ios-187watchos-265-to-the/DerivedData/Build/Intermediates.noindex/SingleThread.build/Debug-iphonesimulator/SingleThread.build/SingleThread-DebugDylibPath-normal-arm64.txt (in target 'SingleThread' from project 'SingleThread')
    cd /Users/vardy/dev/alanvardy-var-1014-lower-deployment-targets-from-ios-187watchos-265-to-the
    write-file /Users/vardy/dev/alanvardy-var-1014-lower-deployment-targets-from-ios-187watchos-265-to-the/DerivedData/Build/Intermediates.noindex/SingleThread.build/Debug-iphonesimulator/SingleThread.build/SingleThread-DebugDylibPath-normal-arm64.txt

WriteAuxiliaryFile /Users/vardy/dev/alanvardy-var-1014-lower-deployment-targets-from-ios-187watchos-265-to-the/DerivedData/Build/Intermediates.noindex/SingleThread.build/Debug-iphonesimulator/SingleThread.build/SingleThread-DebugDylibInstallName-normal-arm64.txt (in target 'SingleThread' from project 'SingleThread')
    cd /Users/vardy/dev/alanvardy-var-1014-lower-deployment-targets-from-ios-187watchos-265-to-the
    write-file /Users/vardy/dev/alanvardy-var-1014-lower-deployment-targets-from-ios-187watchos-265-to-the/DerivedData/Build/Intermediates.noindex/SingleThread.build/Debug-iphonesimulator/SingleThread.build/SingleThread-DebugDylibInstallName-normal-arm64.txt

WriteAuxiliaryFile /Users/vardy/dev/alanvardy-var-1014-lower-deployment-targets-from-ios-187watchos-265-to-the/DerivedData/Build/Intermediates.noindex/SingleThread.build/Debug-iphonesimulator/SingleThread.build/Objects-normal/arm64/SingleThread_const_extract_protocols.json (in target 'SingleThread' from project 'SingleThread')
    cd /Users/vardy/dev/alanvardy-var-1014-lower-deployment-targets-from-ios-187watchos-265-to-the
    write-file /Users/vardy/dev/alanvardy-var-1014-lower-deployment-targets-from-ios-187watchos-265-to-the/DerivedData/Build/Intermediates.noindex/SingleThread.build/Debug-iphonesimulator/SingleThread.build/Objects-normal/arm64/SingleThread_const_extract_protocols.json

WriteAuxiliaryFile /Users/vardy/dev/alanvardy-var-1014-lower-deployment-targets-from-ios-187watchos-265-to-the/DerivedData/Build/Intermediates.noindex/SingleThread.build/Debug-iphonesimulator/SingleThread.build/Objects-normal/arm64/SingleThread.SwiftFileList (in target 'SingleThread' from project 'SingleThread')
    cd /Users/vardy/dev/alanvardy-var-1014-lower-deployment-targets-from-ios-187watchos-265-to-the
    write-file /Users/vardy/dev/alanvardy-var-1014-lower-deployment-targets-from-ios-187watchos-265-to-the/DerivedData/Build/Intermediates.noindex/SingleThread.build/Debug-iphonesimulator/SingleThread.build/Objects-normal/arm64/SingleThread.SwiftFileList

WriteAuxiliaryFile /Users/vardy/dev/alanvardy-var-1014-lower-deployment-targets-from-ios-187watchos-265-to-the/DerivedData/Build/Intermediates.noindex/SingleThread.build/Debug-iphonesimulator/SingleThread.build/Objects-normal/arm64/SingleThread.SwiftConstValuesFileList (in target 'SingleThread' from project 'SingleThread')
    cd /Users/vardy/dev/alanvardy-var-1014-lower-deployment-targets-from-ios-187watchos-265-to-the
    write-file /Users/vardy/dev/alanvardy-var-1014-lower-deployment-targets-from-ios-187watchos-265-to-the/DerivedData/Build/Intermediates.noindex/SingleThread.build/Debug-iphonesimulator/SingleThread.build/Objects-normal/arm64/SingleThread.SwiftConstValuesFileList

WriteAuxiliaryFile /Users/vardy/dev/alanvardy-var-1014-lower-deployment-targets-from-ios-187watchos-265-to-the/DerivedData/Build/Intermediates.noindex/SingleThread.build/Debug-iphonesimulator/SingleThread.build/Objects-normal/arm64/SingleThread.LinkFileList (in target 'SingleThread' from project 'SingleThread')
    cd /Users/vardy/dev/alanvardy-var-1014-lower-deployment-targets-from-ios-187watchos-265-to-the
    write-file /Users/vardy/dev/alanvardy-var-1014-lower-deployment-targets-from-ios-187watchos-265-to-the/DerivedData/Build/Intermediates.noindex/SingleThread.build/Debug-iphonesimulator/SingleThread.build/Objects-normal/arm64/SingleThread.LinkFileList

WriteAuxiliaryFile /Users/vardy/dev/alanvardy-var-1014-lower-deployment-targets-from-ios-187watchos-265-to-the/DerivedData/Build/Intermediates.noindex/SingleThread.build/Debug-iphonesimulator/SingleThread.build/Objects-normal/arm64/SingleThread-OutputFileMap.json (in target 'SingleThread' from project 'SingleThread')
    cd /Users/vardy/dev/alanvardy-var-1014-lower-deployment-targets-from-ios-187watchos-265-to-the
    write-file /Users/vardy/dev/alanvardy-var-1014-lower-deployment-targets-from-ios-187watchos-265-to-the/DerivedData/Build/Intermediates.noindex/SingleThread.build/Debug-iphonesimulator/SingleThread.build/Objects-normal/arm64/SingleThread-OutputFileMap.json

WriteAuxiliaryFile /Users/vardy/dev/alanvardy-var-1014-lower-deployment-targets-from-ios-187watchos-265-to-the/DerivedData/Build/Intermediates.noindex/SingleThread.build/Debug-iphonesimulator/SingleThread.build/DerivedSources/Entitlements-Simulated.plist (in target 'SingleThread' from project 'SingleThread')
    cd /Users/vardy/dev/alanvardy-var-1014-lower-deployment-targets-from-ios-187watchos-265-to-the
    write-file /Users/vardy/dev/alanvardy-var-1014-lower-deployment-targets-from-ios-187watchos-265-to-the/DerivedData/Build/Intermediates.noindex/SingleThread.build/Debug-iphonesimulator/SingleThread.build/DerivedSources/Entitlements-Simulated.plist

MkDir /Users/vardy/dev/alanvardy-var-1014-lower-deployment-targets-from-ios-187watchos-265-to-the/DerivedData/Build/Products/Debug-iphonesimulator/SingleThreadWidget.appex (in target 'SingleThreadWidget' from project 'SingleThread')
    cd /Users/vardy/dev/alanvardy-var-1014-lower-deployment-targets-from-ios-187watchos-265-to-the
    /bin/mkdir -p /Users/vardy/dev/alanvardy-var-1014-lower-deployment-targets-from-ios-187watchos-265-to-the/DerivedData/Build/Products/Debug-iphonesimulator/SingleThreadWidget.appex

MkDir /Users/vardy/dev/alanvardy-var-1014-lower-deployment-targets-from-ios-187watchos-265-to-the/DerivedData/Build/Products/Debug-watchsimulator/SingleThreadWatch.app (in target 'SingleThreadWatch' from project 'SingleThread')
    cd /Users/vardy/dev/alanvardy-var-1014-lower-deployment-targets-from-ios-187watchos-265-to-the
    /bin/mkdir -p /Users/vardy/dev/alanvardy-var-1014-lower-deployment-targets-from-ios-187watchos-265-to-the/DerivedData/Build/Products/Debug-watchsimulator/SingleThreadWatch.app

MkDir /Users/vardy/dev/alanvardy-var-1014-lower-deployment-targets-from-ios-187watchos-265-to-the/DerivedData/Build/Products/Debug-watchsimulator/SingleThreadWatch.app/Frameworks (in target 'SingleThreadWatch' from project 'SingleThread')
    cd /Users/vardy/dev/alanvardy-var-1014-lower-deployment-targets-from-ios-187watchos-265-to-the
    /bin/mkdir -p /Users/vardy/dev/alanvardy-var-1014-lower-deployment-targets-from-ios-187watchos-265-to-the/DerivedData/Build/Products/Debug-watchsimulator/SingleThreadWatch.app/Frameworks

MkDir /Users/vardy/dev/alanvardy-var-1014-lower-deployment-targets-from-ios-187watchos-265-to-the/DerivedData/Build/Products/Debug-iphonesimulator/SingleThreadUITests-Runner.app/PlugIns/SingleThreadUITests.xctest (in target 'SingleThreadUITests' from project 'SingleThread')
    cd /Users/vardy/dev/alanvardy-var-1014-lower-deployment-targets-from-ios-187watchos-265-to-the
    /bin/mkdir -p /Users/vardy/dev/alanvardy-var-1014-lower-deployment-targets-from-ios-187watchos-265-to-the/DerivedData/Build/Products/Debug-iphonesimulator/SingleThreadUITests-Runner.app/PlugIns/SingleThreadUITests.xctest

MkDir /Users/vardy/dev/alanvardy-var-1014-lower-deployment-targets-from-ios-187watchos-265-to-the/DerivedData/Build/Products/Debug-iphonesimulator/SingleThreadUITests-Runner.app/PlugIns/SingleThreadUITests.xctest/Frameworks (in target 'SingleThreadUITests' from project 'SingleThread')
    cd /Users/vardy/dev/alanvardy-var-1014-lower-deployment-targets-from-ios-187watchos-265-to-the
    /bin/mkdir -p /Users/vardy/dev/alanvardy-var-1014-lower-deployment-targets-from-ios-187watchos-265-to-the/DerivedData/Build/Products/Debug-iphonesimulator/SingleThreadUITests-Runner.app/PlugIns/SingleThreadUITests.xctest/Frameworks

MkDir /Users/vardy/dev/alanvardy-var-1014-lower-deployment-targets-from-ios-187watchos-265-to-the/DerivedData/Build/Products/Debug-iphonesimulator/SingleThread.app/PlugIns/SingleThreadTests.xctest/Frameworks (in target 'SingleThreadTests' from project 'SingleThread')
    cd /Users/vardy/dev/alanvardy-var-1014-lower-deployment-targets-from-ios-187watchos-265-to-the
    /bin/mkdir -p /Users/vardy/dev/alanvardy-var-1014-lower-deployment-targets-from-ios-187watchos-265-to-the/DerivedData/Build/Products/Debug-iphonesimulator/SingleThread.app/PlugIns/SingleThreadTests.xctest/Frameworks

MkDir /Users/vardy/dev/alanvardy-var-1014-lower-deployment-targets-from-ios-187watchos-265-to-the/DerivedData/Build/Products/Debug-watchsimulator/PackageFrameworks/SingleThreadCore_38C46E065536DF53_PackageProduct.framework (in target 'SingleThreadCoredynamic-product' from project 'SingleThreadCore')
    cd /Users/vardy/dev/alanvardy-var-1014-lower-deployment-targets-from-ios-187watchos-265-to-the/SingleThreadCore
    /bin/mkdir -p /Users/vardy/dev/alanvardy-var-1014-lower-deployment-targets-from-ios-187watchos-265-to-the/DerivedData/Build/Products/Debug-watchsimulator/PackageFrameworks/SingleThreadCore_38C46E065536DF53_PackageProduct.framework

MkDir /Users/vardy/dev/alanvardy-var-1014-lower-deployment-targets-from-ios-187watchos-265-to-the/DerivedData/Build/Products/Debug-iphonesimulator/SingleThread.app/PlugIns/SingleThreadTests.xctest (in target 'SingleThreadTests' from project 'SingleThread')
    cd /Users/vardy/dev/alanvardy-var-1014-lower-deployment-targets-from-ios-187watchos-265-to-the
    /bin/mkdir -p /Users/vardy/dev/alanvardy-var-1014-lower-deployment-targets-from-ios-187watchos-265-to-the/DerivedData/Build/Products/Debug-iphonesimulator/SingleThread.app/PlugIns/SingleThreadTests.xctest

MkDir /Users/vardy/dev/alanvardy-var-1014-lower-deployment-targets-from-ios-187watchos-265-to-the/DerivedData/Build/Products/Debug-iphonesimulator/PackageFrameworks/SingleThreadCore_38C46E065536DF53_PackageProduct.framework (in target 'SingleThreadCoredynamic-product' from project 'SingleThreadCore')
    cd /Users/vardy/dev/alanvardy-var-1014-lower-deployment-targets-from-ios-187watchos-265-to-the/SingleThreadCore
    /bin/mkdir -p /Users/vardy/dev/alanvardy-var-1014-lower-deployment-targets-from-ios-187watchos-265-to-the/DerivedData/Build/Products/Debug-iphonesimulator/PackageFrameworks/SingleThreadCore_38C46E065536DF53_PackageProduct.framework

MkDir /Users/vardy/dev/alanvardy-var-1014-lower-deployment-targets-from-ios-187watchos-265-to-the/DerivedData/Build/Products/Debug-watchsimulator/SingleThreadCore_SingleThreadCore.bundle (in target 'SingleThreadCore_SingleThreadCore' from project 'SingleThreadCore')
    cd /Users/vardy/dev/alanvardy-var-1014-lower-deployment-targets-from-ios-187watchos-265-to-the/SingleThreadCore
    /bin/mkdir -p /Users/vardy/dev/alanvardy-var-1014-lower-deployment-targets-from-ios-187watchos-265-to-the/DerivedData/Build/Products/Debug-watchsimulator/SingleThreadCore_SingleThreadCore.bundle

MkDir /Users/vardy/dev/alanvardy-var-1014-lower-deployment-targets-from-ios-187watchos-265-to-the/DerivedData/Build/Products/Debug-iphonesimulator/SingleThreadCore_SingleThreadCore.bundle (in target 'SingleThreadCore_SingleThreadCore' from project 'SingleThreadCore')
    cd /Users/vardy/dev/alanvardy-var-1014-lower-deployment-targets-from-ios-187watchos-265-to-the/SingleThreadCore
    /bin/mkdir -p /Users/vardy/dev/alanvardy-var-1014-lower-deployment-targets-from-ios-187watchos-265-to-the/DerivedData/Build/Products/Debug-iphonesimulator/SingleThreadCore_SingleThreadCore.bundle

MkDir /Users/vardy/dev/alanvardy-var-1014-lower-deployment-targets-from-ios-187watchos-265-to-the/DerivedData/Build/Products/Debug-iphonesimulator/SingleThread.app/PlugIns (in target 'SingleThread' from project 'SingleThread')
    cd /Users/vardy/dev/alanvardy-var-1014-lower-deployment-targets-from-ios-187watchos-265-to-the
    /bin/mkdir -p /Users/vardy/dev/alanvardy-var-1014-lower-deployment-targets-from-ios-187watchos-265-to-the/DerivedData/Build/Products/Debug-iphonesimulator/SingleThread.app/PlugIns

MkDir /Users/vardy/dev/alanvardy-var-1014-lower-deployment-targets-from-ios-187watchos-265-to-the/DerivedData/Build/Products/Debug-iphonesimulator/SingleThread.app/Frameworks (in target 'SingleThread' from project 'SingleThread')
    cd /Users/vardy/dev/alanvardy-var-1014-lower-deployment-targets-from-ios-187watchos-265-to-the
    /bin/mkdir -p /Users/vardy/dev/alanvardy-var-1014-lower-deployment-targets-from-ios-187watchos-265-to-the/DerivedData/Build/Products/Debug-iphonesimulator/SingleThread.app/Frameworks

MkDir /Users/vardy/dev/alanvardy-var-1014-lower-deployment-targets-from-ios-187watchos-265-to-the/DerivedData/Build/Products/Debug-iphonesimulator/SingleThread.app (in target 'SingleThread' from project 'SingleThread')
    cd /Users/vardy/dev/alanvardy-var-1014-lower-deployment-targets-from-ios-187watchos-265-to-the
    /bin/mkdir -p /Users/vardy/dev/alanvardy-var-1014-lower-deployment-targets-from-ios-187watchos-265-to-the/DerivedData/Build/Products/Debug-iphonesimulator/SingleThread.app

ProcessInfoPlistFile /Users/vardy/dev/alanvardy-var-1014-lower-deployment-targets-from-ios-187watchos-265-to-the/DerivedData/Build/Products/Debug-watchsimulator/SingleThreadCore_SingleThreadCore.bundle/Info.plist /Users/vardy/dev/alanvardy-var-1014-lower-deployment-targets-from-ios-187watchos-265-to-the/DerivedData/Build/Intermediates.noindex/SingleThreadCore.build/Debug-watchsimulator/SingleThreadCore_SingleThreadCore-b.build/empty-SingleThreadCore_SingleThreadCore.plist (in target 'SingleThreadCore_SingleThreadCore' from project 'SingleThreadCore')
    cd /Users/vardy/dev/alanvardy-var-1014-lower-deployment-targets-from-ios-187watchos-265-to-the/SingleThreadCore
    builtin-infoPlistUtility /Users/vardy/dev/alanvardy-var-1014-lower-deployment-targets-from-ios-187watchos-265-to-the/DerivedData/Build/Intermediates.noindex/SingleThreadCore.build/Debug-watchsimulator/SingleThreadCore_SingleThreadCore-b.build/empty-SingleThreadCore_SingleThreadCore.plist -producttype com.apple.product-type.bundle -expandbuildsettings -format binary -platform watchsimulator -o /Users/vardy/dev/alanvardy-var-1014-lower-deployment-targets-from-ios-187watchos-265-to-the/DerivedData/Build/Products/Debug-watchsimulator/SingleThreadCore_SingleThreadCore.bundle/Info.plist

ProcessInfoPlistFile /Users/vardy/dev/alanvardy-var-1014-lower-deployment-targets-from-ios-187watchos-265-to-the/DerivedData/Build/Products/Debug-iphonesimulator/SingleThreadCore_SingleThreadCore.bundle/Info.plist /Users/vardy/dev/alanvardy-var-1014-lower-deployment-targets-from-ios-187watchos-265-to-the/DerivedData/Build/Intermediates.noindex/SingleThreadCore.build/Debug-iphonesimulator/SingleThreadCore_SingleThreadCore-b.build/empty-SingleThreadCore_SingleThreadCore.plist (in target 'SingleThreadCore_SingleThreadCore' from project 'SingleThreadCore')
    cd /Users/vardy/dev/alanvardy-var-1014-lower-deployment-targets-from-ios-187watchos-265-to-the/SingleThreadCore
    builtin-infoPlistUtility /Users/vardy/dev/alanvardy-var-1014-lower-deployment-targets-from-ios-187watchos-265-to-the/DerivedData/Build/Intermediates.noindex/SingleThreadCore.build/Debug-iphonesimulator/SingleThreadCore_SingleThreadCore-b.build/empty-SingleThreadCore_SingleThreadCore.plist -producttype com.apple.product-type.bundle -expandbuildsettings -format binary -platform iphonesimulator -o /Users/vardy/dev/alanvardy-var-1014-lower-deployment-targets-from-ios-187watchos-265-to-the/DerivedData/Build/Products/Debug-iphonesimulator/SingleThreadCore_SingleThreadCore.bundle/Info.plist

CompileXCStrings /Users/vardy/dev/alanvardy-var-1014-lower-deployment-targets-from-ios-187watchos-265-to-the/DerivedData/Build/Intermediates.noindex/SingleThreadCore.build/Debug-watchsimulator/SingleThreadCore_SingleThreadCore-b.build/ /Users/vardy/dev/alanvardy-var-1014-lower-deployment-targets-from-ios-187watchos-265-to-the/SingleThreadCore/Sources/SingleThreadCore/Resources/Localizable.xcstrings (in target 'SingleThreadCore_SingleThreadCore' from project 'SingleThreadCore')
    cd /Users/vardy/dev/alanvardy-var-1014-lower-deployment-targets-from-ios-187watchos-265-to-the/SingleThreadCore
    /Applications/Xcode.app/Contents/Developer/usr/bin/xcstringstool compile --output-directory /Users/vardy/dev/alanvardy-var-1014-lower-deployment-targets-from-ios-187watchos-265-to-the/DerivedData/Build/Intermediates.noindex/SingleThreadCore.build/Debug-watchsimulator/SingleThreadCore_SingleThreadCore-b.build /Users/vardy/dev/alanvardy-var-1014-lower-deployment-targets-from-ios-187watchos-265-to-the/SingleThreadCore/Sources/SingleThreadCore/Resources/Localizable.xcstrings

CompileXCStrings /Users/vardy/dev/alanvardy-var-1014-lower-deployment-targets-from-ios-187watchos-265-to-the/DerivedData/Build/Intermediates.noindex/SingleThreadCore.build/Debug-iphonesimulator/SingleThreadCore_SingleThreadCore-b.build/ /Users/vardy/dev/alanvardy-var-1014-lower-deployment-targets-from-ios-187watchos-265-to-the/SingleThreadCore/Sources/SingleThreadCore/Resources/Localizable.xcstrings (in target 'SingleThreadCore_SingleThreadCore' from project 'SingleThreadCore')
    cd /Users/vardy/dev/alanvardy-var-1014-lower-deployment-targets-from-ios-187watchos-265-to-the/SingleThreadCore
    /Applications/Xcode.app/Contents/Developer/usr/bin/xcstringstool compile --output-directory /Users/vardy/dev/alanvardy-var-1014-lower-deployment-targets-from-ios-187watchos-265-to-the/DerivedData/Build/Intermediates.noindex/SingleThreadCore.build/Debug-iphonesimulator/SingleThreadCore_SingleThreadCore-b.build /Users/vardy/dev/alanvardy-var-1014-lower-deployment-targets-from-ios-187watchos-265-to-the/SingleThreadCore/Sources/SingleThreadCore/Resources/Localizable.xcstrings

CopyStringsFile /Users/vardy/dev/alanvardy-var-1014-lower-deployment-targets-from-ios-187watchos-265-to-the/DerivedData/Build/Products/Debug-watchsimulator/SingleThreadCore_SingleThreadCore.bundle/zh-Hans.lproj/Localizable.strings /Users/vardy/dev/alanvardy-var-1014-lower-deployment-targets-from-ios-187watchos-265-to-the/DerivedData/Build/Intermediates.noindex/SingleThreadCore.build/Debug-watchsimulator/SingleThreadCore_SingleThreadCore-b.build/zh-Hans.lproj/Localizable.strings (in target 'SingleThreadCore_SingleThreadCore' from project 'SingleThreadCore')
    cd /Users/vardy/dev/alanvardy-var-1014-lower-deployment-targets-from-ios-187watchos-265-to-the/SingleThreadCore
    builtin-copyStrings --validate --outputencoding binary --outfilename Localizable.strings --outdir /Users/vardy/dev/alanvardy-var-1014-lower-deployment-targets-from-ios-187watchos-265-to-the/DerivedData/Build/Products/Debug-watchsimulator/SingleThreadCore_SingleThreadCore.bundle/zh-Hans.lproj -- /Users/vardy/dev/alanvardy-var-1014-lower-deployment-targets-from-ios-187watchos-265-to-the/DerivedData/Build/Intermediates.noindex/SingleThreadCore.build/Debug-watchsimulator/SingleThreadCore_SingleThreadCore-b.build/zh-Hans.lproj/Localizable.strings
/Users/vardy/dev/alanvardy-var-1014-lower-deployment-targets-from-ios-187watchos-265-to-the/DerivedData/Build/Intermediates.noindex/SingleThreadCore.build/Debug-watchsimulator/SingleThreadCore_SingleThreadCore-b.build/zh-Hans.lproj/Localizable.strings:1:1: note: detected encoding of input file as Unicode (UTF-8) (in target 'SingleThreadCore_SingleThreadCore' from project 'SingleThreadCore')

CopyStringsFile /Users/vardy/dev/alanvardy-var-1014-lower-deployment-targets-from-ios-187watchos-265-to-the/DerivedData/Build/Products/Debug-watchsimulator/SingleThreadCore_SingleThreadCore.bundle/ja.lproj/Localizable.strings /Users/vardy/dev/alanvardy-var-1014-lower-deployment-targets-from-ios-187watchos-265-to-the/DerivedData/Build/Intermediates.noindex/SingleThreadCore.build/Debug-watchsimulator/SingleThreadCore_SingleThreadCore-b.build/ja.lproj/Localizable.strings (in target 'SingleThreadCore_SingleThreadCore' from project 'SingleThreadCore')
    cd /Users/vardy/dev/alanvardy-var-1014-lower-deployment-targets-from-ios-187watchos-265-to-the/SingleThreadCore
    builtin-copyStrings --validate --outputencoding binary --outfilename Localizable.strings --outdir /Users/vardy/dev/alanvardy-var-1014-lower-deployment-targets-from-ios-187watchos-265-to-the/DerivedData/Build/Products/Debug-watchsimulator/SingleThreadCore_SingleThreadCore.bundle/ja.lproj -- /Users/vardy/dev/alanvardy-var-1014-lower-deployment-targets-from-ios-187watchos-265-to-the/DerivedData/Build/Intermediates.noindex/SingleThreadCore.build/Debug-watchsimulator/SingleThreadCore_SingleThreadCore-b.build/ja.lproj/Localizable.strings
/Users/vardy/dev/alanvardy-var-1014-lower-deployment-targets-from-ios-187watchos-265-to-the/DerivedData/Build/Intermediates.noindex/SingleThreadCore.build/Debug-watchsimulator/SingleThreadCore_SingleThreadCore-b.build/ja.lproj/Localizable.strings:1:1: note: detected encoding of input file as Unicode (UTF-8) (in target 'SingleThreadCore_SingleThreadCore' from project 'SingleThreadCore')

CopyStringsFile /Users/vardy/dev/alanvardy-var-1014-lower-deployment-targets-from-ios-187watchos-265-to-the/DerivedData/Build/Products/Debug-watchsimulator/SingleThreadCore_SingleThreadCore.bundle/ja.lproj/Localizable.stringsdict /Users/vardy/dev/alanvardy-var-1014-lower-deployment-targets-from-ios-187watchos-265-to-the/DerivedData/Build/Intermediates.noindex/SingleThreadCore.build/Debug-watchsimulator/SingleThreadCore_SingleThreadCore-b.build/ja.lproj/Localizable.stringsdict (in target 'SingleThreadCore_SingleThreadCore' from project 'SingleThreadCore')
    cd /Users/vardy/dev/alanvardy-var-1014-lower-deployment-targets-from-ios-187watchos-265-to-the/SingleThreadCore
    builtin-copyStrings --validate --outputencoding binary --outfilename Localizable.stringsdict --outdir /Users/vardy/dev/alanvardy-var-1014-lower-deployment-targets-from-ios-187watchos-265-to-the/DerivedData/Build/Products/Debug-watchsimulator/SingleThreadCore_SingleThreadCore.bundle/ja.lproj -- /Users/vardy/dev/alanvardy-var-1014-lower-deployment-targets-from-ios-187watchos-265-to-the/DerivedData/Build/Intermediates.noindex/SingleThreadCore.build/Debug-watchsimulator/SingleThreadCore_SingleThreadCore-b.build/ja.lproj/Localizable.stringsdict
/Users/vardy/dev/alanvardy-var-1014-lower-deployment-targets-from-ios-187watchos-265-to-the/DerivedData/Build/Intermediates.noindex/SingleThreadCore.build/Debug-watchsimulator/SingleThreadCore_SingleThreadCore-b.build/ja.lproj/Localizable.stringsdict:1:1: note: detected encoding of input file as Unicode (UTF-8) (in target 'SingleThreadCore_SingleThreadCore' from project 'SingleThreadCore')

CopyStringsFile /Users/vardy/dev/alanvardy-var-1014-lower-deployment-targets-from-ios-187watchos-265-to-the/DerivedData/Build/Products/Debug-watchsimulator/SingleThreadCore_SingleThreadCore.bundle/es.lproj/Localizable.strings /Users/vardy/dev/alanvardy-var-1014-lower-deployment-targets-from-ios-187watchos-265-to-the/DerivedData/Build/Intermediates.noindex/SingleThreadCore.build/Debug-watchsimulator/SingleThreadCore_SingleThreadCore-b.build/es.lproj/Localizable.strings (in target 'SingleThreadCore_SingleThreadCore' from project 'SingleThreadCore')
    cd /Users/vardy/dev/alanvardy-var-1014-lower-deployment-targets-from-ios-187watchos-265-to-the/SingleThreadCore
    builtin-copyStrings --validate --outputencoding binary --outfilename Localizable.strings --outdir /Users/vardy/dev/alanvardy-var-1014-lower-deployment-targets-from-ios-187watchos-265-to-the/DerivedData/Build/Products/Debug-watchsimulator/SingleThreadCore_SingleThreadCore.bundle/es.lproj -- /Users/vardy/dev/alanvardy-var-1014-lower-deployment-targets-from-ios-187watchos-265-to-the/DerivedData/Build/Intermediates.noindex/SingleThreadCore.build/Debug-watchsimulator/SingleThreadCore_SingleThreadCore-b.build/es.lproj/Localizable.strings
/Users/vardy/dev/alanvardy-var-1014-lower-deployment-targets-from-ios-187watchos-265-to-the/DerivedData/Build/Intermediates.noindex/SingleThreadCore.build/Debug-watchsimulator/SingleThreadCore_SingleThreadCore-b.build/es.lproj/Localizable.strings:1:1: note: detected encoding of input file as Unicode (UTF-8) (in target 'SingleThreadCore_SingleThreadCore' from project 'SingleThreadCore')

CopyStringsFile /Users/vardy/dev/alanvardy-var-1014-lower-deployment-targets-from-ios-187watchos-265-to-the/DerivedData/Build/Products/Debug-watchsimulator/SingleThreadCore_SingleThreadCore.bundle/fr.lproj/Localizable.strings /Users/vardy/dev/alanvardy-var-1014-lower-deployment-targets-from-ios-187watchos-265-to-the/DerivedData/Build/Intermediates.noindex/SingleThreadCore.build/Debug-watchsimulator/SingleThreadCore_SingleThreadCore-b.build/fr.lproj/Localizable.strings (in target 'SingleThreadCore_SingleThreadCore' from project 'SingleThreadCore')
    cd /Users/vardy/dev/alanvardy-var-1014-lower-deployment-targets-from-ios-187watchos-265-to-the/SingleThreadCore
    builtin-copyStrings --validate --outputencoding binary --outfilename Localizable.strings --outdir /Users/vardy/dev/alanvardy-var-1014-lower-deployment-targets-from-ios-187watchos-265-to-the/DerivedData/Build/Products/Debug-watchsimulator/SingleThreadCore_SingleThreadCore.bundle/fr.lproj -- /Users/vardy/dev/alanvardy-var-1014-lower-deployment-targets-from-ios-187watchos-265-to-the/DerivedData/Build/Intermediates.noindex/SingleThreadCore.build/Debug-watchsimulator/SingleThreadCore_SingleThreadCore-b.build/fr.lproj/Localizable.strings
/Users/vardy/dev/alanvardy-var-1014-lower-deployment-targets-from-ios-187watchos-265-to-the/DerivedData/Build/Intermediates.noindex/SingleThreadCore.build/Debug-watchsimulator/SingleThreadCore_SingleThreadCore-b.build/fr.lproj/Localizable.strings:1:1: note: detected encoding of input file as Unicode (UTF-8) (in target 'SingleThreadCore_SingleThreadCore' from project 'SingleThreadCore')

CopyStringsFile /Users/vardy/dev/alanvardy-var-1014-lower-deployment-targets-from-ios-187watchos-265-to-the/DerivedData/Build/Products/Debug-watchsimulator/SingleThreadCore_SingleThreadCore.bundle/fr.lproj/Localizable.stringsdict /Users/vardy/dev/alanvardy-var-1014-lower-deployment-targets-from-ios-187watchos-265-to-the/DerivedData/Build/Intermediates.noindex/SingleThreadCore.build/Debug-watchsimulator/SingleThreadCore_SingleThreadCore-b.build/fr.lproj/Localizable.stringsdict (in target 'SingleThreadCore_SingleThreadCore' from project 'SingleThreadCore')
    cd /Users/vardy/dev/alanvardy-var-1014-lower-deployment-targets-from-ios-187watchos-265-to-the/SingleThreadCore
    builtin-copyStrings --validate --outputencoding binary --outfilename Localizable.stringsdict --outdir /Users/vardy/dev/alanvardy-var-1014-lower-deployment-targets-from-ios-187watchos-265-to-the/DerivedData/Build/Products/Debug-watchsimulator/SingleThreadCore_SingleThreadCore.bundle/fr.lproj -- /Users/vardy/dev/alanvardy-var-1014-lower-deployment-targets-from-ios-187watchos-265-to-the/DerivedData/Build/Intermediates.noindex/SingleThreadCore.build/Debug-watchsimulator/SingleThreadCore_SingleThreadCore-b.build/fr.lproj/Localizable.stringsdict
/Users/vardy/dev/alanvardy-var-1014-lower-deployment-targets-from-ios-187watchos-265-to-the/DerivedData/Build/Intermediates.noindex/SingleThreadCore.build/Debug-watchsimulator/SingleThreadCore_SingleThreadCore-b.build/fr.lproj/Localizable.stringsdict:1:1: note: detected encoding of input file as Unicode (UTF-8) (in target 'SingleThreadCore_SingleThreadCore' from project 'SingleThreadCore')

CopyStringsFile /Users/vardy/dev/alanvardy-var-1014-lower-deployment-targets-from-ios-187watchos-265-to-the/DerivedData/Build/Products/Debug-watchsimulator/SingleThreadCore_SingleThreadCore.bundle/en.lproj/Localizable.strings /Users/vardy/dev/alanvardy-var-1014-lower-deployment-targets-from-ios-187watchos-265-to-the/DerivedData/Build/Intermediates.noindex/SingleThreadCore.build/Debug-watchsimulator/SingleThreadCore_SingleThreadCore-b.build/en.lproj/Localizable.strings (in target 'SingleThreadCore_SingleThreadCore' from project 'SingleThreadCore')
    cd /Users/vardy/dev/alanvardy-var-1014-lower-deployment-targets-from-ios-187watchos-265-to-the/SingleThreadCore
    builtin-copyStrings --validate --outputencoding binary --outfilename Localizable.strings --outdir /Users/vardy/dev/alanvardy-var-1014-lower-deployment-targets-from-ios-187watchos-265-to-the/DerivedData/Build/Products/Debug-watchsimulator/SingleThreadCore_SingleThreadCore.bundle/en.lproj -- /Users/vardy/dev/alanvardy-var-1014-lower-deployment-targets-from-ios-187watchos-265-to-the/DerivedData/Build/Intermediates.noindex/SingleThreadCore.build/Debug-watchsimulator/SingleThreadCore_SingleThreadCore-b.build/en.lproj/Localizable.strings
/Users/vardy/dev/alanvardy-var-1014-lower-deployment-targets-from-ios-187watchos-265-to-the/DerivedData/Build/Intermediates.noindex/SingleThreadCore.build/Debug-watchsimulator/SingleThreadCore_SingleThreadCore-b.build/en.lproj/Localizable.strings:1:1: note: detected encoding of input file as Unicode (UTF-8) (in target 'SingleThreadCore_SingleThreadCore' from project 'SingleThreadCore')

CopyStringsFile /Users/vardy/dev/alanvardy-var-1014-lower-deployment-targets-from-ios-187watchos-265-to-the/DerivedData/Build/Products/Debug-watchsimulator/SingleThreadCore_SingleThreadCore.bundle/zh-Hans.lproj/Localizable.stringsdict /Users/vardy/dev/alanvardy-var-1014-lower-deployment-targets-from-ios-187watchos-265-to-the/DerivedData/Build/Intermediates.noindex/SingleThreadCore.build/Debug-watchsimulator/SingleThreadCore_SingleThreadCore-b.build/zh-Hans.lproj/Localizable.stringsdict (in target 'SingleThreadCore_SingleThreadCore' from project 'SingleThreadCore')
    cd /Users/vardy/dev/alanvardy-var-1014-lower-deployment-targets-from-ios-187watchos-265-to-the/SingleThreadCore
    builtin-copyStrings --validate --outputencoding binary --outfilename Localizable.stringsdict --outdir /Users/vardy/dev/alanvardy-var-1014-lower-deployment-targets-from-ios-187watchos-265-to-the/DerivedData/Build/Products/Debug-watchsimulator/SingleThreadCore_SingleThreadCore.bundle/zh-Hans.lproj -- /Users/vardy/dev/alanvardy-var-1014-lower-deployment-targets-from-ios-187watchos-265-to-the/DerivedData/Build/Intermediates.noindex/SingleThreadCore.build/Debug-watchsimulator/SingleThreadCore_SingleThreadCore-b.build/zh-Hans.lproj/Localizable.stringsdict
/Users/vardy/dev/alanvardy-var-1014-lower-deployment-targets-from-ios-187watchos-265-to-the/DerivedData/Build/Intermediates.noindex/SingleThreadCore.build/Debug-watchsimulator/SingleThreadCore_SingleThreadCore-b.build/zh-Hans.lproj/Localizable.stringsdict:1:1: note: detected encoding of input file as Unicode (UTF-8) (in target 'SingleThreadCore_SingleThreadCore' from project 'SingleThreadCore')

CopyStringsFile /Users/vardy/dev/alanvardy-var-1014-lower-deployment-targets-from-ios-187watchos-265-to-the/DerivedData/Build/Products/Debug-watchsimulator/SingleThreadCore_SingleThreadCore.bundle/es.lproj/Localizable.stringsdict /Users/vardy/dev/alanvardy-var-1014-lower-deployment-targets-from-ios-187watchos-265-to-the/DerivedData/Build/Intermediates.noindex/SingleThreadCore.build/Debug-watchsimulator/SingleThreadCore_SingleThreadCore-b.build/es.lproj/Localizable.stringsdict (in target 'SingleThreadCore_SingleThreadCore' from project 'SingleThreadCore')
    cd /Users/vardy/dev/alanvardy-var-1014-lower-deployment-targets-from-ios-187watchos-265-to-the/SingleThreadCore
    builtin-copyStrings --validate --outputencoding binary --outfilename Localizable.stringsdict --outdir /Users/vardy/dev/alanvardy-var-1014-lower-deployment-targets-from-ios-187watchos-265-to-the/DerivedData/Build/Products/Debug-watchsimulator/SingleThreadCore_SingleThreadCore.bundle/es.lproj -- /Users/vardy/dev/alanvardy-var-1014-lower-deployment-targets-from-ios-187watchos-265-to-the/DerivedData/Build/Intermediates.noindex/SingleThreadCore.build/Debug-watchsimulator/SingleThreadCore_SingleThreadCore-b.build/es.lproj/Localizable.stringsdict
/Users/vardy/dev/alanvardy-var-1014-lower-deployment-targets-from-ios-187watchos-265-to-the/DerivedData/Build/Intermediates.noindex/SingleThreadCore.build/Debug-watchsimulator/SingleThreadCore_SingleThreadCore-b.build/es.lproj/Localizable.stringsdict:1:1: note: detected encoding of input file as Unicode (UTF-8) (in target 'SingleThreadCore_SingleThreadCore' from project 'SingleThreadCore')

CopyStringsFile /Users/vardy/dev/alanvardy-var-1014-lower-deployment-targets-from-ios-187watchos-265-to-the/DerivedData/Build/Products/Debug-watchsimulator/SingleThreadCore_SingleThreadCore.bundle/en.lproj/Localizable.stringsdict /Users/vardy/dev/alanvardy-var-1014-lower-deployment-targets-from-ios-187watchos-265-to-the/DerivedData/Build/Intermediates.noindex/SingleThreadCore.build/Debug-watchsimulator/SingleThreadCore_SingleThreadCore-b.build/en.lproj/Localizable.stringsdict (in target 'SingleThreadCore_SingleThreadCore' from project 'SingleThreadCore')
    cd /Users/vardy/dev/alanvardy-var-1014-lower-deployment-targets-from-ios-187watchos-265-to-the/SingleThreadCore
    builtin-copyStrings --validate --outputencoding binary --outfilename Localizable.stringsdict --outdir /Users/vardy/dev/alanvardy-var-1014-lower-deployment-targets-from-ios-187watchos-265-to-the/DerivedData/Build/Products/Debug-watchsimulator/SingleThreadCore_SingleThreadCore.bundle/en.lproj -- /Users/vardy/dev/alanvardy-var-1014-lower-deployment-targets-from-ios-187watchos-265-to-the/DerivedData/Build/Intermediates.noindex/SingleThreadCore.build/Debug-watchsimulator/SingleThreadCore_SingleThreadCore-b.build/en.lproj/Localizable.stringsdict
/Users/vardy/dev/alanvardy-var-1014-lower-deployment-targets-from-ios-187watchos-265-to-the/DerivedData/Build/Intermediates.noindex/SingleThreadCore.build/Debug-watchsimulator/SingleThreadCore_SingleThreadCore-b.build/en.lproj/Localizable.stringsdict:1:1: note: detected encoding of input file as Unicode (UTF-8) (in target 'SingleThreadCore_SingleThreadCore' from project 'SingleThreadCore')

CopyStringsFile /Users/vardy/dev/alanvardy-var-1014-lower-deployment-targets-from-ios-187watchos-265-to-the/DerivedData/Build/Products/Debug-watchsimulator/SingleThreadCore_SingleThreadCore.bundle/de.lproj/Localizable.stringsdict /Users/vardy/dev/alanvardy-var-1014-lower-deployment-targets-from-ios-187watchos-265-to-the/DerivedData/Build/Intermediates.noindex/SingleThreadCore.build/Debug-watchsimulator/SingleThreadCore_SingleThreadCore-b.build/de.lproj/Localizable.stringsdict (in target 'SingleThreadCore_SingleThreadCore' from project 'SingleThreadCore')
    cd /Users/vardy/dev/alanvardy-var-1014-lower-deployment-targets-from-ios-187watchos-265-to-the/SingleThreadCore
    builtin-copyStrings --validate --outputencoding binary --outfilename Localizable.stringsdict --outdir /Users/vardy/dev/alanvardy-var-1014-lower-deployment-targets-from-ios-187watchos-265-to-the/DerivedData/Build/Products/Debug-watchsimulator/SingleThreadCore_SingleThreadCore.bundle/de.lproj -- /Users/vardy/dev/alanvardy-var-1014-lower-deployment-targets-from-ios-187watchos-265-to-the/DerivedData/Build/Intermediates.noindex/SingleThreadCore.build/Debug-watchsimulator/SingleThreadCore_SingleThreadCore-b.build/de.lproj/Localizable.stringsdict
/Users/vardy/dev/alanvardy-var-1014-lower-deployment-targets-from-ios-187watchos-265-to-the/DerivedData/Build/Intermediates.noindex/SingleThreadCore.build/Debug-watchsimulator/SingleThreadCore_SingleThreadCore-b.build/de.lproj/Localizable.stringsdict:1:1: note: detected encoding of input file as Unicode (UTF-8) (in target 'SingleThreadCore_SingleThreadCore' from project 'SingleThreadCore')

CopyStringsFile /Users/vardy/dev/alanvardy-var-1014-lower-deployment-targets-from-ios-187watchos-265-to-the/DerivedData/Build/Products/Debug-watchsimulator/SingleThreadCore_SingleThreadCore.bundle/de.lproj/Localizable.strings /Users/vardy/dev/alanvardy-var-1014-lower-deployment-targets-from-ios-187watchos-265-to-the/DerivedData/Build/Intermediates.noindex/SingleThreadCore.build/Debug-watchsimulator/SingleThreadCore_SingleThreadCore-b.build/de.lproj/Localizable.strings (in target 'SingleThreadCore_SingleThreadCore' from project 'SingleThreadCore')
    cd /Users/vardy/dev/alanvardy-var-1014-lower-deployment-targets-from-ios-187watchos-265-to-the/SingleThreadCore
    builtin-copyStrings --validate --outputencoding binary --outfilename Localizable.strings --outdir /Users/vardy/dev/alanvardy-var-1014-lower-deployment-targets-from-ios-187watchos-265-to-the/DerivedData/Build/Products/Debug-watchsimulator/SingleThreadCore_SingleThreadCore.bundle/de.lproj -- /Users/vardy/dev/alanvardy-var-1014-lower-deployment-targets-from-ios-187watchos-265-to-the/DerivedData/Build/Intermediates.noindex/SingleThreadCore.build/Debug-watchsimulator/SingleThreadCore_SingleThreadCore-b.build/de.lproj/Localizable.strings
/Users/vardy/dev/alanvardy-var-1014-lower-deployment-targets-from-ios-187watchos-265-to-the/DerivedData/Build/Intermediates.noindex/SingleThreadCore.build/Debug-watchsimulator/SingleThreadCore_SingleThreadCore-b.build/de.lproj/Localizable.strings:1:1: note: detected encoding of input file as Unicode (UTF-8) (in target 'SingleThreadCore_SingleThreadCore' from project 'SingleThreadCore')

CopyStringsFile /Users/vardy/dev/alanvardy-var-1014-lower-deployment-targets-from-ios-187watchos-265-to-the/DerivedData/Build/Products/Debug-iphonesimulator/SingleThreadCore_SingleThreadCore.bundle/zh-Hans.lproj/Localizable.stringsdict /Users/vardy/dev/alanvardy-var-1014-lower-deployment-targets-from-ios-187watchos-265-to-the/DerivedData/Build/Intermediates.noindex/SingleThreadCore.build/Debug-iphonesimulator/SingleThreadCore_SingleThreadCore-b.build/zh-Hans.lproj/Localizable.stringsdict (in target 'SingleThreadCore_SingleThreadCore' from project 'SingleThreadCore')
    cd /Users/vardy/dev/alanvardy-var-1014-lower-deployment-targets-from-ios-187watchos-265-to-the/SingleThreadCore
    builtin-copyStrings --validate --outputencoding binary --outfilename Localizable.stringsdict --outdir /Users/vardy/dev/alanvardy-var-1014-lower-deployment-targets-from-ios-187watchos-265-to-the/DerivedData/Build/Products/Debug-iphonesimulator/SingleThreadCore_SingleThreadCore.bundle/zh-Hans.lproj -- /Users/vardy/dev/alanvardy-var-1014-lower-deployment-targets-from-ios-187watchos-265-to-the/DerivedData/Build/Intermediates.noindex/SingleThreadCore.build/Debug-iphonesimulator/SingleThreadCore_SingleThreadCore-b.build/zh-Hans.lproj/Localizable.stringsdict
/Users/vardy/dev/alanvardy-var-1014-lower-deployment-targets-from-ios-187watchos-265-to-the/DerivedData/Build/Intermediates.noindex/SingleThreadCore.build/Debug-iphonesimulator/SingleThreadCore_SingleThreadCore-b.build/zh-Hans.lproj/Localizable.stringsdict:1:1: note: detected encoding of input file as Unicode (UTF-8) (in target 'SingleThreadCore_SingleThreadCore' from project 'SingleThreadCore')

CopyStringsFile /Users/vardy/dev/alanvardy-var-1014-lower-deployment-targets-from-ios-187watchos-265-to-the/DerivedData/Build/Products/Debug-iphonesimulator/SingleThreadCore_SingleThreadCore.bundle/zh-Hans.lproj/Localizable.strings /Users/vardy/dev/alanvardy-var-1014-lower-deployment-targets-from-ios-187watchos-265-to-the/DerivedData/Build/Intermediates.noindex/SingleThreadCore.build/Debug-iphonesimulator/SingleThreadCore_SingleThreadCore-b.build/zh-Hans.lproj/Localizable.strings (in target 'SingleThreadCore_SingleThreadCore' from project 'SingleThreadCore')
    cd /Users/vardy/dev/alanvardy-var-1014-lower-deployment-targets-from-ios-187watchos-265-to-the/SingleThreadCore
    builtin-copyStrings --validate --outputencoding binary --outfilename Localizable.strings --outdir /Users/vardy/dev/alanvardy-var-1014-lower-deployment-targets-from-ios-187watchos-265-to-the/DerivedData/Build/Products/Debug-iphonesimulator/SingleThreadCore_SingleThreadCore.bundle/zh-Hans.lproj -- /Users/vardy/dev/alanvardy-var-1014-lower-deployment-targets-from-ios-187watchos-265-to-the/DerivedData/Build/Intermediates.noindex/SingleThreadCore.build/Debug-iphonesimulator/SingleThreadCore_SingleThreadCore-b.build/zh-Hans.lproj/Localizable.strings
/Users/vardy/dev/alanvardy-var-1014-lower-deployment-targets-from-ios-187watchos-265-to-the/DerivedData/Build/Intermediates.noindex/SingleThreadCore.build/Debug-iphonesimulator/SingleThreadCore_SingleThreadCore-b.build/zh-Hans.lproj/Localizable.strings:1:1: note: detected encoding of input file as Unicode (UTF-8) (in target 'SingleThreadCore_SingleThreadCore' from project 'SingleThreadCore')

CopyStringsFile /Users/vardy/dev/alanvardy-var-1014-lower-deployment-targets-from-ios-187watchos-265-to-the/DerivedData/Build/Products/Debug-iphonesimulator/SingleThreadCore_SingleThreadCore.bundle/ja.lproj/Localizable.stringsdict /Users/vardy/dev/alanvardy-var-1014-lower-deployment-targets-from-ios-187watchos-265-to-the/DerivedData/Build/Intermediates.noindex/SingleThreadCore.build/Debug-iphonesimulator/SingleThreadCore_SingleThreadCore-b.build/ja.lproj/Localizable.stringsdict (in target 'SingleThreadCore_SingleThreadCore' from project 'SingleThreadCore')
    cd /Users/vardy/dev/alanvardy-var-1014-lower-deployment-targets-from-ios-187watchos-265-to-the/SingleThreadCore
    builtin-copyStrings --validate --outputencoding binary --outfilename Localizable.stringsdict --outdir /Users/vardy/dev/alanvardy-var-1014-lower-deployment-targets-from-ios-187watchos-265-to-the/DerivedData/Build/Products/Debug-iphonesimulator/SingleThreadCore_SingleThreadCore.bundle/ja.lproj -- /Users/vardy/dev/alanvardy-var-1014-lower-deployment-targets-from-ios-187watchos-265-to-the/DerivedData/Build/Intermediates.noindex/SingleThreadCore.build/Debug-iphonesimulator/SingleThreadCore_SingleThreadCore-b.build/ja.lproj/Localizable.stringsdict
/Users/vardy/dev/alanvardy-var-1014-lower-deployment-targets-from-ios-187watchos-265-to-the/DerivedData/Build/Intermediates.noindex/SingleThreadCore.build/Debug-iphonesimulator/SingleThreadCore_SingleThreadCore-b.build/ja.lproj/Localizable.stringsdict:1:1: note: detected encoding of input file as Unicode (UTF-8) (in target 'SingleThreadCore_SingleThreadCore' from project 'SingleThreadCore')

CopyStringsFile /Users/vardy/dev/alanvardy-var-1014-lower-deployment-targets-from-ios-187watchos-265-to-the/DerivedData/Build/Products/Debug-iphonesimulator/SingleThreadCore_SingleThreadCore.bundle/ja.lproj/Localizable.strings /Users/vardy/dev/alanvardy-var-1014-lower-deployment-targets-from-ios-187watchos-265-to-the/DerivedData/Build/Intermediates.noindex/SingleThreadCore.build/Debug-iphonesimulator/SingleThreadCore_SingleThreadCore-b.build/ja.lproj/Localizable.strings (in target 'SingleThreadCore_SingleThreadCore' from project 'SingleThreadCore')
    cd /Users/vardy/dev/alanvardy-var-1014-lower-deployment-targets-from-ios-187watchos-265-to-the/SingleThreadCore
    builtin-copyStrings --validate --outputencoding binary --outfilename Localizable.strings --outdir /Users/vardy/dev/alanvardy-var-1014-lower-deployment-targets-from-ios-187watchos-265-to-the/DerivedData/Build/Products/Debug-iphonesimulator/SingleThreadCore_SingleThreadCore.bundle/ja.lproj -- /Users/vardy/dev/alanvardy-var-1014-lower-deployment-targets-from-ios-187watchos-265-to-the/DerivedData/Build/Intermediates.noindex/SingleThreadCore.build/Debug-iphonesimulator/SingleThreadCore_SingleThreadCore-b.build/ja.lproj/Localizable.strings
/Users/vardy/dev/alanvardy-var-1014-lower-deployment-targets-from-ios-187watchos-265-to-the/DerivedData/Build/Intermediates.noindex/SingleThreadCore.build/Debug-iphonesimulator/SingleThreadCore_SingleThreadCore-b.build/ja.lproj/Localizable.strings:1:1: note: detected encoding of input file as Unicode (UTF-8) (in target 'SingleThreadCore_SingleThreadCore' from project 'SingleThreadCore')

CopyStringsFile /Users/vardy/dev/alanvardy-var-1014-lower-deployment-targets-from-ios-187watchos-265-to-the/DerivedData/Build/Products/Debug-iphonesimulator/SingleThreadCore_SingleThreadCore.bundle/fr.lproj/Localizable.stringsdict /Users/vardy/dev/alanvardy-var-1014-lower-deployment-targets-from-ios-187watchos-265-to-the/DerivedData/Build/Intermediates.noindex/SingleThreadCore.build/Debug-iphonesimulator/SingleThreadCore_SingleThreadCore-b.build/fr.lproj/Localizable.stringsdict (in target 'SingleThreadCore_SingleThreadCore' from project 'SingleThreadCore')
    cd /Users/vardy/dev/alanvardy-var-1014-lower-deployment-targets-from-ios-187watchos-265-to-the/SingleThreadCore
    builtin-copyStrings --validate --outputencoding binary --outfilename Localizable.stringsdict --outdir /Users/vardy/dev/alanvardy-var-1014-lower-deployment-targets-from-ios-187watchos-265-to-the/DerivedData/Build/Products/Debug-iphonesimulator/SingleThreadCore_SingleThreadCore.bundle/fr.lproj -- /Users/vardy/dev/alanvardy-var-1014-lower-deployment-targets-from-ios-187watchos-265-to-the/DerivedData/Build/Intermediates.noindex/SingleThreadCore.build/Debug-iphonesimulator/SingleThreadCore_SingleThreadCore-b.build/fr.lproj/Localizable.stringsdict
/Users/vardy/dev/alanvardy-var-1014-lower-deployment-targets-from-ios-187watchos-265-to-the/DerivedData/Build/Intermediates.noindex/SingleThreadCore.build/Debug-iphonesimulator/SingleThreadCore_SingleThreadCore-b.build/fr.lproj/Localizable.stringsdict:1:1: note: detected encoding of input file as Unicode (UTF-8) (in target 'SingleThreadCore_SingleThreadCore' from project 'SingleThreadCore')

CopyStringsFile /Users/vardy/dev/alanvardy-var-1014-lower-deployment-targets-from-ios-187watchos-265-to-the/DerivedData/Build/Products/Debug-iphonesimulator/SingleThreadCore_SingleThreadCore.bundle/fr.lproj/Localizable.strings /Users/vardy/dev/alanvardy-var-1014-lower-deployment-targets-from-ios-187watchos-265-to-the/DerivedData/Build/Intermediates.noindex/SingleThreadCore.build/Debug-iphonesimulator/SingleThreadCore_SingleThreadCore-b.build/fr.lproj/Localizable.strings (in target 'SingleThreadCore_SingleThreadCore' from project 'SingleThreadCore')
    cd /Users/vardy/dev/alanvardy-var-1014-lower-deployment-targets-from-ios-187watchos-265-to-the/SingleThreadCore
    builtin-copyStrings --validate --outputencoding binary --outfilename Localizable.strings --outdir /Users/vardy/dev/alanvardy-var-1014-lower-deployment-targets-from-ios-187watchos-265-to-the/DerivedData/Build/Products/Debug-iphonesimulator/SingleThreadCore_SingleThreadCore.bundle/fr.lproj -- /Users/vardy/dev/alanvardy-var-1014-lower-deployment-targets-from-ios-187watchos-265-to-the/DerivedData/Build/Intermediates.noindex/SingleThreadCore.build/Debug-iphonesimulator/SingleThreadCore_SingleThreadCore-b.build/fr.lproj/Localizable.strings
/Users/vardy/dev/alanvardy-var-1014-lower-deployment-targets-from-ios-187watchos-265-to-the/DerivedData/Build/Intermediates.noindex/SingleThreadCore.build/Debug-iphonesimulator/SingleThreadCore_SingleThreadCore-b.build/fr.lproj/Localizable.strings:1:1: note: detected encoding of input file as Unicode (UTF-8) (in target 'SingleThreadCore_SingleThreadCore' from project 'SingleThreadCore')

CopyStringsFile /Users/vardy/dev/alanvardy-var-1014-lower-deployment-targets-from-ios-187watchos-265-to-the/DerivedData/Build/Products/Debug-iphonesimulator/SingleThreadCore_SingleThreadCore.bundle/es.lproj/Localizable.stringsdict /Users/vardy/dev/alanvardy-var-1014-lower-deployment-targets-from-ios-187watchos-265-to-the/DerivedData/Build/Intermediates.noindex/SingleThreadCore.build/Debug-iphonesimulator/SingleThreadCore_SingleThreadCore-b.build/es.lproj/Localizable.stringsdict (in target 'SingleThreadCore_SingleThreadCore' from project 'SingleThreadCore')
    cd /Users/vardy/dev/alanvardy-var-1014-lower-deployment-targets-from-ios-187watchos-265-to-the/SingleThreadCore
    builtin-copyStrings --validate --outputencoding binary --outfilename Localizable.stringsdict --outdir /Users/vardy/dev/alanvardy-var-1014-lower-deployment-targets-from-ios-187watchos-265-to-the/DerivedData/Build/Products/Debug-iphonesimulator/SingleThreadCore_SingleThreadCore.bundle/es.lproj -- /Users/vardy/dev/alanvardy-var-1014-lower-deployment-targets-from-ios-187watchos-265-to-the/DerivedData/Build/Intermediates.noindex/SingleThreadCore.build/Debug-iphonesimulator/SingleThreadCore_SingleThreadCore-b.build/es.lproj/Localizable.stringsdict
/Users/vardy/dev/alanvardy-var-1014-lower-deployment-targets-from-ios-187watchos-265-to-the/DerivedData/Build/Intermediates.noindex/SingleThreadCore.build/Debug-iphonesimulator/SingleThreadCore_SingleThreadCore-b.build/es.lproj/Localizable.stringsdict:1:1: note: detected encoding of input file as Unicode (UTF-8) (in target 'SingleThreadCore_SingleThreadCore' from project 'SingleThreadCore')

CopyStringsFile /Users/vardy/dev/alanvardy-var-1014-lower-deployment-targets-from-ios-187watchos-265-to-the/DerivedData/Build/Products/Debug-iphonesimulator/SingleThreadCore_SingleThreadCore.bundle/es.lproj/Localizable.strings /Users/vardy/dev/alanvardy-var-1014-lower-deployment-targets-from-ios-187watchos-265-to-the/DerivedData/Build/Intermediates.noindex/SingleThreadCore.build/Debug-iphonesimulator/SingleThreadCore_SingleThreadCore-b.build/es.lproj/Localizable.strings (in target 'SingleThreadCore_SingleThreadCore' from project 'SingleThreadCore')
    cd /Users/vardy/dev/alanvardy-var-1014-lower-deployment-targets-from-ios-187watchos-265-to-the/SingleThreadCore
    builtin-copyStrings --validate --outputencoding binary --outfilename Localizable.strings --outdir /Users/vardy/dev/alanvardy-var-1014-lower-deployment-targets-from-ios-187watchos-265-to-the/DerivedData/Build/Products/Debug-iphonesimulator/SingleThreadCore_SingleThreadCore.bundle/es.lproj -- /Users/vardy/dev/alanvardy-var-1014-lower-deployment-targets-from-ios-187watchos-265-to-the/DerivedData/Build/Intermediates.noindex/SingleThreadCore.build/Debug-iphonesimulator/SingleThreadCore_SingleThreadCore-b.build/es.lproj/Localizable.strings
/Users/vardy/dev/alanvardy-var-1014-lower-deployment-targets-from-ios-187watchos-265-to-the/DerivedData/Build/Intermediates.noindex/SingleThreadCore.build/Debug-iphonesimulator/SingleThreadCore_SingleThreadCore-b.build/es.lproj/Localizable.strings:1:1: note: detected encoding of input file as Unicode (UTF-8) (in target 'SingleThreadCore_SingleThreadCore' from project 'SingleThreadCore')

CopyStringsFile /Users/vardy/dev/alanvardy-var-1014-lower-deployment-targets-from-ios-187watchos-265-to-the/DerivedData/Build/Products/Debug-iphonesimulator/SingleThreadCore_SingleThreadCore.bundle/en.lproj/Localizable.strings /Users/vardy/dev/alanvardy-var-1014-lower-deployment-targets-from-ios-187watchos-265-to-the/DerivedData/Build/Intermediates.noindex/SingleThreadCore.build/Debug-iphonesimulator/SingleThreadCore_SingleThreadCore-b.build/en.lproj/Localizable.strings (in target 'SingleThreadCore_SingleThreadCore' from project 'SingleThreadCore')
    cd /Users/vardy/dev/alanvardy-var-1014-lower-deployment-targets-from-ios-187watchos-265-to-the/SingleThreadCore
    builtin-copyStrings --validate --outputencoding binary --outfilename Localizable.strings --outdir /Users/vardy/dev/alanvardy-var-1014-lower-deployment-targets-from-ios-187watchos-265-to-the/DerivedData/Build/Products/Debug-iphonesimulator/SingleThreadCore_SingleThreadCore.bundle/en.lproj -- /Users/vardy/dev/alanvardy-var-1014-lower-deployment-targets-from-ios-187watchos-265-to-the/DerivedData/Build/Intermediates.noindex/SingleThreadCore.build/Debug-iphonesimulator/SingleThreadCore_SingleThreadCore-b.build/en.lproj/Localizable.strings
/Users/vardy/dev/alanvardy-var-1014-lower-deployment-targets-from-ios-187watchos-265-to-the/DerivedData/Build/Intermediates.noindex/SingleThreadCore.build/Debug-iphonesimulator/SingleThreadCore_SingleThreadCore-b.build/en.lproj/Localizable.strings:1:1: note: detected encoding of input file as Unicode (UTF-8) (in target 'SingleThreadCore_SingleThreadCore' from project 'SingleThreadCore')

CopyStringsFile /Users/vardy/dev/alanvardy-var-1014-lower-deployment-targets-from-ios-187watchos-265-to-the/DerivedData/Build/Products/Debug-iphonesimulator/SingleThreadCore_SingleThreadCore.bundle/en.lproj/Localizable.stringsdict /Users/vardy/dev/alanvardy-var-1014-lower-deployment-targets-from-ios-187watchos-265-to-the/DerivedData/Build/Intermediates.noindex/SingleThreadCore.build/Debug-iphonesimulator/SingleThreadCore_SingleThreadCore-b.build/en.lproj/Localizable.stringsdict (in target 'SingleThreadCore_SingleThreadCore' from project 'SingleThreadCore')
    cd /Users/vardy/dev/alanvardy-var-1014-lower-deployment-targets-from-ios-187watchos-265-to-the/SingleThreadCore
    builtin-copyStrings --validate --outputencoding binary --outfilename Localizable.stringsdict --outdir /Users/vardy/dev/alanvardy-var-1014-lower-deployment-targets-from-ios-187watchos-265-to-the/DerivedData/Build/Products/Debug-iphonesimulator/SingleThreadCore_SingleThreadCore.bundle/en.lproj -- /Users/vardy/dev/alanvardy-var-1014-lower-deployment-targets-from-ios-187watchos-265-to-the/DerivedData/Build/Intermediates.noindex/SingleThreadCore.build/Debug-iphonesimulator/SingleThreadCore_SingleThreadCore-b.build/en.lproj/Localizable.stringsdict
/Users/vardy/dev/alanvardy-var-1014-lower-deployment-targets-from-ios-187watchos-265-to-the/DerivedData/Build/Intermediates.noindex/SingleThreadCore.build/Debug-iphonesimulator/SingleThreadCore_SingleThreadCore-b.build/en.lproj/Localizable.stringsdict:1:1: note: detected encoding of input file as Unicode (UTF-8) (in target 'SingleThreadCore_SingleThreadCore' from project 'SingleThreadCore')

CopyStringsFile /Users/vardy/dev/alanvardy-var-1014-lower-deployment-targets-from-ios-187watchos-265-to-the/DerivedData/Build/Products/Debug-iphonesimulator/SingleThreadCore_SingleThreadCore.bundle/de.lproj/Localizable.strings /Users/vardy/dev/alanvardy-var-1014-lower-deployment-targets-from-ios-187watchos-265-to-the/DerivedData/Build/Intermediates.noindex/SingleThreadCore.build/Debug-iphonesimulator/SingleThreadCore_SingleThreadCore-b.build/de.lproj/Localizable.strings (in target 'SingleThreadCore_SingleThreadCore' from project 'SingleThreadCore')
    cd /Users/vardy/dev/alanvardy-var-1014-lower-deployment-targets-from-ios-187watchos-265-to-the/SingleThreadCore
    builtin-copyStrings --validate --outputencoding binary --outfilename Localizable.strings --outdir /Users/vardy/dev/alanvardy-var-1014-lower-deployment-targets-from-ios-187watchos-265-to-the/DerivedData/Build/Products/Debug-iphonesimulator/SingleThreadCore_SingleThreadCore.bundle/de.lproj -- /Users/vardy/dev/alanvardy-var-1014-lower-deployment-targets-from-ios-187watchos-265-to-the/DerivedData/Build/Intermediates.noindex/SingleThreadCore.build/Debug-iphonesimulator/SingleThreadCore_SingleThreadCore-b.build/de.lproj/Localizable.strings
/Users/vardy/dev/alanvardy-var-1014-lower-deployment-targets-from-ios-187watchos-265-to-the/DerivedData/Build/Intermediates.noindex/SingleThreadCore.build/Debug-iphonesimulator/SingleThreadCore_SingleThreadCore-b.build/de.lproj/Localizable.strings:1:1: note: detected encoding of input file as Unicode (UTF-8) (in target 'SingleThreadCore_SingleThreadCore' from project 'SingleThreadCore')

CopyStringsFile /Users/vardy/dev/alanvardy-var-1014-lower-deployment-targets-from-ios-187watchos-265-to-the/DerivedData/Build/Products/Debug-iphonesimulator/SingleThreadCore_SingleThreadCore.bundle/de.lproj/Localizable.stringsdict /Users/vardy/dev/alanvardy-var-1014-lower-deployment-targets-from-ios-187watchos-265-to-the/DerivedData/Build/Intermediates.noindex/SingleThreadCore.build/Debug-iphonesimulator/SingleThreadCore_SingleThreadCore-b.build/de.lproj/Localizable.stringsdict (in target 'SingleThreadCore_SingleThreadCore' from project 'SingleThreadCore')
    cd /Users/vardy/dev/alanvardy-var-1014-lower-deployment-targets-from-ios-187watchos-265-to-the/SingleThreadCore
    builtin-copyStrings --validate --outputencoding binary --outfilename Localizable.stringsdict --outdir /Users/vardy/dev/alanvardy-var-1014-lower-deployment-targets-from-ios-187watchos-265-to-the/DerivedData/Build/Products/Debug-iphonesimulator/SingleThreadCore_SingleThreadCore.bundle/de.lproj -- /Users/vardy/dev/alanvardy-var-1014-lower-deployment-targets-from-ios-187watchos-265-to-the/DerivedData/Build/Intermediates.noindex/SingleThreadCore.build/Debug-iphonesimulator/SingleThreadCore_SingleThreadCore-b.build/de.lproj/Localizable.stringsdict
/Users/vardy/dev/alanvardy-var-1014-lower-deployment-targets-from-ios-187watchos-265-to-the/DerivedData/Build/Intermediates.noindex/SingleThreadCore.build/Debug-iphonesimulator/SingleThreadCore_SingleThreadCore-b.build/de.lproj/Localizable.stringsdict:1:1: note: detected encoding of input file as Unicode (UTF-8) (in target 'SingleThreadCore_SingleThreadCore' from project 'SingleThreadCore')

CodeSign /Users/vardy/dev/alanvardy-var-1014-lower-deployment-targets-from-ios-187watchos-265-to-the/DerivedData/Build/Products/Debug-watchsimulator/SingleThreadCore_SingleThreadCore.bundle (in target 'SingleThreadCore_SingleThreadCore' from project 'SingleThreadCore')
    cd /Users/vardy/dev/alanvardy-var-1014-lower-deployment-targets-from-ios-187watchos-265-to-the/SingleThreadCore
    
    Signing Identity:     "Sign to Run Locally"
    
    /usr/bin/codesign --force --sign - --timestamp\=none --generate-entitlement-der /Users/vardy/dev/alanvardy-var-1014-lower-deployment-targets-from-ios-187watchos-265-to-the/DerivedData/Build/Products/Debug-watchsimulator/SingleThreadCore_SingleThreadCore.bundle

CodeSign /Users/vardy/dev/alanvardy-var-1014-lower-deployment-targets-from-ios-187watchos-265-to-the/DerivedData/Build/Products/Debug-iphonesimulator/SingleThreadCore_SingleThreadCore.bundle (in target 'SingleThreadCore_SingleThreadCore' from project 'SingleThreadCore')
    cd /Users/vardy/dev/alanvardy-var-1014-lower-deployment-targets-from-ios-187watchos-265-to-the/SingleThreadCore
    
    Signing Identity:     "Sign to Run Locally"
    
    /usr/bin/codesign --force --sign - --timestamp\=none --generate-entitlement-der /Users/vardy/dev/alanvardy-var-1014-lower-deployment-targets-from-ios-187watchos-265-to-the/DerivedData/Build/Products/Debug-iphonesimulator/SingleThreadCore_SingleThreadCore.bundle

RegisterExecutionPolicyException /Users/vardy/dev/alanvardy-var-1014-lower-deployment-targets-from-ios-187watchos-265-to-the/DerivedData/Build/Products/Debug-watchsimulator/SingleThreadCore_SingleThreadCore.bundle (in target 'SingleThreadCore_SingleThreadCore' from project 'SingleThreadCore')
    cd /Users/vardy/dev/alanvardy-var-1014-lower-deployment-targets-from-ios-187watchos-265-to-the/SingleThreadCore
    builtin-RegisterExecutionPolicyException /Users/vardy/dev/alanvardy-var-1014-lower-deployment-targets-from-ios-187watchos-265-to-the/DerivedData/Build/Products/Debug-watchsimulator/SingleThreadCore_SingleThreadCore.bundle

RegisterExecutionPolicyException /Users/vardy/dev/alanvardy-var-1014-lower-deployment-targets-from-ios-187watchos-265-to-the/DerivedData/Build/Products/Debug-iphonesimulator/SingleThreadCore_SingleThreadCore.bundle (in target 'SingleThreadCore_SingleThreadCore' from project 'SingleThreadCore')
    cd /Users/vardy/dev/alanvardy-var-1014-lower-deployment-targets-from-ios-187watchos-265-to-the/SingleThreadCore
    builtin-RegisterExecutionPolicyException /Users/vardy/dev/alanvardy-var-1014-lower-deployment-targets-from-ios-187watchos-265-to-the/DerivedData/Build/Products/Debug-iphonesimulator/SingleThreadCore_SingleThreadCore.bundle

Touch /Users/vardy/dev/alanvardy-var-1014-lower-deployment-targets-from-ios-187watchos-265-to-the/DerivedData/Build/Products/Debug-iphonesimulator/SingleThreadCore_SingleThreadCore.bundle (in target 'SingleThreadCore_SingleThreadCore' from project 'SingleThreadCore')
    cd /Users/vardy/dev/alanvardy-var-1014-lower-deployment-targets-from-ios-187watchos-265-to-the/SingleThreadCore
    /usr/bin/touch -c /Users/vardy/dev/alanvardy-var-1014-lower-deployment-targets-from-ios-187watchos-265-to-the/DerivedData/Build/Products/Debug-iphonesimulator/SingleThreadCore_SingleThreadCore.bundle

Touch /Users/vardy/dev/alanvardy-var-1014-lower-deployment-targets-from-ios-187watchos-265-to-the/DerivedData/Build/Products/Debug-watchsimulator/SingleThreadCore_SingleThreadCore.bundle (in target 'SingleThreadCore_SingleThreadCore' from project 'SingleThreadCore')
    cd /Users/vardy/dev/alanvardy-var-1014-lower-deployment-targets-from-ios-187watchos-265-to-the/SingleThreadCore
    /usr/bin/touch -c /Users/vardy/dev/alanvardy-var-1014-lower-deployment-targets-from-ios-187watchos-265-to-the/DerivedData/Build/Products/Debug-watchsimulator/SingleThreadCore_SingleThreadCore.bundle

SwiftDriver SingleThreadCore normal arm64 com.apple.xcode.tools.swift.compiler (in target 'SingleThreadCore' from project 'SingleThreadCore')
    cd /Users/vardy/dev/alanvardy-var-1014-lower-deployment-targets-from-ios-187watchos-265-to-the/SingleThread.xcodeproj
    builtin-SwiftDriver -- /Applications/Xcode.app/Contents/Developer/Toolchains/XcodeDefault.xctoolchain/usr/bin/swiftc -parse-as-library -module-name SingleThreadCore -Onone @/Users/vardy/dev/alanvardy-var-1014-lower-deployment-targets-from-ios-187watchos-265-to-the/DerivedData/Build/Intermediates.noindex/SingleThreadCore.build/Debug-watchsimulator/SingleThreadCore-t.build/Objects-normal/arm64/SingleThreadCore.SwiftFileList -DSWIFT_PACKAGE -DDEBUG -DSWIFT_MODULE_RESOURCE_BUNDLE_AVAILABLE -DXcode -plugin-path /Applications/Xcode.app/Contents/Developer/Toolchains/XcodeDefault.xctoolchain/usr/lib/swift/host/plugins/testing -enable-experimental-feature DebugDescriptionMacro -sdk /Applications/Xcode.app/Contents/Developer/Platforms/WatchSimulator.platform/Developer/SDKs/WatchSimulator27.0.sdk -target arm64-apple-watchos11.0-simulator -g -module-cache-path /Users/vardy/dev/alanvardy-var-1014-lower-deployment-targets-from-ios-187watchos-265-to-the/DerivedData/ModuleCache.noindex -Xfrontend -serialize-debugging-options -profile-coverage-mapping -profile-generate -enable-testing -index-store-path /Users/vardy/dev/alanvardy-var-1014-lower-deployment-targets-from-ios-187watchos-265-to-the/DerivedData/Index.noindex/DataStore -Xcc -D_LIBCPP_HARDENING_MODE\=_LIBCPP_HARDENING_MODE_DEBUG -swift-version 6 -I /Users/vardy/dev/alanvardy-var-1014-lower-deployment-targets-from-ios-187watchos-265-to-the/DerivedData/Build/Products/Debug-watchsimulator -Isystem /Applications/Xcode.app/Contents/Developer/Platforms/WatchSimulator.platform/Developer/usr/lib -F /Users/vardy/dev/alanvardy-var-1014-lower-deployment-targets-from-ios-187watchos-265-to-the/DerivedData/Build/Products/Debug-watchsimulator -F /Applications/Xcode.app/Contents/Developer/Platforms/WatchSimulator.platform/Developer/Library/Frameworks -F /Applications/Xcode.app/Contents/Developer/Platforms/WatchSimulator.platform/Developer/SDKs/WatchSimulator27.0.sdk/Developer/Library/Frameworks -c -j12 -enable-batch-mode -incremental -Xcc -ivfsstatcache -Xcc /Users/vardy/dev/alanvardy-var-1014-lower-deployment-targets-from-ios-187watchos-265-to-the/DerivedData/SDKStatCaches.noindex/watchsimulator27.0-24R360-c50668d93734557a32a78b937f5ceaf1.sdkstatcache -output-file-map /Users/vardy/dev/alanvardy-var-1014-lower-deployment-targets-from-ios-187watchos-265-to-the/DerivedData/Build/Intermediates.noindex/SingleThreadCore.build/Debug-watchsimulator/SingleThreadCore-t.build/Objects-normal/arm64/SingleThreadCore-OutputFileMap.json -save-temps -no-color-diagnostics -explicit-module-build -module-cache-path /Users/vardy/dev/alanvardy-var-1014-lower-deployment-targets-from-ios-187watchos-265-to-the/DerivedData/Build/Intermediates.noindex/SwiftExplicitPrecompiledModules -clang-scanner-module-cache-path /Users/vardy/dev/alanvardy-var-1014-lower-deployment-targets-from-ios-187watchos-265-to-the/DerivedData/ModuleCache.noindex -sdk-module-cache-path /Users/vardy/dev/alanvardy-var-1014-lower-deployment-targets-from-ios-187watchos-265-to-the/DerivedData/SDKExplicitPrecompiledModules -emit-dependencies -emit-module -emit-module-path /Users/vardy/dev/alanvardy-var-1014-lower-deployment-targets-from-ios-187watchos-265-to-the/DerivedData/Build/Intermediates.noindex/SingleThreadCore.build/Debug-watchsimulator/SingleThreadCore-t.build/Objects-normal/arm64/SingleThreadCore.swiftmodule -serialize-diagnostics -dependency-scan-serialize-diagnostics-path /Users/vardy/dev/alanvardy-var-1014-lower-deployment-targets-from-ios-187watchos-265-to-the/DerivedData/Build/Intermediates.noindex/SingleThreadCore.build/Debug-watchsimulator/SingleThreadCore-t.build/Objects-normal/arm64/SingleThreadCore-dependency-scan.dia -validate-clang-modules-once -clang-build-session-file /Users/vardy/dev/alanvardy-var-1014-lower-deployment-targets-from-ios-187watchos-265-to-the/DerivedData/ModuleCache.noindex/Session.modulevalidation -Xcc -fmodules-prune-interval\=86400 -Xcc -fmodules-prune-after\=345600 -package-name singlethreadcore -emit-const-values -const-gather-protocols-list /Users/vardy/dev/alanvardy-var-1014-lower-deployment-targets-from-ios-187watchos-265-to-the/DerivedData/Build/Intermediates.noindex/SingleThreadCore.build/Debug-watchsimulator/SingleThreadCore-t.build/Objects-normal/arm64/SingleThreadCore_const_extract_protocols.json -Xcc -I/Users/vardy/dev/alanvardy-var-1014-lower-deployment-targets-from-ios-187watchos-265-to-the/DerivedData/Build/Products/Debug-watchsimulator/include -Xcc -I/Users/vardy/dev/alanvardy-var-1014-lower-deployment-targets-from-ios-187watchos-265-to-the/DerivedData/Build/Intermediates.noindex/SingleThreadCore.build/Debug-watchsimulator/SingleThreadCore-t.build/DerivedSources-normal/arm64 -Xcc -I/Users/vardy/dev/alanvardy-var-1014-lower-deployment-targets-from-ios-187watchos-265-to-the/DerivedData/Build/Intermediates.noindex/SingleThreadCore.build/Debug-watchsimulator/SingleThreadCore-t.build/DerivedSources/arm64 -Xcc -I/Users/vardy/dev/alanvardy-var-1014-lower-deployment-targets-from-ios-187watchos-265-to-the/DerivedData/Build/Intermediates.noindex/SingleThreadCore.build/Debug-watchsimulator/SingleThreadCore-t.build/DerivedSources -Xcc -DSWIFT_PACKAGE -Xcc -DDEBUG\=1 -emit-objc-header -emit-objc-header-path /Users/vardy/dev/alanvardy-var-1014-lower-deployment-targets-from-ios-187watchos-265-to-the/DerivedData/Build/Intermediates.noindex/SingleThreadCore.build/Debug-watchsimulator/SingleThreadCore-t.build/Objects-normal/arm64/SingleThreadCore-Swift.h -working-directory /Users/vardy/dev/alanvardy-var-1014-lower-deployment-targets-from-ios-187watchos-265-to-the/SingleThread.xcodeproj -experimental-emit-module-separately -disable-cmo

SwiftDriver SingleThreadCore normal x86_64 com.apple.xcode.tools.swift.compiler (in target 'SingleThreadCore' from project 'SingleThreadCore')
    cd /Users/vardy/dev/alanvardy-var-1014-lower-deployment-targets-from-ios-187watchos-265-to-the/SingleThread.xcodeproj
    builtin-SwiftDriver -- /Applications/Xcode.app/Contents/Developer/Toolchains/XcodeDefault.xctoolchain/usr/bin/swiftc -parse-as-library -module-name SingleThreadCore -Onone @/Users/vardy/dev/alanvardy-var-1014-lower-deployment-targets-from-ios-187watchos-265-to-the/DerivedData/Build/Intermediates.noindex/SingleThreadCore.build/Debug-watchsimulator/SingleThreadCore-t.build/Objects-normal/x86_64/SingleThreadCore.SwiftFileList -DSWIFT_PACKAGE -DDEBUG -DSWIFT_MODULE_RESOURCE_BUNDLE_AVAILABLE -DXcode -plugin-path /Applications/Xcode.app/Contents/Developer/Toolchains/XcodeDefault.xctoolchain/usr/lib/swift/host/plugins/testing -enable-experimental-feature DebugDescriptionMacro -sdk /Applications/Xcode.app/Contents/Developer/Platforms/WatchSimulator.platform/Developer/SDKs/WatchSimulator27.0.sdk -target x86_64-apple-watchos11.0-simulator -g -module-cache-path /Users/vardy/dev/alanvardy-var-1014-lower-deployment-targets-from-ios-187watchos-265-to-the/DerivedData/ModuleCache.noindex -Xfrontend -serialize-debugging-options -profile-coverage-mapping -profile-generate -enable-testing -index-store-path /Users/vardy/dev/alanvardy-var-1014-lower-deployment-targets-from-ios-187watchos-265-to-the/DerivedData/Index.noindex/DataStore -Xcc -D_LIBCPP_HARDENING_MODE\=_LIBCPP_HARDENING_MODE_DEBUG -swift-version 6 -I /Users/vardy/dev/alanvardy-var-1014-lower-deployment-targets-from-ios-187watchos-265-to-the/DerivedData/Build/Products/Debug-watchsimulator -Isystem /Applications/Xcode.app/Contents/Developer/Platforms/WatchSimulator.platform/Developer/usr/lib -F /Users/vardy/dev/alanvardy-var-1014-lower-deployment-targets-from-ios-187watchos-265-to-the/DerivedData/Build/Products/Debug-watchsimulator -F /Applications/Xcode.app/Contents/Developer/Platforms/WatchSimulator.platform/Developer/Library/Frameworks -F /Applications/Xcode.app/Contents/Developer/Platforms/WatchSimulator.platform/Developer/SDKs/WatchSimulator27.0.sdk/Developer/Library/Frameworks -c -j12 -enable-batch-mode -incremental -Xcc -ivfsstatcache -Xcc /Users/vardy/dev/alanvardy-var-1014-lower-deployment-targets-from-ios-187watchos-265-to-the/DerivedData/SDKStatCaches.noindex/watchsimulator27.0-24R360-c50668d93734557a32a78b937f5ceaf1.sdkstatcache -output-file-map /Users/vardy/dev/alanvardy-var-1014-lower-deployment-targets-from-ios-187watchos-265-to-the/DerivedData/Build/Intermediates.noindex/SingleThreadCore.build/Debug-watchsimulator/SingleThreadCore-t.build/Objects-normal/x86_64/SingleThreadCore-OutputFileMap.json -save-temps -no-color-diagnostics -explicit-module-build -module-cache-path /Users/vardy/dev/alanvardy-var-1014-lower-deployment-targets-from-ios-187watchos-265-to-the/DerivedData/Build/Intermediates.noindex/SwiftExplicitPrecompiledModules -clang-scanner-module-cache-path /Users/vardy/dev/alanvardy-var-1014-lower-deployment-targets-from-ios-187watchos-265-to-the/DerivedData/ModuleCache.noindex -sdk-module-cache-path /Users/vardy/dev/alanvardy-var-1014-lower-deployment-targets-from-ios-187watchos-265-to-the/DerivedData/SDKExplicitPrecompiledModules -emit-dependencies -emit-module -emit-module-path /Users/vardy/dev/alanvardy-var-1014-lower-deployment-targets-from-ios-187watchos-265-to-the/DerivedData/Build/Intermediates.noindex/SingleThreadCore.build/Debug-watchsimulator/SingleThreadCore-t.build/Objects-normal/x86_64/SingleThreadCore.swiftmodule -serialize-diagnostics -dependency-scan-serialize-diagnostics-path /Users/vardy/dev/alanvardy-var-1014-lower-deployment-targets-from-ios-187watchos-265-to-the/DerivedData/Build/Intermediates.noindex/SingleThreadCore.build/Debug-watchsimulator/SingleThreadCore-t.build/Objects-normal/x86_64/SingleThreadCore-dependency-scan.dia -validate-clang-modules-once -clang-build-session-file /Users/vardy/dev/alanvardy-var-1014-lower-deployment-targets-from-ios-187watchos-265-to-the/DerivedData/ModuleCache.noindex/Session.modulevalidation -Xcc -fmodules-prune-interval\=86400 -Xcc -fmodules-prune-after\=345600 -package-name singlethreadcore -emit-const-values -const-gather-protocols-list /Users/vardy/dev/alanvardy-var-1014-lower-deployment-targets-from-ios-187watchos-265-to-the/DerivedData/Build/Intermediates.noindex/SingleThreadCore.build/Debug-watchsimulator/SingleThreadCore-t.build/Objects-normal/x86_64/SingleThreadCore_const_extract_protocols.json -Xcc -I/Users/vardy/dev/alanvardy-var-1014-lower-deployment-targets-from-ios-187watchos-265-to-the/DerivedData/Build/Products/Debug-watchsimulator/include -Xcc -I/Users/vardy/dev/alanvardy-var-1014-lower-deployment-targets-from-ios-187watchos-265-to-the/DerivedData/Build/Intermediates.noindex/SingleThreadCore.build/Debug-watchsimulator/SingleThreadCore-t.build/DerivedSources-normal/x86_64 -Xcc -I/Users/vardy/dev/alanvardy-var-1014-lower-deployment-targets-from-ios-187watchos-265-to-the/DerivedData/Build/Intermediates.noindex/SingleThreadCore.build/Debug-watchsimulator/SingleThreadCore-t.build/DerivedSources/x86_64 -Xcc -I/Users/vardy/dev/alanvardy-var-1014-lower-deployment-targets-from-ios-187watchos-265-to-the/DerivedData/Build/Intermediates.noindex/SingleThreadCore.build/Debug-watchsimulator/SingleThreadCore-t.build/DerivedSources -Xcc -DSWIFT_PACKAGE -Xcc -DDEBUG\=1 -emit-objc-header -emit-objc-header-path /Users/vardy/dev/alanvardy-var-1014-lower-deployment-targets-from-ios-187watchos-265-to-the/DerivedData/Build/Intermediates.noindex/SingleThreadCore.build/Debug-watchsimulator/SingleThreadCore-t.build/Objects-normal/x86_64/SingleThreadCore-Swift.h -working-directory /Users/vardy/dev/alanvardy-var-1014-lower-deployment-targets-from-ios-187watchos-265-to-the/SingleThread.xcodeproj -experimental-emit-module-separately -disable-cmo

SwiftDriver SingleThreadCore normal arm64 com.apple.xcode.tools.swift.compiler (in target 'SingleThreadCore' from project 'SingleThreadCore')
    cd /Users/vardy/dev/alanvardy-var-1014-lower-deployment-targets-from-ios-187watchos-265-to-the/SingleThread.xcodeproj
    builtin-SwiftDriver -- /Applications/Xcode.app/Contents/Developer/Toolchains/XcodeDefault.xctoolchain/usr/bin/swiftc -parse-as-library -module-name SingleThreadCore -Onone @/Users/vardy/dev/alanvardy-var-1014-lower-deployment-targets-from-ios-187watchos-265-to-the/DerivedData/Build/Intermediates.noindex/SingleThreadCore.build/Debug-iphonesimulator/SingleThreadCore-t.build/Objects-normal/arm64/SingleThreadCore.SwiftFileList -DSWIFT_PACKAGE -DDEBUG -DSWIFT_MODULE_RESOURCE_BUNDLE_AVAILABLE -DXcode -plugin-path /Applications/Xcode.app/Contents/Developer/Toolchains/XcodeDefault.xctoolchain/usr/lib/swift/host/plugins/testing -enable-experimental-feature DebugDescriptionMacro -sdk /Applications/Xcode.app/Contents/Developer/Platforms/iPhoneSimulator.platform/Developer/SDKs/iPhoneSimulator27.0.sdk -target arm64-apple-ios17.0-simulator -g -module-cache-path /Users/vardy/dev/alanvardy-var-1014-lower-deployment-targets-from-ios-187watchos-265-to-the/DerivedData/ModuleCache.noindex -Xfrontend -serialize-debugging-options -profile-coverage-mapping -profile-generate -enable-testing -index-store-path /Users/vardy/dev/alanvardy-var-1014-lower-deployment-targets-from-ios-187watchos-265-to-the/DerivedData/Index.noindex/DataStore -Xcc -D_LIBCPP_HARDENING_MODE\=_LIBCPP_HARDENING_MODE_DEBUG -swift-version 6 -I /Users/vardy/dev/alanvardy-var-1014-lower-deployment-targets-from-ios-187watchos-265-to-the/DerivedData/Build/Products/Debug-iphonesimulator -Isystem /Applications/Xcode.app/Contents/Developer/Platforms/iPhoneSimulator.platform/Developer/usr/lib -F /Users/vardy/dev/alanvardy-var-1014-lower-deployment-targets-from-ios-187watchos-265-to-the/DerivedData/Build/Products/Debug-iphonesimulator -F /Applications/Xcode.app/Contents/Developer/Platforms/iPhoneSimulator.platform/Developer/Library/Frameworks -F /Applications/Xcode.app/Contents/Developer/Platforms/iPhoneSimulator.platform/Developer/SDKs/iPhoneSimulator27.0.sdk/Developer/Library/Frameworks -c -j12 -enable-batch-mode -incremental -Xcc -ivfsstatcache -Xcc /Users/vardy/dev/alanvardy-var-1014-lower-deployment-targets-from-ios-187watchos-265-to-the/DerivedData/SDKStatCaches.noindex/iphonesimulator27.0-24A430-8dc58220667be655e1bcc261a7455254.sdkstatcache -output-file-map /Users/vardy/dev/alanvardy-var-1014-lower-deployment-targets-from-ios-187watchos-265-to-the/DerivedData/Build/Intermediates.noindex/SingleThreadCore.build/Debug-iphonesimulator/SingleThreadCore-t.build/Objects-normal/arm64/SingleThreadCore-OutputFileMap.json -save-temps -no-color-diagnostics -explicit-module-build -module-cache-path /Users/vardy/dev/alanvardy-var-1014-lower-deployment-targets-from-ios-187watchos-265-to-the/DerivedData/Build/Intermediates.noindex/SwiftExplicitPrecompiledModules -clang-scanner-module-cache-path /Users/vardy/dev/alanvardy-var-1014-lower-deployment-targets-from-ios-187watchos-265-to-the/DerivedData/ModuleCache.noindex -sdk-module-cache-path /Users/vardy/dev/alanvardy-var-1014-lower-deployment-targets-from-ios-187watchos-265-to-the/DerivedData/SDKExplicitPrecompiledModules -emit-dependencies -emit-module -emit-module-path /Users/vardy/dev/alanvardy-var-1014-lower-deployment-targets-from-ios-187watchos-265-to-the/DerivedData/Build/Intermediates.noindex/SingleThreadCore.build/Debug-iphonesimulator/SingleThreadCore-t.build/Objects-normal/arm64/SingleThreadCore.swiftmodule -serialize-diagnostics -dependency-scan-serialize-diagnostics-path /Users/vardy/dev/alanvardy-var-1014-lower-deployment-targets-from-ios-187watchos-265-to-the/DerivedData/Build/Intermediates.noindex/SingleThreadCore.build/Debug-iphonesimulator/SingleThreadCore-t.build/Objects-normal/arm64/SingleThreadCore-dependency-scan.dia -validate-clang-modules-once -clang-build-session-file /Users/vardy/dev/alanvardy-var-1014-lower-deployment-targets-from-ios-187watchos-265-to-the/DerivedData/ModuleCache.noindex/Session.modulevalidation -Xcc -fmodules-prune-interval\=86400 -Xcc -fmodules-prune-after\=345600 -package-name singlethreadcore -emit-const-values -const-gather-protocols-list /Users/vardy/dev/alanvardy-var-1014-lower-deployment-targets-from-ios-187watchos-265-to-the/DerivedData/Build/Intermediates.noindex/SingleThreadCore.build/Debug-iphonesimulator/SingleThreadCore-t.build/Objects-normal/arm64/SingleThreadCore_const_extract_protocols.json -Xcc -I/Users/vardy/dev/alanvardy-var-1014-lower-deployment-targets-from-ios-187watchos-265-to-the/DerivedData/Build/Products/Debug-iphonesimulator/include -Xcc -I/Users/vardy/dev/alanvardy-var-1014-lower-deployment-targets-from-ios-187watchos-265-to-the/DerivedData/Build/Intermediates.noindex/SingleThreadCore.build/Debug-iphonesimulator/SingleThreadCore-t.build/DerivedSources-normal/arm64 -Xcc -I/Users/vardy/dev/alanvardy-var-1014-lower-deployment-targets-from-ios-187watchos-265-to-the/DerivedData/Build/Intermediates.noindex/SingleThreadCore.build/Debug-iphonesimulator/SingleThreadCore-t.build/DerivedSources/arm64 -Xcc -I/Users/vardy/dev/alanvardy-var-1014-lower-deployment-targets-from-ios-187watchos-265-to-the/DerivedData/Build/Intermediates.noindex/SingleThreadCore.build/Debug-iphonesimulator/SingleThreadCore-t.build/DerivedSources -Xcc -DSWIFT_PACKAGE -Xcc -DDEBUG\=1 -emit-objc-header -emit-objc-header-path /Users/vardy/dev/alanvardy-var-1014-lower-deployment-targets-from-ios-187watchos-265-to-the/DerivedData/Build/Intermediates.noindex/SingleThreadCore.build/Debug-iphonesimulator/SingleThreadCore-t.build/Objects-normal/arm64/SingleThreadCore-Swift.h -working-directory /Users/vardy/dev/alanvardy-var-1014-lower-deployment-targets-from-ios-187watchos-265-to-the/SingleThread.xcodeproj -experimental-emit-module-separately -disable-cmo

SwiftExplicitDependencyGeneratePcm arm64 /Users/vardy/dev/alanvardy-var-1014-lower-deployment-targets-from-ios-187watchos-265-to-the/DerivedData/SDKExplicitPrecompiledModules/_Builtin_stdarg-3Z526PKKO2R51R4YEXY1XZYMH.pcm

SwiftExplicitDependencyGeneratePcm arm64 /Users/vardy/dev/alanvardy-var-1014-lower-deployment-targets-from-ios-187watchos-265-to-the/DerivedData/SDKExplicitPrecompiledModules/SwiftShims-RYIV75VK6QNYKIR8ZT4XGVGS.pcm

SwiftExplicitDependencyGeneratePcm arm64 /Users/vardy/dev/alanvardy-var-1014-lower-deployment-targets-from-ios-187watchos-265-to-the/DerivedData/SDKExplicitPrecompiledModules/_SwiftConcurrencyShims-3A327CQJM34ULQWRRNV8AIPM4.pcm

SwiftExplicitDependencyGeneratePcm arm64 /Users/vardy/dev/alanvardy-var-1014-lower-deployment-targets-from-ios-187watchos-265-to-the/DerivedData/SDKExplicitPrecompiledModules/_AvailabilityInternal-5LJLG3F4FMZ3BY54GP4WZK25C.pcm

SwiftExplicitDependencyGeneratePcm arm64 /Users/vardy/dev/alanvardy-var-1014-lower-deployment-targets-from-ios-187watchos-265-to-the/DerivedData/SDKExplicitPrecompiledModules/DeveloperToolsSupport-1YXK9529ZMN0F0TES4NGYRSVK.pcm

SwiftExplicitDependencyGeneratePcm arm64 /Users/vardy/dev/alanvardy-var-1014-lower-deployment-targets-from-ios-187watchos-265-to-the/DerivedData/SDKExplicitPrecompiledModules/_Builtin_stdbool-C254LFHCU7N6RK0E64MVMH7HY.pcm

SwiftExplicitDependencyGeneratePcm arm64 /Users/vardy/dev/alanvardy-var-1014-lower-deployment-targets-from-ios-187watchos-265-to-the/DerivedData/SDKExplicitPrecompiledModules/ptrcheck-6YNNHTHPP453DUT5W3I9H2MOX.pcm

SwiftExplicitDependencyGeneratePcm arm64 /Users/vardy/dev/alanvardy-var-1014-lower-deployment-targets-from-ios-187watchos-265-to-the/DerivedData/SDKExplicitPrecompiledModules/ptrauth-BM688LGUIE9RJV69IY1PP7EFY.pcm

SwiftExplicitDependencyGeneratePcm arm64 /Users/vardy/dev/alanvardy-var-1014-lower-deployment-targets-from-ios-187watchos-265-to-the/DerivedData/SDKExplicitPrecompiledModules/_Builtin_float-EYFTUUJYYKZ8QYHJKVEWHMOP5.pcm

SwiftExplicitDependencyGeneratePcm arm64 /Users/vardy/dev/alanvardy-var-1014-lower-deployment-targets-from-ios-187watchos-265-to-the/DerivedData/SDKExplicitPrecompiledModules/_Builtin_stddef-BIA59RANYCSXQWBXPVIRGKY0W.pcm

SwiftExplicitDependencyGeneratePcm x86_64 /Users/vardy/dev/alanvardy-var-1014-lower-deployment-targets-from-ios-187watchos-265-to-the/DerivedData/SDKExplicitPrecompiledModules/ptrauth-8BCPIR64LUZCO8GSRIYVTSLZD.pcm

SwiftExplicitDependencyGeneratePcm x86_64 /Users/vardy/dev/alanvardy-var-1014-lower-deployment-targets-from-ios-187watchos-265-to-the/DerivedData/SDKExplicitPrecompiledModules/_AvailabilityInternal-7DBD61XW8W7PUWT0D728SSZL2.pcm

SwiftExplicitDependencyGeneratePcm x86_64 /Users/vardy/dev/alanvardy-var-1014-lower-deployment-targets-from-ios-187watchos-265-to-the/DerivedData/SDKExplicitPrecompiledModules/DeveloperToolsSupport-6LNHR9KWM4P95ZFTIQG5L544E.pcm

SwiftExplicitDependencyGeneratePcm arm64 /Users/vardy/dev/alanvardy-var-1014-lower-deployment-targets-from-ios-187watchos-265-to-the/DerivedData/SDKExplicitPrecompiledModules/_AvailabilityInternal-AC97DZC5QO2NSOYA447MJH6QN.pcm

SwiftExplicitDependencyGeneratePcm arm64 /Users/vardy/dev/alanvardy-var-1014-lower-deployment-targets-from-ios-187watchos-265-to-the/DerivedData/SDKExplicitPrecompiledModules/ptrauth-61VX51GCDX5GWMQ8J3DXW71LA.pcm

SwiftExplicitDependencyGeneratePcm arm64 /Users/vardy/dev/alanvardy-var-1014-lower-deployment-targets-from-ios-187watchos-265-to-the/DerivedData/SDKExplicitPrecompiledModules/_Builtin_float-8ISJAEHBY9HBGYHCKZY4IMJ6P.pcm

SwiftExplicitDependencyGeneratePcm arm64 /Users/vardy/dev/alanvardy-var-1014-lower-deployment-targets-from-ios-187watchos-265-to-the/DerivedData/SDKExplicitPrecompiledModules/SwiftShims-11SOUT8NC5IAC72NG6U5DN2GD.pcm

SwiftExplicitDependencyGeneratePcm arm64 /Users/vardy/dev/alanvardy-var-1014-lower-deployment-targets-from-ios-187watchos-265-to-the/DerivedData/SDKExplicitPrecompiledModules/ptrcheck-CTNJEZM40D48BMHY7YFC15Q2.pcm

SwiftExplicitDependencyGeneratePcm x86_64 /Users/vardy/dev/alanvardy-var-1014-lower-deployment-targets-from-ios-187watchos-265-to-the/DerivedData/SDKExplicitPrecompiledModules/_Builtin_stddef-CJ1SSPKYMOB8L5RRGHSSATHUY.pcm

SwiftExplicitDependencyGeneratePcm arm64 /Users/vardy/dev/alanvardy-var-1014-lower-deployment-targets-from-ios-187watchos-265-to-the/DerivedData/SDKExplicitPrecompiledModules/_Builtin_stdarg-D27IU7N8328XN9NSVH3XQEJZJ.pcm

SwiftExplicitDependencyGeneratePcm arm64 /Users/vardy/dev/alanvardy-var-1014-lower-deployment-targets-from-ios-187watchos-265-to-the/DerivedData/SDKExplicitPrecompiledModules/_SwiftConcurrencyShims-E9UJG4CMRX9IARX0S50X7AMMC.pcm

SwiftExplicitDependencyGeneratePcm x86_64 /Users/vardy/dev/alanvardy-var-1014-lower-deployment-targets-from-ios-187watchos-265-to-the/DerivedData/SDKExplicitPrecompiledModules/SwiftShims-82CX7LU6T4HWQ3P0OB3CPKFHU.pcm

SwiftExplicitDependencyGeneratePcm arm64 /Users/vardy/dev/alanvardy-var-1014-lower-deployment-targets-from-ios-187watchos-265-to-the/DerivedData/SDKExplicitPrecompiledModules/DeveloperToolsSupport-CZ4E2HDJB61768BJGQCBOCT0E.pcm

SwiftExplicitDependencyGeneratePcm arm64 /Users/vardy/dev/alanvardy-var-1014-lower-deployment-targets-from-ios-187watchos-265-to-the/DerivedData/SDKExplicitPrecompiledModules/_DarwinFoundation1-EN0JKRFR32EPMJIOB6K8EWPLJ.pcm

SwiftExplicitDependencyGeneratePcm arm64 /Users/vardy/dev/alanvardy-var-1014-lower-deployment-targets-from-ios-187watchos-265-to-the/DerivedData/SDKExplicitPrecompiledModules/_Builtin_stdbool-77S52P5G3C6LOIPUJ5SJ0TO1V.pcm

SwiftExplicitDependencyGeneratePcm x86_64 /Users/vardy/dev/alanvardy-var-1014-lower-deployment-targets-from-ios-187watchos-265-to-the/DerivedData/SDKExplicitPrecompiledModules/_Builtin_stdarg-BVNLFP2SQ14XUBM4B0S1V4VOH.pcm

SwiftExplicitDependencyGeneratePcm x86_64 /Users/vardy/dev/alanvardy-var-1014-lower-deployment-targets-from-ios-187watchos-265-to-the/DerivedData/SDKExplicitPrecompiledModules/_SwiftConcurrencyShims-2FY0RDT44R9MM9DOKGV5XQ5VV.pcm

SwiftExplicitDependencyGeneratePcm x86_64 /Users/vardy/dev/alanvardy-var-1014-lower-deployment-targets-from-ios-187watchos-265-to-the/DerivedData/SDKExplicitPrecompiledModules/ptrcheck-ECKM6SO0ICCAXIO38Q83IV7EJ.pcm

SwiftExplicitDependencyGeneratePcm x86_64 /Users/vardy/dev/alanvardy-var-1014-lower-deployment-targets-from-ios-187watchos-265-to-the/DerivedData/SDKExplicitPrecompiledModules/_Builtin_float-9IVDCDO930FBFFBBL2D84F1FF.pcm

SwiftExplicitDependencyGeneratePcm arm64 /Users/vardy/dev/alanvardy-var-1014-lower-deployment-targets-from-ios-187watchos-265-to-the/DerivedData/SDKExplicitPrecompiledModules/_Builtin_stddef-CP75YUQCH7P9PT6MDU5OCPY0G.pcm

SwiftExplicitDependencyGeneratePcm x86_64 /Users/vardy/dev/alanvardy-var-1014-lower-deployment-targets-from-ios-187watchos-265-to-the/DerivedData/SDKExplicitPrecompiledModules/_Builtin_stdbool-4EC9NNUEMJ7AP5RONU8W2ZSD9.pcm

SwiftExplicitDependencyGeneratePcm arm64 /Users/vardy/dev/alanvardy-var-1014-lower-deployment-targets-from-ios-187watchos-265-to-the/DerivedData/SDKExplicitPrecompiledModules/_DarwinFoundation1-1GS8ER93PQYVHU871O4ZYX5RR.pcm

SwiftExplicitDependencyGeneratePcm x86_64 /Users/vardy/dev/alanvardy-var-1014-lower-deployment-targets-from-ios-187watchos-265-to-the/DerivedData/SDKExplicitPrecompiledModules/_DarwinFoundation1-9Y9SRRRN61MMX8G8ZBQ5SYTUI.pcm

SwiftExplicitDependencyGeneratePcm arm64 /Users/vardy/dev/alanvardy-var-1014-lower-deployment-targets-from-ios-187watchos-265-to-the/DerivedData/SDKExplicitPrecompiledModules/_Builtin_limits-26Y8X6I69YT14IHS3V58NH25R.pcm

SwiftExplicitDependencyGeneratePcm arm64 /Users/vardy/dev/alanvardy-var-1014-lower-deployment-targets-from-ios-187watchos-265-to-the/DerivedData/SDKExplicitPrecompiledModules/ExtensionFoundation-BD1JIWYOKENIFHL8BNH087B65.pcm

SwiftExplicitDependencyGeneratePcm arm64 /Users/vardy/dev/alanvardy-var-1014-lower-deployment-targets-from-ios-187watchos-265-to-the/DerivedData/SDKExplicitPrecompiledModules/_DarwinFoundation2-DHWEQEIW0Y8QT1QJEI6A81PBU.pcm

SwiftExplicitDependencyGeneratePcm arm64 /Users/vardy/dev/alanvardy-var-1014-lower-deployment-targets-from-ios-187watchos-265-to-the/DerivedData/SDKExplicitPrecompiledModules/_Builtin_limits-NZR30C0GJ5Y8GK5U1NE1A11I.pcm

SwiftExplicitDependencyGeneratePcm arm64 /Users/vardy/dev/alanvardy-var-1014-lower-deployment-targets-from-ios-187watchos-265-to-the/DerivedData/SDKExplicitPrecompiledModules/_DarwinFoundation2-6R3YXCW66Y6OEVGC9HDHBQHIJ.pcm

SwiftExplicitDependencyGeneratePcm arm64 /Users/vardy/dev/alanvardy-var-1014-lower-deployment-targets-from-ios-187watchos-265-to-the/DerivedData/SDKExplicitPrecompiledModules/ExtensionFoundation-7EENW3BEODHBSI94M8X5LKCKR.pcm

SwiftExplicitDependencyGeneratePcm x86_64 /Users/vardy/dev/alanvardy-var-1014-lower-deployment-targets-from-ios-187watchos-265-to-the/DerivedData/SDKExplicitPrecompiledModules/_DarwinFoundation2-BAETHPQKFAVV8GNGZM6QOACGC.pcm

SwiftExplicitDependencyGeneratePcm x86_64 /Users/vardy/dev/alanvardy-var-1014-lower-deployment-targets-from-ios-187watchos-265-to-the/DerivedData/SDKExplicitPrecompiledModules/_Builtin_limits-3PZRFMWB0SVQD0NIO45KZ1SVL.pcm

SwiftExplicitDependencyGeneratePcm x86_64 /Users/vardy/dev/alanvardy-var-1014-lower-deployment-targets-from-ios-187watchos-265-to-the/DerivedData/SDKExplicitPrecompiledModules/ExtensionFoundation-10IFAA1SP53VIA9ERX0TG0MMX.pcm

SwiftExplicitDependencyGeneratePcm arm64 /Users/vardy/dev/alanvardy-var-1014-lower-deployment-targets-from-ios-187watchos-265-to-the/DerivedData/SDKExplicitPrecompiledModules/_Builtin_stdint-5B9G3FDUP0AT55USX7C524EQR.pcm

SwiftExplicitDependencyGeneratePcm arm64 /Users/vardy/dev/alanvardy-var-1014-lower-deployment-targets-from-ios-187watchos-265-to-the/DerivedData/SDKExplicitPrecompiledModules/_Builtin_tgmath-2CEA69YRYTTPS4U9L1CBIP6IY.pcm

SwiftExplicitDependencyGeneratePcm arm64 /Users/vardy/dev/alanvardy-var-1014-lower-deployment-targets-from-ios-187watchos-265-to-the/DerivedData/SDKExplicitPrecompiledModules/string_h-D0M826J858UHL178KPK5KI1WF.pcm

SwiftExplicitDependencyGeneratePcm arm64 /Users/vardy/dev/alanvardy-var-1014-lower-deployment-targets-from-ios-187watchos-265-to-the/DerivedData/SDKExplicitPrecompiledModules/sys_types-6XE7UX7PJFOK2PETDR0JM9LED.pcm

SwiftExplicitDependencyGeneratePcm arm64 /Users/vardy/dev/alanvardy-var-1014-lower-deployment-targets-from-ios-187watchos-265-to-the/DerivedData/SDKExplicitPrecompiledModules/_Builtin_stdint-80BT5DC993SQBP2QLGT8RYNO1.pcm

SwiftExplicitDependencyGeneratePcm arm64 /Users/vardy/dev/alanvardy-var-1014-lower-deployment-targets-from-ios-187watchos-265-to-the/DerivedData/SDKExplicitPrecompiledModules/_Builtin_tgmath-C9CN0R92DSNQMGZGVQRP1F4AZ.pcm

SwiftExplicitDependencyGeneratePcm arm64 /Users/vardy/dev/alanvardy-var-1014-lower-deployment-targets-from-ios-187watchos-265-to-the/DerivedData/SDKExplicitPrecompiledModules/sys_types-4A9MI68EJAG8JTZEKSRSN57ZI.pcm

SwiftExplicitDependencyGeneratePcm arm64 /Users/vardy/dev/alanvardy-var-1014-lower-deployment-targets-from-ios-187watchos-265-to-the/DerivedData/SDKExplicitPrecompiledModules/string_h-C3HE9QAHVBWGDFMYPHDOSNYE7.pcm

SwiftExplicitDependencyGeneratePcm x86_64 /Users/vardy/dev/alanvardy-var-1014-lower-deployment-targets-from-ios-187watchos-265-to-the/DerivedData/SDKExplicitPrecompiledModules/_Builtin_stdint-CR4X1E0WX1KVVXP9BWJ58ES7K.pcm

SwiftExplicitDependencyGeneratePcm x86_64 /Users/vardy/dev/alanvardy-var-1014-lower-deployment-targets-from-ios-187watchos-265-to-the/DerivedData/SDKExplicitPrecompiledModules/string_h-185PZR247LE1Z1JRLGJQ5KA27.pcm

SwiftExplicitDependencyGeneratePcm x86_64 /Users/vardy/dev/alanvardy-var-1014-lower-deployment-targets-from-ios-187watchos-265-to-the/DerivedData/SDKExplicitPrecompiledModules/sys_types-1Y4OC0U1QVHYWKIGW84R1HRP4.pcm

SwiftExplicitDependencyGeneratePcm x86_64 /Users/vardy/dev/alanvardy-var-1014-lower-deployment-targets-from-ios-187watchos-265-to-the/DerivedData/SDKExplicitPrecompiledModules/_Builtin_tgmath-281DZBUX6V4UNC2WW23MUGSBF.pcm

SwiftExplicitDependencyGeneratePcm arm64 /Users/vardy/dev/alanvardy-var-1014-lower-deployment-targets-from-ios-187watchos-265-to-the/DerivedData/SDKExplicitPrecompiledModules/_DarwinFoundation3-3JYV696TRV8B24SKYYV7JSQF8.pcm

SwiftExplicitDependencyGeneratePcm arm64 /Users/vardy/dev/alanvardy-var-1014-lower-deployment-targets-from-ios-187watchos-265-to-the/DerivedData/SDKExplicitPrecompiledModules/_Builtin_intrinsics-DK6MGD1GBZ37PNRRXX9GFGNYS.pcm

SwiftExplicitDependencyGeneratePcm arm64 /Users/vardy/dev/alanvardy-var-1014-lower-deployment-targets-from-ios-187watchos-265-to-the/DerivedData/SDKExplicitPrecompiledModules/_Builtin_stdatomic-HHHZ6CB27Q0B5G75UXG2WSGG.pcm

SwiftExplicitDependencyGeneratePcm arm64 /Users/vardy/dev/alanvardy-var-1014-lower-deployment-targets-from-ios-187watchos-265-to-the/DerivedData/SDKExplicitPrecompiledModules/_DarwinFoundation3-E82X4KPG0Z27CMGQ74O3U6LYO.pcm

SwiftExplicitDependencyGeneratePcm arm64 /Users/vardy/dev/alanvardy-var-1014-lower-deployment-targets-from-ios-187watchos-265-to-the/DerivedData/SDKExplicitPrecompiledModules/_Builtin_stdatomic-W6NRIOU6GBLXFU6EFE5VCLXG.pcm

SwiftExplicitDependencyGeneratePcm arm64 /Users/vardy/dev/alanvardy-var-1014-lower-deployment-targets-from-ios-187watchos-265-to-the/DerivedData/SDKExplicitPrecompiledModules/_Builtin_intrinsics-B0JQVRDA82OAQPW36RZIHRIXC.pcm

SwiftExplicitDependencyGeneratePcm x86_64 /Users/vardy/dev/alanvardy-var-1014-lower-deployment-targets-from-ios-187watchos-265-to-the/DerivedData/SDKExplicitPrecompiledModules/_DarwinFoundation3-2TGC6P2R45Y8LZXS2OYO01IGO.pcm

SwiftExplicitDependencyGeneratePcm x86_64 /Users/vardy/dev/alanvardy-var-1014-lower-deployment-targets-from-ios-187watchos-265-to-the/DerivedData/SDKExplicitPrecompiledModules/_Builtin_stdatomic-AZODV6RPUJJX1FOZRD52DB3PL.pcm

SwiftExplicitDependencyGeneratePcm arm64 /Users/vardy/dev/alanvardy-var-1014-lower-deployment-targets-from-ios-187watchos-265-to-the/DerivedData/SDKExplicitPrecompiledModules/_Builtin_inttypes-188FISXBM20BPBQCMHZ1MA72Q.pcm

SwiftExplicitDependencyGeneratePcm arm64 /Users/vardy/dev/alanvardy-var-1014-lower-deployment-targets-from-ios-187watchos-265-to-the/DerivedData/SDKExplicitPrecompiledModules/_Builtin_inttypes-8T1LRPTXI8JG6YY0H7CZT9483.pcm

SwiftExplicitDependencyGeneratePcm x86_64 /Users/vardy/dev/alanvardy-var-1014-lower-deployment-targets-from-ios-187watchos-265-to-the/DerivedData/SDKExplicitPrecompiledModules/_Builtin_intrinsics-3FSP22Z3EXU4GZF1HV56XKZQN.pcm

SwiftExplicitDependencyGeneratePcm x86_64 /Users/vardy/dev/alanvardy-var-1014-lower-deployment-targets-from-ios-187watchos-265-to-the/DerivedData/SDKExplicitPrecompiledModules/_Builtin_inttypes-5QY21U7V6Y45OR5AOO64MYCSH.pcm

SwiftExplicitDependencyGeneratePcm arm64 /Users/vardy/dev/alanvardy-var-1014-lower-deployment-targets-from-ios-187watchos-265-to-the/DerivedData/SDKExplicitPrecompiledModules/Darwin-AG4VGWPFZBS07OBSWOM0OV3ZH.pcm

SwiftExplicitDependencyGeneratePcm arm64 /Users/vardy/dev/alanvardy-var-1014-lower-deployment-targets-from-ios-187watchos-265-to-the/DerivedData/SDKExplicitPrecompiledModules/Darwin-1ORI9QPCKY1RTVAHO9100NHDD.pcm

SwiftExplicitDependencyGeneratePcm x86_64 /Users/vardy/dev/alanvardy-var-1014-lower-deployment-targets-from-ios-187watchos-265-to-the/DerivedData/SDKExplicitPrecompiledModules/Darwin-ABT5D46LDBKLESHP1JHATNZ7S.pcm

SwiftExplicitDependencyGeneratePcm arm64 /Users/vardy/dev/alanvardy-var-1014-lower-deployment-targets-from-ios-187watchos-265-to-the/DerivedData/SDKExplicitPrecompiledModules/simd-DKIGDSAIVJHNSCM1HYCLSFQ23.pcm

SwiftExplicitDependencyGeneratePcm arm64 /Users/vardy/dev/alanvardy-var-1014-lower-deployment-targets-from-ios-187watchos-265-to-the/DerivedData/SDKExplicitPrecompiledModules/simd-GZSV0NDXWIL83Z3JY7CJI1A7.pcm

SwiftExplicitDependencyGeneratePcm arm64 /Users/vardy/dev/alanvardy-var-1014-lower-deployment-targets-from-ios-187watchos-265-to-the/DerivedData/SDKExplicitPrecompiledModules/ObjectiveC-81A3KNL5PIWN33A8HK3DW6BSC.pcm

SwiftExplicitDependencyGeneratePcm arm64 /Users/vardy/dev/alanvardy-var-1014-lower-deployment-targets-from-ios-187watchos-265-to-the/DerivedData/SDKExplicitPrecompiledModules/MachO-8P39MIICDGCGNP769D69OF408.pcm

SwiftExplicitDependencyGeneratePcm arm64 /Users/vardy/dev/alanvardy-var-1014-lower-deployment-targets-from-ios-187watchos-265-to-the/DerivedData/SDKExplicitPrecompiledModules/MachO-40HNM2S2SM19ODJ2VIDB4MGOK.pcm

SwiftExplicitDependencyGeneratePcm arm64 /Users/vardy/dev/alanvardy-var-1014-lower-deployment-targets-from-ios-187watchos-265-to-the/DerivedData/SDKExplicitPrecompiledModules/ObjectiveC-5LIUIIZJZX7K6RI0TJDQA1KYH.pcm

SwiftExplicitDependencyGeneratePcm x86_64 /Users/vardy/dev/alanvardy-var-1014-lower-deployment-targets-from-ios-187watchos-265-to-the/DerivedData/SDKExplicitPrecompiledModules/MachO-CXSR7ATYBBCFF2OJ3K7BRFSW3.pcm

SwiftExplicitDependencyGeneratePcm x86_64 /Users/vardy/dev/alanvardy-var-1014-lower-deployment-targets-from-ios-187watchos-265-to-the/DerivedData/SDKExplicitPrecompiledModules/ObjectiveC-D02R90XDOBNPA6QBNLL0FQL4D.pcm

SwiftExplicitDependencyGeneratePcm x86_64 /Users/vardy/dev/alanvardy-var-1014-lower-deployment-targets-from-ios-187watchos-265-to-the/DerivedData/SDKExplicitPrecompiledModules/simd-7Q8IB6LV9GM6ZJL918NNR2QJ9.pcm

SwiftExplicitDependencyGeneratePcm arm64 /Users/vardy/dev/alanvardy-var-1014-lower-deployment-targets-from-ios-187watchos-265-to-the/DerivedData/SDKExplicitPrecompiledModules/os_object-BWLA3G1BYU43M9LRF3PEBVE.pcm

SwiftExplicitDependencyGeneratePcm arm64 /Users/vardy/dev/alanvardy-var-1014-lower-deployment-targets-from-ios-187watchos-265-to-the/DerivedData/SDKExplicitPrecompiledModules/os_object-BZNZ09XXOU8UARVF74XGUEEN0.pcm

SwiftExplicitDependencyGeneratePcm x86_64 /Users/vardy/dev/alanvardy-var-1014-lower-deployment-targets-from-ios-187watchos-265-to-the/DerivedData/SDKExplicitPrecompiledModules/os_object-263CYOCK192H1E6E3PACT7T3K.pcm

SwiftExplicitDependencyGeneratePcm arm64 /Users/vardy/dev/alanvardy-var-1014-lower-deployment-targets-from-ios-187watchos-265-to-the/DerivedData/SDKExplicitPrecompiledModules/os_workgroup-5G6VD5SQDC4SJ8LWO14WRA05S.pcm

SwiftExplicitDependencyGeneratePcm arm64 /Users/vardy/dev/alanvardy-var-1014-lower-deployment-targets-from-ios-187watchos-265-to-the/DerivedData/SDKExplicitPrecompiledModules/Spatial-A5AU83IH58GPECFX97ZYL7LUF.pcm

SwiftExplicitDependencyGeneratePcm arm64 /Users/vardy/dev/alanvardy-var-1014-lower-deployment-targets-from-ios-187watchos-265-to-the/DerivedData/SDKExplicitPrecompiledModules/os_workgroup-31CYI3B5D0PJYWRTD5VSHMNV3.pcm

SwiftExplicitDependencyGeneratePcm x86_64 /Users/vardy/dev/alanvardy-var-1014-lower-deployment-targets-from-ios-187watchos-265-to-the/DerivedData/SDKExplicitPrecompiledModules/os_workgroup-2MHHX02PQ8JKINCJB1XPBS8DD.pcm

SwiftExplicitDependencyGeneratePcm arm64 /Users/vardy/dev/alanvardy-var-1014-lower-deployment-targets-from-ios-187watchos-265-to-the/DerivedData/SDKExplicitPrecompiledModules/Dispatch-C5HUZVU31TUIQSHTTKQU2NRVF.pcm

SwiftExplicitDependencyGeneratePcm arm64 /Users/vardy/dev/alanvardy-var-1014-lower-deployment-targets-from-ios-187watchos-265-to-the/DerivedData/SDKExplicitPrecompiledModules/Dispatch-7BCCHM6B0U7MEJ6RYD9XCWTUV.pcm

SwiftExplicitDependencyGeneratePcm x86_64 /Users/vardy/dev/alanvardy-var-1014-lower-deployment-targets-from-ios-187watchos-265-to-the/DerivedData/SDKExplicitPrecompiledModules/Dispatch-AO9PJGF2VURYHM12MY2XWSZET.pcm

SwiftExplicitDependencyGeneratePcm arm64 /Users/vardy/dev/alanvardy-var-1014-lower-deployment-targets-from-ios-187watchos-265-to-the/DerivedData/SDKExplicitPrecompiledModules/XPC-CX4WA92EBSTBZ5D8ER0KCAR0B.pcm

SwiftExplicitDependencyGeneratePcm arm64 /Users/vardy/dev/alanvardy-var-1014-lower-deployment-targets-from-ios-187watchos-265-to-the/DerivedData/SDKExplicitPrecompiledModules/CoreFoundation-9X4N0DL5RR9D602Z5OMZO4U8E.pcm

SwiftExplicitDependencyGeneratePcm arm64 /Users/vardy/dev/alanvardy-var-1014-lower-deployment-targets-from-ios-187watchos-265-to-the/DerivedData/SDKExplicitPrecompiledModules/dnssd-2V32HWHSGEFXVKLPHJ1BVNFU6.pcm

SwiftExplicitDependencyGeneratePcm arm64 /Users/vardy/dev/alanvardy-var-1014-lower-deployment-targets-from-ios-187watchos-265-to-the/DerivedData/SDKExplicitPrecompiledModules/dnssd-2TM7NKR5OX20068A3DD26Q75R.pcm

SwiftExplicitDependencyGeneratePcm arm64 /Users/vardy/dev/alanvardy-var-1014-lower-deployment-targets-from-ios-187watchos-265-to-the/DerivedData/SDKExplicitPrecompiledModules/XPC-86PXD9YK3WVDZ3ACEDAILO9OH.pcm

SwiftExplicitDependencyGeneratePcm arm64 /Users/vardy/dev/alanvardy-var-1014-lower-deployment-targets-from-ios-187watchos-265-to-the/DerivedData/SDKExplicitPrecompiledModules/CoreFoundation-7D3VLVHBC9FYEKNWJXCVPQIS6.pcm

SwiftExplicitDependencyGeneratePcm x86_64 /Users/vardy/dev/alanvardy-var-1014-lower-deployment-targets-from-ios-187watchos-265-to-the/DerivedData/SDKExplicitPrecompiledModules/XPC-C9WIYJBPRCIPK6V697NJ4TG82.pcm

SwiftExplicitDependencyGeneratePcm x86_64 /Users/vardy/dev/alanvardy-var-1014-lower-deployment-targets-from-ios-187watchos-265-to-the/DerivedData/SDKExplicitPrecompiledModules/CoreFoundation-A4GT1NE3W6SNITADX2KP6R1QU.pcm

SwiftExplicitDependencyGeneratePcm x86_64 /Users/vardy/dev/alanvardy-var-1014-lower-deployment-targets-from-ios-187watchos-265-to-the/DerivedData/SDKExplicitPrecompiledModules/dnssd-BYU4ES1ESZUIJ7Y9MN5RX3WXD.pcm

SwiftExplicitDependencyGeneratePcm arm64 /Users/vardy/dev/alanvardy-var-1014-lower-deployment-targets-from-ios-187watchos-265-to-the/DerivedData/SDKExplicitPrecompiledModules/Spatial-456CP631HENAJ6I257XM396HE.pcm

SwiftExplicitDependencyGeneratePcm arm64 /Users/vardy/dev/alanvardy-var-1014-lower-deployment-targets-from-ios-187watchos-265-to-the/DerivedData/SDKExplicitPrecompiledModules/os-O0OMSPW52TKY3G3V2MNNIKW7.pcm

SwiftExplicitDependencyGeneratePcm arm64 /Users/vardy/dev/alanvardy-var-1014-lower-deployment-targets-from-ios-187watchos-265-to-the/DerivedData/SDKExplicitPrecompiledModules/os-2U1SJZNR6ZP5DPJ48LTRSHFQQ.pcm

SwiftExplicitDependencyGeneratePcm x86_64 /Users/vardy/dev/alanvardy-var-1014-lower-deployment-targets-from-ios-187watchos-265-to-the/DerivedData/SDKExplicitPrecompiledModules/os-BJTH790YCT3U7QYB8R3E7E989.pcm

SwiftExplicitDependencyGeneratePcm x86_64 /Users/vardy/dev/alanvardy-var-1014-lower-deployment-targets-from-ios-187watchos-265-to-the/DerivedData/SDKExplicitPrecompiledModules/Spatial-1IFMATEQWSNM7L7KCKYQAMEG8.pcm

SwiftExplicitDependencyGeneratePcm arm64 /Users/vardy/dev/alanvardy-var-1014-lower-deployment-targets-from-ios-187watchos-265-to-the/DerivedData/SDKExplicitPrecompiledModules/CoreGraphics-7QPU0N5TZU0IESJ5PPPB2KF8R.pcm

SwiftExplicitDependencyGeneratePcm arm64 /Users/vardy/dev/alanvardy-var-1014-lower-deployment-targets-from-ios-187watchos-265-to-the/DerivedData/SDKExplicitPrecompiledModules/CoreAudioTypes-4B1R02O9T0M6QO9X27NZF2WYU.pcm

SwiftExplicitDependencyGeneratePcm arm64 /Users/vardy/dev/alanvardy-var-1014-lower-deployment-targets-from-ios-187watchos-265-to-the/DerivedData/SDKExplicitPrecompiledModules/Security-6F221DXQCVJBEFW5QJU7GQHXO.pcm

SwiftExplicitDependencyGeneratePcm x86_64 /Users/vardy/dev/alanvardy-var-1014-lower-deployment-targets-from-ios-187watchos-265-to-the/DerivedData/SDKExplicitPrecompiledModules/CoreGraphics-5V3JG0Y76QSQXSFBF65VUE3BH.pcm

SwiftExplicitDependencyGeneratePcm x86_64 /Users/vardy/dev/alanvardy-var-1014-lower-deployment-targets-from-ios-187watchos-265-to-the/DerivedData/SDKExplicitPrecompiledModules/CoreAudioTypes-6NSLBB0SOF7MLBQP4FKY5XTHX.pcm

SwiftExplicitDependencyGeneratePcm x86_64 /Users/vardy/dev/alanvardy-var-1014-lower-deployment-targets-from-ios-187watchos-265-to-the/DerivedData/SDKExplicitPrecompiledModules/Security-8PPL4WCH1CMFF1ERLMXT2O3T3.pcm

SwiftExplicitDependencyGeneratePcm arm64 /Users/vardy/dev/alanvardy-var-1014-lower-deployment-targets-from-ios-187watchos-265-to-the/DerivedData/SDKExplicitPrecompiledModules/CoreAudioTypes-4YBA9QU37486WBWC54P6CN130.pcm

SwiftExplicitDependencyGeneratePcm arm64 /Users/vardy/dev/alanvardy-var-1014-lower-deployment-targets-from-ios-187watchos-265-to-the/DerivedData/SDKExplicitPrecompiledModules/CFNetwork-BK3KDZU0ZQYBTOBNMJS0RWMPZ.pcm

SwiftExplicitDependencyGeneratePcm arm64 /Users/vardy/dev/alanvardy-var-1014-lower-deployment-targets-from-ios-187watchos-265-to-the/DerivedData/SDKExplicitPrecompiledModules/CoreGraphics-CVTQDZS6GSMZIVT9AX0FJKTSC.pcm

SwiftExplicitDependencyGeneratePcm arm64 /Users/vardy/dev/alanvardy-var-1014-lower-deployment-targets-from-ios-187watchos-265-to-the/DerivedData/SDKExplicitPrecompiledModules/AddressBook-1QWYY013E2OXPETMCGL6P5IBW.pcm

SwiftExplicitDependencyGeneratePcm arm64 /Users/vardy/dev/alanvardy-var-1014-lower-deployment-targets-from-ios-187watchos-265-to-the/DerivedData/SDKExplicitPrecompiledModules/Security-2BESTZL1Y0171UB4VBWXWCP3N.pcm

SwiftExplicitDependencyGeneratePcm arm64 /Users/vardy/dev/alanvardy-var-1014-lower-deployment-targets-from-ios-187watchos-265-to-the/DerivedData/SDKExplicitPrecompiledModules/CoreAudio-8UQQP18RHYEJ0MX1GQJIGA2Q5.pcm

SwiftExplicitDependencyGeneratePcm arm64 /Users/vardy/dev/alanvardy-var-1014-lower-deployment-targets-from-ios-187watchos-265-to-the/DerivedData/SDKExplicitPrecompiledModules/CoreAudio-E1NXFOZ3GH1YQA8YJMGO1V4I0.pcm

SwiftExplicitDependencyGeneratePcm arm64 /Users/vardy/dev/alanvardy-var-1014-lower-deployment-targets-from-ios-187watchos-265-to-the/DerivedData/SDKExplicitPrecompiledModules/ImageIO-8TJOBRJ32AHHQZH18BWCEK24V.pcm

SwiftExplicitDependencyGeneratePcm x86_64 /Users/vardy/dev/alanvardy-var-1014-lower-deployment-targets-from-ios-187watchos-265-to-the/DerivedData/SDKExplicitPrecompiledModules/CoreAudio-4XG75A2CPLGTSBDWFYELEADQ1.pcm

SwiftExplicitDependencyGeneratePcm arm64 /Users/vardy/dev/alanvardy-var-1014-lower-deployment-targets-from-ios-187watchos-265-to-the/DerivedData/SDKExplicitPrecompiledModules/CoreVideo-EW1PATWWPLCRSMB3FKALNIDZW.pcm

SwiftExplicitDependencyGeneratePcm x86_64 /Users/vardy/dev/alanvardy-var-1014-lower-deployment-targets-from-ios-187watchos-265-to-the/DerivedData/SDKExplicitPrecompiledModules/Foundation-5RZZ6OPK9VPGJMAILD22DH6QE.pcm

SwiftExplicitDependencyGeneratePcm arm64 /Users/vardy/dev/alanvardy-var-1014-lower-deployment-targets-from-ios-187watchos-265-to-the/DerivedData/SDKExplicitPrecompiledModules/CoreText-EXFT3X43KT0PNOIP9VR6JQMG9.pcm

SwiftExplicitDependencyGeneratePcm arm64 /Users/vardy/dev/alanvardy-var-1014-lower-deployment-targets-from-ios-187watchos-265-to-the/DerivedData/SDKExplicitPrecompiledModules/Foundation-5DCUEHV6QNCPYTYEAN3V9ZLXM.pcm

SwiftExplicitDependencyGeneratePcm x86_64 /Users/vardy/dev/alanvardy-var-1014-lower-deployment-targets-from-ios-187watchos-265-to-the/DerivedData/SDKExplicitPrecompiledModules/CoreVideo-AR7I5S9OEWMTVEPNSOO1GPE3E.pcm

SwiftExplicitDependencyGeneratePcm x86_64 /Users/vardy/dev/alanvardy-var-1014-lower-deployment-targets-from-ios-187watchos-265-to-the/DerivedData/SDKExplicitPrecompiledModules/ImageIO-401EM5WHI322ZXP7S8NLJ8DDJ.pcm

SwiftExplicitDependencyGeneratePcm x86_64 /Users/vardy/dev/alanvardy-var-1014-lower-deployment-targets-from-ios-187watchos-265-to-the/DerivedData/SDKExplicitPrecompiledModules/CoreText-1URXSU91IOJL1WZ1OFGV0GXZN.pcm

SwiftExplicitDependencyGeneratePcm arm64 /Users/vardy/dev/alanvardy-var-1014-lower-deployment-targets-from-ios-187watchos-265-to-the/DerivedData/SDKExplicitPrecompiledModules/ImageIO-3965S9SOS5PQFBZC5QOL8911Z.pcm

SwiftExplicitDependencyGeneratePcm arm64 /Users/vardy/dev/alanvardy-var-1014-lower-deployment-targets-from-ios-187watchos-265-to-the/DerivedData/SDKExplicitPrecompiledModules/CoreText-CHE2ZB3YGLNI343S4656ZS83X.pcm

SwiftExplicitDependencyGeneratePcm arm64 /Users/vardy/dev/alanvardy-var-1014-lower-deployment-targets-from-ios-187watchos-265-to-the/DerivedData/SDKExplicitPrecompiledModules/Foundation-ENYWZA3IDUAW9MF7HU6K6EJ2X.pcm

SwiftExplicitDependencyGeneratePcm arm64 /Users/vardy/dev/alanvardy-var-1014-lower-deployment-targets-from-ios-187watchos-265-to-the/DerivedData/SDKExplicitPrecompiledModules/CoreMedia-7Z5KAIWF5CNEOV987QZYKG1FG.pcm

SwiftExplicitDependencyGeneratePcm x86_64 /Users/vardy/dev/alanvardy-var-1014-lower-deployment-targets-from-ios-187watchos-265-to-the/DerivedData/SDKExplicitPrecompiledModules/CoreMedia-2MCA3133YAIRXZTZ7CDNP4I2K.pcm

SwiftExplicitDependencyGeneratePcm x86_64 /Users/vardy/dev/alanvardy-var-1014-lower-deployment-targets-from-ios-187watchos-265-to-the/DerivedData/SDKExplicitPrecompiledModules/AppIntentsTypeSupport-4E9CN7DTFIBUEJ6K1AQRZBYZ.pcm

SwiftExplicitDependencyGeneratePcm x86_64 /Users/vardy/dev/alanvardy-var-1014-lower-deployment-targets-from-ios-187watchos-265-to-the/DerivedData/SDKExplicitPrecompiledModules/UserNotifications-C2WC1U6MJU5OZ98LTJB6MBQQE.pcm

SwiftExplicitDependencyGeneratePcm x86_64 /Users/vardy/dev/alanvardy-var-1014-lower-deployment-targets-from-ios-187watchos-265-to-the/DerivedData/SDKExplicitPrecompiledModules/WatchConnectivity-9YPV4H6P3EUDML6C69YXFDSSJ.pcm

SwiftExplicitDependencyGeneratePcm x86_64 /Users/vardy/dev/alanvardy-var-1014-lower-deployment-targets-from-ios-187watchos-265-to-the/DerivedData/SDKExplicitPrecompiledModules/QuartzCore-CH8NAUJNP90EE40A034GXFENS.pcm

SwiftExplicitDependencyGeneratePcm x86_64 /Users/vardy/dev/alanvardy-var-1014-lower-deployment-targets-from-ios-187watchos-265-to-the/DerivedData/SDKExplicitPrecompiledModules/SceneKit-F5AG3S1ABRHEEUIP7VP8BLEZB.pcm

SwiftExplicitDependencyGeneratePcm x86_64 /Users/vardy/dev/alanvardy-var-1014-lower-deployment-targets-from-ios-187watchos-265-to-the/DerivedData/SDKExplicitPrecompiledModules/Network-2H3L3UHL6N993P7HHMMP9LFRU.pcm

SwiftExplicitDependencyGeneratePcm x86_64 /Users/vardy/dev/alanvardy-var-1014-lower-deployment-targets-from-ios-187watchos-265-to-the/DerivedData/SDKExplicitPrecompiledModules/StoreKit-C6RC9SLHJTN3GM8RG9XUA9IR1.pcm

SwiftExplicitDependencyGeneratePcm x86_64 /Users/vardy/dev/alanvardy-var-1014-lower-deployment-targets-from-ios-187watchos-265-to-the/DerivedData/SDKExplicitPrecompiledModules/AppIntents-2IJFNMEUJD0KUMLUZWUQ6HGPG.pcm

SwiftExplicitDependencyGeneratePcm x86_64 /Users/vardy/dev/alanvardy-var-1014-lower-deployment-targets-from-ios-187watchos-265-to-the/DerivedData/SDKExplicitPrecompiledModules/LocalAuthentication-DT1X4S5QFRKB6CXJNMI4WW7GZ.pcm

SwiftExplicitDependencyGeneratePcm x86_64 /Users/vardy/dev/alanvardy-var-1014-lower-deployment-targets-from-ios-187watchos-265-to-the/DerivedData/SDKExplicitPrecompiledModules/CoreData-9XXDI8E7OSGTTGDDQCUP5NQCB.pcm

SwiftExplicitDependencyGeneratePcm x86_64 /Users/vardy/dev/alanvardy-var-1014-lower-deployment-targets-from-ios-187watchos-265-to-the/DerivedData/SDKExplicitPrecompiledModules/Symbols-5B3QKW40O8H4JPESS34DJ4U7G.pcm

SwiftExplicitDependencyGeneratePcm arm64 /Users/vardy/dev/alanvardy-var-1014-lower-deployment-targets-from-ios-187watchos-265-to-the/DerivedData/SDKExplicitPrecompiledModules/CoreData-4FTQHHOMEPKKDHW1R6OBDZY3Z.pcm

SwiftExplicitDependencyGeneratePcm arm64 /Users/vardy/dev/alanvardy-var-1014-lower-deployment-targets-from-ios-187watchos-265-to-the/DerivedData/SDKExplicitPrecompiledModules/WatchConnectivity-4IA6EM2SG1PI2DLZ6D5PAPNIT.pcm

SwiftExplicitDependencyGeneratePcm arm64 /Users/vardy/dev/alanvardy-var-1014-lower-deployment-targets-from-ios-187watchos-265-to-the/DerivedData/SDKExplicitPrecompiledModules/UniformTypeIdentifiers-C5MFSYYCD3SBWSAV5NYBIP36W.pcm

SwiftExplicitDependencyGeneratePcm arm64 /Users/vardy/dev/alanvardy-var-1014-lower-deployment-targets-from-ios-187watchos-265-to-the/DerivedData/SDKExplicitPrecompiledModules/OSLog-D05YS1OEDLXA6K7J2HTC9UBUR.pcm

SwiftExplicitDependencyGeneratePcm arm64 /Users/vardy/dev/alanvardy-var-1014-lower-deployment-targets-from-ios-187watchos-265-to-the/DerivedData/SDKExplicitPrecompiledModules/AppIntentsTypeSupport-2DCSTJB8GNQ3L3PNUI8FQBESM.pcm

SwiftExplicitDependencyGeneratePcm arm64 /Users/vardy/dev/alanvardy-var-1014-lower-deployment-targets-from-ios-187watchos-265-to-the/DerivedData/SDKExplicitPrecompiledModules/QuartzCore-7JFQ554M7YVPHEF92FMA2I45M.pcm

SwiftExplicitDependencyGeneratePcm arm64 /Users/vardy/dev/alanvardy-var-1014-lower-deployment-targets-from-ios-187watchos-265-to-the/DerivedData/SDKExplicitPrecompiledModules/Network-CRC0FFVMF91FGRUYQUQN5LPNF.pcm

SwiftExplicitDependencyGeneratePcm arm64 /Users/vardy/dev/alanvardy-var-1014-lower-deployment-targets-from-ios-187watchos-265-to-the/DerivedData/SDKExplicitPrecompiledModules/OSLog-AL9RGAZUOVWFMPHT7EK446YZT.pcm

SwiftExplicitDependencyGeneratePcm arm64 /Users/vardy/dev/alanvardy-var-1014-lower-deployment-targets-from-ios-187watchos-265-to-the/DerivedData/SDKExplicitPrecompiledModules/UserNotifications-5ULUZE10OYKSZVUTQIQH2MOJJ.pcm

SwiftExplicitDependencyGeneratePcm arm64 /Users/vardy/dev/alanvardy-var-1014-lower-deployment-targets-from-ios-187watchos-265-to-the/DerivedData/SDKExplicitPrecompiledModules/LocalAuthentication-2PYY7IMNG79MSE9XMIYEOFLLA.pcm

SwiftExplicitDependencyGeneratePcm arm64 /Users/vardy/dev/alanvardy-var-1014-lower-deployment-targets-from-ios-187watchos-265-to-the/DerivedData/SDKExplicitPrecompiledModules/_LocationEssentials-4OHFZB1ROCW82WKYZTUWHNVAZ.pcm

SwiftExplicitDependencyGeneratePcm arm64 /Users/vardy/dev/alanvardy-var-1014-lower-deployment-targets-from-ios-187watchos-265-to-the/DerivedData/SDKExplicitPrecompiledModules/Network-E3GS0VGN1GXDLXDQY5DCNEGCT.pcm

SwiftExplicitDependencyGeneratePcm arm64 /Users/vardy/dev/alanvardy-var-1014-lower-deployment-targets-from-ios-187watchos-265-to-the/DerivedData/SDKExplicitPrecompiledModules/CoreData-B3F4LUNWM176JYG8R56A40SM5.pcm

SwiftExplicitDependencyGeneratePcm arm64 /Users/vardy/dev/alanvardy-var-1014-lower-deployment-targets-from-ios-187watchos-265-to-the/DerivedData/SDKExplicitPrecompiledModules/Accessibility-A79JZ6XYTRJL2UY5ZMHELI6UM.pcm

SwiftExplicitDependencyGeneratePcm x86_64 /Users/vardy/dev/alanvardy-var-1014-lower-deployment-targets-from-ios-187watchos-265-to-the/DerivedData/SDKExplicitPrecompiledModules/DataDetection-5OTL0CF0FF39XESJONV4NCFHB.pcm

SwiftExplicitDependencyGeneratePcm arm64 /Users/vardy/dev/alanvardy-var-1014-lower-deployment-targets-from-ios-187watchos-265-to-the/DerivedData/SDKExplicitPrecompiledModules/AppIntents-F5D7XCV7UL36G5X2H3W5PZW2O.pcm

SwiftExplicitDependencyGeneratePcm arm64 /Users/vardy/dev/alanvardy-var-1014-lower-deployment-targets-from-ios-187watchos-265-to-the/DerivedData/SDKExplicitPrecompiledModules/DataDetection-37NWJIZGYV9ZGUFKFIOYCNI6T.pcm

SwiftExplicitDependencyGeneratePcm x86_64 /Users/vardy/dev/alanvardy-var-1014-lower-deployment-targets-from-ios-187watchos-265-to-the/DerivedData/SDKExplicitPrecompiledModules/OSLog-BGYMKF5EL6Y8G1S95GT95JMGI.pcm

SwiftExplicitDependencyGeneratePcm x86_64 /Users/vardy/dev/alanvardy-var-1014-lower-deployment-targets-from-ios-187watchos-265-to-the/DerivedData/SDKExplicitPrecompiledModules/RelevanceKit-22LW56AVQFXLJQ4O3YCLVRL1I.pcm

SwiftExplicitDependencyGeneratePcm arm64 /Users/vardy/dev/alanvardy-var-1014-lower-deployment-targets-from-ios-187watchos-265-to-the/DerivedData/SDKExplicitPrecompiledModules/Symbols-1BG6EJXXNK6ZD2KLL4QXHBNWX.pcm

SwiftExplicitDependencyGeneratePcm arm64 /Users/vardy/dev/alanvardy-var-1014-lower-deployment-targets-from-ios-187watchos-265-to-the/DerivedData/SDKExplicitPrecompiledModules/RelevanceKit-BU595OTFPAPVBU2W6Y0AFLEID.pcm

SwiftExplicitDependencyGeneratePcm arm64 /Users/vardy/dev/alanvardy-var-1014-lower-deployment-targets-from-ios-187watchos-265-to-the/DerivedData/SDKExplicitPrecompiledModules/UIUtilities-ABU6P7HVQIDTVEH62D43RD5GT.pcm

SwiftExplicitDependencyGeneratePcm x86_64 /Users/vardy/dev/alanvardy-var-1014-lower-deployment-targets-from-ios-187watchos-265-to-the/DerivedData/SDKExplicitPrecompiledModules/Accessibility-CSM7I57QPH4CJ5XC6ITZXK865.pcm

SwiftExplicitDependencyGeneratePcm arm64 /Users/vardy/dev/alanvardy-var-1014-lower-deployment-targets-from-ios-187watchos-265-to-the/DerivedData/SDKExplicitPrecompiledModules/SwiftUICore-BRCGMF5PI7U6VR4GLU95327UM.pcm

SwiftExplicitDependencyGeneratePcm arm64 /Users/vardy/dev/alanvardy-var-1014-lower-deployment-targets-from-ios-187watchos-265-to-the/DerivedData/SDKExplicitPrecompiledModules/Symbols-7H20SBZL2ZJSOARFKUNZV37UI.pcm

SwiftExplicitDependencyGeneratePcm arm64 /Users/vardy/dev/alanvardy-var-1014-lower-deployment-targets-from-ios-187watchos-265-to-the/DerivedData/SDKExplicitPrecompiledModules/AppIntents-12R8WOKG3439IA7EM8HN6JTLL.pcm

SwiftExplicitDependencyGeneratePcm arm64 /Users/vardy/dev/alanvardy-var-1014-lower-deployment-targets-from-ios-187watchos-265-to-the/DerivedData/SDKExplicitPrecompiledModules/UserNotifications-6RSCAU8DDLEFSIFT3KPBOIAP0.pcm

SwiftExplicitDependencyGeneratePcm x86_64 /Users/vardy/dev/alanvardy-var-1014-lower-deployment-targets-from-ios-187watchos-265-to-the/DerivedData/SDKExplicitPrecompiledModules/CoreML-B6AMJH82WXK4BIGYBLZAQ20RK.pcm

SwiftExplicitDependencyGeneratePcm arm64 /Users/vardy/dev/alanvardy-var-1014-lower-deployment-targets-from-ios-187watchos-265-to-the/DerivedData/SDKExplicitPrecompiledModules/WatchConnectivity-3N9AEAGQGGL0NZWHDTZ1IQQLP.pcm

SwiftExplicitDependencyGeneratePcm arm64 /Users/vardy/dev/alanvardy-var-1014-lower-deployment-targets-from-ios-187watchos-265-to-the/DerivedData/SDKExplicitPrecompiledModules/CoreML-1BRRSY54UM1RIN4VX0NHNSUWW.pcm

SwiftExplicitDependencyGeneratePcm arm64 /Users/vardy/dev/alanvardy-var-1014-lower-deployment-targets-from-ios-187watchos-265-to-the/DerivedData/SDKExplicitPrecompiledModules/CoreLocation-CY3XEWNB8KPYW2Z2L3U7UIKSP.pcm

SwiftExplicitDependencyGeneratePcm arm64 /Users/vardy/dev/alanvardy-var-1014-lower-deployment-targets-from-ios-187watchos-265-to-the/DerivedData/SDKExplicitPrecompiledModules/OpenGLES-4G2KSQ4PRUWVHZ6JDWJ1QHQ2I.pcm

SwiftExplicitDependencyGeneratePcm arm64 /Users/vardy/dev/alanvardy-var-1014-lower-deployment-targets-from-ios-187watchos-265-to-the/DerivedData/SDKExplicitPrecompiledModules/CoreTransferable-4UVKJENIXH04CUW4T8DOC0W7B.pcm

SwiftExplicitDependencyGeneratePcm arm64 /Users/vardy/dev/alanvardy-var-1014-lower-deployment-targets-from-ios-187watchos-265-to-the/DerivedData/SDKExplicitPrecompiledModules/FileProvider-7VEOKS6WGC0K6MB1QSZYP8323.pcm

SwiftExplicitDependencyGeneratePcm arm64 /Users/vardy/dev/alanvardy-var-1014-lower-deployment-targets-from-ios-187watchos-265-to-the/DerivedData/SDKExplicitPrecompiledModules/BackgroundAssets-310G5OH31W8LM3AJRT0AGZ51.pcm

SwiftExplicitDependencyGeneratePcm arm64 /Users/vardy/dev/alanvardy-var-1014-lower-deployment-targets-from-ios-187watchos-265-to-the/DerivedData/SDKExplicitPrecompiledModules/DataDetection-ANBRWFVEWYV0609NW70HGPO5E.pcm

SwiftExplicitDependencyGeneratePcm x86_64 /Users/vardy/dev/alanvardy-var-1014-lower-deployment-targets-from-ios-187watchos-265-to-the/DerivedData/SDKExplicitPrecompiledModules/UniformTypeIdentifiers-TU6FDZSUB3EPKG2SEDORRDJ5.pcm

SwiftExplicitDependencyGeneratePcm arm64 /Users/vardy/dev/alanvardy-var-1014-lower-deployment-targets-from-ios-187watchos-265-to-the/DerivedData/SDKExplicitPrecompiledModules/LocalAuthentication-7E6UT1VZT9Q8QXFFTCNAT6H6A.pcm

SwiftExplicitDependencyGeneratePcm x86_64 /Users/vardy/dev/alanvardy-var-1014-lower-deployment-targets-from-ios-187watchos-265-to-the/DerivedData/SDKExplicitPrecompiledModules/UIUtilities-2PNTZCGMDW8MC5C7WCR0WN5DR.pcm

SwiftExplicitDependencyGeneratePcm arm64 /Users/vardy/dev/alanvardy-var-1014-lower-deployment-targets-from-ios-187watchos-265-to-the/DerivedData/SDKExplicitPrecompiledModules/IOSurface-98QNNFIAAFAFUDHESSA09CUUG.pcm

SwiftExplicitDependencyGeneratePcm arm64 /Users/vardy/dev/alanvardy-var-1014-lower-deployment-targets-from-ios-187watchos-265-to-the/DerivedData/SDKExplicitPrecompiledModules/SceneKit-SPVZ4TS81GYTX85ZN93EUIMO.pcm

SwiftExplicitDependencyGeneratePcm x86_64 /Users/vardy/dev/alanvardy-var-1014-lower-deployment-targets-from-ios-187watchos-265-to-the/DerivedData/SDKExplicitPrecompiledModules/CoreTransferable-AZVO29INHC5SJUXP37AL9HR0B.pcm

SwiftExplicitDependencyGeneratePcm x86_64 /Users/vardy/dev/alanvardy-var-1014-lower-deployment-targets-from-ios-187watchos-265-to-the/DerivedData/SDKExplicitPrecompiledModules/SwiftUICore-8IYEMEP5E8GU1SG71CSHHB4BE.pcm

SwiftExplicitDependencyGeneratePcm arm64 /Users/vardy/dev/alanvardy-var-1014-lower-deployment-targets-from-ios-187watchos-265-to-the/DerivedData/SDKExplicitPrecompiledModules/StoreKit-68T22HNZ2LS97BGIXLY5RGI52.pcm

SwiftExplicitDependencyGeneratePcm arm64 /Users/vardy/dev/alanvardy-var-1014-lower-deployment-targets-from-ios-187watchos-265-to-the/DerivedData/SDKExplicitPrecompiledModules/CoreMotion-933DS8C354W7U1YM7P11O00L5.pcm

SwiftExplicitDependencyGeneratePcm arm64 /Users/vardy/dev/alanvardy-var-1014-lower-deployment-targets-from-ios-187watchos-265-to-the/DerivedData/SDKExplicitPrecompiledModules/Accessibility-BBZ8BYXM3N6C1ZARSM5FYQX86.pcm

SwiftExplicitDependencyGeneratePcm arm64 /Users/vardy/dev/alanvardy-var-1014-lower-deployment-targets-from-ios-187watchos-265-to-the/DerivedData/SDKExplicitPrecompiledModules/AppIntentsTypeSupport-CCW3Z1X2J7D2D6UOE9TSHUHKO.pcm

SwiftExplicitDependencyGeneratePcm arm64 /Users/vardy/dev/alanvardy-var-1014-lower-deployment-targets-from-ios-187watchos-265-to-the/DerivedData/SDKExplicitPrecompiledModules/EventKit-AC6NL1DP968II4LI39SUG9DNR.pcm

SwiftExplicitDependencyGeneratePcm arm64 /Users/vardy/dev/alanvardy-var-1014-lower-deployment-targets-from-ios-187watchos-265-to-the/DerivedData/SDKExplicitPrecompiledModules/_LocationEssentials-2B8ISWUO9QOIJYGVYIOJ4KVNG.pcm

SwiftExplicitDependencyGeneratePcm arm64 /Users/vardy/dev/alanvardy-var-1014-lower-deployment-targets-from-ios-187watchos-265-to-the/DerivedData/SDKExplicitPrecompiledModules/UIUtilities-2OMHV0FW65HMVJ1LDRD4KDWU7.pcm

SwiftExplicitDependencyGeneratePcm arm64 /Users/vardy/dev/alanvardy-var-1014-lower-deployment-targets-from-ios-187watchos-265-to-the/DerivedData/SDKExplicitPrecompiledModules/CoreTransferable-249WQYG7UL99TCLZKFOSC5010.pcm

SwiftExplicitDependencyGeneratePcm x86_64 /Users/vardy/dev/alanvardy-var-1014-lower-deployment-targets-from-ios-187watchos-265-to-the/DerivedData/SDKExplicitPrecompiledModules/_LocationEssentials-CDFPTN7W1JNBNOYOGCTJPL9TY.pcm

SwiftExplicitDependencyGeneratePcm arm64 /Users/vardy/dev/alanvardy-var-1014-lower-deployment-targets-from-ios-187watchos-265-to-the/DerivedData/SDKExplicitPrecompiledModules/UniformTypeIdentifiers-CL9SSQRZ5LP9WGGLPWVK6QG4V.pcm

SwiftExplicitDependencyGeneratePcm arm64 /Users/vardy/dev/alanvardy-var-1014-lower-deployment-targets-from-ios-187watchos-265-to-the/DerivedData/SDKExplicitPrecompiledModules/RelevanceKit-UBU5FBXJKIDADBXDXWIPBRAC.pcm

SwiftExplicitDependencyGeneratePcm arm64 /Users/vardy/dev/alanvardy-var-1014-lower-deployment-targets-from-ios-187watchos-265-to-the/DerivedData/SDKExplicitPrecompiledModules/Metal-C69FK1XUAQSS3ZWZ1Q6CN7VPT.pcm

SwiftExplicitDependencyGeneratePcm arm64 /Users/vardy/dev/alanvardy-var-1014-lower-deployment-targets-from-ios-187watchos-265-to-the/DerivedData/SDKExplicitPrecompiledModules/UIKit-5NYWRNBNVACA1TIFDV3EYPN6S.pcm

SwiftExplicitDependencyGeneratePcm arm64 /Users/vardy/dev/alanvardy-var-1014-lower-deployment-targets-from-ios-187watchos-265-to-the/DerivedData/SDKExplicitPrecompiledModules/CoreLocation-CAIAKPKBUZHSWM85PZEKYF26G.pcm

SwiftExplicitDependencyGeneratePcm x86_64 /Users/vardy/dev/alanvardy-var-1014-lower-deployment-targets-from-ios-187watchos-265-to-the/DerivedData/SDKExplicitPrecompiledModules/CoreLocation-89XME2BS5CQO871E29EUHMHV7.pcm

SwiftExplicitDependencyGeneratePcm arm64 /Users/vardy/dev/alanvardy-var-1014-lower-deployment-targets-from-ios-187watchos-265-to-the/DerivedData/SDKExplicitPrecompiledModules/CoreSpotlight-4LK3XSA1YEFRCW5QU9UE7I3RB.pcm

SwiftExplicitDependencyGeneratePcm arm64 /Users/vardy/dev/alanvardy-var-1014-lower-deployment-targets-from-ios-187watchos-265-to-the/DerivedData/SDKExplicitPrecompiledModules/CoreMotion-BSUOUKIKKVBC85J9PZ8F9SIWW.pcm

SwiftExplicitDependencyGeneratePcm arm64 /Users/vardy/dev/alanvardy-var-1014-lower-deployment-targets-from-ios-187watchos-265-to-the/DerivedData/SDKExplicitPrecompiledModules/EventKit-8L9PMJZGAIKDKJSX15MJTI1EU.pcm

SwiftExplicitDependencyGeneratePcm x86_64 /Users/vardy/dev/alanvardy-var-1014-lower-deployment-targets-from-ios-187watchos-265-to-the/DerivedData/SDKExplicitPrecompiledModules/CoreMotion-45JS7HFF2K2OTHFW148RCE3W.pcm

SwiftExplicitDependencyGeneratePcm x86_64 /Users/vardy/dev/alanvardy-var-1014-lower-deployment-targets-from-ios-187watchos-265-to-the/DerivedData/SDKExplicitPrecompiledModules/EventKit-46635IYSX3D1QCDWIQXLWSAON.pcm

SwiftExplicitDependencyGeneratePcm arm64 /Users/vardy/dev/alanvardy-var-1014-lower-deployment-targets-from-ios-187watchos-265-to-the/DerivedData/SDKExplicitPrecompiledModules/CoreVideo-4LBP4YSQHYNL0SDI61J9RMEW9.pcm

SwiftExplicitDependencyGeneratePcm x86_64 /Users/vardy/dev/alanvardy-var-1014-lower-deployment-targets-from-ios-187watchos-265-to-the/DerivedData/SDKExplicitPrecompiledModules/UIKit-7RHFOQ2FBRTVFFCV2CWNPJGUF.pcm

SwiftExplicitDependencyGeneratePcm arm64 /Users/vardy/dev/alanvardy-var-1014-lower-deployment-targets-from-ios-187watchos-265-to-the/DerivedData/SDKExplicitPrecompiledModules/CoreImage-1KUIQ0HY20I6P72PEN7GWYDOX.pcm

SwiftExplicitDependencyGeneratePcm arm64 /Users/vardy/dev/alanvardy-var-1014-lower-deployment-targets-from-ios-187watchos-265-to-the/DerivedData/SDKExplicitPrecompiledModules/CoreMedia-8PJZWODE00M8GH5R8NPMCQRXY.pcm

SwiftExplicitDependencyGeneratePcm arm64 /Users/vardy/dev/alanvardy-var-1014-lower-deployment-targets-from-ios-187watchos-265-to-the/DerivedData/SDKExplicitPrecompiledModules/CoreML-DKXAQH8GCDOOHS3CPEXEN5IKU.pcm

SwiftExplicitDependencyGeneratePcm arm64 /Users/vardy/dev/alanvardy-var-1014-lower-deployment-targets-from-ios-187watchos-265-to-the/DerivedData/SDKExplicitPrecompiledModules/QuartzCore-AX9QF8M6O9LWHXEBGST8KXRUV.pcm

SwiftExplicitDependencyGeneratePcm arm64 /Users/vardy/dev/alanvardy-var-1014-lower-deployment-targets-from-ios-187watchos-265-to-the/DerivedData/SDKExplicitPrecompiledModules/SwiftUICore-99LY2OY7BYSH11C94ETGH7LQW.pcm

SwiftExplicitDependencyGeneratePcm arm64 /Users/vardy/dev/alanvardy-var-1014-lower-deployment-targets-from-ios-187watchos-265-to-the/DerivedData/SDKExplicitPrecompiledModules/UIKit-E9F9EYBT0JRHCK66CRF7HSOJQ.pcm

SwiftExplicitDependencyGeneratePcm arm64 /Users/vardy/dev/alanvardy-var-1014-lower-deployment-targets-from-ios-187watchos-265-to-the/DerivedData/SDKExplicitPrecompiledModules/MapKit-1Z7JJV7JPCX79P1YMHRK768HW.pcm

SwiftExplicitDependencyGeneratePcm arm64 /Users/vardy/dev/alanvardy-var-1014-lower-deployment-targets-from-ios-187watchos-265-to-the/DerivedData/SDKExplicitPrecompiledModules/HomeKit-44PZ86Q123QGUVYUP4WOJXDUB.pcm

SwiftExplicitDependencyGeneratePcm arm64 /Users/vardy/dev/alanvardy-var-1014-lower-deployment-targets-from-ios-187watchos-265-to-the/DerivedData/SDKExplicitPrecompiledModules/WatchKit-9OLN1CZR48CNTU5T2AESTOJB9.pcm

SwiftExplicitDependencyGeneratePcm x86_64 /Users/vardy/dev/alanvardy-var-1014-lower-deployment-targets-from-ios-187watchos-265-to-the/DerivedData/SDKExplicitPrecompiledModules/HomeKit-DP42WBSSEQJ5XXHRTLQW462C4.pcm

SwiftExplicitDependencyGeneratePcm x86_64 /Users/vardy/dev/alanvardy-var-1014-lower-deployment-targets-from-ios-187watchos-265-to-the/DerivedData/SDKExplicitPrecompiledModules/MapKit-AOE2DMM9KRIDMV9AP0LRTY2VS.pcm

SwiftExplicitDependencyGeneratePcm arm64 /Users/vardy/dev/alanvardy-var-1014-lower-deployment-targets-from-ios-187watchos-265-to-the/DerivedData/SDKExplicitPrecompiledModules/SwiftUI-9Z98PHC8XOS1JMMP34D313G1P.pcm

SwiftExplicitDependencyGeneratePcm x86_64 /Users/vardy/dev/alanvardy-var-1014-lower-deployment-targets-from-ios-187watchos-265-to-the/DerivedData/SDKExplicitPrecompiledModules/WatchKit-43GI2G76WHGH28QPI25CL5SDD.pcm

SwiftCompile normal arm64 Compiling\ PendingCompletionLogic.swift,\ PendingCompletionStore.swift,\ PreferenceHolder.swift,\ ReminderDateFilter.swift /Users/vardy/dev/alanvardy-var-1014-lower-deployment-targets-from-ios-187watchos-265-to-the/SingleThreadCore/Sources/SingleThreadCore/PendingCompletionLogic.swift /Users/vardy/dev/alanvardy-var-1014-lower-deployment-targets-from-ios-187watchos-265-to-the/SingleThreadCore/Sources/SingleThreadCore/PendingCompletionStore.swift /Users/vardy/dev/alanvardy-var-1014-lower-deployment-targets-from-ios-187watchos-265-to-the/SingleThreadCore/Sources/SingleThreadCore/PreferenceHolder.swift /Users/vardy/dev/alanvardy-var-1014-lower-deployment-targets-from-ios-187watchos-265-to-the/SingleThreadCore/Sources/SingleThreadCore/ReminderDateFilter.swift (in target 'SingleThreadCore' from project 'SingleThreadCore')

SwiftCompile normal arm64 /Users/vardy/dev/alanvardy-var-1014-lower-deployment-targets-from-ios-187watchos-265-to-the/SingleThreadCore/Sources/SingleThreadCore/PendingCompletionLogic.swift (in target 'SingleThreadCore' from project 'SingleThreadCore')
    cd /Users/vardy/dev/alanvardy-var-1014-lower-deployment-targets-from-ios-187watchos-265-to-the/SingleThread.xcodeproj
    builtin-SwiftPerFileCompile PendingCompletionLogic.swift

SwiftCompile normal arm64 /Users/vardy/dev/alanvardy-var-1014-lower-deployment-targets-from-ios-187watchos-265-to-the/SingleThreadCore/Sources/SingleThreadCore/PendingCompletionStore.swift (in target 'SingleThreadCore' from project 'SingleThreadCore')
    cd /Users/vardy/dev/alanvardy-var-1014-lower-deployment-targets-from-ios-187watchos-265-to-the/SingleThread.xcodeproj
    builtin-SwiftPerFileCompile PendingCompletionStore.swift

SwiftCompile normal arm64 /Users/vardy/dev/alanvardy-var-1014-lower-deployment-targets-from-ios-187watchos-265-to-the/SingleThreadCore/Sources/SingleThreadCore/PreferenceHolder.swift (in target 'SingleThreadCore' from project 'SingleThreadCore')
    cd /Users/vardy/dev/alanvardy-var-1014-lower-deployment-targets-from-ios-187watchos-265-to-the/SingleThread.xcodeproj
    builtin-SwiftPerFileCompile PreferenceHolder.swift

SwiftCompile normal arm64 /Users/vardy/dev/alanvardy-var-1014-lower-deployment-targets-from-ios-187watchos-265-to-the/SingleThreadCore/Sources/SingleThreadCore/ReminderDateFilter.swift (in target 'SingleThreadCore' from project 'SingleThreadCore')
    cd /Users/vardy/dev/alanvardy-var-1014-lower-deployment-targets-from-ios-187watchos-265-to-the/SingleThread.xcodeproj
    builtin-SwiftPerFileCompile ReminderDateFilter.swift

SwiftCompile normal arm64 Compiling\ ExcludedListStore.swift,\ InMemoryEventStore.swift,\ ListContent.swift,\ LocalizedString+Shared.swift /Users/vardy/dev/alanvardy-var-1014-lower-deployment-targets-from-ios-187watchos-265-to-the/SingleThreadCore/Sources/SingleThreadCore/ExcludedListStore.swift /Users/vardy/dev/alanvardy-var-1014-lower-deployment-targets-from-ios-187watchos-265-to-the/SingleThreadCore/Sources/SingleThreadCore/InMemoryEventStore.swift /Users/vardy/dev/alanvardy-var-1014-lower-deployment-targets-from-ios-187watchos-265-to-the/SingleThreadCore/Sources/SingleThreadCore/ListContent.swift /Users/vardy/dev/alanvardy-var-1014-lower-deployment-targets-from-ios-187watchos-265-to-the/SingleThreadCore/Sources/SingleThreadCore/LocalizedString+Shared.swift (in target 'SingleThreadCore' from project 'SingleThreadCore')

SwiftCompile normal arm64 /Users/vardy/dev/alanvardy-var-1014-lower-deployment-targets-from-ios-187watchos-265-to-the/SingleThreadCore/Sources/SingleThreadCore/ExcludedListStore.swift (in target 'SingleThreadCore' from project 'SingleThreadCore')
    cd /Users/vardy/dev/alanvardy-var-1014-lower-deployment-targets-from-ios-187watchos-265-to-the/SingleThread.xcodeproj
    builtin-SwiftPerFileCompile ExcludedListStore.swift

SwiftCompile normal arm64 /Users/vardy/dev/alanvardy-var-1014-lower-deployment-targets-from-ios-187watchos-265-to-the/SingleThreadCore/Sources/SingleThreadCore/InMemoryEventStore.swift (in target 'SingleThreadCore' from project 'SingleThreadCore')
    cd /Users/vardy/dev/alanvardy-var-1014-lower-deployment-targets-from-ios-187watchos-265-to-the/SingleThread.xcodeproj
    builtin-SwiftPerFileCompile InMemoryEventStore.swift

SwiftCompile normal arm64 /Users/vardy/dev/alanvardy-var-1014-lower-deployment-targets-from-ios-187watchos-265-to-the/SingleThreadCore/Sources/SingleThreadCore/ListContent.swift (in target 'SingleThreadCore' from project 'SingleThreadCore')
    cd /Users/vardy/dev/alanvardy-var-1014-lower-deployment-targets-from-ios-187watchos-265-to-the/SingleThread.xcodeproj
    builtin-SwiftPerFileCompile ListContent.swift

SwiftCompile normal arm64 /Users/vardy/dev/alanvardy-var-1014-lower-deployment-targets-from-ios-187watchos-265-to-the/SingleThreadCore/Sources/SingleThreadCore/LocalizedString+Shared.swift (in target 'SingleThreadCore' from project 'SingleThreadCore')
    cd /Users/vardy/dev/alanvardy-var-1014-lower-deployment-targets-from-ios-187watchos-265-to-the/SingleThread.xcodeproj
    builtin-SwiftPerFileCompile LocalizedString+Shared.swift

SwiftCompile normal arm64 Compiling\ UITestingSeed.swift,\ UndoStore.swift,\ UserNotificationCentering.swift /Users/vardy/dev/alanvardy-var-1014-lower-deployment-targets-from-ios-187watchos-265-to-the/SingleThreadCore/Sources/SingleThreadCore/UITestingSeed.swift /Users/vardy/dev/alanvardy-var-1014-lower-deployment-targets-from-ios-187watchos-265-to-the/SingleThreadCore/Sources/SingleThreadCore/UndoStore.swift /Users/vardy/dev/alanvardy-var-1014-lower-deployment-targets-from-ios-187watchos-265-to-the/SingleThreadCore/Sources/SingleThreadCore/UserNotificationCentering.swift (in target 'SingleThreadCore' from project 'SingleThreadCore')

SwiftCompile normal arm64 /Users/vardy/dev/alanvardy-var-1014-lower-deployment-targets-from-ios-187watchos-265-to-the/SingleThreadCore/Sources/SingleThreadCore/UITestingSeed.swift (in target 'SingleThreadCore' from project 'SingleThreadCore')
    cd /Users/vardy/dev/alanvardy-var-1014-lower-deployment-targets-from-ios-187watchos-265-to-the/SingleThread.xcodeproj
    builtin-SwiftPerFileCompile UITestingSeed.swift

SwiftCompile normal arm64 /Users/vardy/dev/alanvardy-var-1014-lower-deployment-targets-from-ios-187watchos-265-to-the/SingleThreadCore/Sources/SingleThreadCore/UndoStore.swift (in target 'SingleThreadCore' from project 'SingleThreadCore')
    cd /Users/vardy/dev/alanvardy-var-1014-lower-deployment-targets-from-ios-187watchos-265-to-the/SingleThread.xcodeproj
    builtin-SwiftPerFileCompile UndoStore.swift

SwiftCompile normal arm64 /Users/vardy/dev/alanvardy-var-1014-lower-deployment-targets-from-ios-187watchos-265-to-the/SingleThreadCore/Sources/SingleThreadCore/UserNotificationCentering.swift (in target 'SingleThreadCore' from project 'SingleThreadCore')
    cd /Users/vardy/dev/alanvardy-var-1014-lower-deployment-targets-from-ios-187watchos-265-to-the/SingleThread.xcodeproj
    builtin-SwiftPerFileCompile UserNotificationCentering.swift

SwiftCompile normal arm64 Compiling\ ReminderRecurrenceFormatter.swift,\ ReminderSkip.swift,\ ReminderSort.swift,\ ReminderStore.swift /Users/vardy/dev/alanvardy-var-1014-lower-deployment-targets-from-ios-187watchos-265-to-the/SingleThreadCore/Sources/SingleThreadCore/ReminderRecurrenceFormatter.swift /Users/vardy/dev/alanvardy-var-1014-lower-deployment-targets-from-ios-187watchos-265-to-the/SingleThreadCore/Sources/SingleThreadCore/ReminderSkip.swift /Users/vardy/dev/alanvardy-var-1014-lower-deployment-targets-from-ios-187watchos-265-to-the/SingleThreadCore/Sources/SingleThreadCore/ReminderSort.swift /Users/vardy/dev/alanvardy-var-1014-lower-deployment-targets-from-ios-187watchos-265-to-the/SingleThreadCore/Sources/SingleThreadCore/ReminderStore.swift (in target 'SingleThreadCore' from project 'SingleThreadCore')

SwiftCompile normal arm64 /Users/vardy/dev/alanvardy-var-1014-lower-deployment-targets-from-ios-187watchos-265-to-the/SingleThreadCore/Sources/SingleThreadCore/ReminderRecurrenceFormatter.swift (in target 'SingleThreadCore' from project 'SingleThreadCore')
    cd /Users/vardy/dev/alanvardy-var-1014-lower-deployment-targets-from-ios-187watchos-265-to-the/SingleThread.xcodeproj
    builtin-SwiftPerFileCompile ReminderRecurrenceFormatter.swift

SwiftCompile normal arm64 /Users/vardy/dev/alanvardy-var-1014-lower-deployment-targets-from-ios-187watchos-265-to-the/SingleThreadCore/Sources/SingleThreadCore/ReminderSkip.swift (in target 'SingleThreadCore' from project 'SingleThreadCore')
    cd /Users/vardy/dev/alanvardy-var-1014-lower-deployment-targets-from-ios-187watchos-265-to-the/SingleThread.xcodeproj
    builtin-SwiftPerFileCompile ReminderSkip.swift

SwiftCompile normal arm64 /Users/vardy/dev/alanvardy-var-1014-lower-deployment-targets-from-ios-187watchos-265-to-the/SingleThreadCore/Sources/SingleThreadCore/ReminderSort.swift (in target 'SingleThreadCore' from project 'SingleThreadCore')
    cd /Users/vardy/dev/alanvardy-var-1014-lower-deployment-targets-from-ios-187watchos-265-to-the/SingleThread.xcodeproj
    builtin-SwiftPerFileCompile ReminderSort.swift

SwiftCompile normal arm64 /Users/vardy/dev/alanvardy-var-1014-lower-deployment-targets-from-ios-187watchos-265-to-the/SingleThreadCore/Sources/SingleThreadCore/ReminderStore.swift (in target 'SingleThreadCore' from project 'SingleThreadCore')
    cd /Users/vardy/dev/alanvardy-var-1014-lower-deployment-targets-from-ios-187watchos-265-to-the/SingleThread.xcodeproj
    builtin-SwiftPerFileCompile ReminderStore.swift

SwiftEmitModule normal arm64 Emitting\ module\ for\ SingleThreadCore (in target 'SingleThreadCore' from project 'SingleThreadCore')
/Users/vardy/dev/alanvardy-var-1014-lower-deployment-targets-from-ios-187watchos-265-to-the/SingleThreadCore/Sources/SingleThreadCore/EntitlementStore.swift:91:13: warning: 'nonisolated(unsafe)' has no effect on property 'observationTask', consider using 'nonisolated'
 89 |     /// task; the task captures `self` weakly and is only read/written on the
 90 |     /// main actor in normal operation.
 91 |     private nonisolated(unsafe) var observationTask: Task<Void, Never>?
    |             `- warning: 'nonisolated(unsafe)' has no effect on property 'observationTask', consider using 'nonisolated'
 92 | 
 93 |     private func observeTransactionUpdates() async {

SwiftCompile normal arm64 (in target 'SingleThreadCore' from project 'SingleThreadCore')
    cd /Users/vardy/dev/alanvardy-var-1014-lower-deployment-targets-from-ios-187watchos-265-to-the/SingleThread.xcodeproj
    

SwiftCompile normal arm64 Compiling\ ResumptionGate.swift,\ SkipCountStore.swift,\ SkippedReminderSyncService.swift /Users/vardy/dev/alanvardy-var-1014-lower-deployment-targets-from-ios-187watchos-265-to-the/SingleThreadCore/Sources/SingleThreadCore/ResumptionGate.swift /Users/vardy/dev/alanvardy-var-1014-lower-deployment-targets-from-ios-187watchos-265-to-the/SingleThreadCore/Sources/SingleThreadCore/SkipCountStore.swift /Users/vardy/dev/alanvardy-var-1014-lower-deployment-targets-from-ios-187watchos-265-to-the/SingleThreadCore/Sources/SingleThreadCore/SkippedReminderSyncService.swift (in target 'SingleThreadCore' from project 'SingleThreadCore')
/Users/vardy/dev/alanvardy-var-1014-lower-deployment-targets-from-ios-187watchos-265-to-the/SingleThreadCore/Sources/SingleThreadCore/SkippedReminderSyncService.swift:28:40: warning: comparing non-optional value of type 'WCSessionUserInfoTransfer' to 'nil' always returns true
 26 |         @discardableResult
 27 |         public func queueUserInfo(_ userInfo: [String: Any]) -> Bool {
 28 |             transferUserInfo(userInfo) != nil
    |                                        `- warning: comparing non-optional value of type 'WCSessionUserInfoTransfer' to 'nil' always returns true
 29 |         }
 30 |     }

SwiftCompile normal arm64 /Users/vardy/dev/alanvardy-var-1014-lower-deployment-targets-from-ios-187watchos-265-to-the/SingleThreadCore/Sources/SingleThreadCore/ResumptionGate.swift (in target 'SingleThreadCore' from project 'SingleThreadCore')
    cd /Users/vardy/dev/alanvardy-var-1014-lower-deployment-targets-from-ios-187watchos-265-to-the/SingleThread.xcodeproj
    builtin-SwiftPerFileCompile ResumptionGate.swift

SwiftCompile normal arm64 /Users/vardy/dev/alanvardy-var-1014-lower-deployment-targets-from-ios-187watchos-265-to-the/SingleThreadCore/Sources/SingleThreadCore/SkipCountStore.swift (in target 'SingleThreadCore' from project 'SingleThreadCore')
    cd /Users/vardy/dev/alanvardy-var-1014-lower-deployment-targets-from-ios-187watchos-265-to-the/SingleThread.xcodeproj
    builtin-SwiftPerFileCompile SkipCountStore.swift

SwiftCompile normal arm64 /Users/vardy/dev/alanvardy-var-1014-lower-deployment-targets-from-ios-187watchos-265-to-the/SingleThreadCore/Sources/SingleThreadCore/SkippedReminderSyncService.swift (in target 'SingleThreadCore' from project 'SingleThreadCore')
    cd /Users/vardy/dev/alanvardy-var-1014-lower-deployment-targets-from-ios-187watchos-265-to-the/SingleThread.xcodeproj
    builtin-SwiftPerFileCompile SkippedReminderSyncService.swift

SwiftCompile normal arm64 Compiling\ SortOption.swift,\ StaleReminderRechecker.swift,\ TranscriptionAccumulator.swift /Users/vardy/dev/alanvardy-var-1014-lower-deployment-targets-from-ios-187watchos-265-to-the/SingleThreadCore/Sources/SingleThreadCore/SortOption.swift /Users/vardy/dev/alanvardy-var-1014-lower-deployment-targets-from-ios-187watchos-265-to-the/SingleThreadCore/Sources/SingleThreadCore/StaleReminderRechecker.swift /Users/vardy/dev/alanvardy-var-1014-lower-deployment-targets-from-ios-187watchos-265-to-the/SingleThreadCore/Sources/SingleThreadCore/TranscriptionAccumulator.swift (in target 'SingleThreadCore' from project 'SingleThreadCore')

SwiftCompile normal arm64 /Users/vardy/dev/alanvardy-var-1014-lower-deployment-targets-from-ios-187watchos-265-to-the/SingleThreadCore/Sources/SingleThreadCore/SortOption.swift (in target 'SingleThreadCore' from project 'SingleThreadCore')
    cd /Users/vardy/dev/alanvardy-var-1014-lower-deployment-targets-from-ios-187watchos-265-to-the/SingleThread.xcodeproj
    builtin-SwiftPerFileCompile SortOption.swift

SwiftCompile normal arm64 /Users/vardy/dev/alanvardy-var-1014-lower-deployment-targets-from-ios-187watchos-265-to-the/SingleThreadCore/Sources/SingleThreadCore/StaleReminderRechecker.swift (in target 'SingleThreadCore' from project 'SingleThreadCore')
    cd /Users/vardy/dev/alanvardy-var-1014-lower-deployment-targets-from-ios-187watchos-265-to-the/SingleThread.xcodeproj
    builtin-SwiftPerFileCompile StaleReminderRechecker.swift

SwiftCompile normal arm64 /Users/vardy/dev/alanvardy-var-1014-lower-deployment-targets-from-ios-187watchos-265-to-the/SingleThreadCore/Sources/SingleThreadCore/TranscriptionAccumulator.swift (in target 'SingleThreadCore' from project 'SingleThreadCore')
    cd /Users/vardy/dev/alanvardy-var-1014-lower-deployment-targets-from-ios-187watchos-265-to-the/SingleThread.xcodeproj
    builtin-SwiftPerFileCompile TranscriptionAccumulator.swift

SwiftCompile normal arm64 Compiling\ ReminderDeepLink.swift,\ ReminderDictationParser.swift,\ ReminderDisplay.swift,\ ReminderIntents.swift /Users/vardy/dev/alanvardy-var-1014-lower-deployment-targets-from-ios-187watchos-265-to-the/SingleThreadCore/Sources/SingleThreadCore/ReminderDeepLink.swift /Users/vardy/dev/alanvardy-var-1014-lower-deployment-targets-from-ios-187watchos-265-to-the/SingleThreadCore/Sources/SingleThreadCore/ReminderDictationParser.swift /Users/vardy/dev/alanvardy-var-1014-lower-deployment-targets-from-ios-187watchos-265-to-the/SingleThreadCore/Sources/SingleThreadCore/ReminderDisplay.swift /Users/vardy/dev/alanvardy-var-1014-lower-deployment-targets-from-ios-187watchos-265-to-the/SingleThreadCore/Sources/SingleThreadCore/ReminderIntents.swift (in target 'SingleThreadCore' from project 'SingleThreadCore')

SwiftCompile normal arm64 /Users/vardy/dev/alanvardy-var-1014-lower-deployment-targets-from-ios-187watchos-265-to-the/SingleThreadCore/Sources/SingleThreadCore/ReminderDeepLink.swift (in target 'SingleThreadCore' from project 'SingleThreadCore')
    cd /Users/vardy/dev/alanvardy-var-1014-lower-deployment-targets-from-ios-187watchos-265-to-the/SingleThread.xcodeproj
    builtin-SwiftPerFileCompile ReminderDeepLink.swift

SwiftCompile normal arm64 /Users/vardy/dev/alanvardy-var-1014-lower-deployment-targets-from-ios-187watchos-265-to-the/SingleThreadCore/Sources/SingleThreadCore/ReminderDictationParser.swift (in target 'SingleThreadCore' from project 'SingleThreadCore')
    cd /Users/vardy/dev/alanvardy-var-1014-lower-deployment-targets-from-ios-187watchos-265-to-the/SingleThread.xcodeproj
    builtin-SwiftPerFileCompile ReminderDictationParser.swift

SwiftCompile normal arm64 /Users/vardy/dev/alanvardy-var-1014-lower-deployment-targets-from-ios-187watchos-265-to-the/SingleThreadCore/Sources/SingleThreadCore/ReminderDisplay.swift (in target 'SingleThreadCore' from project 'SingleThreadCore')
    cd /Users/vardy/dev/alanvardy-var-1014-lower-deployment-targets-from-ios-187watchos-265-to-the/SingleThread.xcodeproj
    builtin-SwiftPerFileCompile ReminderDisplay.swift

SwiftCompile normal arm64 /Users/vardy/dev/alanvardy-var-1014-lower-deployment-targets-from-ios-187watchos-265-to-the/SingleThreadCore/Sources/SingleThreadCore/ReminderIntents.swift (in target 'SingleThreadCore' from project 'SingleThreadCore')
    cd /Users/vardy/dev/alanvardy-var-1014-lower-deployment-targets-from-ios-187watchos-265-to-the/SingleThread.xcodeproj
    builtin-SwiftPerFileCompile ReminderIntents.swift

SwiftCompile normal arm64 Compiling\ resource_bundle_accessor.swift,\ ActionMenuGate.swift,\ AppGroup.swift,\ AppInfo.swift /Users/vardy/dev/alanvardy-var-1014-lower-deployment-targets-from-ios-187watchos-265-to-the/DerivedData/Build/Intermediates.noindex/SingleThreadCore.build/Debug-watchsimulator/SingleThreadCore-t.build/DerivedSources/resource_bundle_accessor.swift /Users/vardy/dev/alanvardy-var-1014-lower-deployment-targets-from-ios-187watchos-265-to-the/SingleThreadCore/Sources/SingleThreadCore/ActionMenuGate.swift /Users/vardy/dev/alanvardy-var-1014-lower-deployment-targets-from-ios-187watchos-265-to-the/SingleThreadCore/Sources/SingleThreadCore/AppGroup.swift /Users/vardy/dev/alanvardy-var-1014-lower-deployment-targets-from-ios-187watchos-265-to-the/SingleThreadCore/Sources/SingleThreadCore/AppInfo.swift (in target 'SingleThreadCore' from project 'SingleThreadCore')

SwiftCompile normal arm64 /Users/vardy/dev/alanvardy-var-1014-lower-deployment-targets-from-ios-187watchos-265-to-the/DerivedData/Build/Intermediates.noindex/SingleThreadCore.build/Debug-watchsimulator/SingleThreadCore-t.build/DerivedSources/resource_bundle_accessor.swift (in target 'SingleThreadCore' from project 'SingleThreadCore')
    cd /Users/vardy/dev/alanvardy-var-1014-lower-deployment-targets-from-ios-187watchos-265-to-the/SingleThread.xcodeproj
    builtin-SwiftPerFileCompile resource_bundle_accessor.swift

SwiftCompile normal arm64 /Users/vardy/dev/alanvardy-var-1014-lower-deployment-targets-from-ios-187watchos-265-to-the/SingleThreadCore/Sources/SingleThreadCore/ActionMenuGate.swift (in target 'SingleThreadCore' from project 'SingleThreadCore')
    cd /Users/vardy/dev/alanvardy-var-1014-lower-deployment-targets-from-ios-187watchos-265-to-the/SingleThread.xcodeproj
    builtin-SwiftPerFileCompile ActionMenuGate.swift

SwiftCompile normal arm64 /Users/vardy/dev/alanvardy-var-1014-lower-deployment-targets-from-ios-187watchos-265-to-the/SingleThreadCore/Sources/SingleThreadCore/AppGroup.swift (in target 'SingleThreadCore' from project 'SingleThreadCore')
    cd /Users/vardy/dev/alanvardy-var-1014-lower-deployment-targets-from-ios-187watchos-265-to-the/SingleThread.xcodeproj
    builtin-SwiftPerFileCompile AppGroup.swift

SwiftCompile normal arm64 /Users/vardy/dev/alanvardy-var-1014-lower-deployment-targets-from-ios-187watchos-265-to-the/SingleThreadCore/Sources/SingleThreadCore/AppInfo.swift (in target 'SingleThreadCore' from project 'SingleThreadCore')
    cd /Users/vardy/dev/alanvardy-var-1014-lower-deployment-targets-from-ios-187watchos-265-to-the/SingleThread.xcodeproj
    builtin-SwiftPerFileCompile AppInfo.swift

SwiftCompile normal arm64 Compiling\ CompletionCounterStore.swift,\ CompletionGlow.swift,\ CompletionMomentumOverlay.swift,\ DailyCompletionStore.swift /Users/vardy/dev/alanvardy-var-1014-lower-deployment-targets-from-ios-187watchos-265-to-the/SingleThreadCore/Sources/SingleThreadCore/CompletionCounterStore.swift /Users/vardy/dev/alanvardy-var-1014-lower-deployment-targets-from-ios-187watchos-265-to-the/SingleThreadCore/Sources/SingleThreadCore/CompletionGlow.swift /Users/vardy/dev/alanvardy-var-1014-lower-deployment-targets-from-ios-187watchos-265-to-the/SingleThreadCore/Sources/SingleThreadCore/CompletionMomentumOverlay.swift /Users/vardy/dev/alanvardy-var-1014-lower-deployment-targets-from-ios-187watchos-265-to-the/SingleThreadCore/Sources/SingleThreadCore/DailyCompletionStore.swift (in target 'SingleThreadCore' from project 'SingleThreadCore')

SwiftCompile normal arm64 /Users/vardy/dev/alanvardy-var-1014-lower-deployment-targets-from-ios-187watchos-265-to-the/SingleThreadCore/Sources/SingleThreadCore/CompletionCounterStore.swift (in target 'SingleThreadCore' from project 'SingleThreadCore')
    cd /Users/vardy/dev/alanvardy-var-1014-lower-deployment-targets-from-ios-187watchos-265-to-the/SingleThread.xcodeproj
    builtin-SwiftPerFileCompile CompletionCounterStore.swift

SwiftCompile normal arm64 /Users/vardy/dev/alanvardy-var-1014-lower-deployment-targets-from-ios-187watchos-265-to-the/SingleThreadCore/Sources/SingleThreadCore/CompletionGlow.swift (in target 'SingleThreadCore' from project 'SingleThreadCore')
    cd /Users/vardy/dev/alanvardy-var-1014-lower-deployment-targets-from-ios-187watchos-265-to-the/SingleThread.xcodeproj
    builtin-SwiftPerFileCompile CompletionGlow.swift

SwiftCompile normal arm64 /Users/vardy/dev/alanvardy-var-1014-lower-deployment-targets-from-ios-187watchos-265-to-the/SingleThreadCore/Sources/SingleThreadCore/CompletionMomentumOverlay.swift (in target 'SingleThreadCore' from project 'SingleThreadCore')
    cd /Users/vardy/dev/alanvardy-var-1014-lower-deployment-targets-from-ios-187watchos-265-to-the/SingleThread.xcodeproj
    builtin-SwiftPerFileCompile CompletionMomentumOverlay.swift

SwiftCompile normal arm64 /Users/vardy/dev/alanvardy-var-1014-lower-deployment-targets-from-ios-187watchos-265-to-the/SingleThreadCore/Sources/SingleThreadCore/DailyCompletionStore.swift (in target 'SingleThreadCore' from project 'SingleThreadCore')
    cd /Users/vardy/dev/alanvardy-var-1014-lower-deployment-targets-from-ios-187watchos-265-to-the/SingleThread.xcodeproj
    builtin-SwiftPerFileCompile DailyCompletionStore.swift

SwiftCompile normal arm64 Compiling\ EntitlementState.swift,\ EntitlementStore.swift,\ EventKitStoring.swift,\ EventStoreChangedObserver.swift /Users/vardy/dev/alanvardy-var-1014-lower-deployment-targets-from-ios-187watchos-265-to-the/SingleThreadCore/Sources/SingleThreadCore/EntitlementState.swift /Users/vardy/dev/alanvardy-var-1014-lower-deployment-targets-from-ios-187watchos-265-to-the/SingleThreadCore/Sources/SingleThreadCore/EntitlementStore.swift /Users/vardy/dev/alanvardy-var-1014-lower-deployment-targets-from-ios-187watchos-265-to-the/SingleThreadCore/Sources/SingleThreadCore/EventKitStoring.swift /Users/vardy/dev/alanvardy-var-1014-lower-deployment-targets-from-ios-187watchos-265-to-the/SingleThreadCore/Sources/SingleThreadCore/EventStoreChangedObserver.swift (in target 'SingleThreadCore' from project 'SingleThreadCore')

SwiftCompile normal arm64 /Users/vardy/dev/alanvardy-var-1014-lower-deployment-targets-from-ios-187watchos-265-to-the/SingleThreadCore/Sources/SingleThreadCore/EntitlementState.swift (in target 'SingleThreadCore' from project 'SingleThreadCore')
    cd /Users/vardy/dev/alanvardy-var-1014-lower-deployment-targets-from-ios-187watchos-265-to-the/SingleThread.xcodeproj
    builtin-SwiftPerFileCompile EntitlementState.swift

SwiftCompile normal arm64 /Users/vardy/dev/alanvardy-var-1014-lower-deployment-targets-from-ios-187watchos-265-to-the/SingleThreadCore/Sources/SingleThreadCore/EntitlementStore.swift (in target 'SingleThreadCore' from project 'SingleThreadCore')
    cd /Users/vardy/dev/alanvardy-var-1014-lower-deployment-targets-from-ios-187watchos-265-to-the/SingleThread.xcodeproj
    builtin-SwiftPerFileCompile EntitlementStore.swift

SwiftCompile normal arm64 /Users/vardy/dev/alanvardy-var-1014-lower-deployment-targets-from-ios-187watchos-265-to-the/SingleThreadCore/Sources/SingleThreadCore/EventKitStoring.swift (in target 'SingleThreadCore' from project 'SingleThreadCore')
    cd /Users/vardy/dev/alanvardy-var-1014-lower-deployment-targets-from-ios-187watchos-265-to-the/SingleThread.xcodeproj
    builtin-SwiftPerFileCompile EventKitStoring.swift

SwiftCompile normal arm64 /Users/vardy/dev/alanvardy-var-1014-lower-deployment-targets-from-ios-187watchos-265-to-the/SingleThreadCore/Sources/SingleThreadCore/EventStoreChangedObserver.swift (in target 'SingleThreadCore' from project 'SingleThreadCore')
    cd /Users/vardy/dev/alanvardy-var-1014-lower-deployment-targets-from-ios-187watchos-265-to-the/SingleThread.xcodeproj
    builtin-SwiftPerFileCompile EventStoreChangedObserver.swift

/Users/vardy/dev/alanvardy-var-1014-lower-deployment-targets-from-ios-187watchos-265-to-the/SingleThreadCore/Sources/SingleThreadCore/EntitlementStore.swift:91:13: warning: 'nonisolated(unsafe)' has no effect on property 'observationTask', consider using 'nonisolated'
 89 |     /// task; the task captures `self` weakly and is only read/written on the
 90 |     /// main actor in normal operation.
 91 |     private nonisolated(unsafe) var observationTask: Task<Void, Never>?
    |             `- warning: 'nonisolated(unsafe)' has no effect on property 'observationTask', consider using 'nonisolated'
 92 | 
 93 |     private func observeTransactionUpdates() async {
SwiftExplicitDependencyGeneratePcm arm64 /Users/vardy/dev/alanvardy-var-1014-lower-deployment-targets-from-ios-187watchos-265-to-the/DerivedData/SDKExplicitPrecompiledModules/SwiftUI-8CGU039DNMYG3NP81CRITQQES.pcm

SwiftExplicitDependencyGeneratePcm x86_64 /Users/vardy/dev/alanvardy-var-1014-lower-deployment-targets-from-ios-187watchos-265-to-the/DerivedData/SDKExplicitPrecompiledModules/SwiftUI-5LLSSV64OVIT78BOZE390M3T2.pcm

SwiftExplicitDependencyGeneratePcm arm64 /Users/vardy/dev/alanvardy-var-1014-lower-deployment-targets-from-ios-187watchos-265-to-the/DerivedData/SDKExplicitPrecompiledModules/StoreKit-5BWC18GUWT0KSQGZ2I79JN8EV.pcm

SwiftEmitModule normal x86_64 Emitting\ module\ for\ SingleThreadCore (in target 'SingleThreadCore' from project 'SingleThreadCore')
/Users/vardy/dev/alanvardy-var-1014-lower-deployment-targets-from-ios-187watchos-265-to-the/SingleThreadCore/Sources/SingleThreadCore/EntitlementStore.swift:91:13: warning: 'nonisolated(unsafe)' has no effect on property 'observationTask', consider using 'nonisolated'
 89 |     /// task; the task captures `self` weakly and is only read/written on the
 90 |     /// main actor in normal operation.
 91 |     private nonisolated(unsafe) var observationTask: Task<Void, Never>?
    |             `- warning: 'nonisolated(unsafe)' has no effect on property 'observationTask', consider using 'nonisolated'
 92 | 
 93 |     private func observeTransactionUpdates() async {

SwiftCompile normal x86_64 (in target 'SingleThreadCore' from project 'SingleThreadCore')
    cd /Users/vardy/dev/alanvardy-var-1014-lower-deployment-targets-from-ios-187watchos-265-to-the/SingleThread.xcodeproj
    

SwiftEmitModule normal arm64 Emitting\ module\ for\ SingleThreadCore (in target 'SingleThreadCore' from project 'SingleThreadCore')
/Users/vardy/dev/alanvardy-var-1014-lower-deployment-targets-from-ios-187watchos-265-to-the/SingleThreadCore/Sources/SingleThreadCore/EntitlementStore.swift:91:13: warning: 'nonisolated(unsafe)' has no effect on property 'observationTask', consider using 'nonisolated'
 89 |     /// task; the task captures `self` weakly and is only read/written on the
 90 |     /// main actor in normal operation.
 91 |     private nonisolated(unsafe) var observationTask: Task<Void, Never>?
    |             `- warning: 'nonisolated(unsafe)' has no effect on property 'observationTask', consider using 'nonisolated'
 92 | 
 93 |     private func observeTransactionUpdates() async {

SwiftCompile normal arm64 (in target 'SingleThreadCore' from project 'SingleThreadCore')
    cd /Users/vardy/dev/alanvardy-var-1014-lower-deployment-targets-from-ios-187watchos-265-to-the/SingleThread.xcodeproj
    

SwiftDriverJobDiscovery normal arm64 Emitting module for SingleThreadCore (in target 'SingleThreadCore' from project 'SingleThreadCore')

SwiftDriver\ Compilation\ Requirements SingleThreadCore normal arm64 com.apple.xcode.tools.swift.compiler (in target 'SingleThreadCore' from project 'SingleThreadCore')
    cd /Users/vardy/dev/alanvardy-var-1014-lower-deployment-targets-from-ios-187watchos-265-to-the/SingleThread.xcodeproj
    builtin-Swift-Compilation-Requirements -- /Applications/Xcode.app/Contents/Developer/Toolchains/XcodeDefault.xctoolchain/usr/bin/swiftc -parse-as-library -module-name SingleThreadCore -Onone @/Users/vardy/dev/alanvardy-var-1014-lower-deployment-targets-from-ios-187watchos-265-to-the/DerivedData/Build/Intermediates.noindex/SingleThreadCore.build/Debug-watchsimulator/SingleThreadCore-t.build/Objects-normal/arm64/SingleThreadCore.SwiftFileList -DSWIFT_PACKAGE -DDEBUG -DSWIFT_MODULE_RESOURCE_BUNDLE_AVAILABLE -DXcode -plugin-path /Applications/Xcode.app/Contents/Developer/Toolchains/XcodeDefault.xctoolchain/usr/lib/swift/host/plugins/testing -enable-experimental-feature DebugDescriptionMacro -sdk /Applications/Xcode.app/Contents/Developer/Platforms/WatchSimulator.platform/Developer/SDKs/WatchSimulator27.0.sdk -target arm64-apple-watchos11.0-simulator -g -module-cache-path /Users/vardy/dev/alanvardy-var-1014-lower-deployment-targets-from-ios-187watchos-265-to-the/DerivedData/ModuleCache.noindex -Xfrontend -serialize-debugging-options -profile-coverage-mapping -profile-generate -enable-testing -index-store-path /Users/vardy/dev/alanvardy-var-1014-lower-deployment-targets-from-ios-187watchos-265-to-the/DerivedData/Index.noindex/DataStore -Xcc -D_LIBCPP_HARDENING_MODE\=_LIBCPP_HARDENING_MODE_DEBUG -swift-version 6 -I /Users/vardy/dev/alanvardy-var-1014-lower-deployment-targets-from-ios-187watchos-265-to-the/DerivedData/Build/Products/Debug-watchsimulator -Isystem /Applications/Xcode.app/Contents/Developer/Platforms/WatchSimulator.platform/Developer/usr/lib -F /Users/vardy/dev/alanvardy-var-1014-lower-deployment-targets-from-ios-187watchos-265-to-the/DerivedData/Build/Products/Debug-watchsimulator -F /Applications/Xcode.app/Contents/Developer/Platforms/WatchSimulator.platform/Developer/Library/Frameworks -F /Applications/Xcode.app/Contents/Developer/Platforms/WatchSimulator.platform/Developer/SDKs/WatchSimulator27.0.sdk/Developer/Library/Frameworks -c -j12 -enable-batch-mode -incremental -Xcc -ivfsstatcache -Xcc /Users/vardy/dev/alanvardy-var-1014-lower-deployment-targets-from-ios-187watchos-265-to-the/DerivedData/SDKStatCaches.noindex/watchsimulator27.0-24R360-c50668d93734557a32a78b937f5ceaf1.sdkstatcache -output-file-map /Users/vardy/dev/alanvardy-var-1014-lower-deployment-targets-from-ios-187watchos-265-to-the/DerivedData/Build/Intermediates.noindex/SingleThreadCore.build/Debug-watchsimulator/SingleThreadCore-t.build/Objects-normal/arm64/SingleThreadCore-OutputFileMap.json -save-temps -no-color-diagnostics -explicit-module-build -module-cache-path /Users/vardy/dev/alanvardy-var-1014-lower-deployment-targets-from-ios-187watchos-265-to-the/DerivedData/Build/Intermediates.noindex/SwiftExplicitPrecompiledModules -clang-scanner-module-cache-path /Users/vardy/dev/alanvardy-var-1014-lower-deployment-targets-from-ios-187watchos-265-to-the/DerivedData/ModuleCache.noindex -sdk-module-cache-path /Users/vardy/dev/alanvardy-var-1014-lower-deployment-targets-from-ios-187watchos-265-to-the/DerivedData/SDKExplicitPrecompiledModules -emit-dependencies -emit-module -emit-module-path /Users/vardy/dev/alanvardy-var-1014-lower-deployment-targets-from-ios-187watchos-265-to-the/DerivedData/Build/Intermediates.noindex/SingleThreadCore.build/Debug-watchsimulator/SingleThreadCore-t.build/Objects-normal/arm64/SingleThreadCore.swiftmodule -serialize-diagnostics -dependency-scan-serialize-diagnostics-path /Users/vardy/dev/alanvardy-var-1014-lower-deployment-targets-from-ios-187watchos-265-to-the/DerivedData/Build/Intermediates.noindex/SingleThreadCore.build/Debug-watchsimulator/SingleThreadCore-t.build/Objects-normal/arm64/SingleThreadCore-dependency-scan.dia -validate-clang-modules-once -clang-build-session-file /Users/vardy/dev/alanvardy-var-1014-lower-deployment-targets-from-ios-187watchos-265-to-the/DerivedData/ModuleCache.noindex/Session.modulevalidation -Xcc -fmodules-prune-interval\=86400 -Xcc -fmodules-prune-after\=345600 -package-name singlethreadcore -emit-const-values -const-gather-protocols-list /Users/vardy/dev/alanvardy-var-1014-lower-deployment-targets-from-ios-187watchos-265-to-the/DerivedData/Build/Intermediates.noindex/SingleThreadCore.build/Debug-watchsimulator/SingleThreadCore-t.build/Objects-normal/arm64/SingleThreadCore_const_extract_protocols.json -Xcc -I/Users/vardy/dev/alanvardy-var-1014-lower-deployment-targets-from-ios-187watchos-265-to-the/DerivedData/Build/Products/Debug-watchsimulator/include -Xcc -I/Users/vardy/dev/alanvardy-var-1014-lower-deployment-targets-from-ios-187watchos-265-to-the/DerivedData/Build/Intermediates.noindex/SingleThreadCore.build/Debug-watchsimulator/SingleThreadCore-t.build/DerivedSources-normal/arm64 -Xcc -I/Users/vardy/dev/alanvardy-var-1014-lower-deployment-targets-from-ios-187watchos-265-to-the/DerivedData/Build/Intermediates.noindex/SingleThreadCore.build/Debug-watchsimulator/SingleThreadCore-t.build/DerivedSources/arm64 -Xcc -I/Users/vardy/dev/alanvardy-var-1014-lower-deployment-targets-from-ios-187watchos-265-to-the/DerivedData/Build/Intermediates.noindex/SingleThreadCore.build/Debug-watchsimulator/SingleThreadCore-t.build/DerivedSources -Xcc -DSWIFT_PACKAGE -Xcc -DDEBUG\=1 -emit-objc-header -emit-objc-header-path /Users/vardy/dev/alanvardy-var-1014-lower-deployment-targets-from-ios-187watchos-265-to-the/DerivedData/Build/Intermediates.noindex/SingleThreadCore.build/Debug-watchsimulator/SingleThreadCore-t.build/Objects-normal/arm64/SingleThreadCore-Swift.h -working-directory /Users/vardy/dev/alanvardy-var-1014-lower-deployment-targets-from-ios-187watchos-265-to-the/SingleThread.xcodeproj -experimental-emit-module-separately -disable-cmo

SwiftDriverJobDiscovery normal x86_64 Emitting module for SingleThreadCore (in target 'SingleThreadCore' from project 'SingleThreadCore')

SwiftDriver\ Compilation\ Requirements SingleThreadCore normal x86_64 com.apple.xcode.tools.swift.compiler (in target 'SingleThreadCore' from project 'SingleThreadCore')
    cd /Users/vardy/dev/alanvardy-var-1014-lower-deployment-targets-from-ios-187watchos-265-to-the/SingleThread.xcodeproj
    builtin-Swift-Compilation-Requirements -- /Applications/Xcode.app/Contents/Developer/Toolchains/XcodeDefault.xctoolchain/usr/bin/swiftc -parse-as-library -module-name SingleThreadCore -Onone @/Users/vardy/dev/alanvardy-var-1014-lower-deployment-targets-from-ios-187watchos-265-to-the/DerivedData/Build/Intermediates.noindex/SingleThreadCore.build/Debug-watchsimulator/SingleThreadCore-t.build/Objects-normal/x86_64/SingleThreadCore.SwiftFileList -DSWIFT_PACKAGE -DDEBUG -DSWIFT_MODULE_RESOURCE_BUNDLE_AVAILABLE -DXcode -plugin-path /Applications/Xcode.app/Contents/Developer/Toolchains/XcodeDefault.xctoolchain/usr/lib/swift/host/plugins/testing -enable-experimental-feature DebugDescriptionMacro -sdk /Applications/Xcode.app/Contents/Developer/Platforms/WatchSimulator.platform/Developer/SDKs/WatchSimulator27.0.sdk -target x86_64-apple-watchos11.0-simulator -g -module-cache-path /Users/vardy/dev/alanvardy-var-1014-lower-deployment-targets-from-ios-187watchos-265-to-the/DerivedData/ModuleCache.noindex -Xfrontend -serialize-debugging-options -profile-coverage-mapping -profile-generate -enable-testing -index-store-path /Users/vardy/dev/alanvardy-var-1014-lower-deployment-targets-from-ios-187watchos-265-to-the/DerivedData/Index.noindex/DataStore -Xcc -D_LIBCPP_HARDENING_MODE\=_LIBCPP_HARDENING_MODE_DEBUG -swift-version 6 -I /Users/vardy/dev/alanvardy-var-1014-lower-deployment-targets-from-ios-187watchos-265-to-the/DerivedData/Build/Products/Debug-watchsimulator -Isystem /Applications/Xcode.app/Contents/Developer/Platforms/WatchSimulator.platform/Developer/usr/lib -F /Users/vardy/dev/alanvardy-var-1014-lower-deployment-targets-from-ios-187watchos-265-to-the/DerivedData/Build/Products/Debug-watchsimulator -F /Applications/Xcode.app/Contents/Developer/Platforms/WatchSimulator.platform/Developer/Library/Frameworks -F /Applications/Xcode.app/Contents/Developer/Platforms/WatchSimulator.platform/Developer/SDKs/WatchSimulator27.0.sdk/Developer/Library/Frameworks -c -j12 -enable-batch-mode -incremental -Xcc -ivfsstatcache -Xcc /Users/vardy/dev/alanvardy-var-1014-lower-deployment-targets-from-ios-187watchos-265-to-the/DerivedData/SDKStatCaches.noindex/watchsimulator27.0-24R360-c50668d93734557a32a78b937f5ceaf1.sdkstatcache -output-file-map /Users/vardy/dev/alanvardy-var-1014-lower-deployment-targets-from-ios-187watchos-265-to-the/DerivedData/Build/Intermediates.noindex/SingleThreadCore.build/Debug-watchsimulator/SingleThreadCore-t.build/Objects-normal/x86_64/SingleThreadCore-OutputFileMap.json -save-temps -no-color-diagnostics -explicit-module-build -module-cache-path /Users/vardy/dev/alanvardy-var-1014-lower-deployment-targets-from-ios-187watchos-265-to-the/DerivedData/Build/Intermediates.noindex/SwiftExplicitPrecompiledModules -clang-scanner-module-cache-path /Users/vardy/dev/alanvardy-var-1014-lower-deployment-targets-from-ios-187watchos-265-to-the/DerivedData/ModuleCache.noindex -sdk-module-cache-path /Users/vardy/dev/alanvardy-var-1014-lower-deployment-targets-from-ios-187watchos-265-to-the/DerivedData/SDKExplicitPrecompiledModules -emit-dependencies -emit-module -emit-module-path /Users/vardy/dev/alanvardy-var-1014-lower-deployment-targets-from-ios-187watchos-265-to-the/DerivedData/Build/Intermediates.noindex/SingleThreadCore.build/Debug-watchsimulator/SingleThreadCore-t.build/Objects-normal/x86_64/SingleThreadCore.swiftmodule -serialize-diagnostics -dependency-scan-serialize-diagnostics-path /Users/vardy/dev/alanvardy-var-1014-lower-deployment-targets-from-ios-187watchos-265-to-the/DerivedData/Build/Intermediates.noindex/SingleThreadCore.build/Debug-watchsimulator/SingleThreadCore-t.build/Objects-normal/x86_64/SingleThreadCore-dependency-scan.dia -validate-clang-modules-once -clang-build-session-file /Users/vardy/dev/alanvardy-var-1014-lower-deployment-targets-from-ios-187watchos-265-to-the/DerivedData/ModuleCache.noindex/Session.modulevalidation -Xcc -fmodules-prune-interval\=86400 -Xcc -fmodules-prune-after\=345600 -package-name singlethreadcore -emit-const-values -const-gather-protocols-list /Users/vardy/dev/alanvardy-var-1014-lower-deployment-targets-from-ios-187watchos-265-to-the/DerivedData/Build/Intermediates.noindex/SingleThreadCore.build/Debug-watchsimulator/SingleThreadCore-t.build/Objects-normal/x86_64/SingleThreadCore_const_extract_protocols.json -Xcc -I/Users/vardy/dev/alanvardy-var-1014-lower-deployment-targets-from-ios-187watchos-265-to-the/DerivedData/Build/Products/Debug-watchsimulator/include -Xcc -I/Users/vardy/dev/alanvardy-var-1014-lower-deployment-targets-from-ios-187watchos-265-to-the/DerivedData/Build/Intermediates.noindex/SingleThreadCore.build/Debug-watchsimulator/SingleThreadCore-t.build/DerivedSources-normal/x86_64 -Xcc -I/Users/vardy/dev/alanvardy-var-1014-lower-deployment-targets-from-ios-187watchos-265-to-the/DerivedData/Build/Intermediates.noindex/SingleThreadCore.build/Debug-watchsimulator/SingleThreadCore-t.build/DerivedSources/x86_64 -Xcc -I/Users/vardy/dev/alanvardy-var-1014-lower-deployment-targets-from-ios-187watchos-265-to-the/DerivedData/Build/Intermediates.noindex/SingleThreadCore.build/Debug-watchsimulator/SingleThreadCore-t.build/DerivedSources -Xcc -DSWIFT_PACKAGE -Xcc -DDEBUG\=1 -emit-objc-header -emit-objc-header-path /Users/vardy/dev/alanvardy-var-1014-lower-deployment-targets-from-ios-187watchos-265-to-the/DerivedData/Build/Intermediates.noindex/SingleThreadCore.build/Debug-watchsimulator/SingleThreadCore-t.build/Objects-normal/x86_64/SingleThreadCore-Swift.h -working-directory /Users/vardy/dev/alanvardy-var-1014-lower-deployment-targets-from-ios-187watchos-265-to-the/SingleThread.xcodeproj -experimental-emit-module-separately -disable-cmo

SwiftCompile normal x86_64 Compiling\ resource_bundle_accessor.swift,\ ActionMenuGate.swift,\ AppGroup.swift,\ AppInfo.swift /Users/vardy/dev/alanvardy-var-1014-lower-deployment-targets-from-ios-187watchos-265-to-the/DerivedData/Build/Intermediates.noindex/SingleThreadCore.build/Debug-watchsimulator/SingleThreadCore-t.build/DerivedSources/resource_bundle_accessor.swift /Users/vardy/dev/alanvardy-var-1014-lower-deployment-targets-from-ios-187watchos-265-to-the/SingleThreadCore/Sources/SingleThreadCore/ActionMenuGate.swift /Users/vardy/dev/alanvardy-var-1014-lower-deployment-targets-from-ios-187watchos-265-to-the/SingleThreadCore/Sources/SingleThreadCore/AppGroup.swift /Users/vardy/dev/alanvardy-var-1014-lower-deployment-targets-from-ios-187watchos-265-to-the/SingleThreadCore/Sources/SingleThreadCore/AppInfo.swift (in target 'SingleThreadCore' from project 'SingleThreadCore')

SwiftCompile normal x86_64 /Users/vardy/dev/alanvardy-var-1014-lower-deployment-targets-from-ios-187watchos-265-to-the/DerivedData/Build/Intermediates.noindex/SingleThreadCore.build/Debug-watchsimulator/SingleThreadCore-t.build/DerivedSources/resource_bundle_accessor.swift (in target 'SingleThreadCore' from project 'SingleThreadCore')
    cd /Users/vardy/dev/alanvardy-var-1014-lower-deployment-targets-from-ios-187watchos-265-to-the/SingleThread.xcodeproj
    builtin-SwiftPerFileCompile resource_bundle_accessor.swift

SwiftCompile normal x86_64 /Users/vardy/dev/alanvardy-var-1014-lower-deployment-targets-from-ios-187watchos-265-to-the/SingleThreadCore/Sources/SingleThreadCore/ActionMenuGate.swift (in target 'SingleThreadCore' from project 'SingleThreadCore')
    cd /Users/vardy/dev/alanvardy-var-1014-lower-deployment-targets-from-ios-187watchos-265-to-the/SingleThread.xcodeproj
    builtin-SwiftPerFileCompile ActionMenuGate.swift

SwiftCompile normal x86_64 /Users/vardy/dev/alanvardy-var-1014-lower-deployment-targets-from-ios-187watchos-265-to-the/SingleThreadCore/Sources/SingleThreadCore/AppGroup.swift (in target 'SingleThreadCore' from project 'SingleThreadCore')
    cd /Users/vardy/dev/alanvardy-var-1014-lower-deployment-targets-from-ios-187watchos-265-to-the/SingleThread.xcodeproj
    builtin-SwiftPerFileCompile AppGroup.swift

SwiftCompile normal x86_64 /Users/vardy/dev/alanvardy-var-1014-lower-deployment-targets-from-ios-187watchos-265-to-the/SingleThreadCore/Sources/SingleThreadCore/AppInfo.swift (in target 'SingleThreadCore' from project 'SingleThreadCore')
    cd /Users/vardy/dev/alanvardy-var-1014-lower-deployment-targets-from-ios-187watchos-265-to-the/SingleThread.xcodeproj
    builtin-SwiftPerFileCompile AppInfo.swift

SwiftMergeGeneratedHeaders /Users/vardy/dev/alanvardy-var-1014-lower-deployment-targets-from-ios-187watchos-265-to-the/DerivedData/Build/Intermediates.noindex/GeneratedModuleMaps-watchsimulator/SingleThreadCore-Swift.h /Users/vardy/dev/alanvardy-var-1014-lower-deployment-targets-from-ios-187watchos-265-to-the/DerivedData/Build/Intermediates.noindex/SingleThreadCore.build/Debug-watchsimulator/SingleThreadCore-t.build/Objects-normal/arm64/SingleThreadCore-Swift.h /Users/vardy/dev/alanvardy-var-1014-lower-deployment-targets-from-ios-187watchos-265-to-the/DerivedData/Build/Intermediates.noindex/SingleThreadCore.build/Debug-watchsimulator/SingleThreadCore-t.build/Objects-normal/x86_64/SingleThreadCore-Swift.h (in target 'SingleThreadCore' from project 'SingleThreadCore')
    cd /Users/vardy/dev/alanvardy-var-1014-lower-deployment-targets-from-ios-187watchos-265-to-the/SingleThreadCore
    builtin-swiftHeaderTool -arch arm64 /Users/vardy/dev/alanvardy-var-1014-lower-deployment-targets-from-ios-187watchos-265-to-the/DerivedData/Build/Intermediates.noindex/SingleThreadCore.build/Debug-watchsimulator/SingleThreadCore-t.build/Objects-normal/arm64/SingleThreadCore-Swift.h -arch x86_64 /Users/vardy/dev/alanvardy-var-1014-lower-deployment-targets-from-ios-187watchos-265-to-the/DerivedData/Build/Intermediates.noindex/SingleThreadCore.build/Debug-watchsimulator/SingleThreadCore-t.build/Objects-normal/x86_64/SingleThreadCore-Swift.h -o /Users/vardy/dev/alanvardy-var-1014-lower-deployment-targets-from-ios-187watchos-265-to-the/DerivedData/Build/Intermediates.noindex/GeneratedModuleMaps-watchsimulator/SingleThreadCore-Swift.h

SwiftDriverJobDiscovery normal arm64 Compiling SortOption.swift, StaleReminderRechecker.swift, TranscriptionAccumulator.swift (in target 'SingleThreadCore' from project 'SingleThreadCore')

Copy /Users/vardy/dev/alanvardy-var-1014-lower-deployment-targets-from-ios-187watchos-265-to-the/DerivedData/Build/Products/Debug-watchsimulator/SingleThreadCore.swiftmodule/x86_64-apple-watchos-simulator.swiftmodule /Users/vardy/dev/alanvardy-var-1014-lower-deployment-targets-from-ios-187watchos-265-to-the/DerivedData/Build/Intermediates.noindex/SingleThreadCore.build/Debug-watchsimulator/SingleThreadCore-t.build/Objects-normal/x86_64/SingleThreadCore.swiftmodule (in target 'SingleThreadCore' from project 'SingleThreadCore')
    cd /Users/vardy/dev/alanvardy-var-1014-lower-deployment-targets-from-ios-187watchos-265-to-the/SingleThreadCore
    builtin-copy -exclude .DS_Store -exclude CVS -exclude .svn -exclude .git -exclude .hg -resolve-src-symlinks -rename /Users/vardy/dev/alanvardy-var-1014-lower-deployment-targets-from-ios-187watchos-265-to-the/DerivedData/Build/Intermediates.noindex/SingleThreadCore.build/Debug-watchsimulator/SingleThreadCore-t.build/Objects-normal/x86_64/SingleThreadCore.swiftmodule /Users/vardy/dev/alanvardy-var-1014-lower-deployment-targets-from-ios-187watchos-265-to-the/DerivedData/Build/Products/Debug-watchsimulator/SingleThreadCore.swiftmodule/x86_64-apple-watchos-simulator.swiftmodule

Copy /Users/vardy/dev/alanvardy-var-1014-lower-deployment-targets-from-ios-187watchos-265-to-the/DerivedData/Build/Products/Debug-watchsimulator/SingleThreadCore.swiftmodule/x86_64-apple-watchos-simulator.swiftdoc /Users/vardy/dev/alanvardy-var-1014-lower-deployment-targets-from-ios-187watchos-265-to-the/DerivedData/Build/Intermediates.noindex/SingleThreadCore.build/Debug-watchsimulator/SingleThreadCore-t.build/Objects-normal/x86_64/SingleThreadCore.swiftdoc (in target 'SingleThreadCore' from project 'SingleThreadCore')
    cd /Users/vardy/dev/alanvardy-var-1014-lower-deployment-targets-from-ios-187watchos-265-to-the/SingleThreadCore
    builtin-copy -exclude .DS_Store -exclude CVS -exclude .svn -exclude .git -exclude .hg -resolve-src-symlinks -rename /Users/vardy/dev/alanvardy-var-1014-lower-deployment-targets-from-ios-187watchos-265-to-the/DerivedData/Build/Intermediates.noindex/SingleThreadCore.build/Debug-watchsimulator/SingleThreadCore-t.build/Objects-normal/x86_64/SingleThreadCore.swiftdoc /Users/vardy/dev/alanvardy-var-1014-lower-deployment-targets-from-ios-187watchos-265-to-the/DerivedData/Build/Products/Debug-watchsimulator/SingleThreadCore.swiftmodule/x86_64-apple-watchos-simulator.swiftdoc

SwiftDriverJobDiscovery normal arm64 Compiling resource_bundle_accessor.swift, ActionMenuGate.swift, AppGroup.swift, AppInfo.swift (in target 'SingleThreadCore' from project 'SingleThreadCore')

Copy /Users/vardy/dev/alanvardy-var-1014-lower-deployment-targets-from-ios-187watchos-265-to-the/DerivedData/Build/Products/Debug-watchsimulator/SingleThreadCore.swiftmodule/x86_64-apple-watchos-simulator.abi.json /Users/vardy/dev/alanvardy-var-1014-lower-deployment-targets-from-ios-187watchos-265-to-the/DerivedData/Build/Intermediates.noindex/SingleThreadCore.build/Debug-watchsimulator/SingleThreadCore-t.build/Objects-normal/x86_64/SingleThreadCore.abi.json (in target 'SingleThreadCore' from project 'SingleThreadCore')
    cd /Users/vardy/dev/alanvardy-var-1014-lower-deployment-targets-from-ios-187watchos-265-to-the/SingleThreadCore
    builtin-copy -exclude .DS_Store -exclude CVS -exclude .svn -exclude .git -exclude .hg -resolve-src-symlinks -rename /Users/vardy/dev/alanvardy-var-1014-lower-deployment-targets-from-ios-187watchos-265-to-the/DerivedData/Build/Intermediates.noindex/SingleThreadCore.build/Debug-watchsimulator/SingleThreadCore-t.build/Objects-normal/x86_64/SingleThreadCore.abi.json /Users/vardy/dev/alanvardy-var-1014-lower-deployment-targets-from-ios-187watchos-265-to-the/DerivedData/Build/Products/Debug-watchsimulator/SingleThreadCore.swiftmodule/x86_64-apple-watchos-simulator.abi.json

Copy /Users/vardy/dev/alanvardy-var-1014-lower-deployment-targets-from-ios-187watchos-265-to-the/DerivedData/Build/Products/Debug-watchsimulator/SingleThreadCore.swiftmodule/arm64-apple-watchos-simulator.swiftmodule /Users/vardy/dev/alanvardy-var-1014-lower-deployment-targets-from-ios-187watchos-265-to-the/DerivedData/Build/Intermediates.noindex/SingleThreadCore.build/Debug-watchsimulator/SingleThreadCore-t.build/Objects-normal/arm64/SingleThreadCore.swiftmodule (in target 'SingleThreadCore' from project 'SingleThreadCore')
    cd /Users/vardy/dev/alanvardy-var-1014-lower-deployment-targets-from-ios-187watchos-265-to-the/SingleThreadCore
    builtin-copy -exclude .DS_Store -exclude CVS -exclude .svn -exclude .git -exclude .hg -resolve-src-symlinks -rename /Users/vardy/dev/alanvardy-var-1014-lower-deployment-targets-from-ios-187watchos-265-to-the/DerivedData/Build/Intermediates.noindex/SingleThreadCore.build/Debug-watchsimulator/SingleThreadCore-t.build/Objects-normal/arm64/SingleThreadCore.swiftmodule /Users/vardy/dev/alanvardy-var-1014-lower-deployment-targets-from-ios-187watchos-265-to-the/DerivedData/Build/Products/Debug-watchsimulator/SingleThreadCore.swiftmodule/arm64-apple-watchos-simulator.swiftmodule

Copy /Users/vardy/dev/alanvardy-var-1014-lower-deployment-targets-from-ios-187watchos-265-to-the/DerivedData/Build/Products/Debug-watchsimulator/SingleThreadCore.swiftmodule/arm64-apple-watchos-simulator.swiftdoc /Users/vardy/dev/alanvardy-var-1014-lower-deployment-targets-from-ios-187watchos-265-to-the/DerivedData/Build/Intermediates.noindex/SingleThreadCore.build/Debug-watchsimulator/SingleThreadCore-t.build/Objects-normal/arm64/SingleThreadCore.swiftdoc (in target 'SingleThreadCore' from project 'SingleThreadCore')
    cd /Users/vardy/dev/alanvardy-var-1014-lower-deployment-targets-from-ios-187watchos-265-to-the/SingleThreadCore
    builtin-copy -exclude .DS_Store -exclude CVS -exclude .svn -exclude .git -exclude .hg -resolve-src-symlinks -rename /Users/vardy/dev/alanvardy-var-1014-lower-deployment-targets-from-ios-187watchos-265-to-the/DerivedData/Build/Intermediates.noindex/SingleThreadCore.build/Debug-watchsimulator/SingleThreadCore-t.build/Objects-normal/arm64/SingleThreadCore.swiftdoc /Users/vardy/dev/alanvardy-var-1014-lower-deployment-targets-from-ios-187watchos-265-to-the/DerivedData/Build/Products/Debug-watchsimulator/SingleThreadCore.swiftmodule/arm64-apple-watchos-simulator.swiftdoc

Copy /Users/vardy/dev/alanvardy-var-1014-lower-deployment-targets-from-ios-187watchos-265-to-the/DerivedData/Build/Products/Debug-watchsimulator/SingleThreadCore.swiftmodule/arm64-apple-watchos-simulator.abi.json /Users/vardy/dev/alanvardy-var-1014-lower-deployment-targets-from-ios-187watchos-265-to-the/DerivedData/Build/Intermediates.noindex/SingleThreadCore.build/Debug-watchsimulator/SingleThreadCore-t.build/Objects-normal/arm64/SingleThreadCore.abi.json (in target 'SingleThreadCore' from project 'SingleThreadCore')
    cd /Users/vardy/dev/alanvardy-var-1014-lower-deployment-targets-from-ios-187watchos-265-to-the/SingleThreadCore
    builtin-copy -exclude .DS_Store -exclude CVS -exclude .svn -exclude .git -exclude .hg -resolve-src-symlinks -rename /Users/vardy/dev/alanvardy-var-1014-lower-deployment-targets-from-ios-187watchos-265-to-the/DerivedData/Build/Intermediates.noindex/SingleThreadCore.build/Debug-watchsimulator/SingleThreadCore-t.build/Objects-normal/arm64/SingleThreadCore.abi.json /Users/vardy/dev/alanvardy-var-1014-lower-deployment-targets-from-ios-187watchos-265-to-the/DerivedData/Build/Products/Debug-watchsimulator/SingleThreadCore.swiftmodule/arm64-apple-watchos-simulator.abi.json

Copy /Users/vardy/dev/alanvardy-var-1014-lower-deployment-targets-from-ios-187watchos-265-to-the/DerivedData/Build/Products/Debug-watchsimulator/SingleThreadCore.swiftmodule/Project/x86_64-apple-watchos-simulator.swiftsourceinfo /Users/vardy/dev/alanvardy-var-1014-lower-deployment-targets-from-ios-187watchos-265-to-the/DerivedData/Build/Intermediates.noindex/SingleThreadCore.build/Debug-watchsimulator/SingleThreadCore-t.build/Objects-normal/x86_64/SingleThreadCore.swiftsourceinfo (in target 'SingleThreadCore' from project 'SingleThreadCore')
    cd /Users/vardy/dev/alanvardy-var-1014-lower-deployment-targets-from-ios-187watchos-265-to-the/SingleThreadCore
    builtin-copy -exclude .DS_Store -exclude CVS -exclude .svn -exclude .git -exclude .hg -resolve-src-symlinks -rename /Users/vardy/dev/alanvardy-var-1014-lower-deployment-targets-from-ios-187watchos-265-to-the/DerivedData/Build/Intermediates.noindex/SingleThreadCore.build/Debug-watchsimulator/SingleThreadCore-t.build/Objects-normal/x86_64/SingleThreadCore.swiftsourceinfo /Users/vardy/dev/alanvardy-var-1014-lower-deployment-targets-from-ios-187watchos-265-to-the/DerivedData/Build/Products/Debug-watchsimulator/SingleThreadCore.swiftmodule/Project/x86_64-apple-watchos-simulator.swiftsourceinfo

Copy /Users/vardy/dev/alanvardy-var-1014-lower-deployment-targets-from-ios-187watchos-265-to-the/DerivedData/Build/Products/Debug-watchsimulator/SingleThreadCore.swiftmodule/Project/arm64-apple-watchos-simulator.swiftsourceinfo /Users/vardy/dev/alanvardy-var-1014-lower-deployment-targets-from-ios-187watchos-265-to-the/DerivedData/Build/Intermediates.noindex/SingleThreadCore.build/Debug-watchsimulator/SingleThreadCore-t.build/Objects-normal/arm64/SingleThreadCore.swiftsourceinfo (in target 'SingleThreadCore' from project 'SingleThreadCore')
    cd /Users/vardy/dev/alanvardy-var-1014-lower-deployment-targets-from-ios-187watchos-265-to-the/SingleThreadCore
    builtin-copy -exclude .DS_Store -exclude CVS -exclude .svn -exclude .git -exclude .hg -resolve-src-symlinks -rename /Users/vardy/dev/alanvardy-var-1014-lower-deployment-targets-from-ios-187watchos-265-to-the/DerivedData/Build/Intermediates.noindex/SingleThreadCore.build/Debug-watchsimulator/SingleThreadCore-t.build/Objects-normal/arm64/SingleThreadCore.swiftsourceinfo /Users/vardy/dev/alanvardy-var-1014-lower-deployment-targets-from-ios-187watchos-265-to-the/DerivedData/Build/Products/Debug-watchsimulator/SingleThreadCore.swiftmodule/Project/arm64-apple-watchos-simulator.swiftsourceinfo

SwiftCompile normal x86_64 Compiling\ CompletionCounterStore.swift,\ CompletionGlow.swift,\ CompletionMomentumOverlay.swift,\ DailyCompletionStore.swift /Users/vardy/dev/alanvardy-var-1014-lower-deployment-targets-from-ios-187watchos-265-to-the/SingleThreadCore/Sources/SingleThreadCore/CompletionCounterStore.swift /Users/vardy/dev/alanvardy-var-1014-lower-deployment-targets-from-ios-187watchos-265-to-the/SingleThreadCore/Sources/SingleThreadCore/CompletionGlow.swift /Users/vardy/dev/alanvardy-var-1014-lower-deployment-targets-from-ios-187watchos-265-to-the/SingleThreadCore/Sources/SingleThreadCore/CompletionMomentumOverlay.swift /Users/vardy/dev/alanvardy-var-1014-lower-deployment-targets-from-ios-187watchos-265-to-the/SingleThreadCore/Sources/SingleThreadCore/DailyCompletionStore.swift (in target 'SingleThreadCore' from project 'SingleThreadCore')

SwiftCompile normal x86_64 /Users/vardy/dev/alanvardy-var-1014-lower-deployment-targets-from-ios-187watchos-265-to-the/SingleThreadCore/Sources/SingleThreadCore/CompletionCounterStore.swift (in target 'SingleThreadCore' from project 'SingleThreadCore')
    cd /Users/vardy/dev/alanvardy-var-1014-lower-deployment-targets-from-ios-187watchos-265-to-the/SingleThread.xcodeproj
    builtin-SwiftPerFileCompile CompletionCounterStore.swift

SwiftCompile normal x86_64 /Users/vardy/dev/alanvardy-var-1014-lower-deployment-targets-from-ios-187watchos-265-to-the/SingleThreadCore/Sources/SingleThreadCore/CompletionGlow.swift (in target 'SingleThreadCore' from project 'SingleThreadCore')
    cd /Users/vardy/dev/alanvardy-var-1014-lower-deployment-targets-from-ios-187watchos-265-to-the/SingleThread.xcodeproj
    builtin-SwiftPerFileCompile CompletionGlow.swift

SwiftCompile normal x86_64 /Users/vardy/dev/alanvardy-var-1014-lower-deployment-targets-from-ios-187watchos-265-to-the/SingleThreadCore/Sources/SingleThreadCore/CompletionMomentumOverlay.swift (in target 'SingleThreadCore' from project 'SingleThreadCore')
    cd /Users/vardy/dev/alanvardy-var-1014-lower-deployment-targets-from-ios-187watchos-265-to-the/SingleThread.xcodeproj
    builtin-SwiftPerFileCompile CompletionMomentumOverlay.swift

SwiftCompile normal x86_64 /Users/vardy/dev/alanvardy-var-1014-lower-deployment-targets-from-ios-187watchos-265-to-the/SingleThreadCore/Sources/SingleThreadCore/DailyCompletionStore.swift (in target 'SingleThreadCore' from project 'SingleThreadCore')
    cd /Users/vardy/dev/alanvardy-var-1014-lower-deployment-targets-from-ios-187watchos-265-to-the/SingleThread.xcodeproj
    builtin-SwiftPerFileCompile DailyCompletionStore.swift

SwiftDriverJobDiscovery normal arm64 Compiling CompletionCounterStore.swift, CompletionGlow.swift, CompletionMomentumOverlay.swift, DailyCompletionStore.swift (in target 'SingleThreadCore' from project 'SingleThreadCore')

SwiftCompile normal x86_64 Compiling\ ResumptionGate.swift,\ SkipCountStore.swift,\ SkippedReminderSyncService.swift /Users/vardy/dev/alanvardy-var-1014-lower-deployment-targets-from-ios-187watchos-265-to-the/SingleThreadCore/Sources/SingleThreadCore/ResumptionGate.swift /Users/vardy/dev/alanvardy-var-1014-lower-deployment-targets-from-ios-187watchos-265-to-the/SingleThreadCore/Sources/SingleThreadCore/SkipCountStore.swift /Users/vardy/dev/alanvardy-var-1014-lower-deployment-targets-from-ios-187watchos-265-to-the/SingleThreadCore/Sources/SingleThreadCore/SkippedReminderSyncService.swift (in target 'SingleThreadCore' from project 'SingleThreadCore')

SwiftCompile normal x86_64 /Users/vardy/dev/alanvardy-var-1014-lower-deployment-targets-from-ios-187watchos-265-to-the/SingleThreadCore/Sources/SingleThreadCore/ResumptionGate.swift (in target 'SingleThreadCore' from project 'SingleThreadCore')
    cd /Users/vardy/dev/alanvardy-var-1014-lower-deployment-targets-from-ios-187watchos-265-to-the/SingleThread.xcodeproj
    builtin-SwiftPerFileCompile ResumptionGate.swift

SwiftCompile normal x86_64 /Users/vardy/dev/alanvardy-var-1014-lower-deployment-targets-from-ios-187watchos-265-to-the/SingleThreadCore/Sources/SingleThreadCore/SkipCountStore.swift (in target 'SingleThreadCore' from project 'SingleThreadCore')
    cd /Users/vardy/dev/alanvardy-var-1014-lower-deployment-targets-from-ios-187watchos-265-to-the/SingleThread.xcodeproj
    builtin-SwiftPerFileCompile SkipCountStore.swift

SwiftCompile normal x86_64 /Users/vardy/dev/alanvardy-var-1014-lower-deployment-targets-from-ios-187watchos-265-to-the/SingleThreadCore/Sources/SingleThreadCore/SkippedReminderSyncService.swift (in target 'SingleThreadCore' from project 'SingleThreadCore')
    cd /Users/vardy/dev/alanvardy-var-1014-lower-deployment-targets-from-ios-187watchos-265-to-the/SingleThread.xcodeproj
    builtin-SwiftPerFileCompile SkippedReminderSyncService.swift

/Users/vardy/dev/alanvardy-var-1014-lower-deployment-targets-from-ios-187watchos-265-to-the/SingleThreadCore/Sources/SingleThreadCore/SkippedReminderSyncService.swift:28:40: warning: comparing non-optional value of type 'WCSessionUserInfoTransfer' to 'nil' always returns true
 26 |         @discardableResult
 27 |         public func queueUserInfo(_ userInfo: [String: Any]) -> Bool {
 28 |             transferUserInfo(userInfo) != nil
    |                                        `- warning: comparing non-optional value of type 'WCSessionUserInfoTransfer' to 'nil' always returns true
 29 |         }
 30 |     }
SwiftCompile normal x86_64 Compiling\ MinimumDisplayDuration.swift,\ NotificationPreference.swift,\ NotificationScheduler.swift,\ OrientationPreference.swift /Users/vardy/dev/alanvardy-var-1014-lower-deployment-targets-from-ios-187watchos-265-to-the/SingleThreadCore/Sources/SingleThreadCore/MinimumDisplayDuration.swift /Users/vardy/dev/alanvardy-var-1014-lower-deployment-targets-from-ios-187watchos-265-to-the/SingleThreadCore/Sources/SingleThreadCore/NotificationPreference.swift /Users/vardy/dev/alanvardy-var-1014-lower-deployment-targets-from-ios-187watchos-265-to-the/SingleThreadCore/Sources/SingleThreadCore/NotificationScheduler.swift /Users/vardy/dev/alanvardy-var-1014-lower-deployment-targets-from-ios-187watchos-265-to-the/SingleThreadCore/Sources/SingleThreadCore/OrientationPreference.swift (in target 'SingleThreadCore' from project 'SingleThreadCore')

SwiftCompile normal x86_64 /Users/vardy/dev/alanvardy-var-1014-lower-deployment-targets-from-ios-187watchos-265-to-the/SingleThreadCore/Sources/SingleThreadCore/MinimumDisplayDuration.swift (in target 'SingleThreadCore' from project 'SingleThreadCore')
    cd /Users/vardy/dev/alanvardy-var-1014-lower-deployment-targets-from-ios-187watchos-265-to-the/SingleThread.xcodeproj
    builtin-SwiftPerFileCompile MinimumDisplayDuration.swift

SwiftCompile normal x86_64 /Users/vardy/dev/alanvardy-var-1014-lower-deployment-targets-from-ios-187watchos-265-to-the/SingleThreadCore/Sources/SingleThreadCore/NotificationPreference.swift (in target 'SingleThreadCore' from project 'SingleThreadCore')
    cd /Users/vardy/dev/alanvardy-var-1014-lower-deployment-targets-from-ios-187watchos-265-to-the/SingleThread.xcodeproj
    builtin-SwiftPerFileCompile NotificationPreference.swift

SwiftCompile normal x86_64 /Users/vardy/dev/alanvardy-var-1014-lower-deployment-targets-from-ios-187watchos-265-to-the/SingleThreadCore/Sources/SingleThreadCore/NotificationScheduler.swift (in target 'SingleThreadCore' from project 'SingleThreadCore')
    cd /Users/vardy/dev/alanvardy-var-1014-lower-deployment-targets-from-ios-187watchos-265-to-the/SingleThread.xcodeproj
    builtin-SwiftPerFileCompile NotificationScheduler.swift

SwiftCompile normal x86_64 /Users/vardy/dev/alanvardy-var-1014-lower-deployment-targets-from-ios-187watchos-265-to-the/SingleThreadCore/Sources/SingleThreadCore/OrientationPreference.swift (in target 'SingleThreadCore' from project 'SingleThreadCore')
    cd /Users/vardy/dev/alanvardy-var-1014-lower-deployment-targets-from-ios-187watchos-265-to-the/SingleThread.xcodeproj
    builtin-SwiftPerFileCompile OrientationPreference.swift

SwiftCompile normal x86_64 Compiling\ UITestingSeed.swift,\ UndoStore.swift,\ UserNotificationCentering.swift /Users/vardy/dev/alanvardy-var-1014-lower-deployment-targets-from-ios-187watchos-265-to-the/SingleThreadCore/Sources/SingleThreadCore/UITestingSeed.swift /Users/vardy/dev/alanvardy-var-1014-lower-deployment-targets-from-ios-187watchos-265-to-the/SingleThreadCore/Sources/SingleThreadCore/UndoStore.swift /Users/vardy/dev/alanvardy-var-1014-lower-deployment-targets-from-ios-187watchos-265-to-the/SingleThreadCore/Sources/SingleThreadCore/UserNotificationCentering.swift (in target 'SingleThreadCore' from project 'SingleThreadCore')

SwiftCompile normal x86_64 /Users/vardy/dev/alanvardy-var-1014-lower-deployment-targets-from-ios-187watchos-265-to-the/SingleThreadCore/Sources/SingleThreadCore/UITestingSeed.swift (in target 'SingleThreadCore' from project 'SingleThreadCore')
    cd /Users/vardy/dev/alanvardy-var-1014-lower-deployment-targets-from-ios-187watchos-265-to-the/SingleThread.xcodeproj
    builtin-SwiftPerFileCompile UITestingSeed.swift

SwiftCompile normal x86_64 /Users/vardy/dev/alanvardy-var-1014-lower-deployment-targets-from-ios-187watchos-265-to-the/SingleThreadCore/Sources/SingleThreadCore/UndoStore.swift (in target 'SingleThreadCore' from project 'SingleThreadCore')
    cd /Users/vardy/dev/alanvardy-var-1014-lower-deployment-targets-from-ios-187watchos-265-to-the/SingleThread.xcodeproj
    builtin-SwiftPerFileCompile UndoStore.swift

SwiftCompile normal x86_64 /Users/vardy/dev/alanvardy-var-1014-lower-deployment-targets-from-ios-187watchos-265-to-the/SingleThreadCore/Sources/SingleThreadCore/UserNotificationCentering.swift (in target 'SingleThreadCore' from project 'SingleThreadCore')
    cd /Users/vardy/dev/alanvardy-var-1014-lower-deployment-targets-from-ios-187watchos-265-to-the/SingleThread.xcodeproj
    builtin-SwiftPerFileCompile UserNotificationCentering.swift

SwiftDriverJobDiscovery normal arm64 Compiling ResumptionGate.swift, SkipCountStore.swift, SkippedReminderSyncService.swift (in target 'SingleThreadCore' from project 'SingleThreadCore')

SwiftCompile normal x86_64 Compiling\ SortOption.swift,\ StaleReminderRechecker.swift,\ TranscriptionAccumulator.swift /Users/vardy/dev/alanvardy-var-1014-lower-deployment-targets-from-ios-187watchos-265-to-the/SingleThreadCore/Sources/SingleThreadCore/SortOption.swift /Users/vardy/dev/alanvardy-var-1014-lower-deployment-targets-from-ios-187watchos-265-to-the/SingleThreadCore/Sources/SingleThreadCore/StaleReminderRechecker.swift /Users/vardy/dev/alanvardy-var-1014-lower-deployment-targets-from-ios-187watchos-265-to-the/SingleThreadCore/Sources/SingleThreadCore/TranscriptionAccumulator.swift (in target 'SingleThreadCore' from project 'SingleThreadCore')

SwiftCompile normal x86_64 /Users/vardy/dev/alanvardy-var-1014-lower-deployment-targets-from-ios-187watchos-265-to-the/SingleThreadCore/Sources/SingleThreadCore/SortOption.swift (in target 'SingleThreadCore' from project 'SingleThreadCore')
    cd /Users/vardy/dev/alanvardy-var-1014-lower-deployment-targets-from-ios-187watchos-265-to-the/SingleThread.xcodeproj
    builtin-SwiftPerFileCompile SortOption.swift

SwiftCompile normal x86_64 /Users/vardy/dev/alanvardy-var-1014-lower-deployment-targets-from-ios-187watchos-265-to-the/SingleThreadCore/Sources/SingleThreadCore/StaleReminderRechecker.swift (in target 'SingleThreadCore' from project 'SingleThreadCore')
    cd /Users/vardy/dev/alanvardy-var-1014-lower-deployment-targets-from-ios-187watchos-265-to-the/SingleThread.xcodeproj
    builtin-SwiftPerFileCompile StaleReminderRechecker.swift

SwiftCompile normal x86_64 /Users/vardy/dev/alanvardy-var-1014-lower-deployment-targets-from-ios-187watchos-265-to-the/SingleThreadCore/Sources/SingleThreadCore/TranscriptionAccumulator.swift (in target 'SingleThreadCore' from project 'SingleThreadCore')
    cd /Users/vardy/dev/alanvardy-var-1014-lower-deployment-targets-from-ios-187watchos-265-to-the/SingleThread.xcodeproj
    builtin-SwiftPerFileCompile TranscriptionAccumulator.swift

SwiftDriverJobDiscovery normal arm64 Compiling PendingCompletionLogic.swift, PendingCompletionStore.swift, PreferenceHolder.swift, ReminderDateFilter.swift (in target 'SingleThreadCore' from project 'SingleThreadCore')

SwiftDriverJobDiscovery normal arm64 Compiling UITestingSeed.swift, UndoStore.swift, UserNotificationCentering.swift (in target 'SingleThreadCore' from project 'SingleThreadCore')

SwiftCompile normal x86_64 Compiling\ PendingCompletionLogic.swift,\ PendingCompletionStore.swift,\ PreferenceHolder.swift,\ ReminderDateFilter.swift /Users/vardy/dev/alanvardy-var-1014-lower-deployment-targets-from-ios-187watchos-265-to-the/SingleThreadCore/Sources/SingleThreadCore/PendingCompletionLogic.swift /Users/vardy/dev/alanvardy-var-1014-lower-deployment-targets-from-ios-187watchos-265-to-the/SingleThreadCore/Sources/SingleThreadCore/PendingCompletionStore.swift /Users/vardy/dev/alanvardy-var-1014-lower-deployment-targets-from-ios-187watchos-265-to-the/SingleThreadCore/Sources/SingleThreadCore/PreferenceHolder.swift /Users/vardy/dev/alanvardy-var-1014-lower-deployment-targets-from-ios-187watchos-265-to-the/SingleThreadCore/Sources/SingleThreadCore/ReminderDateFilter.swift (in target 'SingleThreadCore' from project 'SingleThreadCore')

SwiftCompile normal x86_64 /Users/vardy/dev/alanvardy-var-1014-lower-deployment-targets-from-ios-187watchos-265-to-the/SingleThreadCore/Sources/SingleThreadCore/PendingCompletionLogic.swift (in target 'SingleThreadCore' from project 'SingleThreadCore')
    cd /Users/vardy/dev/alanvardy-var-1014-lower-deployment-targets-from-ios-187watchos-265-to-the/SingleThread.xcodeproj
    builtin-SwiftPerFileCompile PendingCompletionLogic.swift

SwiftCompile normal x86_64 /Users/vardy/dev/alanvardy-var-1014-lower-deployment-targets-from-ios-187watchos-265-to-the/SingleThreadCore/Sources/SingleThreadCore/PendingCompletionStore.swift (in target 'SingleThreadCore' from project 'SingleThreadCore')
    cd /Users/vardy/dev/alanvardy-var-1014-lower-deployment-targets-from-ios-187watchos-265-to-the/SingleThread.xcodeproj
    builtin-SwiftPerFileCompile PendingCompletionStore.swift

SwiftCompile normal x86_64 /Users/vardy/dev/alanvardy-var-1014-lower-deployment-targets-from-ios-187watchos-265-to-the/SingleThreadCore/Sources/SingleThreadCore/PreferenceHolder.swift (in target 'SingleThreadCore' from project 'SingleThreadCore')
    cd /Users/vardy/dev/alanvardy-var-1014-lower-deployment-targets-from-ios-187watchos-265-to-the/SingleThread.xcodeproj
    builtin-SwiftPerFileCompile PreferenceHolder.swift

SwiftCompile normal x86_64 /Users/vardy/dev/alanvardy-var-1014-lower-deployment-targets-from-ios-187watchos-265-to-the/SingleThreadCore/Sources/SingleThreadCore/ReminderDateFilter.swift (in target 'SingleThreadCore' from project 'SingleThreadCore')
    cd /Users/vardy/dev/alanvardy-var-1014-lower-deployment-targets-from-ios-187watchos-265-to-the/SingleThread.xcodeproj
    builtin-SwiftPerFileCompile ReminderDateFilter.swift

SwiftDriverJobDiscovery normal arm64 Compiling ReminderRecurrenceFormatter.swift, ReminderSkip.swift, ReminderSort.swift, ReminderStore.swift (in target 'SingleThreadCore' from project 'SingleThreadCore')

SwiftCompile normal x86_64 Compiling\ ExcludedListStore.swift,\ InMemoryEventStore.swift,\ ListContent.swift,\ LocalizedString+Shared.swift /Users/vardy/dev/alanvardy-var-1014-lower-deployment-targets-from-ios-187watchos-265-to-the/SingleThreadCore/Sources/SingleThreadCore/ExcludedListStore.swift /Users/vardy/dev/alanvardy-var-1014-lower-deployment-targets-from-ios-187watchos-265-to-the/SingleThreadCore/Sources/SingleThreadCore/InMemoryEventStore.swift /Users/vardy/dev/alanvardy-var-1014-lower-deployment-targets-from-ios-187watchos-265-to-the/SingleThreadCore/Sources/SingleThreadCore/ListContent.swift /Users/vardy/dev/alanvardy-var-1014-lower-deployment-targets-from-ios-187watchos-265-to-the/SingleThreadCore/Sources/SingleThreadCore/LocalizedString+Shared.swift (in target 'SingleThreadCore' from project 'SingleThreadCore')

SwiftCompile normal x86_64 /Users/vardy/dev/alanvardy-var-1014-lower-deployment-targets-from-ios-187watchos-265-to-the/SingleThreadCore/Sources/SingleThreadCore/ExcludedListStore.swift (in target 'SingleThreadCore' from project 'SingleThreadCore')
    cd /Users/vardy/dev/alanvardy-var-1014-lower-deployment-targets-from-ios-187watchos-265-to-the/SingleThread.xcodeproj
    builtin-SwiftPerFileCompile ExcludedListStore.swift

SwiftCompile normal x86_64 /Users/vardy/dev/alanvardy-var-1014-lower-deployment-targets-from-ios-187watchos-265-to-the/SingleThreadCore/Sources/SingleThreadCore/InMemoryEventStore.swift (in target 'SingleThreadCore' from project 'SingleThreadCore')
    cd /Users/vardy/dev/alanvardy-var-1014-lower-deployment-targets-from-ios-187watchos-265-to-the/SingleThread.xcodeproj
    builtin-SwiftPerFileCompile InMemoryEventStore.swift

SwiftCompile normal x86_64 /Users/vardy/dev/alanvardy-var-1014-lower-deployment-targets-from-ios-187watchos-265-to-the/SingleThreadCore/Sources/SingleThreadCore/ListContent.swift (in target 'SingleThreadCore' from project 'SingleThreadCore')
    cd /Users/vardy/dev/alanvardy-var-1014-lower-deployment-targets-from-ios-187watchos-265-to-the/SingleThread.xcodeproj
    builtin-SwiftPerFileCompile ListContent.swift

SwiftCompile normal x86_64 /Users/vardy/dev/alanvardy-var-1014-lower-deployment-targets-from-ios-187watchos-265-to-the/SingleThreadCore/Sources/SingleThreadCore/LocalizedString+Shared.swift (in target 'SingleThreadCore' from project 'SingleThreadCore')
    cd /Users/vardy/dev/alanvardy-var-1014-lower-deployment-targets-from-ios-187watchos-265-to-the/SingleThread.xcodeproj
    builtin-SwiftPerFileCompile LocalizedString+Shared.swift

SwiftDriverJobDiscovery normal arm64 Compiling ExcludedListStore.swift, InMemoryEventStore.swift, ListContent.swift, LocalizedString+Shared.swift (in target 'SingleThreadCore' from project 'SingleThreadCore')

SwiftCompile normal x86_64 Compiling\ ReminderDeepLink.swift,\ ReminderDictationParser.swift,\ ReminderDisplay.swift,\ ReminderIntents.swift /Users/vardy/dev/alanvardy-var-1014-lower-deployment-targets-from-ios-187watchos-265-to-the/SingleThreadCore/Sources/SingleThreadCore/ReminderDeepLink.swift /Users/vardy/dev/alanvardy-var-1014-lower-deployment-targets-from-ios-187watchos-265-to-the/SingleThreadCore/Sources/SingleThreadCore/ReminderDictationParser.swift /Users/vardy/dev/alanvardy-var-1014-lower-deployment-targets-from-ios-187watchos-265-to-the/SingleThreadCore/Sources/SingleThreadCore/ReminderDisplay.swift /Users/vardy/dev/alanvardy-var-1014-lower-deployment-targets-from-ios-187watchos-265-to-the/SingleThreadCore/Sources/SingleThreadCore/ReminderIntents.swift (in target 'SingleThreadCore' from project 'SingleThreadCore')

SwiftCompile normal x86_64 /Users/vardy/dev/alanvardy-var-1014-lower-deployment-targets-from-ios-187watchos-265-to-the/SingleThreadCore/Sources/SingleThreadCore/ReminderDeepLink.swift (in target 'SingleThreadCore' from project 'SingleThreadCore')
    cd /Users/vardy/dev/alanvardy-var-1014-lower-deployment-targets-from-ios-187watchos-265-to-the/SingleThread.xcodeproj
    builtin-SwiftPerFileCompile ReminderDeepLink.swift

SwiftCompile normal x86_64 /Users/vardy/dev/alanvardy-var-1014-lower-deployment-targets-from-ios-187watchos-265-to-the/SingleThreadCore/Sources/SingleThreadCore/ReminderDictationParser.swift (in target 'SingleThreadCore' from project 'SingleThreadCore')
    cd /Users/vardy/dev/alanvardy-var-1014-lower-deployment-targets-from-ios-187watchos-265-to-the/SingleThread.xcodeproj
    builtin-SwiftPerFileCompile ReminderDictationParser.swift

SwiftCompile normal x86_64 /Users/vardy/dev/alanvardy-var-1014-lower-deployment-targets-from-ios-187watchos-265-to-the/SingleThreadCore/Sources/SingleThreadCore/ReminderDisplay.swift (in target 'SingleThreadCore' from project 'SingleThreadCore')
    cd /Users/vardy/dev/alanvardy-var-1014-lower-deployment-targets-from-ios-187watchos-265-to-the/SingleThread.xcodeproj
    builtin-SwiftPerFileCompile ReminderDisplay.swift

SwiftCompile normal x86_64 /Users/vardy/dev/alanvardy-var-1014-lower-deployment-targets-from-ios-187watchos-265-to-the/SingleThreadCore/Sources/SingleThreadCore/ReminderIntents.swift (in target 'SingleThreadCore' from project 'SingleThreadCore')
    cd /Users/vardy/dev/alanvardy-var-1014-lower-deployment-targets-from-ios-187watchos-265-to-the/SingleThread.xcodeproj
    builtin-SwiftPerFileCompile ReminderIntents.swift

SwiftDriverJobDiscovery normal arm64 Compiling ReminderDeepLink.swift, ReminderDictationParser.swift, ReminderDisplay.swift, ReminderIntents.swift (in target 'SingleThreadCore' from project 'SingleThreadCore')

SwiftCompile normal arm64 Compiling\ AppearanceModePreference.swift,\ BoolPreferenceKey.swift,\ BoolPreferenceStore.swift,\ CodeSpanFormatter.swift /Users/vardy/dev/alanvardy-var-1014-lower-deployment-targets-from-ios-187watchos-265-to-the/SingleThreadCore/Sources/SingleThreadCore/AppearanceModePreference.swift /Users/vardy/dev/alanvardy-var-1014-lower-deployment-targets-from-ios-187watchos-265-to-the/SingleThreadCore/Sources/SingleThreadCore/BoolPreferenceKey.swift /Users/vardy/dev/alanvardy-var-1014-lower-deployment-targets-from-ios-187watchos-265-to-the/SingleThreadCore/Sources/SingleThreadCore/BoolPreferenceStore.swift /Users/vardy/dev/alanvardy-var-1014-lower-deployment-targets-from-ios-187watchos-265-to-the/SingleThreadCore/Sources/SingleThreadCore/CodeSpanFormatter.swift (in target 'SingleThreadCore' from project 'SingleThreadCore')

SwiftCompile normal arm64 /Users/vardy/dev/alanvardy-var-1014-lower-deployment-targets-from-ios-187watchos-265-to-the/SingleThreadCore/Sources/SingleThreadCore/AppearanceModePreference.swift (in target 'SingleThreadCore' from project 'SingleThreadCore')
    cd /Users/vardy/dev/alanvardy-var-1014-lower-deployment-targets-from-ios-187watchos-265-to-the/SingleThread.xcodeproj
    builtin-SwiftPerFileCompile AppearanceModePreference.swift

SwiftCompile normal arm64 /Users/vardy/dev/alanvardy-var-1014-lower-deployment-targets-from-ios-187watchos-265-to-the/SingleThreadCore/Sources/SingleThreadCore/BoolPreferenceKey.swift (in target 'SingleThreadCore' from project 'SingleThreadCore')
    cd /Users/vardy/dev/alanvardy-var-1014-lower-deployment-targets-from-ios-187watchos-265-to-the/SingleThread.xcodeproj
    builtin-SwiftPerFileCompile BoolPreferenceKey.swift

SwiftCompile normal arm64 /Users/vardy/dev/alanvardy-var-1014-lower-deployment-targets-from-ios-187watchos-265-to-the/SingleThreadCore/Sources/SingleThreadCore/BoolPreferenceStore.swift (in target 'SingleThreadCore' from project 'SingleThreadCore')
    cd /Users/vardy/dev/alanvardy-var-1014-lower-deployment-targets-from-ios-187watchos-265-to-the/SingleThread.xcodeproj
    builtin-SwiftPerFileCompile BoolPreferenceStore.swift

SwiftCompile normal arm64 /Users/vardy/dev/alanvardy-var-1014-lower-deployment-targets-from-ios-187watchos-265-to-the/SingleThreadCore/Sources/SingleThreadCore/CodeSpanFormatter.swift (in target 'SingleThreadCore' from project 'SingleThreadCore')
    cd /Users/vardy/dev/alanvardy-var-1014-lower-deployment-targets-from-ios-187watchos-265-to-the/SingleThread.xcodeproj
    builtin-SwiftPerFileCompile CodeSpanFormatter.swift

SwiftDriverJobDiscovery normal arm64 Emitting module for SingleThreadCore (in target 'SingleThreadCore' from project 'SingleThreadCore')

SwiftCompile normal x86_64 Compiling\ ReminderRecurrenceFormatter.swift,\ ReminderSkip.swift,\ ReminderSort.swift,\ ReminderStore.swift /Users/vardy/dev/alanvardy-var-1014-lower-deployment-targets-from-ios-187watchos-265-to-the/SingleThreadCore/Sources/SingleThreadCore/ReminderRecurrenceFormatter.swift /Users/vardy/dev/alanvardy-var-1014-lower-deployment-targets-from-ios-187watchos-265-to-the/SingleThreadCore/Sources/SingleThreadCore/ReminderSkip.swift /Users/vardy/dev/alanvardy-var-1014-lower-deployment-targets-from-ios-187watchos-265-to-the/SingleThreadCore/Sources/SingleThreadCore/ReminderSort.swift /Users/vardy/dev/alanvardy-var-1014-lower-deployment-targets-from-ios-187watchos-265-to-the/SingleThreadCore/Sources/SingleThreadCore/ReminderStore.swift (in target 'SingleThreadCore' from project 'SingleThreadCore')

SwiftCompile normal x86_64 /Users/vardy/dev/alanvardy-var-1014-lower-deployment-targets-from-ios-187watchos-265-to-the/SingleThreadCore/Sources/SingleThreadCore/ReminderRecurrenceFormatter.swift (in target 'SingleThreadCore' from project 'SingleThreadCore')
    cd /Users/vardy/dev/alanvardy-var-1014-lower-deployment-targets-from-ios-187watchos-265-to-the/SingleThread.xcodeproj
    builtin-SwiftPerFileCompile ReminderRecurrenceFormatter.swift

SwiftCompile normal x86_64 /Users/vardy/dev/alanvardy-var-1014-lower-deployment-targets-from-ios-187watchos-265-to-the/SingleThreadCore/Sources/SingleThreadCore/ReminderSkip.swift (in target 'SingleThreadCore' from project 'SingleThreadCore')
    cd /Users/vardy/dev/alanvardy-var-1014-lower-deployment-targets-from-ios-187watchos-265-to-the/SingleThread.xcodeproj
    builtin-SwiftPerFileCompile ReminderSkip.swift

SwiftCompile normal x86_64 /Users/vardy/dev/alanvardy-var-1014-lower-deployment-targets-from-ios-187watchos-265-to-the/SingleThreadCore/Sources/SingleThreadCore/ReminderSort.swift (in target 'SingleThreadCore' from project 'SingleThreadCore')
    cd /Users/vardy/dev/alanvardy-var-1014-lower-deployment-targets-from-ios-187watchos-265-to-the/SingleThread.xcodeproj
    builtin-SwiftPerFileCompile ReminderSort.swift

SwiftCompile normal x86_64 /Users/vardy/dev/alanvardy-var-1014-lower-deployment-targets-from-ios-187watchos-265-to-the/SingleThreadCore/Sources/SingleThreadCore/ReminderStore.swift (in target 'SingleThreadCore' from project 'SingleThreadCore')
    cd /Users/vardy/dev/alanvardy-var-1014-lower-deployment-targets-from-ios-187watchos-265-to-the/SingleThread.xcodeproj
    builtin-SwiftPerFileCompile ReminderStore.swift

SwiftDriver\ Compilation\ Requirements SingleThreadCore normal arm64 com.apple.xcode.tools.swift.compiler (in target 'SingleThreadCore' from project 'SingleThreadCore')
    cd /Users/vardy/dev/alanvardy-var-1014-lower-deployment-targets-from-ios-187watchos-265-to-the/SingleThread.xcodeproj
    builtin-Swift-Compilation-Requirements -- /Applications/Xcode.app/Contents/Developer/Toolchains/XcodeDefault.xctoolchain/usr/bin/swiftc -parse-as-library -module-name SingleThreadCore -Onone @/Users/vardy/dev/alanvardy-var-1014-lower-deployment-targets-from-ios-187watchos-265-to-the/DerivedData/Build/Intermediates.noindex/SingleThreadCore.build/Debug-iphonesimulator/SingleThreadCore-t.build/Objects-normal/arm64/SingleThreadCore.SwiftFileList -DSWIFT_PACKAGE -DDEBUG -DSWIFT_MODULE_RESOURCE_BUNDLE_AVAILABLE -DXcode -plugin-path /Applications/Xcode.app/Contents/Developer/Toolchains/XcodeDefault.xctoolchain/usr/lib/swift/host/plugins/testing -enable-experimental-feature DebugDescriptionMacro -sdk /Applications/Xcode.app/Contents/Developer/Platforms/iPhoneSimulator.platform/Developer/SDKs/iPhoneSimulator27.0.sdk -target arm64-apple-ios17.0-simulator -g -module-cache-path /Users/vardy/dev/alanvardy-var-1014-lower-deployment-targets-from-ios-187watchos-265-to-the/DerivedData/ModuleCache.noindex -Xfrontend -serialize-debugging-options -profile-coverage-mapping -profile-generate -enable-testing -index-store-path /Users/vardy/dev/alanvardy-var-1014-lower-deployment-targets-from-ios-187watchos-265-to-the/DerivedData/Index.noindex/DataStore -Xcc -D_LIBCPP_HARDENING_MODE\=_LIBCPP_HARDENING_MODE_DEBUG -swift-version 6 -I /Users/vardy/dev/alanvardy-var-1014-lower-deployment-targets-from-ios-187watchos-265-to-the/DerivedData/Build/Products/Debug-iphonesimulator -Isystem /Applications/Xcode.app/Contents/Developer/Platforms/iPhoneSimulator.platform/Developer/usr/lib -F /Users/vardy/dev/alanvardy-var-1014-lower-deployment-targets-from-ios-187watchos-265-to-the/DerivedData/Build/Products/Debug-iphonesimulator -F /Applications/Xcode.app/Contents/Developer/Platforms/iPhoneSimulator.platform/Developer/Library/Frameworks -F /Applications/Xcode.app/Contents/Developer/Platforms/iPhoneSimulator.platform/Developer/SDKs/iPhoneSimulator27.0.sdk/Developer/Library/Frameworks -c -j12 -enable-batch-mode -incremental -Xcc -ivfsstatcache -Xcc /Users/vardy/dev/alanvardy-var-1014-lower-deployment-targets-from-ios-187watchos-265-to-the/DerivedData/SDKStatCaches.noindex/iphonesimulator27.0-24A430-8dc58220667be655e1bcc261a7455254.sdkstatcache -output-file-map /Users/vardy/dev/alanvardy-var-1014-lower-deployment-targets-from-ios-187watchos-265-to-the/DerivedData/Build/Intermediates.noindex/SingleThreadCore.build/Debug-iphonesimulator/SingleThreadCore-t.build/Objects-normal/arm64/SingleThreadCore-OutputFileMap.json -save-temps -no-color-diagnostics -explicit-module-build -module-cache-path /Users/vardy/dev/alanvardy-var-1014-lower-deployment-targets-from-ios-187watchos-265-to-the/DerivedData/Build/Intermediates.noindex/SwiftExplicitPrecompiledModules -clang-scanner-module-cache-path /Users/vardy/dev/alanvardy-var-1014-lower-deployment-targets-from-ios-187watchos-265-to-the/DerivedData/ModuleCache.noindex -sdk-module-cache-path /Users/vardy/dev/alanvardy-var-1014-lower-deployment-targets-from-ios-187watchos-265-to-the/DerivedData/SDKExplicitPrecompiledModules -emit-dependencies -emit-module -emit-module-path /Users/vardy/dev/alanvardy-var-1014-lower-deployment-targets-from-ios-187watchos-265-to-the/DerivedData/Build/Intermediates.noindex/SingleThreadCore.build/Debug-iphonesimulator/SingleThreadCore-t.build/Objects-normal/arm64/SingleThreadCore.swiftmodule -serialize-diagnostics -dependency-scan-serialize-diagnostics-path /Users/vardy/dev/alanvardy-var-1014-lower-deployment-targets-from-ios-187watchos-265-to-the/DerivedData/Build/Intermediates.noindex/SingleThreadCore.build/Debug-iphonesimulator/SingleThreadCore-t.build/Objects-normal/arm64/SingleThreadCore-dependency-scan.dia -validate-clang-modules-once -clang-build-session-file /Users/vardy/dev/alanvardy-var-1014-lower-deployment-targets-from-ios-187watchos-265-to-the/DerivedData/ModuleCache.noindex/Session.modulevalidation -Xcc -fmodules-prune-interval\=86400 -Xcc -fmodules-prune-after\=345600 -package-name singlethreadcore -emit-const-values -const-gather-protocols-list /Users/vardy/dev/alanvardy-var-1014-lower-deployment-targets-from-ios-187watchos-265-to-the/DerivedData/Build/Intermediates.noindex/SingleThreadCore.build/Debug-iphonesimulator/SingleThreadCore-t.build/Objects-normal/arm64/SingleThreadCore_const_extract_protocols.json -Xcc -I/Users/vardy/dev/alanvardy-var-1014-lower-deployment-targets-from-ios-187watchos-265-to-the/DerivedData/Build/Products/Debug-iphonesimulator/include -Xcc -I/Users/vardy/dev/alanvardy-var-1014-lower-deployment-targets-from-ios-187watchos-265-to-the/DerivedData/Build/Intermediates.noindex/SingleThreadCore.build/Debug-iphonesimulator/SingleThreadCore-t.build/DerivedSources-normal/arm64 -Xcc -I/Users/vardy/dev/alanvardy-var-1014-lower-deployment-targets-from-ios-187watchos-265-to-the/DerivedData/Build/Intermediates.noindex/SingleThreadCore.build/Debug-iphonesimulator/SingleThreadCore-t.build/DerivedSources/arm64 -Xcc -I/Users/vardy/dev/alanvardy-var-1014-lower-deployment-targets-from-ios-187watchos-265-to-the/DerivedData/Build/Intermediates.noindex/SingleThreadCore.build/Debug-iphonesimulator/SingleThreadCore-t.build/DerivedSources -Xcc -DSWIFT_PACKAGE -Xcc -DDEBUG\=1 -emit-objc-header -emit-objc-header-path /Users/vardy/dev/alanvardy-var-1014-lower-deployment-targets-from-ios-187watchos-265-to-the/DerivedData/Build/Intermediates.noindex/SingleThreadCore.build/Debug-iphonesimulator/SingleThreadCore-t.build/Objects-normal/arm64/SingleThreadCore-Swift.h -working-directory /Users/vardy/dev/alanvardy-var-1014-lower-deployment-targets-from-ios-187watchos-265-to-the/SingleThread.xcodeproj -experimental-emit-module-separately -disable-cmo

SwiftDriverJobDiscovery normal arm64 Compiling EntitlementState.swift, EntitlementStore.swift, EventKitStoring.swift, EventStoreChangedObserver.swift (in target 'SingleThreadCore' from project 'SingleThreadCore')

SwiftCompile normal x86_64 Compiling\ AppearanceModePreference.swift,\ BoolPreferenceKey.swift,\ BoolPreferenceStore.swift,\ CodeSpanFormatter.swift /Users/vardy/dev/alanvardy-var-1014-lower-deployment-targets-from-ios-187watchos-265-to-the/SingleThreadCore/Sources/SingleThreadCore/AppearanceModePreference.swift /Users/vardy/dev/alanvardy-var-1014-lower-deployment-targets-from-ios-187watchos-265-to-the/SingleThreadCore/Sources/SingleThreadCore/BoolPreferenceKey.swift /Users/vardy/dev/alanvardy-var-1014-lower-deployment-targets-from-ios-187watchos-265-to-the/SingleThreadCore/Sources/SingleThreadCore/BoolPreferenceStore.swift /Users/vardy/dev/alanvardy-var-1014-lower-deployment-targets-from-ios-187watchos-265-to-the/SingleThreadCore/Sources/SingleThreadCore/CodeSpanFormatter.swift (in target 'SingleThreadCore' from project 'SingleThreadCore')

SwiftCompile normal x86_64 /Users/vardy/dev/alanvardy-var-1014-lower-deployment-targets-from-ios-187watchos-265-to-the/SingleThreadCore/Sources/SingleThreadCore/AppearanceModePreference.swift (in target 'SingleThreadCore' from project 'SingleThreadCore')
    cd /Users/vardy/dev/alanvardy-var-1014-lower-deployment-targets-from-ios-187watchos-265-to-the/SingleThread.xcodeproj
    builtin-SwiftPerFileCompile AppearanceModePreference.swift

SwiftCompile normal x86_64 /Users/vardy/dev/alanvardy-var-1014-lower-deployment-targets-from-ios-187watchos-265-to-the/SingleThreadCore/Sources/SingleThreadCore/BoolPreferenceKey.swift (in target 'SingleThreadCore' from project 'SingleThreadCore')
    cd /Users/vardy/dev/alanvardy-var-1014-lower-deployment-targets-from-ios-187watchos-265-to-the/SingleThread.xcodeproj
    builtin-SwiftPerFileCompile BoolPreferenceKey.swift

SwiftCompile normal x86_64 /Users/vardy/dev/alanvardy-var-1014-lower-deployment-targets-from-ios-187watchos-265-to-the/SingleThreadCore/Sources/SingleThreadCore/BoolPreferenceStore.swift (in target 'SingleThreadCore' from project 'SingleThreadCore')
    cd /Users/vardy/dev/alanvardy-var-1014-lower-deployment-targets-from-ios-187watchos-265-to-the/SingleThread.xcodeproj
    builtin-SwiftPerFileCompile BoolPreferenceStore.swift

SwiftCompile normal x86_64 /Users/vardy/dev/alanvardy-var-1014-lower-deployment-targets-from-ios-187watchos-265-to-the/SingleThreadCore/Sources/SingleThreadCore/CodeSpanFormatter.swift (in target 'SingleThreadCore' from project 'SingleThreadCore')
    cd /Users/vardy/dev/alanvardy-var-1014-lower-deployment-targets-from-ios-187watchos-265-to-the/SingleThread.xcodeproj
    builtin-SwiftPerFileCompile CodeSpanFormatter.swift

SwiftCompile normal arm64 Compiling\ MinimumDisplayDuration.swift,\ NotificationPreference.swift,\ NotificationScheduler.swift,\ OrientationPreference.swift /Users/vardy/dev/alanvardy-var-1014-lower-deployment-targets-from-ios-187watchos-265-to-the/SingleThreadCore/Sources/SingleThreadCore/MinimumDisplayDuration.swift /Users/vardy/dev/alanvardy-var-1014-lower-deployment-targets-from-ios-187watchos-265-to-the/SingleThreadCore/Sources/SingleThreadCore/NotificationPreference.swift /Users/vardy/dev/alanvardy-var-1014-lower-deployment-targets-from-ios-187watchos-265-to-the/SingleThreadCore/Sources/SingleThreadCore/NotificationScheduler.swift /Users/vardy/dev/alanvardy-var-1014-lower-deployment-targets-from-ios-187watchos-265-to-the/SingleThreadCore/Sources/SingleThreadCore/OrientationPreference.swift (in target 'SingleThreadCore' from project 'SingleThreadCore')

SwiftCompile normal arm64 /Users/vardy/dev/alanvardy-var-1014-lower-deployment-targets-from-ios-187watchos-265-to-the/SingleThreadCore/Sources/SingleThreadCore/MinimumDisplayDuration.swift (in target 'SingleThreadCore' from project 'SingleThreadCore')
    cd /Users/vardy/dev/alanvardy-var-1014-lower-deployment-targets-from-ios-187watchos-265-to-the/SingleThread.xcodeproj
    builtin-SwiftPerFileCompile MinimumDisplayDuration.swift

SwiftCompile normal arm64 /Users/vardy/dev/alanvardy-var-1014-lower-deployment-targets-from-ios-187watchos-265-to-the/SingleThreadCore/Sources/SingleThreadCore/NotificationPreference.swift (in target 'SingleThreadCore' from project 'SingleThreadCore')
    cd /Users/vardy/dev/alanvardy-var-1014-lower-deployment-targets-from-ios-187watchos-265-to-the/SingleThread.xcodeproj
    builtin-SwiftPerFileCompile NotificationPreference.swift

SwiftCompile normal arm64 /Users/vardy/dev/alanvardy-var-1014-lower-deployment-targets-from-ios-187watchos-265-to-the/SingleThreadCore/Sources/SingleThreadCore/NotificationScheduler.swift (in target 'SingleThreadCore' from project 'SingleThreadCore')
    cd /Users/vardy/dev/alanvardy-var-1014-lower-deployment-targets-from-ios-187watchos-265-to-the/SingleThread.xcodeproj
    builtin-SwiftPerFileCompile NotificationScheduler.swift

SwiftCompile normal arm64 /Users/vardy/dev/alanvardy-var-1014-lower-deployment-targets-from-ios-187watchos-265-to-the/SingleThreadCore/Sources/SingleThreadCore/OrientationPreference.swift (in target 'SingleThreadCore' from project 'SingleThreadCore')
    cd /Users/vardy/dev/alanvardy-var-1014-lower-deployment-targets-from-ios-187watchos-265-to-the/SingleThread.xcodeproj
    builtin-SwiftPerFileCompile OrientationPreference.swift

SwiftDriverJobDiscovery normal x86_64 Compiling resource_bundle_accessor.swift, ActionMenuGate.swift, AppGroup.swift, AppInfo.swift (in target 'SingleThreadCore' from project 'SingleThreadCore')

SwiftMergeGeneratedHeaders /Users/vardy/dev/alanvardy-var-1014-lower-deployment-targets-from-ios-187watchos-265-to-the/DerivedData/Build/Intermediates.noindex/GeneratedModuleMaps-iphonesimulator/SingleThreadCore-Swift.h /Users/vardy/dev/alanvardy-var-1014-lower-deployment-targets-from-ios-187watchos-265-to-the/DerivedData/Build/Intermediates.noindex/SingleThreadCore.build/Debug-iphonesimulator/SingleThreadCore-t.build/Objects-normal/arm64/SingleThreadCore-Swift.h (in target 'SingleThreadCore' from project 'SingleThreadCore')
    cd /Users/vardy/dev/alanvardy-var-1014-lower-deployment-targets-from-ios-187watchos-265-to-the/SingleThreadCore
    builtin-swiftHeaderTool -arch arm64 /Users/vardy/dev/alanvardy-var-1014-lower-deployment-targets-from-ios-187watchos-265-to-the/DerivedData/Build/Intermediates.noindex/SingleThreadCore.build/Debug-iphonesimulator/SingleThreadCore-t.build/Objects-normal/arm64/SingleThreadCore-Swift.h -o /Users/vardy/dev/alanvardy-var-1014-lower-deployment-targets-from-ios-187watchos-265-to-the/DerivedData/Build/Intermediates.noindex/GeneratedModuleMaps-iphonesimulator/SingleThreadCore-Swift.h

SwiftDriverJobDiscovery normal x86_64 Compiling MinimumDisplayDuration.swift, NotificationPreference.swift, NotificationScheduler.swift, OrientationPreference.swift (in target 'SingleThreadCore' from project 'SingleThreadCore')

Copy /Users/vardy/dev/alanvardy-var-1014-lower-deployment-targets-from-ios-187watchos-265-to-the/DerivedData/Build/Products/Debug-iphonesimulator/SingleThreadCore.swiftmodule/arm64-apple-ios-simulator.swiftmodule /Users/vardy/dev/alanvardy-var-1014-lower-deployment-targets-from-ios-187watchos-265-to-the/DerivedData/Build/Intermediates.noindex/SingleThreadCore.build/Debug-iphonesimulator/SingleThreadCore-t.build/Objects-normal/arm64/SingleThreadCore.swiftmodule (in target 'SingleThreadCore' from project 'SingleThreadCore')
    cd /Users/vardy/dev/alanvardy-var-1014-lower-deployment-targets-from-ios-187watchos-265-to-the/SingleThreadCore
    builtin-copy -exclude .DS_Store -exclude CVS -exclude .svn -exclude .git -exclude .hg -resolve-src-symlinks -rename /Users/vardy/dev/alanvardy-var-1014-lower-deployment-targets-from-ios-187watchos-265-to-the/DerivedData/Build/Intermediates.noindex/SingleThreadCore.build/Debug-iphonesimulator/SingleThreadCore-t.build/Objects-normal/arm64/SingleThreadCore.swiftmodule /Users/vardy/dev/alanvardy-var-1014-lower-deployment-targets-from-ios-187watchos-265-to-the/DerivedData/Build/Products/Debug-iphonesimulator/SingleThreadCore.swiftmodule/arm64-apple-ios-simulator.swiftmodule

Copy /Users/vardy/dev/alanvardy-var-1014-lower-deployment-targets-from-ios-187watchos-265-to-the/DerivedData/Build/Products/Debug-iphonesimulator/SingleThreadCore.swiftmodule/arm64-apple-ios-simulator.swiftdoc /Users/vardy/dev/alanvardy-var-1014-lower-deployment-targets-from-ios-187watchos-265-to-the/DerivedData/Build/Intermediates.noindex/SingleThreadCore.build/Debug-iphonesimulator/SingleThreadCore-t.build/Objects-normal/arm64/SingleThreadCore.swiftdoc (in target 'SingleThreadCore' from project 'SingleThreadCore')
    cd /Users/vardy/dev/alanvardy-var-1014-lower-deployment-targets-from-ios-187watchos-265-to-the/SingleThreadCore
    builtin-copy -exclude .DS_Store -exclude CVS -exclude .svn -exclude .git -exclude .hg -resolve-src-symlinks -rename /Users/vardy/dev/alanvardy-var-1014-lower-deployment-targets-from-ios-187watchos-265-to-the/DerivedData/Build/Intermediates.noindex/SingleThreadCore.build/Debug-iphonesimulator/SingleThreadCore-t.build/Objects-normal/arm64/SingleThreadCore.swiftdoc /Users/vardy/dev/alanvardy-var-1014-lower-deployment-targets-from-ios-187watchos-265-to-the/DerivedData/Build/Products/Debug-iphonesimulator/SingleThreadCore.swiftmodule/arm64-apple-ios-simulator.swiftdoc

Copy /Users/vardy/dev/alanvardy-var-1014-lower-deployment-targets-from-ios-187watchos-265-to-the/DerivedData/Build/Products/Debug-iphonesimulator/SingleThreadCore.swiftmodule/arm64-apple-ios-simulator.abi.json /Users/vardy/dev/alanvardy-var-1014-lower-deployment-targets-from-ios-187watchos-265-to-the/DerivedData/Build/Intermediates.noindex/SingleThreadCore.build/Debug-iphonesimulator/SingleThreadCore-t.build/Objects-normal/arm64/SingleThreadCore.abi.json (in target 'SingleThreadCore' from project 'SingleThreadCore')
    cd /Users/vardy/dev/alanvardy-var-1014-lower-deployment-targets-from-ios-187watchos-265-to-the/SingleThreadCore
    builtin-copy -exclude .DS_Store -exclude CVS -exclude .svn -exclude .git -exclude .hg -resolve-src-symlinks -rename /Users/vardy/dev/alanvardy-var-1014-lower-deployment-targets-from-ios-187watchos-265-to-the/DerivedData/Build/Intermediates.noindex/SingleThreadCore.build/Debug-iphonesimulator/SingleThreadCore-t.build/Objects-normal/arm64/SingleThreadCore.abi.json /Users/vardy/dev/alanvardy-var-1014-lower-deployment-targets-from-ios-187watchos-265-to-the/DerivedData/Build/Products/Debug-iphonesimulator/SingleThreadCore.swiftmodule/arm64-apple-ios-simulator.abi.json

Copy /Users/vardy/dev/alanvardy-var-1014-lower-deployment-targets-from-ios-187watchos-265-to-the/DerivedData/Build/Products/Debug-iphonesimulator/SingleThreadCore.swiftmodule/Project/arm64-apple-ios-simulator.swiftsourceinfo /Users/vardy/dev/alanvardy-var-1014-lower-deployment-targets-from-ios-187watchos-265-to-the/DerivedData/Build/Intermediates.noindex/SingleThreadCore.build/Debug-iphonesimulator/SingleThreadCore-t.build/Objects-normal/arm64/SingleThreadCore.swiftsourceinfo (in target 'SingleThreadCore' from project 'SingleThreadCore')
    cd /Users/vardy/dev/alanvardy-var-1014-lower-deployment-targets-from-ios-187watchos-265-to-the/SingleThreadCore
    builtin-copy -exclude .DS_Store -exclude CVS -exclude .svn -exclude .git -exclude .hg -resolve-src-symlinks -rename /Users/vardy/dev/alanvardy-var-1014-lower-deployment-targets-from-ios-187watchos-265-to-the/DerivedData/Build/Intermediates.noindex/SingleThreadCore.build/Debug-iphonesimulator/SingleThreadCore-t.build/Objects-normal/arm64/SingleThreadCore.swiftsourceinfo /Users/vardy/dev/alanvardy-var-1014-lower-deployment-targets-from-ios-187watchos-265-to-the/DerivedData/Build/Products/Debug-iphonesimulator/SingleThreadCore.swiftmodule/Project/arm64-apple-ios-simulator.swiftsourceinfo

SwiftCompile normal x86_64 Compiling\ EntitlementState.swift,\ EntitlementStore.swift,\ EventKitStoring.swift,\ EventStoreChangedObserver.swift /Users/vardy/dev/alanvardy-var-1014-lower-deployment-targets-from-ios-187watchos-265-to-the/SingleThreadCore/Sources/SingleThreadCore/EntitlementState.swift /Users/vardy/dev/alanvardy-var-1014-lower-deployment-targets-from-ios-187watchos-265-to-the/SingleThreadCore/Sources/SingleThreadCore/EntitlementStore.swift /Users/vardy/dev/alanvardy-var-1014-lower-deployment-targets-from-ios-187watchos-265-to-the/SingleThreadCore/Sources/SingleThreadCore/EventKitStoring.swift /Users/vardy/dev/alanvardy-var-1014-lower-deployment-targets-from-ios-187watchos-265-to-the/SingleThreadCore/Sources/SingleThreadCore/EventStoreChangedObserver.swift (in target 'SingleThreadCore' from project 'SingleThreadCore')
/Users/vardy/dev/alanvardy-var-1014-lower-deployment-targets-from-ios-187watchos-265-to-the/SingleThreadCore/Sources/SingleThreadCore/EntitlementStore.swift:91:13: warning: 'nonisolated(unsafe)' has no effect on property 'observationTask', consider using 'nonisolated'
 89 |     /// task; the task captures `self` weakly and is only read/written on the
 90 |     /// main actor in normal operation.
 91 |     private nonisolated(unsafe) var observationTask: Task<Void, Never>?
    |             `- warning: 'nonisolated(unsafe)' has no effect on property 'observationTask', consider using 'nonisolated'
 92 | 
 93 |     private func observeTransactionUpdates() async {

SwiftCompile normal x86_64 /Users/vardy/dev/alanvardy-var-1014-lower-deployment-targets-from-ios-187watchos-265-to-the/SingleThreadCore/Sources/SingleThreadCore/EntitlementState.swift (in target 'SingleThreadCore' from project 'SingleThreadCore')
    cd /Users/vardy/dev/alanvardy-var-1014-lower-deployment-targets-from-ios-187watchos-265-to-the/SingleThread.xcodeproj
    builtin-SwiftPerFileCompile EntitlementState.swift

SwiftCompile normal x86_64 /Users/vardy/dev/alanvardy-var-1014-lower-deployment-targets-from-ios-187watchos-265-to-the/SingleThreadCore/Sources/SingleThreadCore/EntitlementStore.swift (in target 'SingleThreadCore' from project 'SingleThreadCore')
    cd /Users/vardy/dev/alanvardy-var-1014-lower-deployment-targets-from-ios-187watchos-265-to-the/SingleThread.xcodeproj
    builtin-SwiftPerFileCompile EntitlementStore.swift

SwiftCompile normal x86_64 /Users/vardy/dev/alanvardy-var-1014-lower-deployment-targets-from-ios-187watchos-265-to-the/SingleThreadCore/Sources/SingleThreadCore/EventKitStoring.swift (in target 'SingleThreadCore' from project 'SingleThreadCore')
    cd /Users/vardy/dev/alanvardy-var-1014-lower-deployment-targets-from-ios-187watchos-265-to-the/SingleThread.xcodeproj
    builtin-SwiftPerFileCompile EventKitStoring.swift

SwiftCompile normal x86_64 /Users/vardy/dev/alanvardy-var-1014-lower-deployment-targets-from-ios-187watchos-265-to-the/SingleThreadCore/Sources/SingleThreadCore/EventStoreChangedObserver.swift (in target 'SingleThreadCore' from project 'SingleThreadCore')
    cd /Users/vardy/dev/alanvardy-var-1014-lower-deployment-targets-from-ios-187watchos-265-to-the/SingleThread.xcodeproj
    builtin-SwiftPerFileCompile EventStoreChangedObserver.swift

SwiftCompile normal arm64 Compiling\ AppearanceModePreference.swift,\ BoolPreferenceKey.swift,\ BoolPreferenceStore.swift,\ CodeSpanFormatter.swift /Users/vardy/dev/alanvardy-var-1014-lower-deployment-targets-from-ios-187watchos-265-to-the/SingleThreadCore/Sources/SingleThreadCore/AppearanceModePreference.swift /Users/vardy/dev/alanvardy-var-1014-lower-deployment-targets-from-ios-187watchos-265-to-the/SingleThreadCore/Sources/SingleThreadCore/BoolPreferenceKey.swift /Users/vardy/dev/alanvardy-var-1014-lower-deployment-targets-from-ios-187watchos-265-to-the/SingleThreadCore/Sources/SingleThreadCore/BoolPreferenceStore.swift /Users/vardy/dev/alanvardy-var-1014-lower-deployment-targets-from-ios-187watchos-265-to-the/SingleThreadCore/Sources/SingleThreadCore/CodeSpanFormatter.swift (in target 'SingleThreadCore' from project 'SingleThreadCore')

SwiftCompile normal arm64 /Users/vardy/dev/alanvardy-var-1014-lower-deployment-targets-from-ios-187watchos-265-to-the/SingleThreadCore/Sources/SingleThreadCore/AppearanceModePreference.swift (in target 'SingleThreadCore' from project 'SingleThreadCore')
    cd /Users/vardy/dev/alanvardy-var-1014-lower-deployment-targets-from-ios-187watchos-265-to-the/SingleThread.xcodeproj
    builtin-SwiftPerFileCompile AppearanceModePreference.swift

SwiftCompile normal arm64 /Users/vardy/dev/alanvardy-var-1014-lower-deployment-targets-from-ios-187watchos-265-to-the/SingleThreadCore/Sources/SingleThreadCore/BoolPreferenceKey.swift (in target 'SingleThreadCore' from project 'SingleThreadCore')
    cd /Users/vardy/dev/alanvardy-var-1014-lower-deployment-targets-from-ios-187watchos-265-to-the/SingleThread.xcodeproj
    builtin-SwiftPerFileCompile BoolPreferenceKey.swift

SwiftCompile normal arm64 /Users/vardy/dev/alanvardy-var-1014-lower-deployment-targets-from-ios-187watchos-265-to-the/SingleThreadCore/Sources/SingleThreadCore/BoolPreferenceStore.swift (in target 'SingleThreadCore' from project 'SingleThreadCore')
    cd /Users/vardy/dev/alanvardy-var-1014-lower-deployment-targets-from-ios-187watchos-265-to-the/SingleThread.xcodeproj
    builtin-SwiftPerFileCompile BoolPreferenceStore.swift

SwiftCompile normal arm64 /Users/vardy/dev/alanvardy-var-1014-lower-deployment-targets-from-ios-187watchos-265-to-the/SingleThreadCore/Sources/SingleThreadCore/CodeSpanFormatter.swift (in target 'SingleThreadCore' from project 'SingleThreadCore')
    cd /Users/vardy/dev/alanvardy-var-1014-lower-deployment-targets-from-ios-187watchos-265-to-the/SingleThread.xcodeproj
    builtin-SwiftPerFileCompile CodeSpanFormatter.swift

SwiftDriverJobDiscovery normal x86_64 Compiling CompletionCounterStore.swift, CompletionGlow.swift, CompletionMomentumOverlay.swift, DailyCompletionStore.swift (in target 'SingleThreadCore' from project 'SingleThreadCore')

SwiftCompile normal arm64 Compiling\ ReminderRecurrenceFormatter.swift,\ ReminderSkip.swift,\ ReminderSort.swift,\ ReminderStore.swift /Users/vardy/dev/alanvardy-var-1014-lower-deployment-targets-from-ios-187watchos-265-to-the/SingleThreadCore/Sources/SingleThreadCore/ReminderRecurrenceFormatter.swift /Users/vardy/dev/alanvardy-var-1014-lower-deployment-targets-from-ios-187watchos-265-to-the/SingleThreadCore/Sources/SingleThreadCore/ReminderSkip.swift /Users/vardy/dev/alanvardy-var-1014-lower-deployment-targets-from-ios-187watchos-265-to-the/SingleThreadCore/Sources/SingleThreadCore/ReminderSort.swift /Users/vardy/dev/alanvardy-var-1014-lower-deployment-targets-from-ios-187watchos-265-to-the/SingleThreadCore/Sources/SingleThreadCore/ReminderStore.swift (in target 'SingleThreadCore' from project 'SingleThreadCore')

SwiftCompile normal arm64 /Users/vardy/dev/alanvardy-var-1014-lower-deployment-targets-from-ios-187watchos-265-to-the/SingleThreadCore/Sources/SingleThreadCore/ReminderRecurrenceFormatter.swift (in target 'SingleThreadCore' from project 'SingleThreadCore')
    cd /Users/vardy/dev/alanvardy-var-1014-lower-deployment-targets-from-ios-187watchos-265-to-the/SingleThread.xcodeproj
    builtin-SwiftPerFileCompile ReminderRecurrenceFormatter.swift

SwiftCompile normal arm64 /Users/vardy/dev/alanvardy-var-1014-lower-deployment-targets-from-ios-187watchos-265-to-the/SingleThreadCore/Sources/SingleThreadCore/ReminderSkip.swift (in target 'SingleThreadCore' from project 'SingleThreadCore')
    cd /Users/vardy/dev/alanvardy-var-1014-lower-deployment-targets-from-ios-187watchos-265-to-the/SingleThread.xcodeproj
    builtin-SwiftPerFileCompile ReminderSkip.swift

SwiftCompile normal arm64 /Users/vardy/dev/alanvardy-var-1014-lower-deployment-targets-from-ios-187watchos-265-to-the/SingleThreadCore/Sources/SingleThreadCore/ReminderSort.swift (in target 'SingleThreadCore' from project 'SingleThreadCore')
    cd /Users/vardy/dev/alanvardy-var-1014-lower-deployment-targets-from-ios-187watchos-265-to-the/SingleThread.xcodeproj
    builtin-SwiftPerFileCompile ReminderSort.swift

SwiftCompile normal arm64 /Users/vardy/dev/alanvardy-var-1014-lower-deployment-targets-from-ios-187watchos-265-to-the/SingleThreadCore/Sources/SingleThreadCore/ReminderStore.swift (in target 'SingleThreadCore' from project 'SingleThreadCore')
    cd /Users/vardy/dev/alanvardy-var-1014-lower-deployment-targets-from-ios-187watchos-265-to-the/SingleThread.xcodeproj
    builtin-SwiftPerFileCompile ReminderStore.swift

SwiftDriverJobDiscovery normal x86_64 Compiling ResumptionGate.swift, SkipCountStore.swift, SkippedReminderSyncService.swift (in target 'SingleThreadCore' from project 'SingleThreadCore')

SwiftCompile normal arm64 Compiling\ SortOption.swift,\ StaleReminderRechecker.swift,\ TranscriptionAccumulator.swift /Users/vardy/dev/alanvardy-var-1014-lower-deployment-targets-from-ios-187watchos-265-to-the/SingleThreadCore/Sources/SingleThreadCore/SortOption.swift /Users/vardy/dev/alanvardy-var-1014-lower-deployment-targets-from-ios-187watchos-265-to-the/SingleThreadCore/Sources/SingleThreadCore/StaleReminderRechecker.swift /Users/vardy/dev/alanvardy-var-1014-lower-deployment-targets-from-ios-187watchos-265-to-the/SingleThreadCore/Sources/SingleThreadCore/TranscriptionAccumulator.swift (in target 'SingleThreadCore' from project 'SingleThreadCore')

SwiftCompile normal arm64 /Users/vardy/dev/alanvardy-var-1014-lower-deployment-targets-from-ios-187watchos-265-to-the/SingleThreadCore/Sources/SingleThreadCore/SortOption.swift (in target 'SingleThreadCore' from project 'SingleThreadCore')
    cd /Users/vardy/dev/alanvardy-var-1014-lower-deployment-targets-from-ios-187watchos-265-to-the/SingleThread.xcodeproj
    builtin-SwiftPerFileCompile SortOption.swift

SwiftCompile normal arm64 /Users/vardy/dev/alanvardy-var-1014-lower-deployment-targets-from-ios-187watchos-265-to-the/SingleThreadCore/Sources/SingleThreadCore/StaleReminderRechecker.swift (in target 'SingleThreadCore' from project 'SingleThreadCore')
    cd /Users/vardy/dev/alanvardy-var-1014-lower-deployment-targets-from-ios-187watchos-265-to-the/SingleThread.xcodeproj
    builtin-SwiftPerFileCompile StaleReminderRechecker.swift

SwiftCompile normal arm64 /Users/vardy/dev/alanvardy-var-1014-lower-deployment-targets-from-ios-187watchos-265-to-the/SingleThreadCore/Sources/SingleThreadCore/TranscriptionAccumulator.swift (in target 'SingleThreadCore' from project 'SingleThreadCore')
    cd /Users/vardy/dev/alanvardy-var-1014-lower-deployment-targets-from-ios-187watchos-265-to-the/SingleThread.xcodeproj
    builtin-SwiftPerFileCompile TranscriptionAccumulator.swift

SwiftDriverJobDiscovery normal x86_64 Compiling UITestingSeed.swift, UndoStore.swift, UserNotificationCentering.swift (in target 'SingleThreadCore' from project 'SingleThreadCore')

SwiftCompile normal arm64 Compiling\ ExcludedListStore.swift,\ InMemoryEventStore.swift,\ ListContent.swift,\ LocalizedString+Shared.swift /Users/vardy/dev/alanvardy-var-1014-lower-deployment-targets-from-ios-187watchos-265-to-the/SingleThreadCore/Sources/SingleThreadCore/ExcludedListStore.swift /Users/vardy/dev/alanvardy-var-1014-lower-deployment-targets-from-ios-187watchos-265-to-the/SingleThreadCore/Sources/SingleThreadCore/InMemoryEventStore.swift /Users/vardy/dev/alanvardy-var-1014-lower-deployment-targets-from-ios-187watchos-265-to-the/SingleThreadCore/Sources/SingleThreadCore/ListContent.swift /Users/vardy/dev/alanvardy-var-1014-lower-deployment-targets-from-ios-187watchos-265-to-the/SingleThreadCore/Sources/SingleThreadCore/LocalizedString+Shared.swift (in target 'SingleThreadCore' from project 'SingleThreadCore')

SwiftCompile normal arm64 /Users/vardy/dev/alanvardy-var-1014-lower-deployment-targets-from-ios-187watchos-265-to-the/SingleThreadCore/Sources/SingleThreadCore/ExcludedListStore.swift (in target 'SingleThreadCore' from project 'SingleThreadCore')
    cd /Users/vardy/dev/alanvardy-var-1014-lower-deployment-targets-from-ios-187watchos-265-to-the/SingleThread.xcodeproj
    builtin-SwiftPerFileCompile ExcludedListStore.swift

SwiftCompile normal arm64 /Users/vardy/dev/alanvardy-var-1014-lower-deployment-targets-from-ios-187watchos-265-to-the/SingleThreadCore/Sources/SingleThreadCore/InMemoryEventStore.swift (in target 'SingleThreadCore' from project 'SingleThreadCore')
    cd /Users/vardy/dev/alanvardy-var-1014-lower-deployment-targets-from-ios-187watchos-265-to-the/SingleThread.xcodeproj
    builtin-SwiftPerFileCompile InMemoryEventStore.swift

SwiftCompile normal arm64 /Users/vardy/dev/alanvardy-var-1014-lower-deployment-targets-from-ios-187watchos-265-to-the/SingleThreadCore/Sources/SingleThreadCore/ListContent.swift (in target 'SingleThreadCore' from project 'SingleThreadCore')
    cd /Users/vardy/dev/alanvardy-var-1014-lower-deployment-targets-from-ios-187watchos-265-to-the/SingleThread.xcodeproj
    builtin-SwiftPerFileCompile ListContent.swift

SwiftCompile normal arm64 /Users/vardy/dev/alanvardy-var-1014-lower-deployment-targets-from-ios-187watchos-265-to-the/SingleThreadCore/Sources/SingleThreadCore/LocalizedString+Shared.swift (in target 'SingleThreadCore' from project 'SingleThreadCore')
    cd /Users/vardy/dev/alanvardy-var-1014-lower-deployment-targets-from-ios-187watchos-265-to-the/SingleThread.xcodeproj
    builtin-SwiftPerFileCompile LocalizedString+Shared.swift

SwiftDriverJobDiscovery normal x86_64 Compiling SortOption.swift, StaleReminderRechecker.swift, TranscriptionAccumulator.swift (in target 'SingleThreadCore' from project 'SingleThreadCore')

SwiftCompile normal arm64 Compiling\ UITestingSeed.swift,\ UndoStore.swift,\ UserNotificationCentering.swift /Users/vardy/dev/alanvardy-var-1014-lower-deployment-targets-from-ios-187watchos-265-to-the/SingleThreadCore/Sources/SingleThreadCore/UITestingSeed.swift /Users/vardy/dev/alanvardy-var-1014-lower-deployment-targets-from-ios-187watchos-265-to-the/SingleThreadCore/Sources/SingleThreadCore/UndoStore.swift /Users/vardy/dev/alanvardy-var-1014-lower-deployment-targets-from-ios-187watchos-265-to-the/SingleThreadCore/Sources/SingleThreadCore/UserNotificationCentering.swift (in target 'SingleThreadCore' from project 'SingleThreadCore')

SwiftCompile normal arm64 /Users/vardy/dev/alanvardy-var-1014-lower-deployment-targets-from-ios-187watchos-265-to-the/SingleThreadCore/Sources/SingleThreadCore/UITestingSeed.swift (in target 'SingleThreadCore' from project 'SingleThreadCore')
    cd /Users/vardy/dev/alanvardy-var-1014-lower-deployment-targets-from-ios-187watchos-265-to-the/SingleThread.xcodeproj
    builtin-SwiftPerFileCompile UITestingSeed.swift

SwiftCompile normal arm64 /Users/vardy/dev/alanvardy-var-1014-lower-deployment-targets-from-ios-187watchos-265-to-the/SingleThreadCore/Sources/SingleThreadCore/UndoStore.swift (in target 'SingleThreadCore' from project 'SingleThreadCore')
    cd /Users/vardy/dev/alanvardy-var-1014-lower-deployment-targets-from-ios-187watchos-265-to-the/SingleThread.xcodeproj
    builtin-SwiftPerFileCompile UndoStore.swift

SwiftCompile normal arm64 /Users/vardy/dev/alanvardy-var-1014-lower-deployment-targets-from-ios-187watchos-265-to-the/SingleThreadCore/Sources/SingleThreadCore/UserNotificationCentering.swift (in target 'SingleThreadCore' from project 'SingleThreadCore')
    cd /Users/vardy/dev/alanvardy-var-1014-lower-deployment-targets-from-ios-187watchos-265-to-the/SingleThread.xcodeproj
    builtin-SwiftPerFileCompile UserNotificationCentering.swift

SwiftDriverJobDiscovery normal x86_64 Compiling PendingCompletionLogic.swift, PendingCompletionStore.swift, PreferenceHolder.swift, ReminderDateFilter.swift (in target 'SingleThreadCore' from project 'SingleThreadCore')

SwiftCompile normal arm64 Compiling\ PendingCompletionLogic.swift,\ PendingCompletionStore.swift,\ PreferenceHolder.swift,\ ReminderDateFilter.swift /Users/vardy/dev/alanvardy-var-1014-lower-deployment-targets-from-ios-187watchos-265-to-the/SingleThreadCore/Sources/SingleThreadCore/PendingCompletionLogic.swift /Users/vardy/dev/alanvardy-var-1014-lower-deployment-targets-from-ios-187watchos-265-to-the/SingleThreadCore/Sources/SingleThreadCore/PendingCompletionStore.swift /Users/vardy/dev/alanvardy-var-1014-lower-deployment-targets-from-ios-187watchos-265-to-the/SingleThreadCore/Sources/SingleThreadCore/PreferenceHolder.swift /Users/vardy/dev/alanvardy-var-1014-lower-deployment-targets-from-ios-187watchos-265-to-the/SingleThreadCore/Sources/SingleThreadCore/ReminderDateFilter.swift (in target 'SingleThreadCore' from project 'SingleThreadCore')

SwiftCompile normal arm64 /Users/vardy/dev/alanvardy-var-1014-lower-deployment-targets-from-ios-187watchos-265-to-the/SingleThreadCore/Sources/SingleThreadCore/PendingCompletionLogic.swift (in target 'SingleThreadCore' from project 'SingleThreadCore')
    cd /Users/vardy/dev/alanvardy-var-1014-lower-deployment-targets-from-ios-187watchos-265-to-the/SingleThread.xcodeproj
    builtin-SwiftPerFileCompile PendingCompletionLogic.swift

SwiftCompile normal arm64 /Users/vardy/dev/alanvardy-var-1014-lower-deployment-targets-from-ios-187watchos-265-to-the/SingleThreadCore/Sources/SingleThreadCore/PendingCompletionStore.swift (in target 'SingleThreadCore' from project 'SingleThreadCore')
    cd /Users/vardy/dev/alanvardy-var-1014-lower-deployment-targets-from-ios-187watchos-265-to-the/SingleThread.xcodeproj
    builtin-SwiftPerFileCompile PendingCompletionStore.swift

SwiftCompile normal arm64 /Users/vardy/dev/alanvardy-var-1014-lower-deployment-targets-from-ios-187watchos-265-to-the/SingleThreadCore/Sources/SingleThreadCore/PreferenceHolder.swift (in target 'SingleThreadCore' from project 'SingleThreadCore')
    cd /Users/vardy/dev/alanvardy-var-1014-lower-deployment-targets-from-ios-187watchos-265-to-the/SingleThread.xcodeproj
    builtin-SwiftPerFileCompile PreferenceHolder.swift

SwiftCompile normal arm64 /Users/vardy/dev/alanvardy-var-1014-lower-deployment-targets-from-ios-187watchos-265-to-the/SingleThreadCore/Sources/SingleThreadCore/ReminderDateFilter.swift (in target 'SingleThreadCore' from project 'SingleThreadCore')
    cd /Users/vardy/dev/alanvardy-var-1014-lower-deployment-targets-from-ios-187watchos-265-to-the/SingleThread.xcodeproj
    builtin-SwiftPerFileCompile ReminderDateFilter.swift

SwiftDriverJobDiscovery normal x86_64 Compiling ExcludedListStore.swift, InMemoryEventStore.swift, ListContent.swift, LocalizedString+Shared.swift (in target 'SingleThreadCore' from project 'SingleThreadCore')

SwiftCompile normal arm64 Compiling\ resource_bundle_accessor.swift,\ ActionMenuGate.swift,\ AppGroup.swift,\ AppInfo.swift /Users/vardy/dev/alanvardy-var-1014-lower-deployment-targets-from-ios-187watchos-265-to-the/DerivedData/Build/Intermediates.noindex/SingleThreadCore.build/Debug-iphonesimulator/SingleThreadCore-t.build/DerivedSources/resource_bundle_accessor.swift /Users/vardy/dev/alanvardy-var-1014-lower-deployment-targets-from-ios-187watchos-265-to-the/SingleThreadCore/Sources/SingleThreadCore/ActionMenuGate.swift /Users/vardy/dev/alanvardy-var-1014-lower-deployment-targets-from-ios-187watchos-265-to-the/SingleThreadCore/Sources/SingleThreadCore/AppGroup.swift /Users/vardy/dev/alanvardy-var-1014-lower-deployment-targets-from-ios-187watchos-265-to-the/SingleThreadCore/Sources/SingleThreadCore/AppInfo.swift (in target 'SingleThreadCore' from project 'SingleThreadCore')

SwiftCompile normal arm64 /Users/vardy/dev/alanvardy-var-1014-lower-deployment-targets-from-ios-187watchos-265-to-the/DerivedData/Build/Intermediates.noindex/SingleThreadCore.build/Debug-iphonesimulator/SingleThreadCore-t.build/DerivedSources/resource_bundle_accessor.swift (in target 'SingleThreadCore' from project 'SingleThreadCore')
    cd /Users/vardy/dev/alanvardy-var-1014-lower-deployment-targets-from-ios-187watchos-265-to-the/SingleThread.xcodeproj
    builtin-SwiftPerFileCompile resource_bundle_accessor.swift

SwiftCompile normal arm64 /Users/vardy/dev/alanvardy-var-1014-lower-deployment-targets-from-ios-187watchos-265-to-the/SingleThreadCore/Sources/SingleThreadCore/ActionMenuGate.swift (in target 'SingleThreadCore' from project 'SingleThreadCore')
    cd /Users/vardy/dev/alanvardy-var-1014-lower-deployment-targets-from-ios-187watchos-265-to-the/SingleThread.xcodeproj
    builtin-SwiftPerFileCompile ActionMenuGate.swift

SwiftCompile normal arm64 /Users/vardy/dev/alanvardy-var-1014-lower-deployment-targets-from-ios-187watchos-265-to-the/SingleThreadCore/Sources/SingleThreadCore/AppGroup.swift (in target 'SingleThreadCore' from project 'SingleThreadCore')
    cd /Users/vardy/dev/alanvardy-var-1014-lower-deployment-targets-from-ios-187watchos-265-to-the/SingleThread.xcodeproj
    builtin-SwiftPerFileCompile AppGroup.swift

SwiftCompile normal arm64 /Users/vardy/dev/alanvardy-var-1014-lower-deployment-targets-from-ios-187watchos-265-to-the/SingleThreadCore/Sources/SingleThreadCore/AppInfo.swift (in target 'SingleThreadCore' from project 'SingleThreadCore')
    cd /Users/vardy/dev/alanvardy-var-1014-lower-deployment-targets-from-ios-187watchos-265-to-the/SingleThread.xcodeproj
    builtin-SwiftPerFileCompile AppInfo.swift

SwiftDriverJobDiscovery normal arm64 Compiling MinimumDisplayDuration.swift, NotificationPreference.swift, NotificationScheduler.swift, OrientationPreference.swift (in target 'SingleThreadCore' from project 'SingleThreadCore')

SwiftCompile normal arm64 Compiling\ ResumptionGate.swift,\ SkipCountStore.swift,\ SkippedReminderSyncService.swift /Users/vardy/dev/alanvardy-var-1014-lower-deployment-targets-from-ios-187watchos-265-to-the/SingleThreadCore/Sources/SingleThreadCore/ResumptionGate.swift /Users/vardy/dev/alanvardy-var-1014-lower-deployment-targets-from-ios-187watchos-265-to-the/SingleThreadCore/Sources/SingleThreadCore/SkipCountStore.swift /Users/vardy/dev/alanvardy-var-1014-lower-deployment-targets-from-ios-187watchos-265-to-the/SingleThreadCore/Sources/SingleThreadCore/SkippedReminderSyncService.swift (in target 'SingleThreadCore' from project 'SingleThreadCore')
/Users/vardy/dev/alanvardy-var-1014-lower-deployment-targets-from-ios-187watchos-265-to-the/SingleThreadCore/Sources/SingleThreadCore/SkippedReminderSyncService.swift:28:40: warning: comparing non-optional value of type 'WCSessionUserInfoTransfer' to 'nil' always returns true
 26 |         @discardableResult
 27 |         public func queueUserInfo(_ userInfo: [String: Any]) -> Bool {
 28 |             transferUserInfo(userInfo) != nil
    |                                        `- warning: comparing non-optional value of type 'WCSessionUserInfoTransfer' to 'nil' always returns true
 29 |         }
 30 |     }

SwiftCompile normal arm64 /Users/vardy/dev/alanvardy-var-1014-lower-deployment-targets-from-ios-187watchos-265-to-the/SingleThreadCore/Sources/SingleThreadCore/ResumptionGate.swift (in target 'SingleThreadCore' from project 'SingleThreadCore')
    cd /Users/vardy/dev/alanvardy-var-1014-lower-deployment-targets-from-ios-187watchos-265-to-the/SingleThread.xcodeproj
    builtin-SwiftPerFileCompile ResumptionGate.swift

SwiftCompile normal arm64 /Users/vardy/dev/alanvardy-var-1014-lower-deployment-targets-from-ios-187watchos-265-to-the/SingleThreadCore/Sources/SingleThreadCore/SkipCountStore.swift (in target 'SingleThreadCore' from project 'SingleThreadCore')
    cd /Users/vardy/dev/alanvardy-var-1014-lower-deployment-targets-from-ios-187watchos-265-to-the/SingleThread.xcodeproj
    builtin-SwiftPerFileCompile SkipCountStore.swift

SwiftCompile normal arm64 /Users/vardy/dev/alanvardy-var-1014-lower-deployment-targets-from-ios-187watchos-265-to-the/SingleThreadCore/Sources/SingleThreadCore/SkippedReminderSyncService.swift (in target 'SingleThreadCore' from project 'SingleThreadCore')
    cd /Users/vardy/dev/alanvardy-var-1014-lower-deployment-targets-from-ios-187watchos-265-to-the/SingleThread.xcodeproj
    builtin-SwiftPerFileCompile SkippedReminderSyncService.swift

SwiftDriverJobDiscovery normal arm64 Compiling AppearanceModePreference.swift, BoolPreferenceKey.swift, BoolPreferenceStore.swift, CodeSpanFormatter.swift (in target 'SingleThreadCore' from project 'SingleThreadCore')

SwiftDriverJobDiscovery normal x86_64 Compiling ReminderRecurrenceFormatter.swift, ReminderSkip.swift, ReminderSort.swift, ReminderStore.swift (in target 'SingleThreadCore' from project 'SingleThreadCore')

SwiftDriver\ Compilation SingleThreadCore normal arm64 com.apple.xcode.tools.swift.compiler (in target 'SingleThreadCore' from project 'SingleThreadCore')
    cd /Users/vardy/dev/alanvardy-var-1014-lower-deployment-targets-from-ios-187watchos-265-to-the/SingleThread.xcodeproj
    builtin-Swift-Compilation -- /Applications/Xcode.app/Contents/Developer/Toolchains/XcodeDefault.xctoolchain/usr/bin/swiftc -parse-as-library -module-name SingleThreadCore -Onone @/Users/vardy/dev/alanvardy-var-1014-lower-deployment-targets-from-ios-187watchos-265-to-the/DerivedData/Build/Intermediates.noindex/SingleThreadCore.build/Debug-watchsimulator/SingleThreadCore-t.build/Objects-normal/arm64/SingleThreadCore.SwiftFileList -DSWIFT_PACKAGE -DDEBUG -DSWIFT_MODULE_RESOURCE_BUNDLE_AVAILABLE -DXcode -plugin-path /Applications/Xcode.app/Contents/Developer/Toolchains/XcodeDefault.xctoolchain/usr/lib/swift/host/plugins/testing -enable-experimental-feature DebugDescriptionMacro -sdk /Applications/Xcode.app/Contents/Developer/Platforms/WatchSimulator.platform/Developer/SDKs/WatchSimulator27.0.sdk -target arm64-apple-watchos11.0-simulator -g -module-cache-path /Users/vardy/dev/alanvardy-var-1014-lower-deployment-targets-from-ios-187watchos-265-to-the/DerivedData/ModuleCache.noindex -Xfrontend -serialize-debugging-options -profile-coverage-mapping -profile-generate -enable-testing -index-store-path /Users/vardy/dev/alanvardy-var-1014-lower-deployment-targets-from-ios-187watchos-265-to-the/DerivedData/Index.noindex/DataStore -Xcc -D_LIBCPP_HARDENING_MODE\=_LIBCPP_HARDENING_MODE_DEBUG -swift-version 6 -I /Users/vardy/dev/alanvardy-var-1014-lower-deployment-targets-from-ios-187watchos-265-to-the/DerivedData/Build/Products/Debug-watchsimulator -Isystem /Applications/Xcode.app/Contents/Developer/Platforms/WatchSimulator.platform/Developer/usr/lib -F /Users/vardy/dev/alanvardy-var-1014-lower-deployment-targets-from-ios-187watchos-265-to-the/DerivedData/Build/Products/Debug-watchsimulator -F /Applications/Xcode.app/Contents/Developer/Platforms/WatchSimulator.platform/Developer/Library/Frameworks -F /Applications/Xcode.app/Contents/Developer/Platforms/WatchSimulator.platform/Developer/SDKs/WatchSimulator27.0.sdk/Developer/Library/Frameworks -c -j12 -enable-batch-mode -incremental -Xcc -ivfsstatcache -Xcc /Users/vardy/dev/alanvardy-var-1014-lower-deployment-targets-from-ios-187watchos-265-to-the/DerivedData/SDKStatCaches.noindex/watchsimulator27.0-24R360-c50668d93734557a32a78b937f5ceaf1.sdkstatcache -output-file-map /Users/vardy/dev/alanvardy-var-1014-lower-deployment-targets-from-ios-187watchos-265-to-the/DerivedData/Build/Intermediates.noindex/SingleThreadCore.build/Debug-watchsimulator/SingleThreadCore-t.build/Objects-normal/arm64/SingleThreadCore-OutputFileMap.json -save-temps -no-color-diagnostics -explicit-module-build -module-cache-path /Users/vardy/dev/alanvardy-var-1014-lower-deployment-targets-from-ios-187watchos-265-to-the/DerivedData/Build/Intermediates.noindex/SwiftExplicitPrecompiledModules -clang-scanner-module-cache-path /Users/vardy/dev/alanvardy-var-1014-lower-deployment-targets-from-ios-187watchos-265-to-the/DerivedData/ModuleCache.noindex -sdk-module-cache-path /Users/vardy/dev/alanvardy-var-1014-lower-deployment-targets-from-ios-187watchos-265-to-the/DerivedData/SDKExplicitPrecompiledModules -emit-dependencies -emit-module -emit-module-path /Users/vardy/dev/alanvardy-var-1014-lower-deployment-targets-from-ios-187watchos-265-to-the/DerivedData/Build/Intermediates.noindex/SingleThreadCore.build/Debug-watchsimulator/SingleThreadCore-t.build/Objects-normal/arm64/SingleThreadCore.swiftmodule -serialize-diagnostics -dependency-scan-serialize-diagnostics-path /Users/vardy/dev/alanvardy-var-1014-lower-deployment-targets-from-ios-187watchos-265-to-the/DerivedData/Build/Intermediates.noindex/SingleThreadCore.build/Debug-watchsimulator/SingleThreadCore-t.build/Objects-normal/arm64/SingleThreadCore-dependency-scan.dia -validate-clang-modules-once -clang-build-session-file /Users/vardy/dev/alanvardy-var-1014-lower-deployment-targets-from-ios-187watchos-265-to-the/DerivedData/ModuleCache.noindex/Session.modulevalidation -Xcc -fmodules-prune-interval\=86400 -Xcc -fmodules-prune-after\=345600 -package-name singlethreadcore -emit-const-values -const-gather-protocols-list /Users/vardy/dev/alanvardy-var-1014-lower-deployment-targets-from-ios-187watchos-265-to-the/DerivedData/Build/Intermediates.noindex/SingleThreadCore.build/Debug-watchsimulator/SingleThreadCore-t.build/Objects-normal/arm64/SingleThreadCore_const_extract_protocols.json -Xcc -I/Users/vardy/dev/alanvardy-var-1014-lower-deployment-targets-from-ios-187watchos-265-to-the/DerivedData/Build/Products/Debug-watchsimulator/include -Xcc -I/Users/vardy/dev/alanvardy-var-1014-lower-deployment-targets-from-ios-187watchos-265-to-the/DerivedData/Build/Intermediates.noindex/SingleThreadCore.build/Debug-watchsimulator/SingleThreadCore-t.build/DerivedSources-normal/arm64 -Xcc -I/Users/vardy/dev/alanvardy-var-1014-lower-deployment-targets-from-ios-187watchos-265-to-the/DerivedData/Build/Intermediates.noindex/SingleThreadCore.build/Debug-watchsimulator/SingleThreadCore-t.build/DerivedSources/arm64 -Xcc -I/Users/vardy/dev/alanvardy-var-1014-lower-deployment-targets-from-ios-187watchos-265-to-the/DerivedData/Build/Intermediates.noindex/SingleThreadCore.build/Debug-watchsimulator/SingleThreadCore-t.build/DerivedSources -Xcc -DSWIFT_PACKAGE -Xcc -DDEBUG\=1 -emit-objc-header -emit-objc-header-path /Users/vardy/dev/alanvardy-var-1014-lower-deployment-targets-from-ios-187watchos-265-to-the/DerivedData/Build/Intermediates.noindex/SingleThreadCore.build/Debug-watchsimulator/SingleThreadCore-t.build/Objects-normal/arm64/SingleThreadCore-Swift.h -working-directory /Users/vardy/dev/alanvardy-var-1014-lower-deployment-targets-from-ios-187watchos-265-to-the/SingleThread.xcodeproj -experimental-emit-module-separately -disable-cmo

SwiftCompile normal arm64 Compiling\ MinimumDisplayDuration.swift,\ NotificationPreference.swift,\ NotificationScheduler.swift,\ OrientationPreference.swift /Users/vardy/dev/alanvardy-var-1014-lower-deployment-targets-from-ios-187watchos-265-to-the/SingleThreadCore/Sources/SingleThreadCore/MinimumDisplayDuration.swift /Users/vardy/dev/alanvardy-var-1014-lower-deployment-targets-from-ios-187watchos-265-to-the/SingleThreadCore/Sources/SingleThreadCore/NotificationPreference.swift /Users/vardy/dev/alanvardy-var-1014-lower-deployment-targets-from-ios-187watchos-265-to-the/SingleThreadCore/Sources/SingleThreadCore/NotificationScheduler.swift /Users/vardy/dev/alanvardy-var-1014-lower-deployment-targets-from-ios-187watchos-265-to-the/SingleThreadCore/Sources/SingleThreadCore/OrientationPreference.swift (in target 'SingleThreadCore' from project 'SingleThreadCore')

SwiftCompile normal arm64 /Users/vardy/dev/alanvardy-var-1014-lower-deployment-targets-from-ios-187watchos-265-to-the/SingleThreadCore/Sources/SingleThreadCore/MinimumDisplayDuration.swift (in target 'SingleThreadCore' from project 'SingleThreadCore')
    cd /Users/vardy/dev/alanvardy-var-1014-lower-deployment-targets-from-ios-187watchos-265-to-the/SingleThread.xcodeproj
    builtin-SwiftPerFileCompile MinimumDisplayDuration.swift

SwiftCompile normal arm64 /Users/vardy/dev/alanvardy-var-1014-lower-deployment-targets-from-ios-187watchos-265-to-the/SingleThreadCore/Sources/SingleThreadCore/NotificationPreference.swift (in target 'SingleThreadCore' from project 'SingleThreadCore')
    cd /Users/vardy/dev/alanvardy-var-1014-lower-deployment-targets-from-ios-187watchos-265-to-the/SingleThread.xcodeproj
    builtin-SwiftPerFileCompile NotificationPreference.swift

SwiftCompile normal arm64 /Users/vardy/dev/alanvardy-var-1014-lower-deployment-targets-from-ios-187watchos-265-to-the/SingleThreadCore/Sources/SingleThreadCore/NotificationScheduler.swift (in target 'SingleThreadCore' from project 'SingleThreadCore')
    cd /Users/vardy/dev/alanvardy-var-1014-lower-deployment-targets-from-ios-187watchos-265-to-the/SingleThread.xcodeproj
    builtin-SwiftPerFileCompile NotificationScheduler.swift

SwiftCompile normal arm64 /Users/vardy/dev/alanvardy-var-1014-lower-deployment-targets-from-ios-187watchos-265-to-the/SingleThreadCore/Sources/SingleThreadCore/OrientationPreference.swift (in target 'SingleThreadCore' from project 'SingleThreadCore')
    cd /Users/vardy/dev/alanvardy-var-1014-lower-deployment-targets-from-ios-187watchos-265-to-the/SingleThread.xcodeproj
    builtin-SwiftPerFileCompile OrientationPreference.swift

SwiftDriverJobDiscovery normal x86_64 Compiling ReminderDeepLink.swift, ReminderDictationParser.swift, ReminderDisplay.swift, ReminderIntents.swift (in target 'SingleThreadCore' from project 'SingleThreadCore')

SwiftCompile normal arm64 Compiling\ ReminderDeepLink.swift,\ ReminderDictationParser.swift,\ ReminderDisplay.swift,\ ReminderIntents.swift /Users/vardy/dev/alanvardy-var-1014-lower-deployment-targets-from-ios-187watchos-265-to-the/SingleThreadCore/Sources/SingleThreadCore/ReminderDeepLink.swift /Users/vardy/dev/alanvardy-var-1014-lower-deployment-targets-from-ios-187watchos-265-to-the/SingleThreadCore/Sources/SingleThreadCore/ReminderDictationParser.swift /Users/vardy/dev/alanvardy-var-1014-lower-deployment-targets-from-ios-187watchos-265-to-the/SingleThreadCore/Sources/SingleThreadCore/ReminderDisplay.swift /Users/vardy/dev/alanvardy-var-1014-lower-deployment-targets-from-ios-187watchos-265-to-the/SingleThreadCore/Sources/SingleThreadCore/ReminderIntents.swift (in target 'SingleThreadCore' from project 'SingleThreadCore')

SwiftCompile normal arm64 /Users/vardy/dev/alanvardy-var-1014-lower-deployment-targets-from-ios-187watchos-265-to-the/SingleThreadCore/Sources/SingleThreadCore/ReminderDeepLink.swift (in target 'SingleThreadCore' from project 'SingleThreadCore')
    cd /Users/vardy/dev/alanvardy-var-1014-lower-deployment-targets-from-ios-187watchos-265-to-the/SingleThread.xcodeproj
    builtin-SwiftPerFileCompile ReminderDeepLink.swift

SwiftCompile normal arm64 /Users/vardy/dev/alanvardy-var-1014-lower-deployment-targets-from-ios-187watchos-265-to-the/SingleThreadCore/Sources/SingleThreadCore/ReminderDictationParser.swift (in target 'SingleThreadCore' from project 'SingleThreadCore')
    cd /Users/vardy/dev/alanvardy-var-1014-lower-deployment-targets-from-ios-187watchos-265-to-the/SingleThread.xcodeproj
    builtin-SwiftPerFileCompile ReminderDictationParser.swift

SwiftCompile normal arm64 /Users/vardy/dev/alanvardy-var-1014-lower-deployment-targets-from-ios-187watchos-265-to-the/SingleThreadCore/Sources/SingleThreadCore/ReminderDisplay.swift (in target 'SingleThreadCore' from project 'SingleThreadCore')
    cd /Users/vardy/dev/alanvardy-var-1014-lower-deployment-targets-from-ios-187watchos-265-to-the/SingleThread.xcodeproj
    builtin-SwiftPerFileCompile ReminderDisplay.swift

SwiftCompile normal arm64 /Users/vardy/dev/alanvardy-var-1014-lower-deployment-targets-from-ios-187watchos-265-to-the/SingleThreadCore/Sources/SingleThreadCore/ReminderIntents.swift (in target 'SingleThreadCore' from project 'SingleThreadCore')
    cd /Users/vardy/dev/alanvardy-var-1014-lower-deployment-targets-from-ios-187watchos-265-to-the/SingleThread.xcodeproj
    builtin-SwiftPerFileCompile ReminderIntents.swift

SwiftDriverJobDiscovery normal x86_64 Compiling EntitlementState.swift, EntitlementStore.swift, EventKitStoring.swift, EventStoreChangedObserver.swift (in target 'SingleThreadCore' from project 'SingleThreadCore')

SwiftCompile normal arm64 Compiling\ CompletionCounterStore.swift,\ CompletionGlow.swift,\ CompletionMomentumOverlay.swift,\ DailyCompletionStore.swift /Users/vardy/dev/alanvardy-var-1014-lower-deployment-targets-from-ios-187watchos-265-to-the/SingleThreadCore/Sources/SingleThreadCore/CompletionCounterStore.swift /Users/vardy/dev/alanvardy-var-1014-lower-deployment-targets-from-ios-187watchos-265-to-the/SingleThreadCore/Sources/SingleThreadCore/CompletionGlow.swift /Users/vardy/dev/alanvardy-var-1014-lower-deployment-targets-from-ios-187watchos-265-to-the/SingleThreadCore/Sources/SingleThreadCore/CompletionMomentumOverlay.swift /Users/vardy/dev/alanvardy-var-1014-lower-deployment-targets-from-ios-187watchos-265-to-the/SingleThreadCore/Sources/SingleThreadCore/DailyCompletionStore.swift (in target 'SingleThreadCore' from project 'SingleThreadCore')

SwiftCompile normal arm64 /Users/vardy/dev/alanvardy-var-1014-lower-deployment-targets-from-ios-187watchos-265-to-the/SingleThreadCore/Sources/SingleThreadCore/CompletionCounterStore.swift (in target 'SingleThreadCore' from project 'SingleThreadCore')
    cd /Users/vardy/dev/alanvardy-var-1014-lower-deployment-targets-from-ios-187watchos-265-to-the/SingleThread.xcodeproj
    builtin-SwiftPerFileCompile CompletionCounterStore.swift

SwiftCompile normal arm64 /Users/vardy/dev/alanvardy-var-1014-lower-deployment-targets-from-ios-187watchos-265-to-the/SingleThreadCore/Sources/SingleThreadCore/CompletionGlow.swift (in target 'SingleThreadCore' from project 'SingleThreadCore')
    cd /Users/vardy/dev/alanvardy-var-1014-lower-deployment-targets-from-ios-187watchos-265-to-the/SingleThread.xcodeproj
    builtin-SwiftPerFileCompile CompletionGlow.swift

SwiftCompile normal arm64 /Users/vardy/dev/alanvardy-var-1014-lower-deployment-targets-from-ios-187watchos-265-to-the/SingleThreadCore/Sources/SingleThreadCore/CompletionMomentumOverlay.swift (in target 'SingleThreadCore' from project 'SingleThreadCore')
    cd /Users/vardy/dev/alanvardy-var-1014-lower-deployment-targets-from-ios-187watchos-265-to-the/SingleThread.xcodeproj
    builtin-SwiftPerFileCompile CompletionMomentumOverlay.swift

SwiftCompile normal arm64 /Users/vardy/dev/alanvardy-var-1014-lower-deployment-targets-from-ios-187watchos-265-to-the/SingleThreadCore/Sources/SingleThreadCore/DailyCompletionStore.swift (in target 'SingleThreadCore' from project 'SingleThreadCore')
    cd /Users/vardy/dev/alanvardy-var-1014-lower-deployment-targets-from-ios-187watchos-265-to-the/SingleThread.xcodeproj
    builtin-SwiftPerFileCompile DailyCompletionStore.swift

SwiftDriverJobDiscovery normal arm64 Compiling SortOption.swift, StaleReminderRechecker.swift, TranscriptionAccumulator.swift (in target 'SingleThreadCore' from project 'SingleThreadCore')

SwiftCompile normal arm64 Compiling\ EntitlementState.swift,\ EntitlementStore.swift,\ EventKitStoring.swift,\ EventStoreChangedObserver.swift /Users/vardy/dev/alanvardy-var-1014-lower-deployment-targets-from-ios-187watchos-265-to-the/SingleThreadCore/Sources/SingleThreadCore/EntitlementState.swift /Users/vardy/dev/alanvardy-var-1014-lower-deployment-targets-from-ios-187watchos-265-to-the/SingleThreadCore/Sources/SingleThreadCore/EntitlementStore.swift /Users/vardy/dev/alanvardy-var-1014-lower-deployment-targets-from-ios-187watchos-265-to-the/SingleThreadCore/Sources/SingleThreadCore/EventKitStoring.swift /Users/vardy/dev/alanvardy-var-1014-lower-deployment-targets-from-ios-187watchos-265-to-the/SingleThreadCore/Sources/SingleThreadCore/EventStoreChangedObserver.swift (in target 'SingleThreadCore' from project 'SingleThreadCore')

SwiftCompile normal arm64 /Users/vardy/dev/alanvardy-var-1014-lower-deployment-targets-from-ios-187watchos-265-to-the/SingleThreadCore/Sources/SingleThreadCore/EntitlementState.swift (in target 'SingleThreadCore' from project 'SingleThreadCore')
    cd /Users/vardy/dev/alanvardy-var-1014-lower-deployment-targets-from-ios-187watchos-265-to-the/SingleThread.xcodeproj
    builtin-SwiftPerFileCompile EntitlementState.swift

SwiftCompile normal arm64 /Users/vardy/dev/alanvardy-var-1014-lower-deployment-targets-from-ios-187watchos-265-to-the/SingleThreadCore/Sources/SingleThreadCore/EntitlementStore.swift (in target 'SingleThreadCore' from project 'SingleThreadCore')
    cd /Users/vardy/dev/alanvardy-var-1014-lower-deployment-targets-from-ios-187watchos-265-to-the/SingleThread.xcodeproj
    builtin-SwiftPerFileCompile EntitlementStore.swift

SwiftCompile normal arm64 /Users/vardy/dev/alanvardy-var-1014-lower-deployment-targets-from-ios-187watchos-265-to-the/SingleThreadCore/Sources/SingleThreadCore/EventKitStoring.swift (in target 'SingleThreadCore' from project 'SingleThreadCore')
    cd /Users/vardy/dev/alanvardy-var-1014-lower-deployment-targets-from-ios-187watchos-265-to-the/SingleThread.xcodeproj
    builtin-SwiftPerFileCompile EventKitStoring.swift

SwiftCompile normal arm64 /Users/vardy/dev/alanvardy-var-1014-lower-deployment-targets-from-ios-187watchos-265-to-the/SingleThreadCore/Sources/SingleThreadCore/EventStoreChangedObserver.swift (in target 'SingleThreadCore' from project 'SingleThreadCore')
    cd /Users/vardy/dev/alanvardy-var-1014-lower-deployment-targets-from-ios-187watchos-265-to-the/SingleThread.xcodeproj
    builtin-SwiftPerFileCompile EventStoreChangedObserver.swift

/Users/vardy/dev/alanvardy-var-1014-lower-deployment-targets-from-ios-187watchos-265-to-the/SingleThreadCore/Sources/SingleThreadCore/EntitlementStore.swift:91:13: warning: 'nonisolated(unsafe)' has no effect on property 'observationTask', consider using 'nonisolated'
 89 |     /// task; the task captures `self` weakly and is only read/written on the
 90 |     /// main actor in normal operation.
 91 |     private nonisolated(unsafe) var observationTask: Task<Void, Never>?
    |             `- warning: 'nonisolated(unsafe)' has no effect on property 'observationTask', consider using 'nonisolated'
 92 | 
 93 |     private func observeTransactionUpdates() async {
SwiftDriverJobDiscovery normal x86_64 Compiling AppearanceModePreference.swift, BoolPreferenceKey.swift, BoolPreferenceStore.swift, CodeSpanFormatter.swift (in target 'SingleThreadCore' from project 'SingleThreadCore')

ProcessProductPackaging /Users/vardy/dev/alanvardy-var-1014-lower-deployment-targets-from-ios-187watchos-265-to-the/SingleThread/AppGroup.entitlements /Users/vardy/dev/alanvardy-var-1014-lower-deployment-targets-from-ios-187watchos-265-to-the/DerivedData/Build/Intermediates.noindex/SingleThread.build/Debug-iphonesimulator/SingleThreadWidget.build/SingleThreadWidget.appex.xcent (in target 'SingleThreadWidget' from project 'SingleThread')
    cd /Users/vardy/dev/alanvardy-var-1014-lower-deployment-targets-from-ios-187watchos-265-to-the
    
    Entitlements:
    
    {
}
    
    builtin-productPackagingUtility /Users/vardy/dev/alanvardy-var-1014-lower-deployment-targets-from-ios-187watchos-265-to-the/SingleThread/AppGroup.entitlements -entitlements -format xml -o /Users/vardy/dev/alanvardy-var-1014-lower-deployment-targets-from-ios-187watchos-265-to-the/DerivedData/Build/Intermediates.noindex/SingleThread.build/Debug-iphonesimulator/SingleThreadWidget.build/SingleThreadWidget.appex.xcent

ProcessProductPackaging /Users/vardy/dev/alanvardy-var-1014-lower-deployment-targets-from-ios-187watchos-265-to-the/SingleThread/AppGroup.entitlements /Users/vardy/dev/alanvardy-var-1014-lower-deployment-targets-from-ios-187watchos-265-to-the/DerivedData/Build/Intermediates.noindex/SingleThread.build/Debug-iphonesimulator/SingleThreadWidget.build/SingleThreadWidget.appex-Simulated.xcent (in target 'SingleThreadWidget' from project 'SingleThread')
    cd /Users/vardy/dev/alanvardy-var-1014-lower-deployment-targets-from-ios-187watchos-265-to-the
    
    Entitlements:
    
    {
    "application-identifier" = "6NWX2DHB9Q.app.alanvardy.SingleThread.widget";
    "com.apple.security.application-groups" =     (
        "group.app.alanvardy.SingleThread"
    );
}
    
    builtin-productPackagingUtility /Users/vardy/dev/alanvardy-var-1014-lower-deployment-targets-from-ios-187watchos-265-to-the/SingleThread/AppGroup.entitlements -entitlements -format xml -o /Users/vardy/dev/alanvardy-var-1014-lower-deployment-targets-from-ios-187watchos-265-to-the/DerivedData/Build/Intermediates.noindex/SingleThread.build/Debug-iphonesimulator/SingleThreadWidget.build/SingleThreadWidget.appex-Simulated.xcent

ProcessProductPackagingDER /Users/vardy/dev/alanvardy-var-1014-lower-deployment-targets-from-ios-187watchos-265-to-the/DerivedData/Build/Intermediates.noindex/SingleThread.build/Debug-iphonesimulator/SingleThreadWidget.build/SingleThreadWidget.appex.xcent /Users/vardy/dev/alanvardy-var-1014-lower-deployment-targets-from-ios-187watchos-265-to-the/DerivedData/Build/Intermediates.noindex/SingleThread.build/Debug-iphonesimulator/SingleThreadWidget.build/SingleThreadWidget.appex.xcent.der (in target 'SingleThreadWidget' from project 'SingleThread')
    cd /Users/vardy/dev/alanvardy-var-1014-lower-deployment-targets-from-ios-187watchos-265-to-the
    /usr/bin/derq query -f xml -i /Users/vardy/dev/alanvardy-var-1014-lower-deployment-targets-from-ios-187watchos-265-to-the/DerivedData/Build/Intermediates.noindex/SingleThread.build/Debug-iphonesimulator/SingleThreadWidget.build/SingleThreadWidget.appex.xcent -o /Users/vardy/dev/alanvardy-var-1014-lower-deployment-targets-from-ios-187watchos-265-to-the/DerivedData/Build/Intermediates.noindex/SingleThread.build/Debug-iphonesimulator/SingleThreadWidget.build/SingleThreadWidget.appex.xcent.der --raw

ProcessProductPackagingDER /Users/vardy/dev/alanvardy-var-1014-lower-deployment-targets-from-ios-187watchos-265-to-the/DerivedData/Build/Intermediates.noindex/SingleThread.build/Debug-iphonesimulator/SingleThreadWidget.build/SingleThreadWidget.appex-Simulated.xcent /Users/vardy/dev/alanvardy-var-1014-lower-deployment-targets-from-ios-187watchos-265-to-the/DerivedData/Build/Intermediates.noindex/SingleThread.build/Debug-iphonesimulator/SingleThreadWidget.build/SingleThreadWidget.appex-Simulated.xcent.der (in target 'SingleThreadWidget' from project 'SingleThread')
    cd /Users/vardy/dev/alanvardy-var-1014-lower-deployment-targets-from-ios-187watchos-265-to-the
    /usr/bin/derq query -f xml -i /Users/vardy/dev/alanvardy-var-1014-lower-deployment-targets-from-ios-187watchos-265-to-the/DerivedData/Build/Intermediates.noindex/SingleThread.build/Debug-iphonesimulator/SingleThreadWidget.build/SingleThreadWidget.appex-Simulated.xcent -o /Users/vardy/dev/alanvardy-var-1014-lower-deployment-targets-from-ios-187watchos-265-to-the/DerivedData/Build/Intermediates.noindex/SingleThread.build/Debug-iphonesimulator/SingleThreadWidget.build/SingleThreadWidget.appex-Simulated.xcent.der --raw

ProcessProductPackaging "" /Users/vardy/dev/alanvardy-var-1014-lower-deployment-targets-from-ios-187watchos-265-to-the/DerivedData/Build/Intermediates.noindex/SingleThread.build/Debug-watchsimulator/SingleThreadWatch.build/SingleThreadWatch.app-Simulated.xcent (in target 'SingleThreadWatch' from project 'SingleThread')
    cd /Users/vardy/dev/alanvardy-var-1014-lower-deployment-targets-from-ios-187watchos-265-to-the
    
    Entitlements:
    
    {
    "application-identifier" = "6NWX2DHB9Q.app.alanvardy.SingleThread.watchkitapp";
}
    
    builtin-productPackagingUtility -entitlements -format xml -o /Users/vardy/dev/alanvardy-var-1014-lower-deployment-targets-from-ios-187watchos-265-to-the/DerivedData/Build/Intermediates.noindex/SingleThread.build/Debug-watchsimulator/SingleThreadWatch.build/SingleThreadWatch.app-Simulated.xcent

SwiftDriver\ Compilation SingleThreadCore normal x86_64 com.apple.xcode.tools.swift.compiler (in target 'SingleThreadCore' from project 'SingleThreadCore')
    cd /Users/vardy/dev/alanvardy-var-1014-lower-deployment-targets-from-ios-187watchos-265-to-the/SingleThread.xcodeproj
    builtin-Swift-Compilation -- /Applications/Xcode.app/Contents/Developer/Toolchains/XcodeDefault.xctoolchain/usr/bin/swiftc -parse-as-library -module-name SingleThreadCore -Onone @/Users/vardy/dev/alanvardy-var-1014-lower-deployment-targets-from-ios-187watchos-265-to-the/DerivedData/Build/Intermediates.noindex/SingleThreadCore.build/Debug-watchsimulator/SingleThreadCore-t.build/Objects-normal/x86_64/SingleThreadCore.SwiftFileList -DSWIFT_PACKAGE -DDEBUG -DSWIFT_MODULE_RESOURCE_BUNDLE_AVAILABLE -DXcode -plugin-path /Applications/Xcode.app/Contents/Developer/Toolchains/XcodeDefault.xctoolchain/usr/lib/swift/host/plugins/testing -enable-experimental-feature DebugDescriptionMacro -sdk /Applications/Xcode.app/Contents/Developer/Platforms/WatchSimulator.platform/Developer/SDKs/WatchSimulator27.0.sdk -target x86_64-apple-watchos11.0-simulator -g -module-cache-path /Users/vardy/dev/alanvardy-var-1014-lower-deployment-targets-from-ios-187watchos-265-to-the/DerivedData/ModuleCache.noindex -Xfrontend -serialize-debugging-options -profile-coverage-mapping -profile-generate -enable-testing -index-store-path /Users/vardy/dev/alanvardy-var-1014-lower-deployment-targets-from-ios-187watchos-265-to-the/DerivedData/Index.noindex/DataStore -Xcc -D_LIBCPP_HARDENING_MODE\=_LIBCPP_HARDENING_MODE_DEBUG -swift-version 6 -I /Users/vardy/dev/alanvardy-var-1014-lower-deployment-targets-from-ios-187watchos-265-to-the/DerivedData/Build/Products/Debug-watchsimulator -Isystem /Applications/Xcode.app/Contents/Developer/Platforms/WatchSimulator.platform/Developer/usr/lib -F /Users/vardy/dev/alanvardy-var-1014-lower-deployment-targets-from-ios-187watchos-265-to-the/DerivedData/Build/Products/Debug-watchsimulator -F /Applications/Xcode.app/Contents/Developer/Platforms/WatchSimulator.platform/Developer/Library/Frameworks -F /Applications/Xcode.app/Contents/Developer/Platforms/WatchSimulator.platform/Developer/SDKs/WatchSimulator27.0.sdk/Developer/Library/Frameworks -c -j12 -enable-batch-mode -incremental -Xcc -ivfsstatcache -Xcc /Users/vardy/dev/alanvardy-var-1014-lower-deployment-targets-from-ios-187watchos-265-to-the/DerivedData/SDKStatCaches.noindex/watchsimulator27.0-24R360-c50668d93734557a32a78b937f5ceaf1.sdkstatcache -output-file-map /Users/vardy/dev/alanvardy-var-1014-lower-deployment-targets-from-ios-187watchos-265-to-the/DerivedData/Build/Intermediates.noindex/SingleThreadCore.build/Debug-watchsimulator/SingleThreadCore-t.build/Objects-normal/x86_64/SingleThreadCore-OutputFileMap.json -save-temps -no-color-diagnostics -explicit-module-build -module-cache-path /Users/vardy/dev/alanvardy-var-1014-lower-deployment-targets-from-ios-187watchos-265-to-the/DerivedData/Build/Intermediates.noindex/SwiftExplicitPrecompiledModules -clang-scanner-module-cache-path /Users/vardy/dev/alanvardy-var-1014-lower-deployment-targets-from-ios-187watchos-265-to-the/DerivedData/ModuleCache.noindex -sdk-module-cache-path /Users/vardy/dev/alanvardy-var-1014-lower-deployment-targets-from-ios-187watchos-265-to-the/DerivedData/SDKExplicitPrecompiledModules -emit-dependencies -emit-module -emit-module-path /Users/vardy/dev/alanvardy-var-1014-lower-deployment-targets-from-ios-187watchos-265-to-the/DerivedData/Build/Intermediates.noindex/SingleThreadCore.build/Debug-watchsimulator/SingleThreadCore-t.build/Objects-normal/x86_64/SingleThreadCore.swiftmodule -serialize-diagnostics -dependency-scan-serialize-diagnostics-path /Users/vardy/dev/alanvardy-var-1014-lower-deployment-targets-from-ios-187watchos-265-to-the/DerivedData/Build/Intermediates.noindex/SingleThreadCore.build/Debug-watchsimulator/SingleThreadCore-t.build/Objects-normal/x86_64/SingleThreadCore-dependency-scan.dia -validate-clang-modules-once -clang-build-session-file /Users/vardy/dev/alanvardy-var-1014-lower-deployment-targets-from-ios-187watchos-265-to-the/DerivedData/ModuleCache.noindex/Session.modulevalidation -Xcc -fmodules-prune-interval\=86400 -Xcc -fmodules-prune-after\=345600 -package-name singlethreadcore -emit-const-values -const-gather-protocols-list /Users/vardy/dev/alanvardy-var-1014-lower-deployment-targets-from-ios-187watchos-265-to-the/DerivedData/Build/Intermediates.noindex/SingleThreadCore.build/Debug-watchsimulator/SingleThreadCore-t.build/Objects-normal/x86_64/SingleThreadCore_const_extract_protocols.json -Xcc -I/Users/vardy/dev/alanvardy-var-1014-lower-deployment-targets-from-ios-187watchos-265-to-the/DerivedData/Build/Products/Debug-watchsimulator/include -Xcc -I/Users/vardy/dev/alanvardy-var-1014-lower-deployment-targets-from-ios-187watchos-265-to-the/DerivedData/Build/Intermediates.noindex/SingleThreadCore.build/Debug-watchsimulator/SingleThreadCore-t.build/DerivedSources-normal/x86_64 -Xcc -I/Users/vardy/dev/alanvardy-var-1014-lower-deployment-targets-from-ios-187watchos-265-to-the/DerivedData/Build/Intermediates.noindex/SingleThreadCore.build/Debug-watchsimulator/SingleThreadCore-t.build/DerivedSources/x86_64 -Xcc -I/Users/vardy/dev/alanvardy-var-1014-lower-deployment-targets-from-ios-187watchos-265-to-the/DerivedData/Build/Intermediates.noindex/SingleThreadCore.build/Debug-watchsimulator/SingleThreadCore-t.build/DerivedSources -Xcc -DSWIFT_PACKAGE -Xcc -DDEBUG\=1 -emit-objc-header -emit-objc-header-path /Users/vardy/dev/alanvardy-var-1014-lower-deployment-targets-from-ios-187watchos-265-to-the/DerivedData/Build/Intermediates.noindex/SingleThreadCore.build/Debug-watchsimulator/SingleThreadCore-t.build/Objects-normal/x86_64/SingleThreadCore-Swift.h -working-directory /Users/vardy/dev/alanvardy-var-1014-lower-deployment-targets-from-ios-187watchos-265-to-the/SingleThread.xcodeproj -experimental-emit-module-separately -disable-cmo

ProcessProductPackagingDER /Users/vardy/dev/alanvardy-var-1014-lower-deployment-targets-from-ios-187watchos-265-to-the/DerivedData/Build/Intermediates.noindex/SingleThread.build/Debug-watchsimulator/SingleThreadWatch.build/SingleThreadWatch.app-Simulated.xcent /Users/vardy/dev/alanvardy-var-1014-lower-deployment-targets-from-ios-187watchos-265-to-the/DerivedData/Build/Intermediates.noindex/SingleThread.build/Debug-watchsimulator/SingleThreadWatch.build/SingleThreadWatch.app-Simulated.xcent.der (in target 'SingleThreadWatch' from project 'SingleThread')
    cd /Users/vardy/dev/alanvardy-var-1014-lower-deployment-targets-from-ios-187watchos-265-to-the
    /usr/bin/derq query -f xml -i /Users/vardy/dev/alanvardy-var-1014-lower-deployment-targets-from-ios-187watchos-265-to-the/DerivedData/Build/Intermediates.noindex/SingleThread.build/Debug-watchsimulator/SingleThreadWatch.build/SingleThreadWatch.app-Simulated.xcent -o /Users/vardy/dev/alanvardy-var-1014-lower-deployment-targets-from-ios-187watchos-265-to-the/DerivedData/Build/Intermediates.noindex/SingleThread.build/Debug-watchsimulator/SingleThreadWatch.build/SingleThreadWatch.app-Simulated.xcent.der --raw

SwiftDriverJobDiscovery normal arm64 Compiling resource_bundle_accessor.swift, ActionMenuGate.swift, AppGroup.swift, AppInfo.swift (in target 'SingleThreadCore' from project 'SingleThreadCore')

Ld /Users/vardy/dev/alanvardy-var-1014-lower-deployment-targets-from-ios-187watchos-265-to-the/DerivedData/Build/Intermediates.noindex/SingleThreadCore.build/Debug-watchsimulator/SingleThreadCore-t.build/Objects-normal/arm64/Binary/SingleThreadCore.o normal arm64 (in target 'SingleThreadCore' from project 'SingleThreadCore')
    cd /Users/vardy/dev/alanvardy-var-1014-lower-deployment-targets-from-ios-187watchos-265-to-the/SingleThreadCore
    /Applications/Xcode.app/Contents/Developer/Toolchains/XcodeDefault.xctoolchain/usr/bin/clang -Xlinker -reproducible -target arm64-apple-watchos11.0-simulator -r -isysroot /Applications/Xcode.app/Contents/Developer/Platforms/WatchSimulator.platform/Developer/SDKs/WatchSimulator27.0.sdk -O0 -Xlinker -no_warn_duplicate_libraries -F/Users/vardy/dev/alanvardy-var-1014-lower-deployment-targets-from-ios-187watchos-265-to-the/DerivedData/Build/Intermediates.noindex/EagerLinkingTBDs/Debug-watchsimulator -F/Users/vardy/dev/alanvardy-var-1014-lower-deployment-targets-from-ios-187watchos-265-to-the/DerivedData/Build/Products/Debug-watchsimulator -iframework /Applications/Xcode.app/Contents/Developer/Platforms/WatchSimulator.platform/Developer/Library/Frameworks -iframework /Applications/Xcode.app/Contents/Developer/Platforms/WatchSimulator.platform/Developer/SDKs/WatchSimulator27.0.sdk/Developer/Library/Frameworks -filelist /Users/vardy/dev/alanvardy-var-1014-lower-deployment-targets-from-ios-187watchos-265-to-the/DerivedData/Build/Intermediates.noindex/SingleThreadCore.build/Debug-watchsimulator/SingleThreadCore-t.build/Objects-normal/arm64/SingleThreadCore.LinkFileList -nostdlib -Xlinker -object_path_lto -Xlinker /Users/vardy/dev/alanvardy-var-1014-lower-deployment-targets-from-ios-187watchos-265-to-the/DerivedData/Build/Intermediates.noindex/SingleThreadCore.build/Debug-watchsimulator/SingleThreadCore-t.build/Objects-normal/arm64/SingleThreadCore_lto.o -Xlinker -no_deduplicate -Xlinker -objc_abi_version -Xlinker 2 -Xlinker -debug_variant -Xlinker -dependency_info -Xlinker /Users/vardy/dev/alanvardy-var-1014-lower-deployment-targets-from-ios-187watchos-265-to-the/DerivedData/Build/Intermediates.noindex/SingleThreadCore.build/Debug-watchsimulator/SingleThreadCore-t.build/Objects-normal/arm64/SingleThreadCore_dependency_info.dat -fobjc-link-runtime -L/Applications/Xcode.app/Contents/Developer/Toolchains/XcodeDefault.xctoolchain/usr/lib/swift/watchsimulator -L/usr/lib/swift -Xlinker -add_ast_path -Xlinker /Users/vardy/dev/alanvardy-var-1014-lower-deployment-targets-from-ios-187watchos-265-to-the/DerivedData/Build/Intermediates.noindex/SingleThreadCore.build/Debug-watchsimulator/SingleThreadCore-t.build/Objects-normal/arm64/SingleThreadCore.swiftmodule -o /Users/vardy/dev/alanvardy-var-1014-lower-deployment-targets-from-ios-187watchos-265-to-the/DerivedData/Build/Intermediates.noindex/SingleThreadCore.build/Debug-watchsimulator/SingleThreadCore-t.build/Objects-normal/arm64/Binary/SingleThreadCore.o

Ld /Users/vardy/dev/alanvardy-var-1014-lower-deployment-targets-from-ios-187watchos-265-to-the/DerivedData/Build/Intermediates.noindex/SingleThreadCore.build/Debug-watchsimulator/SingleThreadCore-t.build/Objects-normal/x86_64/Binary/SingleThreadCore.o normal x86_64 (in target 'SingleThreadCore' from project 'SingleThreadCore')
    cd /Users/vardy/dev/alanvardy-var-1014-lower-deployment-targets-from-ios-187watchos-265-to-the/SingleThreadCore
    /Applications/Xcode.app/Contents/Developer/Toolchains/XcodeDefault.xctoolchain/usr/bin/clang -Xlinker -reproducible -target x86_64-apple-watchos11.0-simulator -r -isysroot /Applications/Xcode.app/Contents/Developer/Platforms/WatchSimulator.platform/Developer/SDKs/WatchSimulator27.0.sdk -O0 -Xlinker -no_warn_duplicate_libraries -F/Users/vardy/dev/alanvardy-var-1014-lower-deployment-targets-from-ios-187watchos-265-to-the/DerivedData/Build/Intermediates.noindex/EagerLinkingTBDs/Debug-watchsimulator -F/Users/vardy/dev/alanvardy-var-1014-lower-deployment-targets-from-ios-187watchos-265-to-the/DerivedData/Build/Products/Debug-watchsimulator -iframework /Applications/Xcode.app/Contents/Developer/Platforms/WatchSimulator.platform/Developer/Library/Frameworks -iframework /Applications/Xcode.app/Contents/Developer/Platforms/WatchSimulator.platform/Developer/SDKs/WatchSimulator27.0.sdk/Developer/Library/Frameworks -filelist /Users/vardy/dev/alanvardy-var-1014-lower-deployment-targets-from-ios-187watchos-265-to-the/DerivedData/Build/Intermediates.noindex/SingleThreadCore.build/Debug-watchsimulator/SingleThreadCore-t.build/Objects-normal/x86_64/SingleThreadCore.LinkFileList -nostdlib -Xlinker -object_path_lto -Xlinker /Users/vardy/dev/alanvardy-var-1014-lower-deployment-targets-from-ios-187watchos-265-to-the/DerivedData/Build/Intermediates.noindex/SingleThreadCore.build/Debug-watchsimulator/SingleThreadCore-t.build/Objects-normal/x86_64/SingleThreadCore_lto.o -Xlinker -no_deduplicate -Xlinker -objc_abi_version -Xlinker 2 -Xlinker -debug_variant -Xlinker -dependency_info -Xlinker /Users/vardy/dev/alanvardy-var-1014-lower-deployment-targets-from-ios-187watchos-265-to-the/DerivedData/Build/Intermediates.noindex/SingleThreadCore.build/Debug-watchsimulator/SingleThreadCore-t.build/Objects-normal/x86_64/SingleThreadCore_dependency_info.dat -fobjc-link-runtime -L/Applications/Xcode.app/Contents/Developer/Toolchains/XcodeDefault.xctoolchain/usr/lib/swift/watchsimulator -L/usr/lib/swift -Xlinker -add_ast_path -Xlinker /Users/vardy/dev/alanvardy-var-1014-lower-deployment-targets-from-ios-187watchos-265-to-the/DerivedData/Build/Intermediates.noindex/SingleThreadCore.build/Debug-watchsimulator/SingleThreadCore-t.build/Objects-normal/x86_64/SingleThreadCore.swiftmodule -o /Users/vardy/dev/alanvardy-var-1014-lower-deployment-targets-from-ios-187watchos-265-to-the/DerivedData/Build/Intermediates.noindex/SingleThreadCore.build/Debug-watchsimulator/SingleThreadCore-t.build/Objects-normal/x86_64/Binary/SingleThreadCore.o

CreateUniversalBinary /Users/vardy/dev/alanvardy-var-1014-lower-deployment-targets-from-ios-187watchos-265-to-the/DerivedData/Build/Products/Debug-watchsimulator/SingleThreadCore.o normal arm64\ x86_64 (in target 'SingleThreadCore' from project 'SingleThreadCore')
    cd /Users/vardy/dev/alanvardy-var-1014-lower-deployment-targets-from-ios-187watchos-265-to-the/SingleThreadCore
    /Applications/Xcode.app/Contents/Developer/Toolchains/XcodeDefault.xctoolchain/usr/bin/lipo -create /Users/vardy/dev/alanvardy-var-1014-lower-deployment-targets-from-ios-187watchos-265-to-the/DerivedData/Build/Intermediates.noindex/SingleThreadCore.build/Debug-watchsimulator/SingleThreadCore-t.build/Objects-normal/arm64/Binary/SingleThreadCore.o /Users/vardy/dev/alanvardy-var-1014-lower-deployment-targets-from-ios-187watchos-265-to-the/DerivedData/Build/Intermediates.noindex/SingleThreadCore.build/Debug-watchsimulator/SingleThreadCore-t.build/Objects-normal/x86_64/Binary/SingleThreadCore.o -output /Users/vardy/dev/alanvardy-var-1014-lower-deployment-targets-from-ios-187watchos-265-to-the/DerivedData/Build/Products/Debug-watchsimulator/SingleThreadCore.o

SwiftDriver SingleThreadWidget normal arm64 com.apple.xcode.tools.swift.compiler (in target 'SingleThreadWidget' from project 'SingleThread')
    cd /Users/vardy/dev/alanvardy-var-1014-lower-deployment-targets-from-ios-187watchos-265-to-the
    builtin-SwiftDriver -- /Applications/Xcode.app/Contents/Developer/Toolchains/XcodeDefault.xctoolchain/usr/bin/swiftc -module-name SingleThreadWidget -Onone @/Users/vardy/dev/alanvardy-var-1014-lower-deployment-targets-from-ios-187watchos-265-to-the/DerivedData/Build/Intermediates.noindex/SingleThread.build/Debug-iphonesimulator/SingleThreadWidget.build/Objects-normal/arm64/SingleThreadWidget.SwiftFileList -DDEBUG -enable-upcoming-feature MemberImportVisibility -enable-upcoming-feature InferIsolatedConformances -enable-upcoming-feature NonisolatedNonsendingByDefault -enable-experimental-feature DebugDescriptionMacro -sdk /Applications/Xcode.app/Contents/Developer/Platforms/iPhoneSimulator.platform/Developer/SDKs/iPhoneSimulator27.0.sdk -target arm64-apple-ios16.0-simulator -g -module-cache-path /Users/vardy/dev/alanvardy-var-1014-lower-deployment-targets-from-ios-187watchos-265-to-the/DerivedData/ModuleCache.noindex -Xfrontend -serialize-debugging-options -application-extension -profile-coverage-mapping -profile-generate -enable-testing -warnings-as-errors -index-store-path /Users/vardy/dev/alanvardy-var-1014-lower-deployment-targets-from-ios-187watchos-265-to-the/DerivedData/Index.noindex/DataStore -Xcc -D_LIBCPP_HARDENING_MODE\=_LIBCPP_HARDENING_MODE_DEBUG -swift-version 6 -I /Users/vardy/dev/alanvardy-var-1014-lower-deployment-targets-from-ios-187watchos-265-to-the/DerivedData/Build/Products/Debug-iphonesimulator -F /Users/vardy/dev/alanvardy-var-1014-lower-deployment-targets-from-ios-187watchos-265-to-the/DerivedData/Build/Products/Debug-iphonesimulator/PackageFrameworks -F /Users/vardy/dev/alanvardy-var-1014-lower-deployment-targets-from-ios-187watchos-265-to-the/DerivedData/Build/Products/Debug-iphonesimulator -emit-localized-strings -emit-localized-strings-path /Users/vardy/dev/alanvardy-var-1014-lower-deployment-targets-from-ios-187watchos-265-to-the/DerivedData/Build/Intermediates.noindex/SingleThread.build/Debug-iphonesimulator/SingleThreadWidget.build/Objects-normal/arm64 -c -j12 -enable-batch-mode -incremental -Xcc -ivfsstatcache -Xcc /Users/vardy/dev/alanvardy-var-1014-lower-deployment-targets-from-ios-187watchos-265-to-the/DerivedData/SDKStatCaches.noindex/iphonesimulator27.0-24A430-8dc58220667be655e1bcc261a7455254.sdkstatcache -output-file-map /Users/vardy/dev/alanvardy-var-1014-lower-deployment-targets-from-ios-187watchos-265-to-the/DerivedData/Build/Intermediates.noindex/SingleThread.build/Debug-iphonesimulator/SingleThreadWidget.build/Objects-normal/arm64/SingleThreadWidget-OutputFileMap.json -save-temps -no-color-diagnostics -explicit-module-build -module-cache-path /Users/vardy/dev/alanvardy-var-1014-lower-deployment-targets-from-ios-187watchos-265-to-the/DerivedData/Build/Intermediates.noindex/SwiftExplicitPrecompiledModules -clang-scanner-module-cache-path /Users/vardy/dev/alanvardy-var-1014-lower-deployment-targets-from-ios-187watchos-265-to-the/DerivedData/ModuleCache.noindex -sdk-module-cache-path /Users/vardy/dev/alanvardy-var-1014-lower-deployment-targets-from-ios-187watchos-265-to-the/DerivedData/SDKExplicitPrecompiledModules -emit-dependencies -emit-module -emit-module-path /Users/vardy/dev/alanvardy-var-1014-lower-deployment-targets-from-ios-187watchos-265-to-the/DerivedData/Build/Intermediates.noindex/SingleThread.build/Debug-iphonesimulator/SingleThreadWidget.build/Objects-normal/arm64/SingleThreadWidget.swiftmodule -serialize-diagnostics -dependency-scan-serialize-diagnostics-path /Users/vardy/dev/alanvardy-var-1014-lower-deployment-targets-from-ios-187watchos-265-to-the/DerivedData/Build/Intermediates.noindex/SingleThread.build/Debug-iphonesimulator/SingleThreadWidget.build/Objects-normal/arm64/SingleThreadWidget-dependency-scan.dia -validate-clang-modules-once -clang-build-session-file /Users/vardy/dev/alanvardy-var-1014-lower-deployment-targets-from-ios-187watchos-265-to-the/DerivedData/ModuleCache.noindex/Session.modulevalidation -Xcc -fmodules-prune-interval\=86400 -Xcc -fmodules-prune-after\=345600 -emit-const-values -const-gather-protocols-list /Users/vardy/dev/alanvardy-var-1014-lower-deployment-targets-from-ios-187watchos-265-to-the/DerivedData/Build/Intermediates.noindex/SingleThread.build/Debug-iphonesimulator/SingleThreadWidget.build/Objects-normal/arm64/SingleThreadWidget_const_extract_protocols.json -Xcc -iquote -Xcc /Users/vardy/dev/alanvardy-var-1014-lower-deployment-targets-from-ios-187watchos-265-to-the/DerivedData/Build/Intermediates.noindex/SingleThread.build/Debug-iphonesimulator/SingleThreadWidget.build/SingleThreadWidget-generated-files.hmap -Xcc -I/Users/vardy/dev/alanvardy-var-1014-lower-deployment-targets-from-ios-187watchos-265-to-the/DerivedData/Build/Intermediates.noindex/SingleThread.build/Debug-iphonesimulator/SingleThreadWidget.build/SingleThreadWidget-own-target-headers.hmap -Xcc -I/Users/vardy/dev/alanvardy-var-1014-lower-deployment-targets-from-ios-187watchos-265-to-the/DerivedData/Build/Intermediates.noindex/SingleThread.build/Debug-iphonesimulator/SingleThreadWidget.build/SingleThreadWidget-all-non-framework-target-headers.hmap -Xcc -ivfsoverlay -Xcc /Users/vardy/dev/alanvardy-var-1014-lower-deployment-targets-from-ios-187watchos-265-to-the/DerivedData/Build/Intermediates.noindex/SingleThread.build/Debug-iphonesimulator/SingleThread-33ec346c36bc7f11d2672a35e2382a55-VFS-iphonesimulator/all-product-headers.yaml -Xcc -iquote -Xcc /Users/vardy/dev/alanvardy-var-1014-lower-deployment-targets-from-ios-187watchos-265-to-the/DerivedData/Build/Intermediates.noindex/SingleThread.build/Debug-iphonesimulator/SingleThreadWidget.build/SingleThreadWidget-project-headers.hmap -Xcc -I/Users/vardy/dev/alanvardy-var-1014-lower-deployment-targets-from-ios-187watchos-265-to-the/DerivedData/Build/Products/Debug-iphonesimulator/include -Xcc -I/Users/vardy/dev/alanvardy-var-1014-lower-deployment-targets-from-ios-187watchos-265-to-the/DerivedData/Build/Intermediates.noindex/SingleThread.build/Debug-iphonesimulator/SingleThreadWidget.build/DerivedSources-normal/arm64 -Xcc -I/Users/vardy/dev/alanvardy-var-1014-lower-deployment-targets-from-ios-187watchos-265-to-the/DerivedData/Build/Intermediates.noindex/SingleThread.build/Debug-iphonesimulator/SingleThreadWidget.build/DerivedSources/arm64 -Xcc -I/Users/vardy/dev/alanvardy-var-1014-lower-deployment-targets-from-ios-187watchos-265-to-the/DerivedData/Build/Intermediates.noindex/SingleThread.build/Debug-iphonesimulator/SingleThreadWidget.build/DerivedSources -Xcc -DDEBUG\=1 -emit-objc-header -emit-objc-header-path /Users/vardy/dev/alanvardy-var-1014-lower-deployment-targets-from-ios-187watchos-265-to-the/DerivedData/Build/Intermediates.noindex/SingleThread.build/Debug-iphonesimulator/SingleThreadWidget.build/Objects-normal/arm64/SingleThreadWidget-Swift.h -working-directory /Users/vardy/dev/alanvardy-var-1014-lower-deployment-targets-from-ios-187watchos-265-to-the -experimental-emit-module-separately -disable-cmo

MkDir /Users/vardy/dev/alanvardy-var-1014-lower-deployment-targets-from-ios-187watchos-265-to-the/DerivedData/Build/Intermediates.noindex/SingleThread.build/Debug-watchsimulator/SingleThreadWatch.build/assetcatalog_output/unthinned (in target 'SingleThreadWatch' from project 'SingleThread')
    cd /Users/vardy/dev/alanvardy-var-1014-lower-deployment-targets-from-ios-187watchos-265-to-the
    /bin/mkdir -p /Users/vardy/dev/alanvardy-var-1014-lower-deployment-targets-from-ios-187watchos-265-to-the/DerivedData/Build/Intermediates.noindex/SingleThread.build/Debug-watchsimulator/SingleThreadWatch.build/assetcatalog_output/unthinned

MkDir /Users/vardy/dev/alanvardy-var-1014-lower-deployment-targets-from-ios-187watchos-265-to-the/DerivedData/Build/Intermediates.noindex/SingleThread.build/Debug-watchsimulator/SingleThreadWatch.build/assetcatalog_output/thinned (in target 'SingleThreadWatch' from project 'SingleThread')
    cd /Users/vardy/dev/alanvardy-var-1014-lower-deployment-targets-from-ios-187watchos-265-to-the
    /bin/mkdir -p /Users/vardy/dev/alanvardy-var-1014-lower-deployment-targets-from-ios-187watchos-265-to-the/DerivedData/Build/Intermediates.noindex/SingleThread.build/Debug-watchsimulator/SingleThreadWatch.build/assetcatalog_output/thinned

GenerateAssetSymbols /Users/vardy/dev/alanvardy-var-1014-lower-deployment-targets-from-ios-187watchos-265-to-the/SingleThreadWatch/Assets.xcassets (in target 'SingleThreadWatch' from project 'SingleThread')
    cd /Users/vardy/dev/alanvardy-var-1014-lower-deployment-targets-from-ios-187watchos-265-to-the
    /Applications/Xcode.app/Contents/Developer/usr/bin/actool /Users/vardy/dev/alanvardy-var-1014-lower-deployment-targets-from-ios-187watchos-265-to-the/SingleThreadWatch/Assets.xcassets --compile /Users/vardy/dev/alanvardy-var-1014-lower-deployment-targets-from-ios-187watchos-265-to-the/DerivedData/Build/Products/Debug-watchsimulator/SingleThreadWatch.app --output-format human-readable-text --notices --warnings --export-dependency-info /Users/vardy/dev/alanvardy-var-1014-lower-deployment-targets-from-ios-187watchos-265-to-the/DerivedData/Build/Intermediates.noindex/SingleThread.build/Debug-watchsimulator/SingleThreadWatch.build/assetcatalog_dependencies --output-partial-info-plist /Users/vardy/dev/alanvardy-var-1014-lower-deployment-targets-from-ios-187watchos-265-to-the/DerivedData/Build/Intermediates.noindex/SingleThread.build/Debug-watchsimulator/SingleThreadWatch.build/assetcatalog_generated_info.plist --app-icon AppIcon --compress-pngs --enable-on-demand-resources YES --development-region en --target-device watch --minimum-deployment-target 11.0 --platform watchsimulator --bundle-identifier app.alanvardy.SingleThread.watchkitapp --generate-swift-asset-symbols /Users/vardy/dev/alanvardy-var-1014-lower-deployment-targets-from-ios-187watchos-265-to-the/DerivedData/Build/Intermediates.noindex/SingleThread.build/Debug-watchsimulator/SingleThreadWatch.build/DerivedSources/GeneratedAssetSymbols.swift --generate-objc-asset-symbols /Users/vardy/dev/alanvardy-var-1014-lower-deployment-targets-from-ios-187watchos-265-to-the/DerivedData/Build/Intermediates.noindex/SingleThread.build/Debug-watchsimulator/SingleThreadWatch.build/DerivedSources/GeneratedAssetSymbols.h --generate-asset-symbol-index /Users/vardy/dev/alanvardy-var-1014-lower-deployment-targets-from-ios-187watchos-265-to-the/DerivedData/Build/Intermediates.noindex/SingleThread.build/Debug-watchsimulator/SingleThreadWatch.build/DerivedSources/GeneratedAssetSymbols-Index.plist
/* com.apple.actool.compilation-results */
/Users/vardy/dev/alanvardy-var-1014-lower-deployment-targets-from-ios-187watchos-265-to-the/DerivedData/Build/Intermediates.noindex/SingleThread.build/Debug-watchsimulator/SingleThreadWatch.build/DerivedSources/GeneratedAssetSymbols-Index.plist
/Users/vardy/dev/alanvardy-var-1014-lower-deployment-targets-from-ios-187watchos-265-to-the/DerivedData/Build/Intermediates.noindex/SingleThread.build/Debug-watchsimulator/SingleThreadWatch.build/DerivedSources/GeneratedAssetSymbols.h
/Users/vardy/dev/alanvardy-var-1014-lower-deployment-targets-from-ios-187watchos-265-to-the/DerivedData/Build/Intermediates.noindex/SingleThread.build/Debug-watchsimulator/SingleThreadWatch.build/DerivedSources/GeneratedAssetSymbols.swift


SwiftDriverJobDiscovery normal arm64 Compiling ExcludedListStore.swift, InMemoryEventStore.swift, ListContent.swift, LocalizedString+Shared.swift (in target 'SingleThreadCore' from project 'SingleThreadCore')

CompileAssetCatalogVariant thinned /Users/vardy/dev/alanvardy-var-1014-lower-deployment-targets-from-ios-187watchos-265-to-the/DerivedData/Build/Products/Debug-watchsimulator/SingleThreadWatch.app /Users/vardy/dev/alanvardy-var-1014-lower-deployment-targets-from-ios-187watchos-265-to-the/SingleThreadWatch/Assets.xcassets (in target 'SingleThreadWatch' from project 'SingleThread')
    cd /Users/vardy/dev/alanvardy-var-1014-lower-deployment-targets-from-ios-187watchos-265-to-the
    /Applications/Xcode.app/Contents/Developer/usr/bin/actool /Users/vardy/dev/alanvardy-var-1014-lower-deployment-targets-from-ios-187watchos-265-to-the/SingleThreadWatch/Assets.xcassets --compile /Users/vardy/dev/alanvardy-var-1014-lower-deployment-targets-from-ios-187watchos-265-to-the/DerivedData/Build/Intermediates.noindex/SingleThread.build/Debug-watchsimulator/SingleThreadWatch.build/assetcatalog_output/thinned --output-format human-readable-text --notices --warnings --export-dependency-info /Users/vardy/dev/alanvardy-var-1014-lower-deployment-targets-from-ios-187watchos-265-to-the/DerivedData/Build/Intermediates.noindex/SingleThread.build/Debug-watchsimulator/SingleThreadWatch.build/assetcatalog_dependencies_thinned --output-partial-info-plist /Users/vardy/dev/alanvardy-var-1014-lower-deployment-targets-from-ios-187watchos-265-to-the/DerivedData/Build/Intermediates.noindex/SingleThread.build/Debug-watchsimulator/SingleThreadWatch.build/assetcatalog_generated_info.plist_thinned --app-icon AppIcon --compress-pngs --enable-on-demand-resources YES --filter-for-thinning-device-configuration iPhone15,4 --filter-for-device-os-version 26.0 --development-region en --target-device watch --minimum-deployment-target 11.0 --platform watchsimulator
/* com.apple.actool.compilation-results */
/Users/vardy/dev/alanvardy-var-1014-lower-deployment-targets-from-ios-187watchos-265-to-the/DerivedData/Build/Intermediates.noindex/SingleThread.build/Debug-watchsimulator/SingleThreadWatch.build/assetcatalog_generated_info.plist_thinned
/Users/vardy/dev/alanvardy-var-1014-lower-deployment-targets-from-ios-187watchos-265-to-the/DerivedData/Build/Intermediates.noindex/SingleThread.build/Debug-watchsimulator/SingleThreadWatch.build/assetcatalog_output/thinned/Assets.car


ExtractAppIntentsMetadata (in target 'SingleThreadCore' from project 'SingleThreadCore')
    cd /Users/vardy/dev/alanvardy-var-1014-lower-deployment-targets-from-ios-187watchos-265-to-the/SingleThreadCore
    /Applications/Xcode.app/Contents/Developer/Toolchains/XcodeDefault.xctoolchain/usr/bin/appintentsmetadataprocessor --toolchain-dir /Applications/Xcode.app/Contents/Developer/Toolchains/XcodeDefault.xctoolchain --module-name SingleThreadCore --sdk-root /Applications/Xcode.app/Contents/Developer/Platforms/WatchSimulator.platform/Developer/SDKs/WatchSimulator27.0.sdk --xcode-version 27A266a --platform-family watchOS --deployment-target 11.0 --bundle-identifier singlethreadcore.SingleThreadCore --output /Users/vardy/dev/alanvardy-var-1014-lower-deployment-targets-from-ios-187watchos-265-to-the/DerivedData/Build/Products/Debug-watchsimulator/SingleThreadCore.appintents --target-triple arm64-apple-watchos11.0-simulator --target-triple x86_64-apple-watchos11.0-simulator --binary-file /Users/vardy/dev/alanvardy-var-1014-lower-deployment-targets-from-ios-187watchos-265-to-the/DerivedData/Build/Products/Debug-watchsimulator/SingleThreadCore.o --dependency-file /Users/vardy/dev/alanvardy-var-1014-lower-deployment-targets-from-ios-187watchos-265-to-the/DerivedData/Build/Intermediates.noindex/SingleThreadCore.build/Debug-watchsimulator/SingleThreadCore-t.build/Objects-normal/arm64/SingleThreadCore_dependency_info.dat --dependency-file /Users/vardy/dev/alanvardy-var-1014-lower-deployment-targets-from-ios-187watchos-265-to-the/DerivedData/Build/Intermediates.noindex/SingleThreadCore.build/Debug-watchsimulator/SingleThreadCore-t.build/Objects-normal/x86_64/SingleThreadCore_dependency_info.dat --stringsdata-file /Users/vardy/dev/alanvardy-var-1014-lower-deployment-targets-from-ios-187watchos-265-to-the/DerivedData/Build/Intermediates.noindex/SingleThreadCore.build/Debug-watchsimulator/SingleThreadCore-t.build/Objects-normal/arm64/ExtractedAppShortcutsMetadata.stringsdata --stringsdata-file /Users/vardy/dev/alanvardy-var-1014-lower-deployment-targets-from-ios-187watchos-265-to-the/DerivedData/Build/Intermediates.noindex/SingleThreadCore.build/Debug-watchsimulator/SingleThreadCore-t.build/Objects-normal/x86_64/ExtractedAppShortcutsMetadata.stringsdata --source-file-list /Users/vardy/dev/alanvardy-var-1014-lower-deployment-targets-from-ios-187watchos-265-to-the/DerivedData/Build/Intermediates.noindex/SingleThreadCore.build/Debug-watchsimulator/SingleThreadCore-t.build/Objects-normal/arm64/SingleThreadCore.SwiftFileList --source-file-list /Users/vardy/dev/alanvardy-var-1014-lower-deployment-targets-from-ios-187watchos-265-to-the/DerivedData/Build/Intermediates.noindex/SingleThreadCore.build/Debug-watchsimulator/SingleThreadCore-t.build/Objects-normal/x86_64/SingleThreadCore.SwiftFileList --metadata-file-list /Users/vardy/dev/alanvardy-var-1014-lower-deployment-targets-from-ios-187watchos-265-to-the/DerivedData/Build/Intermediates.noindex/SingleThreadCore.build/Debug-watchsimulator/SingleThreadCore-t.build/SingleThreadCore.DependencyMetadataFileList --static-metadata-file-list /Users/vardy/dev/alanvardy-var-1014-lower-deployment-targets-from-ios-187watchos-265-to-the/DerivedData/Build/Intermediates.noindex/SingleThreadCore.build/Debug-watchsimulator/SingleThreadCore-t.build/SingleThreadCore.DependencyStaticMetadataFileList --swift-const-vals-list /Users/vardy/dev/alanvardy-var-1014-lower-deployment-targets-from-ios-187watchos-265-to-the/DerivedData/Build/Intermediates.noindex/SingleThreadCore.build/Debug-watchsimulator/SingleThreadCore-t.build/Objects-normal/arm64/SingleThreadCore.SwiftConstValuesFileList --swift-const-vals-list /Users/vardy/dev/alanvardy-var-1014-lower-deployment-targets-from-ios-187watchos-265-to-the/DerivedData/Build/Intermediates.noindex/SingleThreadCore.build/Debug-watchsimulator/SingleThreadCore-t.build/Objects-normal/x86_64/SingleThreadCore.SwiftConstValuesFileList --force --compile-time-extraction --deployment-aware-processing --no-app-shortcuts-localization
2026-09-15 19:20:25.653 appintentsmetadataprocessor[30647:15829839] Starting appintentsmetadataprocessor export
2026-09-15 19:20:25.844 appintentsmetadataprocessor[30647:15829839] Writing Metadata.appintents
2026-09-15 19:20:25.844 appintentsmetadataprocessor[30647:15829839] Metadata root: /Users/vardy/dev/alanvardy-var-1014-lower-deployment-targets-from-ios-187watchos-265-to-the/DerivedData/Build/Products/Debug-watchsimulator/SingleThreadCore.appintents/Metadata.appintents

SwiftDriverJobDiscovery normal arm64 Compiling PendingCompletionLogic.swift, PendingCompletionStore.swift, PreferenceHolder.swift, ReminderDateFilter.swift (in target 'SingleThreadCore' from project 'SingleThreadCore')

SwiftDriverJobDiscovery normal arm64 Compiling ReminderRecurrenceFormatter.swift, ReminderSkip.swift, ReminderSort.swift, ReminderStore.swift (in target 'SingleThreadCore' from project 'SingleThreadCore')

SwiftDriverJobDiscovery normal arm64 Compiling UITestingSeed.swift, UndoStore.swift, UserNotificationCentering.swift (in target 'SingleThreadCore' from project 'SingleThreadCore')

SwiftDriver SingleThreadWatch normal x86_64 com.apple.xcode.tools.swift.compiler (in target 'SingleThreadWatch' from project 'SingleThread')
    cd /Users/vardy/dev/alanvardy-var-1014-lower-deployment-targets-from-ios-187watchos-265-to-the
    builtin-SwiftDriver -- /Applications/Xcode.app/Contents/Developer/Toolchains/XcodeDefault.xctoolchain/usr/bin/swiftc -module-name SingleThreadWatch -Onone @/Users/vardy/dev/alanvardy-var-1014-lower-deployment-targets-from-ios-187watchos-265-to-the/DerivedData/Build/Intermediates.noindex/SingleThread.build/Debug-watchsimulator/SingleThreadWatch.build/Objects-normal/x86_64/SingleThreadWatch.SwiftFileList -DDEBUG -default-isolation\=MainActor -enable-upcoming-feature InferIsolatedConformances -enable-upcoming-feature NonisolatedNonsendingByDefault -enable-experimental-feature DebugDescriptionMacro -sdk /Applications/Xcode.app/Contents/Developer/Platforms/WatchSimulator.platform/Developer/SDKs/WatchSimulator27.0.sdk -target x86_64-apple-watchos11.0-simulator -g -module-cache-path /Users/vardy/dev/alanvardy-var-1014-lower-deployment-targets-from-ios-187watchos-265-to-the/DerivedData/ModuleCache.noindex -Xfrontend -serialize-debugging-options -profile-coverage-mapping -profile-generate -enable-testing -warnings-as-errors -index-store-path /Users/vardy/dev/alanvardy-var-1014-lower-deployment-targets-from-ios-187watchos-265-to-the/DerivedData/Index.noindex/DataStore -Xcc -D_LIBCPP_HARDENING_MODE\=_LIBCPP_HARDENING_MODE_DEBUG -swift-version 6 -I /Users/vardy/dev/alanvardy-var-1014-lower-deployment-targets-from-ios-187watchos-265-to-the/DerivedData/Build/Products/Debug-watchsimulator -F /Users/vardy/dev/alanvardy-var-1014-lower-deployment-targets-from-ios-187watchos-265-to-the/DerivedData/Build/Products/Debug-watchsimulator/PackageFrameworks -F /Users/vardy/dev/alanvardy-var-1014-lower-deployment-targets-from-ios-187watchos-265-to-the/DerivedData/Build/Products/Debug-watchsimulator -emit-localized-strings -emit-localized-strings-path /Users/vardy/dev/alanvardy-var-1014-lower-deployment-targets-from-ios-187watchos-265-to-the/DerivedData/Build/Intermediates.noindex/SingleThread.build/Debug-watchsimulator/SingleThreadWatch.build/Objects-normal/x86_64 -c -j12 -enable-batch-mode -incremental -Xcc -ivfsstatcache -Xcc /Users/vardy/dev/alanvardy-var-1014-lower-deployment-targets-from-ios-187watchos-265-to-the/DerivedData/SDKStatCaches.noindex/watchsimulator27.0-24R360-c50668d93734557a32a78b937f5ceaf1.sdkstatcache -output-file-map /Users/vardy/dev/alanvardy-var-1014-lower-deployment-targets-from-ios-187watchos-265-to-the/DerivedData/Build/Intermediates.noindex/SingleThread.build/Debug-watchsimulator/SingleThreadWatch.build/Objects-normal/x86_64/SingleThreadWatch-OutputFileMap.json -save-temps -no-color-diagnostics -explicit-module-build -module-cache-path /Users/vardy/dev/alanvardy-var-1014-lower-deployment-targets-from-ios-187watchos-265-to-the/DerivedData/Build/Intermediates.noindex/SwiftExplicitPrecompiledModules -clang-scanner-module-cache-path /Users/vardy/dev/alanvardy-var-1014-lower-deployment-targets-from-ios-187watchos-265-to-the/DerivedData/ModuleCache.noindex -sdk-module-cache-path /Users/vardy/dev/alanvardy-var-1014-lower-deployment-targets-from-ios-187watchos-265-to-the/DerivedData/SDKExplicitPrecompiledModules -emit-dependencies -emit-module -emit-module-path /Users/vardy/dev/alanvardy-var-1014-lower-deployment-targets-from-ios-187watchos-265-to-the/DerivedData/Build/Intermediates.noindex/SingleThread.build/Debug-watchsimulator/SingleThreadWatch.build/Objects-normal/x86_64/SingleThreadWatch.swiftmodule -serialize-diagnostics -dependency-scan-serialize-diagnostics-path /Users/vardy/dev/alanvardy-var-1014-lower-deployment-targets-from-ios-187watchos-265-to-the/DerivedData/Build/Intermediates.noindex/SingleThread.build/Debug-watchsimulator/SingleThreadWatch.build/Objects-normal/x86_64/SingleThreadWatch-dependency-scan.dia -validate-clang-modules-once -clang-build-session-file /Users/vardy/dev/alanvardy-var-1014-lower-deployment-targets-from-ios-187watchos-265-to-the/DerivedData/ModuleCache.noindex/Session.modulevalidation -Xcc -fmodules-prune-interval\=86400 -Xcc -fmodules-prune-after\=345600 -emit-const-values -const-gather-protocols-list /Users/vardy/dev/alanvardy-var-1014-lower-deployment-targets-from-ios-187watchos-265-to-the/DerivedData/Build/Intermediates.noindex/SingleThread.build/Debug-watchsimulator/SingleThreadWatch.build/Objects-normal/x86_64/SingleThreadWatch_const_extract_protocols.json -Xcc -iquote -Xcc /Users/vardy/dev/alanvardy-var-1014-lower-deployment-targets-from-ios-187watchos-265-to-the/DerivedData/Build/Intermediates.noindex/SingleThread.build/Debug-watchsimulator/SingleThreadWatch.build/SingleThreadWatch-generated-files.hmap -Xcc -I/Users/vardy/dev/alanvardy-var-1014-lower-deployment-targets-from-ios-187watchos-265-to-the/DerivedData/Build/Intermediates.noindex/SingleThread.build/Debug-watchsimulator/SingleThreadWatch.build/SingleThreadWatch-own-target-headers.hmap -Xcc -I/Users/vardy/dev/alanvardy-var-1014-lower-deployment-targets-from-ios-187watchos-265-to-the/DerivedData/Build/Intermediates.noindex/SingleThread.build/Debug-watchsimulator/SingleThreadWatch.build/SingleThreadWatch-all-non-framework-target-headers.hmap -Xcc -ivfsoverlay -Xcc /Users/vardy/dev/alanvardy-var-1014-lower-deployment-targets-from-ios-187watchos-265-to-the/DerivedData/Build/Intermediates.noindex/SingleThread.build/Debug-watchsimulator/SingleThread-33ec346c36bc7f11d2672a35e2382a55-VFS-watchsimulator/all-product-headers.yaml -Xcc -iquote -Xcc /Users/vardy/dev/alanvardy-var-1014-lower-deployment-targets-from-ios-187watchos-265-to-the/DerivedData/Build/Intermediates.noindex/SingleThread.build/Debug-watchsimulator/SingleThreadWatch.build/SingleThreadWatch-project-headers.hmap -Xcc -I/Users/vardy/dev/alanvardy-var-1014-lower-deployment-targets-from-ios-187watchos-265-to-the/DerivedData/Build/Products/Debug-watchsimulator/include -Xcc -I/Users/vardy/dev/alanvardy-var-1014-lower-deployment-targets-from-ios-187watchos-265-to-the/DerivedData/Build/Intermediates.noindex/SingleThread.build/Debug-watchsimulator/SingleThreadWatch.build/DerivedSources-normal/x86_64 -Xcc -I/Users/vardy/dev/alanvardy-var-1014-lower-deployment-targets-from-ios-187watchos-265-to-the/DerivedData/Build/Intermediates.noindex/SingleThread.build/Debug-watchsimulator/SingleThreadWatch.build/DerivedSources/x86_64 -Xcc -I/Users/vardy/dev/alanvardy-var-1014-lower-deployment-targets-from-ios-187watchos-265-to-the/DerivedData/Build/Intermediates.noindex/SingleThread.build/Debug-watchsimulator/SingleThreadWatch.build/DerivedSources -Xcc -DDEBUG\=1 -emit-objc-header -emit-objc-header-path /Users/vardy/dev/alanvardy-var-1014-lower-deployment-targets-from-ios-187watchos-265-to-the/DerivedData/Build/Intermediates.noindex/SingleThread.build/Debug-watchsimulator/SingleThreadWatch.build/Objects-normal/x86_64/SingleThreadWatch-Swift.h -working-directory /Users/vardy/dev/alanvardy-var-1014-lower-deployment-targets-from-ios-187watchos-265-to-the -experimental-emit-module-separately -disable-cmo

SwiftDriver SingleThreadWatch normal arm64 com.apple.xcode.tools.swift.compiler (in target 'SingleThreadWatch' from project 'SingleThread')
    cd /Users/vardy/dev/alanvardy-var-1014-lower-deployment-targets-from-ios-187watchos-265-to-the
    builtin-SwiftDriver -- /Applications/Xcode.app/Contents/Developer/Toolchains/XcodeDefault.xctoolchain/usr/bin/swiftc -module-name SingleThreadWatch -Onone @/Users/vardy/dev/alanvardy-var-1014-lower-deployment-targets-from-ios-187watchos-265-to-the/DerivedData/Build/Intermediates.noindex/SingleThread.build/Debug-watchsimulator/SingleThreadWatch.build/Objects-normal/arm64/SingleThreadWatch.SwiftFileList -DDEBUG -default-isolation\=MainActor -enable-upcoming-feature InferIsolatedConformances -enable-upcoming-feature NonisolatedNonsendingByDefault -enable-experimental-feature DebugDescriptionMacro -sdk /Applications/Xcode.app/Contents/Developer/Platforms/WatchSimulator.platform/Developer/SDKs/WatchSimulator27.0.sdk -target arm64-apple-watchos11.0-simulator -g -module-cache-path /Users/vardy/dev/alanvardy-var-1014-lower-deployment-targets-from-ios-187watchos-265-to-the/DerivedData/ModuleCache.noindex -Xfrontend -serialize-debugging-options -profile-coverage-mapping -profile-generate -enable-testing -warnings-as-errors -index-store-path /Users/vardy/dev/alanvardy-var-1014-lower-deployment-targets-from-ios-187watchos-265-to-the/DerivedData/Index.noindex/DataStore -Xcc -D_LIBCPP_HARDENING_MODE\=_LIBCPP_HARDENING_MODE_DEBUG -swift-version 6 -I /Users/vardy/dev/alanvardy-var-1014-lower-deployment-targets-from-ios-187watchos-265-to-the/DerivedData/Build/Products/Debug-watchsimulator -F /Users/vardy/dev/alanvardy-var-1014-lower-deployment-targets-from-ios-187watchos-265-to-the/DerivedData/Build/Products/Debug-watchsimulator/PackageFrameworks -F /Users/vardy/dev/alanvardy-var-1014-lower-deployment-targets-from-ios-187watchos-265-to-the/DerivedData/Build/Products/Debug-watchsimulator -emit-localized-strings -emit-localized-strings-path /Users/vardy/dev/alanvardy-var-1014-lower-deployment-targets-from-ios-187watchos-265-to-the/DerivedData/Build/Intermediates.noindex/SingleThread.build/Debug-watchsimulator/SingleThreadWatch.build/Objects-normal/arm64 -c -j12 -enable-batch-mode -incremental -Xcc -ivfsstatcache -Xcc /Users/vardy/dev/alanvardy-var-1014-lower-deployment-targets-from-ios-187watchos-265-to-the/DerivedData/SDKStatCaches.noindex/watchsimulator27.0-24R360-c50668d93734557a32a78b937f5ceaf1.sdkstatcache -output-file-map /Users/vardy/dev/alanvardy-var-1014-lower-deployment-targets-from-ios-187watchos-265-to-the/DerivedData/Build/Intermediates.noindex/SingleThread.build/Debug-watchsimulator/SingleThreadWatch.build/Objects-normal/arm64/SingleThreadWatch-OutputFileMap.json -save-temps -no-color-diagnostics -explicit-module-build -module-cache-path /Users/vardy/dev/alanvardy-var-1014-lower-deployment-targets-from-ios-187watchos-265-to-the/DerivedData/Build/Intermediates.noindex/SwiftExplicitPrecompiledModules -clang-scanner-module-cache-path /Users/vardy/dev/alanvardy-var-1014-lower-deployment-targets-from-ios-187watchos-265-to-the/DerivedData/ModuleCache.noindex -sdk-module-cache-path /Users/vardy/dev/alanvardy-var-1014-lower-deployment-targets-from-ios-187watchos-265-to-the/DerivedData/SDKExplicitPrecompiledModules -emit-dependencies -emit-module -emit-module-path /Users/vardy/dev/alanvardy-var-1014-lower-deployment-targets-from-ios-187watchos-265-to-the/DerivedData/Build/Intermediates.noindex/SingleThread.build/Debug-watchsimulator/SingleThreadWatch.build/Objects-normal/arm64/SingleThreadWatch.swiftmodule -serialize-diagnostics -dependency-scan-serialize-diagnostics-path /Users/vardy/dev/alanvardy-var-1014-lower-deployment-targets-from-ios-187watchos-265-to-the/DerivedData/Build/Intermediates.noindex/SingleThread.build/Debug-watchsimulator/SingleThreadWatch.build/Objects-normal/arm64/SingleThreadWatch-dependency-scan.dia -validate-clang-modules-once -clang-build-session-file /Users/vardy/dev/alanvardy-var-1014-lower-deployment-targets-from-ios-187watchos-265-to-the/DerivedData/ModuleCache.noindex/Session.modulevalidation -Xcc -fmodules-prune-interval\=86400 -Xcc -fmodules-prune-after\=345600 -emit-const-values -const-gather-protocols-list /Users/vardy/dev/alanvardy-var-1014-lower-deployment-targets-from-ios-187watchos-265-to-the/DerivedData/Build/Intermediates.noindex/SingleThread.build/Debug-watchsimulator/SingleThreadWatch.build/Objects-normal/arm64/SingleThreadWatch_const_extract_protocols.json -Xcc -iquote -Xcc /Users/vardy/dev/alanvardy-var-1014-lower-deployment-targets-from-ios-187watchos-265-to-the/DerivedData/Build/Intermediates.noindex/SingleThread.build/Debug-watchsimulator/SingleThreadWatch.build/SingleThreadWatch-generated-files.hmap -Xcc -I/Users/vardy/dev/alanvardy-var-1014-lower-deployment-targets-from-ios-187watchos-265-to-the/DerivedData/Build/Intermediates.noindex/SingleThread.build/Debug-watchsimulator/SingleThreadWatch.build/SingleThreadWatch-own-target-headers.hmap -Xcc -I/Users/vardy/dev/alanvardy-var-1014-lower-deployment-targets-from-ios-187watchos-265-to-the/DerivedData/Build/Intermediates.noindex/SingleThread.build/Debug-watchsimulator/SingleThreadWatch.build/SingleThreadWatch-all-non-framework-target-headers.hmap -Xcc -ivfsoverlay -Xcc /Users/vardy/dev/alanvardy-var-1014-lower-deployment-targets-from-ios-187watchos-265-to-the/DerivedData/Build/Intermediates.noindex/SingleThread.build/Debug-watchsimulator/SingleThread-33ec346c36bc7f11d2672a35e2382a55-VFS-watchsimulator/all-product-headers.yaml -Xcc -iquote -Xcc /Users/vardy/dev/alanvardy-var-1014-lower-deployment-targets-from-ios-187watchos-265-to-the/DerivedData/Build/Intermediates.noindex/SingleThread.build/Debug-watchsimulator/SingleThreadWatch.build/SingleThreadWatch-project-headers.hmap -Xcc -I/Users/vardy/dev/alanvardy-var-1014-lower-deployment-targets-from-ios-187watchos-265-to-the/DerivedData/Build/Products/Debug-watchsimulator/include -Xcc -I/Users/vardy/dev/alanvardy-var-1014-lower-deployment-targets-from-ios-187watchos-265-to-the/DerivedData/Build/Intermediates.noindex/SingleThread.build/Debug-watchsimulator/SingleThreadWatch.build/DerivedSources-normal/arm64 -Xcc -I/Users/vardy/dev/alanvardy-var-1014-lower-deployment-targets-from-ios-187watchos-265-to-the/DerivedData/Build/Intermediates.noindex/SingleThread.build/Debug-watchsimulator/SingleThreadWatch.build/DerivedSources/arm64 -Xcc -I/Users/vardy/dev/alanvardy-var-1014-lower-deployment-targets-from-ios-187watchos-265-to-the/DerivedData/Build/Intermediates.noindex/SingleThread.build/Debug-watchsimulator/SingleThreadWatch.build/DerivedSources -Xcc -DDEBUG\=1 -emit-objc-header -emit-objc-header-path /Users/vardy/dev/alanvardy-var-1014-lower-deployment-targets-from-ios-187watchos-265-to-the/DerivedData/Build/Intermediates.noindex/SingleThread.build/Debug-watchsimulator/SingleThreadWatch.build/Objects-normal/arm64/SingleThreadWatch-Swift.h -working-directory /Users/vardy/dev/alanvardy-var-1014-lower-deployment-targets-from-ios-187watchos-265-to-the -experimental-emit-module-separately -disable-cmo

SwiftDriverJobDiscovery normal arm64 Compiling ResumptionGate.swift, SkipCountStore.swift, SkippedReminderSyncService.swift (in target 'SingleThreadCore' from project 'SingleThreadCore')

SwiftDriverJobDiscovery normal arm64 Compiling MinimumDisplayDuration.swift, NotificationPreference.swift, NotificationScheduler.swift, OrientationPreference.swift (in target 'SingleThreadCore' from project 'SingleThreadCore')

SwiftDriverJobDiscovery normal arm64 Compiling CompletionCounterStore.swift, CompletionGlow.swift, CompletionMomentumOverlay.swift, DailyCompletionStore.swift (in target 'SingleThreadCore' from project 'SingleThreadCore')

ProcessInfoPlistFile /Users/vardy/dev/alanvardy-var-1014-lower-deployment-targets-from-ios-187watchos-265-to-the/DerivedData/Build/Products/Debug-watchsimulator/PackageFrameworks/SingleThreadCore_38C46E065536DF53_PackageProduct.framework/Info.plist /Users/vardy/dev/alanvardy-var-1014-lower-deployment-targets-from-ios-187watchos-265-to-the/DerivedData/Build/Intermediates.noindex/SingleThreadCore.build/Debug-watchsimulator/SingleThreadCore-product-t.build/empty-SingleThreadCore_38C46E065536DF53_PackageProduct.plist (in target 'SingleThreadCoredynamic-product' from project 'SingleThreadCore')
    cd /Users/vardy/dev/alanvardy-var-1014-lower-deployment-targets-from-ios-187watchos-265-to-the/SingleThreadCore
    builtin-infoPlistUtility /Users/vardy/dev/alanvardy-var-1014-lower-deployment-targets-from-ios-187watchos-265-to-the/DerivedData/Build/Intermediates.noindex/SingleThreadCore.build/Debug-watchsimulator/SingleThreadCore-product-t.build/empty-SingleThreadCore_38C46E065536DF53_PackageProduct.plist -producttype com.apple.product-type.framework -expandbuildsettings -format binary -platform watchsimulator -o /Users/vardy/dev/alanvardy-var-1014-lower-deployment-targets-from-ios-187watchos-265-to-the/DerivedData/Build/Products/Debug-watchsimulator/PackageFrameworks/SingleThreadCore_38C46E065536DF53_PackageProduct.framework/Info.plist

CpResource /Users/vardy/dev/alanvardy-var-1014-lower-deployment-targets-from-ios-187watchos-265-to-the/DerivedData/Build/Products/Debug-watchsimulator/PackageFrameworks/SingleThreadCore_38C46E065536DF53_PackageProduct.framework/SingleThreadCore_SingleThreadCore.bundle /Users/vardy/dev/alanvardy-var-1014-lower-deployment-targets-from-ios-187watchos-265-to-the/DerivedData/Build/Products/Debug-watchsimulator/SingleThreadCore_SingleThreadCore.bundle (in target 'SingleThreadCoredynamic-product' from project 'SingleThreadCore')
    cd /Users/vardy/dev/alanvardy-var-1014-lower-deployment-targets-from-ios-187watchos-265-to-the/SingleThreadCore
    builtin-copy -exclude .DS_Store -exclude CVS -exclude .svn -exclude .git -exclude .hg -resolve-src-symlinks /Users/vardy/dev/alanvardy-var-1014-lower-deployment-targets-from-ios-187watchos-265-to-the/DerivedData/Build/Products/Debug-watchsimulator/SingleThreadCore_SingleThreadCore.bundle /Users/vardy/dev/alanvardy-var-1014-lower-deployment-targets-from-ios-187watchos-265-to-the/DerivedData/Build/Products/Debug-watchsimulator/PackageFrameworks/SingleThreadCore_38C46E065536DF53_PackageProduct.framework

Ld /Users/vardy/dev/alanvardy-var-1014-lower-deployment-targets-from-ios-187watchos-265-to-the/DerivedData/Build/Intermediates.noindex/SingleThreadCore.build/Debug-watchsimulator/SingleThreadCore-product-t.build/Objects-normal/x86_64/Binary/SingleThreadCore_38C46E065536DF53_PackageProduct normal x86_64 (in target 'SingleThreadCoredynamic-product' from project 'SingleThreadCore')
    cd /Users/vardy/dev/alanvardy-var-1014-lower-deployment-targets-from-ios-187watchos-265-to-the/SingleThreadCore
    /Applications/Xcode.app/Contents/Developer/Toolchains/XcodeDefault.xctoolchain/usr/bin/swiftc -Xlinker -reproducible -target x86_64-apple-watchos11.0-simulator -emit-library -sdk /Applications/Xcode.app/Contents/Developer/Platforms/WatchSimulator.platform/Developer/SDKs/WatchSimulator27.0.sdk -Xlinker -no_warn_duplicate_libraries -L/Users/vardy/dev/alanvardy-var-1014-lower-deployment-targets-from-ios-187watchos-265-to-the/DerivedData/Build/Intermediates.noindex/EagerLinkingTBDs/Debug-watchsimulator -L/Users/vardy/dev/alanvardy-var-1014-lower-deployment-targets-from-ios-187watchos-265-to-the/DerivedData/Build/Products/Debug-watchsimulator -L/Applications/Xcode.app/Contents/Developer/Platforms/WatchSimulator.platform/Developer/usr/lib -F/Users/vardy/dev/alanvardy-var-1014-lower-deployment-targets-from-ios-187watchos-265-to-the/DerivedData/Build/Intermediates.noindex/EagerLinkingTBDs/Debug-watchsimulator -F/Users/vardy/dev/alanvardy-var-1014-lower-deployment-targets-from-ios-187watchos-265-to-the/DerivedData/Build/Products/Debug-watchsimulator/PackageFrameworks -F/Users/vardy/dev/alanvardy-var-1014-lower-deployment-targets-from-ios-187watchos-265-to-the/DerivedData/Build/Products/Debug-watchsimulator -Fsystem /Applications/Xcode.app/Contents/Developer/Platforms/WatchSimulator.platform/Developer/Library/Frameworks -Fsystem /Applications/Xcode.app/Contents/Developer/Platforms/WatchSimulator.platform/Developer/SDKs/WatchSimulator27.0.sdk/Developer/Library/Frameworks @/Users/vardy/dev/alanvardy-var-1014-lower-deployment-targets-from-ios-187watchos-265-to-the/DerivedData/Build/Intermediates.noindex/SingleThreadCore.build/Debug-watchsimulator/SingleThreadCore-product-t.build/Objects-normal/x86_64/SingleThreadCore_38C46E065536DF53_PackageProduct.LinkFileList -Xclang-linker -install_name -Xclang-linker @rpath/SingleThreadCore_38C46E065536DF53_PackageProduct.framework/SingleThreadCore_38C46E065536DF53_PackageProduct -Xlinker -rpath -Xlinker /usr/lib/swift -Xlinker -rpath -Xlinker @loader_path -Xlinker -rpath -Xlinker /Users/vardy/dev/alanvardy-var-1014-lower-deployment-targets-from-ios-187watchos-265-to-the/DerivedData/Build/Products/Debug-watchsimulator/PackageFrameworks -Xlinker -dead_strip -Xlinker -object_path_lto -Xlinker /Users/vardy/dev/alanvardy-var-1014-lower-deployment-targets-from-ios-187watchos-265-to-the/DerivedData/Build/Intermediates.noindex/SingleThreadCore.build/Debug-watchsimulator/SingleThreadCore-product-t.build/Objects-normal/x86_64/SingleThreadCore_38C46E065536DF53_PackageProduct_lto.o -Xclang-linker -rdynamic -Xlinker -no_deduplicate -Xlinker -objc_abi_version -Xlinker 2 -Xlinker -debug_variant -Xlinker -dependency_info -Xlinker /Users/vardy/dev/alanvardy-var-1014-lower-deployment-targets-from-ios-187watchos-265-to-the/DerivedData/Build/Intermediates.noindex/SingleThreadCore.build/Debug-watchsimulator/SingleThreadCore-product-t.build/Objects-normal/x86_64/SingleThreadCore_38C46E065536DF53_PackageProduct_dependency_info.dat -link-objc-runtime -profile-generate -L/Applications/Xcode.app/Contents/Developer/Toolchains/XcodeDefault.xctoolchain/usr/lib/swift/watchsimulator -L/usr/lib/swift -o /Users/vardy/dev/alanvardy-var-1014-lower-deployment-targets-from-ios-187watchos-265-to-the/DerivedData/Build/Intermediates.noindex/SingleThreadCore.build/Debug-watchsimulator/SingleThreadCore-product-t.build/Objects-normal/x86_64/Binary/SingleThreadCore_38C46E065536DF53_PackageProduct -no-stdlib-rpath

Ld /Users/vardy/dev/alanvardy-var-1014-lower-deployment-targets-from-ios-187watchos-265-to-the/DerivedData/Build/Intermediates.noindex/SingleThreadCore.build/Debug-watchsimulator/SingleThreadCore-product-t.build/Objects-normal/arm64/Binary/SingleThreadCore_38C46E065536DF53_PackageProduct normal arm64 (in target 'SingleThreadCoredynamic-product' from project 'SingleThreadCore')
    cd /Users/vardy/dev/alanvardy-var-1014-lower-deployment-targets-from-ios-187watchos-265-to-the/SingleThreadCore
    /Applications/Xcode.app/Contents/Developer/Toolchains/XcodeDefault.xctoolchain/usr/bin/swiftc -Xlinker -reproducible -target arm64-apple-watchos11.0-simulator -emit-library -sdk /Applications/Xcode.app/Contents/Developer/Platforms/WatchSimulator.platform/Developer/SDKs/WatchSimulator27.0.sdk -Xlinker -no_warn_duplicate_libraries -L/Users/vardy/dev/alanvardy-var-1014-lower-deployment-targets-from-ios-187watchos-265-to-the/DerivedData/Build/Intermediates.noindex/EagerLinkingTBDs/Debug-watchsimulator -L/Users/vardy/dev/alanvardy-var-1014-lower-deployment-targets-from-ios-187watchos-265-to-the/DerivedData/Build/Products/Debug-watchsimulator -L/Applications/Xcode.app/Contents/Developer/Platforms/WatchSimulator.platform/Developer/usr/lib -F/Users/vardy/dev/alanvardy-var-1014-lower-deployment-targets-from-ios-187watchos-265-to-the/DerivedData/Build/Intermediates.noindex/EagerLinkingTBDs/Debug-watchsimulator -F/Users/vardy/dev/alanvardy-var-1014-lower-deployment-targets-from-ios-187watchos-265-to-the/DerivedData/Build/Products/Debug-watchsimulator/PackageFrameworks -F/Users/vardy/dev/alanvardy-var-1014-lower-deployment-targets-from-ios-187watchos-265-to-the/DerivedData/Build/Products/Debug-watchsimulator -Fsystem /Applications/Xcode.app/Contents/Developer/Platforms/WatchSimulator.platform/Developer/Library/Frameworks -Fsystem /Applications/Xcode.app/Contents/Developer/Platforms/WatchSimulator.platform/Developer/SDKs/WatchSimulator27.0.sdk/Developer/Library/Frameworks @/Users/vardy/dev/alanvardy-var-1014-lower-deployment-targets-from-ios-187watchos-265-to-the/DerivedData/Build/Intermediates.noindex/SingleThreadCore.build/Debug-watchsimulator/SingleThreadCore-product-t.build/Objects-normal/arm64/SingleThreadCore_38C46E065536DF53_PackageProduct.LinkFileList -Xclang-linker -install_name -Xclang-linker @rpath/SingleThreadCore_38C46E065536DF53_PackageProduct.framework/SingleThreadCore_38C46E065536DF53_PackageProduct -Xlinker -rpath -Xlinker /usr/lib/swift -Xlinker -rpath -Xlinker @loader_path -Xlinker -rpath -Xlinker /Users/vardy/dev/alanvardy-var-1014-lower-deployment-targets-from-ios-187watchos-265-to-the/DerivedData/Build/Products/Debug-watchsimulator/PackageFrameworks -Xlinker -dead_strip -Xlinker -object_path_lto -Xlinker /Users/vardy/dev/alanvardy-var-1014-lower-deployment-targets-from-ios-187watchos-265-to-the/DerivedData/Build/Intermediates.noindex/SingleThreadCore.build/Debug-watchsimulator/SingleThreadCore-product-t.build/Objects-normal/arm64/SingleThreadCore_38C46E065536DF53_PackageProduct_lto.o -Xclang-linker -rdynamic -Xlinker -no_deduplicate -Xlinker -objc_abi_version -Xlinker 2 -Xlinker -debug_variant -Xlinker -dependency_info -Xlinker /Users/vardy/dev/alanvardy-var-1014-lower-deployment-targets-from-ios-187watchos-265-to-the/DerivedData/Build/Intermediates.noindex/SingleThreadCore.build/Debug-watchsimulator/SingleThreadCore-product-t.build/Objects-normal/arm64/SingleThreadCore_38C46E065536DF53_PackageProduct_dependency_info.dat -link-objc-runtime -profile-generate -L/Applications/Xcode.app/Contents/Developer/Toolchains/XcodeDefault.xctoolchain/usr/lib/swift/watchsimulator -L/usr/lib/swift -o /Users/vardy/dev/alanvardy-var-1014-lower-deployment-targets-from-ios-187watchos-265-to-the/DerivedData/Build/Intermediates.noindex/SingleThreadCore.build/Debug-watchsimulator/SingleThreadCore-product-t.build/Objects-normal/arm64/Binary/SingleThreadCore_38C46E065536DF53_PackageProduct -no-stdlib-rpath

SwiftExplicitDependencyGeneratePcm arm64 /Users/vardy/dev/alanvardy-var-1014-lower-deployment-targets-from-ios-187watchos-265-to-the/DerivedData/SDKExplicitPrecompiledModules/_Builtin_stddef-8SZ96OOVH4ZHZQXP3L0H0B1KL.pcm

SwiftExplicitDependencyGeneratePcm arm64 /Users/vardy/dev/alanvardy-var-1014-lower-deployment-targets-from-ios-187watchos-265-to-the/DerivedData/SDKExplicitPrecompiledModules/ptrauth-1OY3Z65X46JVRAESX6HU2H6PJ.pcm

SwiftExplicitDependencyGeneratePcm arm64 /Users/vardy/dev/alanvardy-var-1014-lower-deployment-targets-from-ios-187watchos-265-to-the/DerivedData/SDKExplicitPrecompiledModules/_SwiftConcurrencyShims-CO366WB3TGPMRQCMG8M6B887V.pcm

SwiftExplicitDependencyGeneratePcm arm64 /Users/vardy/dev/alanvardy-var-1014-lower-deployment-targets-from-ios-187watchos-265-to-the/DerivedData/SDKExplicitPrecompiledModules/_AvailabilityInternal-17P367JXRA50E6ZEJN0POGWEM.pcm

SwiftExplicitDependencyGeneratePcm arm64 /Users/vardy/dev/alanvardy-var-1014-lower-deployment-targets-from-ios-187watchos-265-to-the/DerivedData/SDKExplicitPrecompiledModules/ActivityKit-7Q81O2W16IAAAYG5KC07DEFK3.pcm

SwiftExplicitDependencyGeneratePcm arm64 /Users/vardy/dev/alanvardy-var-1014-lower-deployment-targets-from-ios-187watchos-265-to-the/DerivedData/SDKExplicitPrecompiledModules/SwiftShims-BSYZVYKALGPRM967Z8SGAHNUG.pcm

SwiftExplicitDependencyGeneratePcm arm64 /Users/vardy/dev/alanvardy-var-1014-lower-deployment-targets-from-ios-187watchos-265-to-the/DerivedData/SDKExplicitPrecompiledModules/ptrcheck-B5GZX2C03RL7FI70Q09MD95G.pcm

SwiftExplicitDependencyGeneratePcm arm64 /Users/vardy/dev/alanvardy-var-1014-lower-deployment-targets-from-ios-187watchos-265-to-the/DerivedData/SDKExplicitPrecompiledModules/_Builtin_float-31EDEVND4J9BEPXQQHYY68TKY.pcm

SwiftExplicitDependencyGeneratePcm arm64 /Users/vardy/dev/alanvardy-var-1014-lower-deployment-targets-from-ios-187watchos-265-to-the/DerivedData/SDKExplicitPrecompiledModules/_Builtin_stdbool-BZ5DINAL754YEPSNDLDRI8EEN.pcm

SwiftExplicitDependencyGeneratePcm x86_64 /Users/vardy/dev/alanvardy-var-1014-lower-deployment-targets-from-ios-187watchos-265-to-the/DerivedData/SDKExplicitPrecompiledModules/_SwiftConcurrencyShims-5N2HHOVF8BP60KGQEJT6ST6R3.pcm

SwiftExplicitDependencyGeneratePcm x86_64 /Users/vardy/dev/alanvardy-var-1014-lower-deployment-targets-from-ios-187watchos-265-to-the/DerivedData/SDKExplicitPrecompiledModules/SwiftShims-BJ6ML3WA0N9G5NGKLL66GWORO.pcm

SwiftExplicitDependencyGeneratePcm x86_64 /Users/vardy/dev/alanvardy-var-1014-lower-deployment-targets-from-ios-187watchos-265-to-the/DerivedData/SDKExplicitPrecompiledModules/ptrauth-BOXD3SLYZ478Z88K6DLETY3VU.pcm

SwiftExplicitDependencyGeneratePcm x86_64 /Users/vardy/dev/alanvardy-var-1014-lower-deployment-targets-from-ios-187watchos-265-to-the/DerivedData/SDKExplicitPrecompiledModules/ptrcheck-BDVFMDZTIH34WHKZJ8TOZYJE1.pcm

SwiftExplicitDependencyGeneratePcm x86_64 /Users/vardy/dev/alanvardy-var-1014-lower-deployment-targets-from-ios-187watchos-265-to-the/DerivedData/SDKExplicitPrecompiledModules/_AvailabilityInternal-D5XTRODOGQDAUMCV5LONZ48ZL.pcm

SwiftExplicitDependencyGeneratePcm x86_64 /Users/vardy/dev/alanvardy-var-1014-lower-deployment-targets-from-ios-187watchos-265-to-the/DerivedData/SDKExplicitPrecompiledModules/_Builtin_stdarg-95CCVY5FQ8L6H0LR5AV9O082F.pcm

SwiftExplicitDependencyGeneratePcm x86_64 /Users/vardy/dev/alanvardy-var-1014-lower-deployment-targets-from-ios-187watchos-265-to-the/DerivedData/SDKExplicitPrecompiledModules/_Builtin_float-DY18T2ZSKNH44BQYLOECXYXOH.pcm

SwiftExplicitDependencyGeneratePcm x86_64 /Users/vardy/dev/alanvardy-var-1014-lower-deployment-targets-from-ios-187watchos-265-to-the/DerivedData/SDKExplicitPrecompiledModules/_Builtin_stddef-94JUVP6A7GIIWCQAWKSZOHI2W.pcm

SwiftExplicitDependencyGeneratePcm x86_64 /Users/vardy/dev/alanvardy-var-1014-lower-deployment-targets-from-ios-187watchos-265-to-the/DerivedData/SDKExplicitPrecompiledModules/_Builtin_stdbool-7I89EVB0P0F8J0757DS6HDLN1.pcm

SwiftExplicitDependencyGeneratePcm x86_64 /Users/vardy/dev/alanvardy-var-1014-lower-deployment-targets-from-ios-187watchos-265-to-the/DerivedData/SDKExplicitPrecompiledModules/DeveloperToolsSupport-BG7EPLK122GQXSO4TSNO9D2QG.pcm

SwiftExplicitDependencyGeneratePcm arm64 /Users/vardy/dev/alanvardy-var-1014-lower-deployment-targets-from-ios-187watchos-265-to-the/DerivedData/SDKExplicitPrecompiledModules/_Builtin_stdarg-52LD6KTGOOOZ1ODWXZGF6HC8H.pcm

SwiftExplicitDependencyGeneratePcm arm64 /Users/vardy/dev/alanvardy-var-1014-lower-deployment-targets-from-ios-187watchos-265-to-the/DerivedData/SDKExplicitPrecompiledModules/ptrauth-F3R0B37FH208ULLQPWB88EXBI.pcm

SwiftExplicitDependencyGeneratePcm arm64 /Users/vardy/dev/alanvardy-var-1014-lower-deployment-targets-from-ios-187watchos-265-to-the/DerivedData/SDKExplicitPrecompiledModules/SwiftShims-EHDN8C76W1N6ZBG0UNDTS0EF6.pcm

SwiftExplicitDependencyGeneratePcm x86_64 /Users/vardy/dev/alanvardy-var-1014-lower-deployment-targets-from-ios-187watchos-265-to-the/DerivedData/SDKExplicitPrecompiledModules/_DarwinFoundation1-3Q8RD0N8TZKQGCOYC60MP9JPL.pcm

SwiftExplicitDependencyGeneratePcm arm64 /Users/vardy/dev/alanvardy-var-1014-lower-deployment-targets-from-ios-187watchos-265-to-the/DerivedData/SDKExplicitPrecompiledModules/_Builtin_stdarg-9Q9I92HXJ1A649UH0ZVRWY85W.pcm

SwiftExplicitDependencyGeneratePcm arm64 /Users/vardy/dev/alanvardy-var-1014-lower-deployment-targets-from-ios-187watchos-265-to-the/DerivedData/SDKExplicitPrecompiledModules/_SwiftConcurrencyShims-AMTEV4W7Y011MCURALA1CR0KQ.pcm

SwiftExplicitDependencyGeneratePcm arm64 /Users/vardy/dev/alanvardy-var-1014-lower-deployment-targets-from-ios-187watchos-265-to-the/DerivedData/SDKExplicitPrecompiledModules/_Builtin_stddef-3O3PW2HT5THAV1WJ6LY8W5S4N.pcm

SwiftExplicitDependencyGeneratePcm arm64 /Users/vardy/dev/alanvardy-var-1014-lower-deployment-targets-from-ios-187watchos-265-to-the/DerivedData/SDKExplicitPrecompiledModules/_DarwinFoundation1-AQPQX71RXQQ3AH8731RHXLTCY.pcm

SwiftExplicitDependencyGeneratePcm arm64 /Users/vardy/dev/alanvardy-var-1014-lower-deployment-targets-from-ios-187watchos-265-to-the/DerivedData/SDKExplicitPrecompiledModules/_AvailabilityInternal-BBR8PSDR7YKOYIVY3AELXBNJ3.pcm

SwiftDriverJobDiscovery normal arm64 Compiling ReminderDeepLink.swift, ReminderDictationParser.swift, ReminderDisplay.swift, ReminderIntents.swift (in target 'SingleThreadCore' from project 'SingleThreadCore')

SwiftExplicitDependencyGeneratePcm arm64 /Users/vardy/dev/alanvardy-var-1014-lower-deployment-targets-from-ios-187watchos-265-to-the/DerivedData/SDKExplicitPrecompiledModules/ptrcheck-CMKU1C4VXC2RVXC8EWX80WYID.pcm

SwiftExplicitDependencyGeneratePcm arm64 /Users/vardy/dev/alanvardy-var-1014-lower-deployment-targets-from-ios-187watchos-265-to-the/DerivedData/SDKExplicitPrecompiledModules/_Builtin_float-3DIMJR6HTQ8XSMX76MDPO7TJM.pcm

SwiftExplicitDependencyGeneratePcm arm64 /Users/vardy/dev/alanvardy-var-1014-lower-deployment-targets-from-ios-187watchos-265-to-the/DerivedData/SDKExplicitPrecompiledModules/DeveloperToolsSupport-3B6Q2N8Z24EPYSKOH1YQAHQX4.pcm

SwiftExplicitDependencyGeneratePcm arm64 /Users/vardy/dev/alanvardy-var-1014-lower-deployment-targets-from-ios-187watchos-265-to-the/DerivedData/SDKExplicitPrecompiledModules/DeveloperToolsSupport-C3G19BQZ4K6W8GJX9GWSC84QS.pcm

SwiftExplicitDependencyGeneratePcm arm64 /Users/vardy/dev/alanvardy-var-1014-lower-deployment-targets-from-ios-187watchos-265-to-the/DerivedData/SDKExplicitPrecompiledModules/_Builtin_stdbool-10QC1PP6T0TJTA9YVZFFN6588.pcm

SwiftExplicitDependencyGeneratePcm x86_64 /Users/vardy/dev/alanvardy-var-1014-lower-deployment-targets-from-ios-187watchos-265-to-the/DerivedData/SDKExplicitPrecompiledModules/_DarwinFoundation2-46MRLD7NHKUA77MOFCEPXFFNZ.pcm

SwiftExplicitDependencyGeneratePcm x86_64 /Users/vardy/dev/alanvardy-var-1014-lower-deployment-targets-from-ios-187watchos-265-to-the/DerivedData/SDKExplicitPrecompiledModules/_Builtin_limits-C9X2HVYYCKU95MWNKPSWMJUMH.pcm

SwiftExplicitDependencyGeneratePcm x86_64 /Users/vardy/dev/alanvardy-var-1014-lower-deployment-targets-from-ios-187watchos-265-to-the/DerivedData/SDKExplicitPrecompiledModules/ExtensionFoundation-6J6Z3IBETNLF895RPSLSBOR7L.pcm

SwiftExplicitDependencyGeneratePcm arm64 /Users/vardy/dev/alanvardy-var-1014-lower-deployment-targets-from-ios-187watchos-265-to-the/DerivedData/SDKExplicitPrecompiledModules/_DarwinFoundation1-4V3LT0JB94O4ONMXZI2EDXPTQ.pcm

SwiftExplicitDependencyGeneratePcm arm64 /Users/vardy/dev/alanvardy-var-1014-lower-deployment-targets-from-ios-187watchos-265-to-the/DerivedData/SDKExplicitPrecompiledModules/_DarwinFoundation2-MH83CT4O3VN692HMFLAH3Y2P.pcm

SwiftExplicitDependencyGeneratePcm arm64 /Users/vardy/dev/alanvardy-var-1014-lower-deployment-targets-from-ios-187watchos-265-to-the/DerivedData/SDKExplicitPrecompiledModules/_Builtin_limits-3C16R4UQA8SZU49MAJOXXB72Q.pcm

SwiftExplicitDependencyGeneratePcm arm64 /Users/vardy/dev/alanvardy-var-1014-lower-deployment-targets-from-ios-187watchos-265-to-the/DerivedData/SDKExplicitPrecompiledModules/ExtensionFoundation-6NDU8L47W72SP2XCT4UBD30KL.pcm

CreateUniversalBinary /Users/vardy/dev/alanvardy-var-1014-lower-deployment-targets-from-ios-187watchos-265-to-the/DerivedData/Build/Products/Debug-watchsimulator/PackageFrameworks/SingleThreadCore_38C46E065536DF53_PackageProduct.framework/SingleThreadCore_38C46E065536DF53_PackageProduct normal arm64\ x86_64 (in target 'SingleThreadCoredynamic-product' from project 'SingleThreadCore')
    cd /Users/vardy/dev/alanvardy-var-1014-lower-deployment-targets-from-ios-187watchos-265-to-the/SingleThreadCore
    /Applications/Xcode.app/Contents/Developer/Toolchains/XcodeDefault.xctoolchain/usr/bin/lipo -create /Users/vardy/dev/alanvardy-var-1014-lower-deployment-targets-from-ios-187watchos-265-to-the/DerivedData/Build/Intermediates.noindex/SingleThreadCore.build/Debug-watchsimulator/SingleThreadCore-product-t.build/Objects-normal/arm64/Binary/SingleThreadCore_38C46E065536DF53_PackageProduct /Users/vardy/dev/alanvardy-var-1014-lower-deployment-targets-from-ios-187watchos-265-to-the/DerivedData/Build/Intermediates.noindex/SingleThreadCore.build/Debug-watchsimulator/SingleThreadCore-product-t.build/Objects-normal/x86_64/Binary/SingleThreadCore_38C46E065536DF53_PackageProduct -output /Users/vardy/dev/alanvardy-var-1014-lower-deployment-targets-from-ios-187watchos-265-to-the/DerivedData/Build/Products/Debug-watchsimulator/PackageFrameworks/SingleThreadCore_38C46E065536DF53_PackageProduct.framework/SingleThreadCore_38C46E065536DF53_PackageProduct

GenerateTAPI /Users/vardy/dev/alanvardy-var-1014-lower-deployment-targets-from-ios-187watchos-265-to-the/DerivedData/Build/Intermediates.noindex/EagerLinkingTBDs/Debug-watchsimulator/SingleThreadCore_38C46E065536DF53_PackageProduct.framework/SingleThreadCore_38C46E065536DF53_PackageProduct.tbd (in target 'SingleThreadCoredynamic-product' from project 'SingleThreadCore')
    cd /Users/vardy/dev/alanvardy-var-1014-lower-deployment-targets-from-ios-187watchos-265-to-the/SingleThreadCore
    /Applications/Xcode.app/Contents/Developer/Toolchains/XcodeDefault.xctoolchain/usr/bin/tapi stubify -isysroot /Applications/Xcode.app/Contents/Developer/Platforms/WatchSimulator.platform/Developer/SDKs/WatchSimulator27.0.sdk -F/Users/vardy/dev/alanvardy-var-1014-lower-deployment-targets-from-ios-187watchos-265-to-the/DerivedData/Build/Products/Debug-watchsimulator/PackageFrameworks -F/Users/vardy/dev/alanvardy-var-1014-lower-deployment-targets-from-ios-187watchos-265-to-the/DerivedData/Build/Products/Debug-watchsimulator -iframework /Applications/Xcode.app/Contents/Developer/Platforms/WatchSimulator.platform/Developer/Library/Frameworks -iframework /Applications/Xcode.app/Contents/Developer/Platforms/WatchSimulator.platform/Developer/SDKs/WatchSimulator27.0.sdk/Developer/Library/Frameworks -L/Users/vardy/dev/alanvardy-var-1014-lower-deployment-targets-from-ios-187watchos-265-to-the/DerivedData/Build/Products/Debug-watchsimulator -L/Applications/Xcode.app/Contents/Developer/Platforms/WatchSimulator.platform/Developer/usr/lib /Users/vardy/dev/alanvardy-var-1014-lower-deployment-targets-from-ios-187watchos-265-to-the/DerivedData/Build/Products/Debug-watchsimulator/PackageFrameworks/SingleThreadCore_38C46E065536DF53_PackageProduct.framework/SingleThreadCore_38C46E065536DF53_PackageProduct -o /Users/vardy/dev/alanvardy-var-1014-lower-deployment-targets-from-ios-187watchos-265-to-the/DerivedData/Build/Intermediates.noindex/EagerLinkingTBDs/Debug-watchsimulator/SingleThreadCore_38C46E065536DF53_PackageProduct.framework/SingleThreadCore_38C46E065536DF53_PackageProduct.tbd

SwiftExplicitDependencyGeneratePcm x86_64 /Users/vardy/dev/alanvardy-var-1014-lower-deployment-targets-from-ios-187watchos-265-to-the/DerivedData/SDKExplicitPrecompiledModules/string_h-74RREN3ESEFTKM7XI1KOP0VK1.pcm

SwiftExplicitDependencyGeneratePcm x86_64 /Users/vardy/dev/alanvardy-var-1014-lower-deployment-targets-from-ios-187watchos-265-to-the/DerivedData/SDKExplicitPrecompiledModules/_Builtin_stdint-3UMF0O7PZ6HLICWO04IK0Z3YM.pcm

SwiftExplicitDependencyGeneratePcm x86_64 /Users/vardy/dev/alanvardy-var-1014-lower-deployment-targets-from-ios-187watchos-265-to-the/DerivedData/SDKExplicitPrecompiledModules/sys_types-1XHBOF6YP175K5ZQ6LHXNRNWF.pcm

SwiftExplicitDependencyGeneratePcm x86_64 /Users/vardy/dev/alanvardy-var-1014-lower-deployment-targets-from-ios-187watchos-265-to-the/DerivedData/SDKExplicitPrecompiledModules/_Builtin_tgmath-D02AOSG7ETVHRSTLUQDVLE1FG.pcm

SwiftExplicitDependencyGeneratePcm arm64 /Users/vardy/dev/alanvardy-var-1014-lower-deployment-targets-from-ios-187watchos-265-to-the/DerivedData/SDKExplicitPrecompiledModules/_DarwinFoundation2-951ML58U0FW8R1H5OTC0QVVYV.pcm

SwiftExplicitDependencyGeneratePcm arm64 /Users/vardy/dev/alanvardy-var-1014-lower-deployment-targets-from-ios-187watchos-265-to-the/DerivedData/SDKExplicitPrecompiledModules/ExtensionFoundation-5XNCSG8J907ODC0OJ0TFL95UH.pcm

SwiftExplicitDependencyGeneratePcm arm64 /Users/vardy/dev/alanvardy-var-1014-lower-deployment-targets-from-ios-187watchos-265-to-the/DerivedData/SDKExplicitPrecompiledModules/_Builtin_limits-U9RVKHSORXQMWGZNXH2CTID3.pcm

LinkAssetCatalog /Users/vardy/dev/alanvardy-var-1014-lower-deployment-targets-from-ios-187watchos-265-to-the/SingleThreadWatch/Assets.xcassets (in target 'SingleThreadWatch' from project 'SingleThread')
    cd /Users/vardy/dev/alanvardy-var-1014-lower-deployment-targets-from-ios-187watchos-265-to-the
    builtin-linkAssetCatalog --thinned /Users/vardy/dev/alanvardy-var-1014-lower-deployment-targets-from-ios-187watchos-265-to-the/DerivedData/Build/Intermediates.noindex/SingleThread.build/Debug-watchsimulator/SingleThreadWatch.build/assetcatalog_output/thinned --thinned-dependencies /Users/vardy/dev/alanvardy-var-1014-lower-deployment-targets-from-ios-187watchos-265-to-the/DerivedData/Build/Intermediates.noindex/SingleThread.build/Debug-watchsimulator/SingleThreadWatch.build/assetcatalog_dependencies_thinned --thinned-info-plist-content /Users/vardy/dev/alanvardy-var-1014-lower-deployment-targets-from-ios-187watchos-265-to-the/DerivedData/Build/Intermediates.noindex/SingleThread.build/Debug-watchsimulator/SingleThreadWatch.build/assetcatalog_generated_info.plist_thinned --unthinned /Users/vardy/dev/alanvardy-var-1014-lower-deployment-targets-from-ios-187watchos-265-to-the/DerivedData/Build/Intermediates.noindex/SingleThread.build/Debug-watchsimulator/SingleThreadWatch.build/assetcatalog_output/unthinned --unthinned-dependencies /Users/vardy/dev/alanvardy-var-1014-lower-deployment-targets-from-ios-187watchos-265-to-the/DerivedData/Build/Intermediates.noindex/SingleThread.build/Debug-watchsimulator/SingleThreadWatch.build/assetcatalog_dependencies_unthinned --unthinned-info-plist-content /Users/vardy/dev/alanvardy-var-1014-lower-deployment-targets-from-ios-187watchos-265-to-the/DerivedData/Build/Intermediates.noindex/SingleThread.build/Debug-watchsimulator/SingleThreadWatch.build/assetcatalog_generated_info.plist_unthinned --output /Users/vardy/dev/alanvardy-var-1014-lower-deployment-targets-from-ios-187watchos-265-to-the/DerivedData/Build/Products/Debug-watchsimulator/SingleThreadWatch.app --plist-output /Users/vardy/dev/alanvardy-var-1014-lower-deployment-targets-from-ios-187watchos-265-to-the/DerivedData/Build/Intermediates.noindex/SingleThread.build/Debug-watchsimulator/SingleThreadWatch.build/assetcatalog_generated_info.plist
note: Emplaced /Users/vardy/dev/alanvardy-var-1014-lower-deployment-targets-from-ios-187watchos-265-to-the/DerivedData/Build/Products/Debug-watchsimulator/SingleThreadWatch.app/Assets.car (in target 'SingleThreadWatch' from project 'SingleThread')

SwiftExplicitDependencyGeneratePcm arm64 /Users/vardy/dev/alanvardy-var-1014-lower-deployment-targets-from-ios-187watchos-265-to-the/DerivedData/SDKExplicitPrecompiledModules/_Builtin_tgmath-3PSUXOMAF5TQLSSAKPJBKD3F3.pcm

SwiftExplicitDependencyGeneratePcm arm64 /Users/vardy/dev/alanvardy-var-1014-lower-deployment-targets-from-ios-187watchos-265-to-the/DerivedData/SDKExplicitPrecompiledModules/sys_types-BYXE58WRYX9MEXS2VVO4KBWB4.pcm

SwiftExplicitDependencyGeneratePcm arm64 /Users/vardy/dev/alanvardy-var-1014-lower-deployment-targets-from-ios-187watchos-265-to-the/DerivedData/SDKExplicitPrecompiledModules/string_h-7K52T7PDC349HAGOBYWHENSJV.pcm

SwiftExplicitDependencyGeneratePcm arm64 /Users/vardy/dev/alanvardy-var-1014-lower-deployment-targets-from-ios-187watchos-265-to-the/DerivedData/SDKExplicitPrecompiledModules/_Builtin_stdint-7CT9S8M6QKR4JTG7LUNOQILLJ.pcm

SwiftExplicitDependencyGeneratePcm x86_64 /Users/vardy/dev/alanvardy-var-1014-lower-deployment-targets-from-ios-187watchos-265-to-the/DerivedData/SDKExplicitPrecompiledModules/_DarwinFoundation3-792NNR86YPSC9JO53O5A4L0K8.pcm

SwiftExplicitDependencyGeneratePcm x86_64 /Users/vardy/dev/alanvardy-var-1014-lower-deployment-targets-from-ios-187watchos-265-to-the/DerivedData/SDKExplicitPrecompiledModules/_Builtin_stdatomic-8ZLT3ATOC7TIZRDYDD032TY18.pcm

RegisterExecutionPolicyException /Users/vardy/dev/alanvardy-var-1014-lower-deployment-targets-from-ios-187watchos-265-to-the/DerivedData/Build/Products/Debug-watchsimulator/PackageFrameworks/SingleThreadCore_38C46E065536DF53_PackageProduct.framework (in target 'SingleThreadCoredynamic-product' from project 'SingleThreadCore')
    cd /Users/vardy/dev/alanvardy-var-1014-lower-deployment-targets-from-ios-187watchos-265-to-the/SingleThreadCore
    builtin-RegisterExecutionPolicyException /Users/vardy/dev/alanvardy-var-1014-lower-deployment-targets-from-ios-187watchos-265-to-the/DerivedData/Build/Products/Debug-watchsimulator/PackageFrameworks/SingleThreadCore_38C46E065536DF53_PackageProduct.framework

Touch /Users/vardy/dev/alanvardy-var-1014-lower-deployment-targets-from-ios-187watchos-265-to-the/DerivedData/Build/Products/Debug-watchsimulator/PackageFrameworks/SingleThreadCore_38C46E065536DF53_PackageProduct.framework (in target 'SingleThreadCoredynamic-product' from project 'SingleThreadCore')
    cd /Users/vardy/dev/alanvardy-var-1014-lower-deployment-targets-from-ios-187watchos-265-to-the/SingleThreadCore
    /usr/bin/touch -c /Users/vardy/dev/alanvardy-var-1014-lower-deployment-targets-from-ios-187watchos-265-to-the/DerivedData/Build/Products/Debug-watchsimulator/PackageFrameworks/SingleThreadCore_38C46E065536DF53_PackageProduct.framework

CopyStringsFile /Users/vardy/dev/alanvardy-var-1014-lower-deployment-targets-from-ios-187watchos-265-to-the/DerivedData/Build/Products/Debug-watchsimulator/SingleThreadWatch.app/zh-Hans.lproj/InfoPlist.strings /Users/vardy/dev/alanvardy-var-1014-lower-deployment-targets-from-ios-187watchos-265-to-the/SingleThreadWatch/zh-Hans.lproj/InfoPlist.strings (in target 'SingleThreadWatch' from project 'SingleThread')
    cd /Users/vardy/dev/alanvardy-var-1014-lower-deployment-targets-from-ios-187watchos-265-to-the
    builtin-copyStrings --validate --outputencoding binary --outfilename InfoPlist.strings --outdir /Users/vardy/dev/alanvardy-var-1014-lower-deployment-targets-from-ios-187watchos-265-to-the/DerivedData/Build/Products/Debug-watchsimulator/SingleThreadWatch.app/zh-Hans.lproj -- /Users/vardy/dev/alanvardy-var-1014-lower-deployment-targets-from-ios-187watchos-265-to-the/SingleThreadWatch/zh-Hans.lproj/InfoPlist.strings
/Users/vardy/dev/alanvardy-var-1014-lower-deployment-targets-from-ios-187watchos-265-to-the/SingleThreadWatch/zh-Hans.lproj/InfoPlist.strings:1:1: note: detected encoding of input file as Unicode (UTF-8) (in target 'SingleThreadWatch' from project 'SingleThread')

Ld /Users/vardy/dev/alanvardy-var-1014-lower-deployment-targets-from-ios-187watchos-265-to-the/DerivedData/Build/Intermediates.noindex/SingleThread.build/Debug-watchsimulator/SingleThreadWatch.build/Objects-normal/arm64/Binary/__preview.dylib normal arm64 (in target 'SingleThreadWatch' from project 'SingleThread')
    cd /Users/vardy/dev/alanvardy-var-1014-lower-deployment-targets-from-ios-187watchos-265-to-the
    /Applications/Xcode.app/Contents/Developer/Toolchains/XcodeDefault.xctoolchain/usr/bin/clang -Xlinker -reproducible -target arm64-apple-watchos11.0-simulator -dynamiclib -isysroot /Applications/Xcode.app/Contents/Developer/Platforms/WatchSimulator.platform/Developer/SDKs/WatchSimulator27.0.sdk -O0 -Xlinker -no_warn_duplicate_libraries -L/Users/vardy/dev/alanvardy-var-1014-lower-deployment-targets-from-ios-187watchos-265-to-the/DerivedData/Build/Products/Debug-watchsimulator -F/Users/vardy/dev/alanvardy-var-1014-lower-deployment-targets-from-ios-187watchos-265-to-the/DerivedData/Build/Products/Debug-watchsimulator/PackageFrameworks -F/Users/vardy/dev/alanvardy-var-1014-lower-deployment-targets-from-ios-187watchos-265-to-the/DerivedData/Build/Products/Debug-watchsimulator -install_name @rpath/SingleThreadWatch.debug.dylib -Xlinker -dead_strip -rdynamic -Xlinker -no_deduplicate -Xlinker -objc_abi_version -Xlinker 2 -Xlinker -debug_variant -Xlinker -dependency_info -Xlinker /Users/vardy/dev/alanvardy-var-1014-lower-deployment-targets-from-ios-187watchos-265-to-the/DerivedData/Build/Intermediates.noindex/SingleThread.build/Debug-watchsimulator/SingleThreadWatch.build/Objects-normal/arm64/SingleThreadWatch_dependency_info.dat -Xlinker -sectcreate -Xlinker __TEXT -Xlinker __entitlements -Xlinker /Users/vardy/dev/alanvardy-var-1014-lower-deployment-targets-from-ios-187watchos-265-to-the/DerivedData/Build/Intermediates.noindex/SingleThread.build/Debug-watchsimulator/SingleThreadWatch.build/SingleThreadWatch.app-Simulated.xcent -Xlinker -sectcreate -Xlinker __TEXT -Xlinker __ents_der -Xlinker /Users/vardy/dev/alanvardy-var-1014-lower-deployment-targets-from-ios-187watchos-265-to-the/DerivedData/Build/Intermediates.noindex/SingleThread.build/Debug-watchsimulator/SingleThreadWatch.build/SingleThreadWatch.app-Simulated.xcent.der -Xlinker -no_adhoc_codesign -o /Users/vardy/dev/alanvardy-var-1014-lower-deployment-targets-from-ios-187watchos-265-to-the/DerivedData/Build/Intermediates.noindex/SingleThread.build/Debug-watchsimulator/SingleThreadWatch.build/Objects-normal/arm64/Binary/__preview.dylib

CopyStringsFile /Users/vardy/dev/alanvardy-var-1014-lower-deployment-targets-from-ios-187watchos-265-to-the/DerivedData/Build/Products/Debug-watchsimulator/SingleThreadWatch.app/ja.lproj/InfoPlist.strings /Users/vardy/dev/alanvardy-var-1014-lower-deployment-targets-from-ios-187watchos-265-to-the/SingleThreadWatch/ja.lproj/InfoPlist.strings (in target 'SingleThreadWatch' from project 'SingleThread')
    cd /Users/vardy/dev/alanvardy-var-1014-lower-deployment-targets-from-ios-187watchos-265-to-the
    builtin-copyStrings --validate --outputencoding binary --outfilename InfoPlist.strings --outdir /Users/vardy/dev/alanvardy-var-1014-lower-deployment-targets-from-ios-187watchos-265-to-the/DerivedData/Build/Products/Debug-watchsimulator/SingleThreadWatch.app/ja.lproj -- /Users/vardy/dev/alanvardy-var-1014-lower-deployment-targets-from-ios-187watchos-265-to-the/SingleThreadWatch/ja.lproj/InfoPlist.strings
/Users/vardy/dev/alanvardy-var-1014-lower-deployment-targets-from-ios-187watchos-265-to-the/SingleThreadWatch/ja.lproj/InfoPlist.strings:1:1: note: detected encoding of input file as Unicode (UTF-8) (in target 'SingleThreadWatch' from project 'SingleThread')

Copy /Users/vardy/dev/alanvardy-var-1014-lower-deployment-targets-from-ios-187watchos-265-to-the/DerivedData/Build/Products/Debug-watchsimulator/SingleThreadWatch.app/SingleThreadCore_SingleThreadCore.bundle /Users/vardy/dev/alanvardy-var-1014-lower-deployment-targets-from-ios-187watchos-265-to-the/DerivedData/Build/Products/Debug-watchsimulator/SingleThreadCore_SingleThreadCore.bundle (in target 'SingleThreadWatch' from project 'SingleThread')
    cd /Users/vardy/dev/alanvardy-var-1014-lower-deployment-targets-from-ios-187watchos-265-to-the
    builtin-copy -exclude .DS_Store -exclude CVS -exclude .svn -exclude .git -exclude .hg -resolve-src-symlinks /Users/vardy/dev/alanvardy-var-1014-lower-deployment-targets-from-ios-187watchos-265-to-the/DerivedData/Build/Products/Debug-watchsimulator/SingleThreadCore_SingleThreadCore.bundle /Users/vardy/dev/alanvardy-var-1014-lower-deployment-targets-from-ios-187watchos-265-to-the/DerivedData/Build/Products/Debug-watchsimulator/SingleThreadWatch.app

CopyStringsFile /Users/vardy/dev/alanvardy-var-1014-lower-deployment-targets-from-ios-187watchos-265-to-the/DerivedData/Build/Products/Debug-watchsimulator/SingleThreadWatch.app/fr.lproj/InfoPlist.strings /Users/vardy/dev/alanvardy-var-1014-lower-deployment-targets-from-ios-187watchos-265-to-the/SingleThreadWatch/fr.lproj/InfoPlist.strings (in target 'SingleThreadWatch' from project 'SingleThread')
    cd /Users/vardy/dev/alanvardy-var-1014-lower-deployment-targets-from-ios-187watchos-265-to-the
    builtin-copyStrings --validate --outputencoding binary --outfilename InfoPlist.strings --outdir /Users/vardy/dev/alanvardy-var-1014-lower-deployment-targets-from-ios-187watchos-265-to-the/DerivedData/Build/Products/Debug-watchsimulator/SingleThreadWatch.app/fr.lproj -- /Users/vardy/dev/alanvardy-var-1014-lower-deployment-targets-from-ios-187watchos-265-to-the/SingleThreadWatch/fr.lproj/InfoPlist.strings
/Users/vardy/dev/alanvardy-var-1014-lower-deployment-targets-from-ios-187watchos-265-to-the/SingleThreadWatch/fr.lproj/InfoPlist.strings:1:1: note: detected encoding of input file as Unicode (UTF-8) (in target 'SingleThreadWatch' from project 'SingleThread')

Ld /Users/vardy/dev/alanvardy-var-1014-lower-deployment-targets-from-ios-187watchos-265-to-the/DerivedData/Build/Intermediates.noindex/SingleThread.build/Debug-watchsimulator/SingleThreadWatch.build/Objects-normal/x86_64/Binary/__preview.dylib normal x86_64 (in target 'SingleThreadWatch' from project 'SingleThread')
    cd /Users/vardy/dev/alanvardy-var-1014-lower-deployment-targets-from-ios-187watchos-265-to-the
    /Applications/Xcode.app/Contents/Developer/Toolchains/XcodeDefault.xctoolchain/usr/bin/clang -Xlinker -reproducible -target x86_64-apple-watchos11.0-simulator -dynamiclib -isysroot /Applications/Xcode.app/Contents/Developer/Platforms/WatchSimulator.platform/Developer/SDKs/WatchSimulator27.0.sdk -O0 -Xlinker -no_warn_duplicate_libraries -L/Users/vardy/dev/alanvardy-var-1014-lower-deployment-targets-from-ios-187watchos-265-to-the/DerivedData/Build/Products/Debug-watchsimulator -F/Users/vardy/dev/alanvardy-var-1014-lower-deployment-targets-from-ios-187watchos-265-to-the/DerivedData/Build/Products/Debug-watchsimulator/PackageFrameworks -F/Users/vardy/dev/alanvardy-var-1014-lower-deployment-targets-from-ios-187watchos-265-to-the/DerivedData/Build/Products/Debug-watchsimulator -install_name @rpath/SingleThreadWatch.debug.dylib -Xlinker -dead_strip -rdynamic -Xlinker -no_deduplicate -Xlinker -objc_abi_version -Xlinker 2 -Xlinker -debug_variant -Xlinker -dependency_info -Xlinker /Users/vardy/dev/alanvardy-var-1014-lower-deployment-targets-from-ios-187watchos-265-to-the/DerivedData/Build/Intermediates.noindex/SingleThread.build/Debug-watchsimulator/SingleThreadWatch.build/Objects-normal/x86_64/SingleThreadWatch_dependency_info.dat -Xlinker -sectcreate -Xlinker __TEXT -Xlinker __entitlements -Xlinker /Users/vardy/dev/alanvardy-var-1014-lower-deployment-targets-from-ios-187watchos-265-to-the/DerivedData/Build/Intermediates.noindex/SingleThread.build/Debug-watchsimulator/SingleThreadWatch.build/SingleThreadWatch.app-Simulated.xcent -Xlinker -sectcreate -Xlinker __TEXT -Xlinker __ents_der -Xlinker /Users/vardy/dev/alanvardy-var-1014-lower-deployment-targets-from-ios-187watchos-265-to-the/DerivedData/Build/Intermediates.noindex/SingleThread.build/Debug-watchsimulator/SingleThreadWatch.build/SingleThreadWatch.app-Simulated.xcent.der -Xlinker -no_adhoc_codesign -o /Users/vardy/dev/alanvardy-var-1014-lower-deployment-targets-from-ios-187watchos-265-to-the/DerivedData/Build/Intermediates.noindex/SingleThread.build/Debug-watchsimulator/SingleThreadWatch.build/Objects-normal/x86_64/Binary/__preview.dylib

CopyStringsFile /Users/vardy/dev/alanvardy-var-1014-lower-deployment-targets-from-ios-187watchos-265-to-the/DerivedData/Build/Products/Debug-watchsimulator/SingleThreadWatch.app/es.lproj/InfoPlist.strings /Users/vardy/dev/alanvardy-var-1014-lower-deployment-targets-from-ios-187watchos-265-to-the/SingleThreadWatch/es.lproj/InfoPlist.strings (in target 'SingleThreadWatch' from project 'SingleThread')
    cd /Users/vardy/dev/alanvardy-var-1014-lower-deployment-targets-from-ios-187watchos-265-to-the
    builtin-copyStrings --validate --outputencoding binary --outfilename InfoPlist.strings --outdir /Users/vardy/dev/alanvardy-var-1014-lower-deployment-targets-from-ios-187watchos-265-to-the/DerivedData/Build/Products/Debug-watchsimulator/SingleThreadWatch.app/es.lproj -- /Users/vardy/dev/alanvardy-var-1014-lower-deployment-targets-from-ios-187watchos-265-to-the/SingleThreadWatch/es.lproj/InfoPlist.strings
/Users/vardy/dev/alanvardy-var-1014-lower-deployment-targets-from-ios-187watchos-265-to-the/SingleThreadWatch/es.lproj/InfoPlist.strings:1:1: note: detected encoding of input file as Unicode (UTF-8) (in target 'SingleThreadWatch' from project 'SingleThread')

CopyStringsFile /Users/vardy/dev/alanvardy-var-1014-lower-deployment-targets-from-ios-187watchos-265-to-the/DerivedData/Build/Products/Debug-watchsimulator/SingleThreadWatch.app/en.lproj/InfoPlist.strings /Users/vardy/dev/alanvardy-var-1014-lower-deployment-targets-from-ios-187watchos-265-to-the/SingleThreadWatch/en.lproj/InfoPlist.strings (in target 'SingleThreadWatch' from project 'SingleThread')
    cd /Users/vardy/dev/alanvardy-var-1014-lower-deployment-targets-from-ios-187watchos-265-to-the
    builtin-copyStrings --validate --outputencoding binary --outfilename InfoPlist.strings --outdir /Users/vardy/dev/alanvardy-var-1014-lower-deployment-targets-from-ios-187watchos-265-to-the/DerivedData/Build/Products/Debug-watchsimulator/SingleThreadWatch.app/en.lproj -- /Users/vardy/dev/alanvardy-var-1014-lower-deployment-targets-from-ios-187watchos-265-to-the/SingleThreadWatch/en.lproj/InfoPlist.strings
/Users/vardy/dev/alanvardy-var-1014-lower-deployment-targets-from-ios-187watchos-265-to-the/SingleThreadWatch/en.lproj/InfoPlist.strings:1:1: note: detected encoding of input file as Unicode (UTF-8) (in target 'SingleThreadWatch' from project 'SingleThread')

CopyStringsFile /Users/vardy/dev/alanvardy-var-1014-lower-deployment-targets-from-ios-187watchos-265-to-the/DerivedData/Build/Products/Debug-watchsimulator/SingleThreadWatch.app/de.lproj/InfoPlist.strings /Users/vardy/dev/alanvardy-var-1014-lower-deployment-targets-from-ios-187watchos-265-to-the/SingleThreadWatch/de.lproj/InfoPlist.strings (in target 'SingleThreadWatch' from project 'SingleThread')
    cd /Users/vardy/dev/alanvardy-var-1014-lower-deployment-targets-from-ios-187watchos-265-to-the
    builtin-copyStrings --validate --outputencoding binary --outfilename InfoPlist.strings --outdir /Users/vardy/dev/alanvardy-var-1014-lower-deployment-targets-from-ios-187watchos-265-to-the/DerivedData/Build/Products/Debug-watchsimulator/SingleThreadWatch.app/de.lproj -- /Users/vardy/dev/alanvardy-var-1014-lower-deployment-targets-from-ios-187watchos-265-to-the/SingleThreadWatch/de.lproj/InfoPlist.strings
/Users/vardy/dev/alanvardy-var-1014-lower-deployment-targets-from-ios-187watchos-265-to-the/SingleThreadWatch/de.lproj/InfoPlist.strings:1:1: note: detected encoding of input file as Unicode (UTF-8) (in target 'SingleThreadWatch' from project 'SingleThread')

Copy /Users/vardy/dev/alanvardy-var-1014-lower-deployment-targets-from-ios-187watchos-265-to-the/DerivedData/Build/Products/Debug-watchsimulator/SingleThreadWatch.app/Frameworks/SingleThreadCore_38C46E065536DF53_PackageProduct.framework /Users/vardy/dev/alanvardy-var-1014-lower-deployment-targets-from-ios-187watchos-265-to-the/DerivedData/Build/Products/Debug-watchsimulator/PackageFrameworks/SingleThreadCore_38C46E065536DF53_PackageProduct.framework (in target 'SingleThreadWatch' from project 'SingleThread')
    cd /Users/vardy/dev/alanvardy-var-1014-lower-deployment-targets-from-ios-187watchos-265-to-the
    builtin-copy -exclude .DS_Store -exclude CVS -exclude .svn -exclude .git -exclude .hg -resolve-src-symlinks -remove-static-executable /Users/vardy/dev/alanvardy-var-1014-lower-deployment-targets-from-ios-187watchos-265-to-the/DerivedData/Build/Products/Debug-watchsimulator/PackageFrameworks/SingleThreadCore_38C46E065536DF53_PackageProduct.framework /Users/vardy/dev/alanvardy-var-1014-lower-deployment-targets-from-ios-187watchos-265-to-the/DerivedData/Build/Products/Debug-watchsimulator/SingleThreadWatch.app/Frameworks

CompileXCStrings /Users/vardy/dev/alanvardy-var-1014-lower-deployment-targets-from-ios-187watchos-265-to-the/DerivedData/Build/Intermediates.noindex/SingleThread.build/Debug-watchsimulator/SingleThreadWatch.build/ /Users/vardy/dev/alanvardy-var-1014-lower-deployment-targets-from-ios-187watchos-265-to-the/SingleThreadWatch/Resources/Localizable.xcstrings (in target 'SingleThreadWatch' from project 'SingleThread')
    cd /Users/vardy/dev/alanvardy-var-1014-lower-deployment-targets-from-ios-187watchos-265-to-the
    /Applications/Xcode.app/Contents/Developer/usr/bin/xcstringstool compile --output-directory /Users/vardy/dev/alanvardy-var-1014-lower-deployment-targets-from-ios-187watchos-265-to-the/DerivedData/Build/Intermediates.noindex/SingleThread.build/Debug-watchsimulator/SingleThreadWatch.build /Users/vardy/dev/alanvardy-var-1014-lower-deployment-targets-from-ios-187watchos-265-to-the/SingleThreadWatch/Resources/Localizable.xcstrings

ProcessInfoPlistFile /Users/vardy/dev/alanvardy-var-1014-lower-deployment-targets-from-ios-187watchos-265-to-the/DerivedData/Build/Products/Debug-watchsimulator/SingleThreadWatch.app/Info.plist /Users/vardy/dev/alanvardy-var-1014-lower-deployment-targets-from-ios-187watchos-265-to-the/DerivedData/Build/Intermediates.noindex/SingleThread.build/Debug-watchsimulator/SingleThreadWatch.build/empty-SingleThreadWatch.plist (in target 'SingleThreadWatch' from project 'SingleThread')
    cd /Users/vardy/dev/alanvardy-var-1014-lower-deployment-targets-from-ios-187watchos-265-to-the
    builtin-infoPlistUtility /Users/vardy/dev/alanvardy-var-1014-lower-deployment-targets-from-ios-187watchos-265-to-the/DerivedData/Build/Intermediates.noindex/SingleThread.build/Debug-watchsimulator/SingleThreadWatch.build/empty-SingleThreadWatch.plist -producttype com.apple.product-type.application -genpkginfo /Users/vardy/dev/alanvardy-var-1014-lower-deployment-targets-from-ios-187watchos-265-to-the/DerivedData/Build/Products/Debug-watchsimulator/SingleThreadWatch.app/PkgInfo -expandbuildsettings -format binary -platform watchsimulator -additionalcontentfile /Users/vardy/dev/alanvardy-var-1014-lower-deployment-targets-from-ios-187watchos-265-to-the/DerivedData/Build/Intermediates.noindex/SingleThread.build/Debug-watchsimulator/SingleThreadWatch.build/assetcatalog_generated_info.plist -scanforprivacyfile /Users/vardy/dev/alanvardy-var-1014-lower-deployment-targets-from-ios-187watchos-265-to-the/DerivedData/Build/Products/Debug-watchsimulator/SingleThreadWatch.app/Frameworks/SingleThreadCore_38C46E065536DF53_PackageProduct.framework -scanforprivacyfile /Users/vardy/dev/alanvardy-var-1014-lower-deployment-targets-from-ios-187watchos-265-to-the/DerivedData/Build/Products/Debug-watchsimulator/SingleThreadWatch.app/SingleThreadCore_SingleThreadCore.bundle -o /Users/vardy/dev/alanvardy-var-1014-lower-deployment-targets-from-ios-187watchos-265-to-the/DerivedData/Build/Products/Debug-watchsimulator/SingleThreadWatch.app/Info.plist

CodeSign /Users/vardy/dev/alanvardy-var-1014-lower-deployment-targets-from-ios-187watchos-265-to-the/DerivedData/Build/Products/Debug-watchsimulator/SingleThreadWatch.app/Frameworks/SingleThreadCore_38C46E065536DF53_PackageProduct.framework (in target 'SingleThreadWatch' from project 'SingleThread')
    cd /Users/vardy/dev/alanvardy-var-1014-lower-deployment-targets-from-ios-187watchos-265-to-the
    
    Signing Identity:     "Sign to Run Locally"
    
    /usr/bin/codesign --force --sign - --timestamp\=none --preserve-metadata\=identifier,entitlements,flags --generate-entitlement-der /Users/vardy/dev/alanvardy-var-1014-lower-deployment-targets-from-ios-187watchos-265-to-the/DerivedData/Build/Products/Debug-watchsimulator/SingleThreadWatch.app/Frameworks/SingleThreadCore_38C46E065536DF53_PackageProduct.framework
/Users/vardy/dev/alanvardy-var-1014-lower-deployment-targets-from-ios-187watchos-265-to-the/DerivedData/Build/Products/Debug-watchsimulator/SingleThreadWatch.app/Frameworks/SingleThreadCore_38C46E065536DF53_PackageProduct.framework: replacing existing signature

CopyStringsFile /Users/vardy/dev/alanvardy-var-1014-lower-deployment-targets-from-ios-187watchos-265-to-the/DerivedData/Build/Products/Debug-watchsimulator/SingleThreadWatch.app/ja.lproj/Localizable.strings /Users/vardy/dev/alanvardy-var-1014-lower-deployment-targets-from-ios-187watchos-265-to-the/DerivedData/Build/Intermediates.noindex/SingleThread.build/Debug-watchsimulator/SingleThreadWatch.build/ja.lproj/Localizable.strings (in target 'SingleThreadWatch' from project 'SingleThread')
    cd /Users/vardy/dev/alanvardy-var-1014-lower-deployment-targets-from-ios-187watchos-265-to-the
    builtin-copyStrings --validate --outputencoding binary --outfilename Localizable.strings --outdir /Users/vardy/dev/alanvardy-var-1014-lower-deployment-targets-from-ios-187watchos-265-to-the/DerivedData/Build/Products/Debug-watchsimulator/SingleThreadWatch.app/ja.lproj -- /Users/vardy/dev/alanvardy-var-1014-lower-deployment-targets-from-ios-187watchos-265-to-the/DerivedData/Build/Intermediates.noindex/SingleThread.build/Debug-watchsimulator/SingleThreadWatch.build/ja.lproj/Localizable.strings
/Users/vardy/dev/alanvardy-var-1014-lower-deployment-targets-from-ios-187watchos-265-to-the/DerivedData/Build/Intermediates.noindex/SingleThread.build/Debug-watchsimulator/SingleThreadWatch.build/ja.lproj/Localizable.strings:1:1: note: detected encoding of input file as Unicode (UTF-8) (in target 'SingleThreadWatch' from project 'SingleThread')

CopyStringsFile /Users/vardy/dev/alanvardy-var-1014-lower-deployment-targets-from-ios-187watchos-265-to-the/DerivedData/Build/Products/Debug-watchsimulator/SingleThreadWatch.app/zh-Hans.lproj/Localizable.strings /Users/vardy/dev/alanvardy-var-1014-lower-deployment-targets-from-ios-187watchos-265-to-the/DerivedData/Build/Intermediates.noindex/SingleThread.build/Debug-watchsimulator/SingleThreadWatch.build/zh-Hans.lproj/Localizable.strings (in target 'SingleThreadWatch' from project 'SingleThread')
    cd /Users/vardy/dev/alanvardy-var-1014-lower-deployment-targets-from-ios-187watchos-265-to-the
    builtin-copyStrings --validate --outputencoding binary --outfilename Localizable.strings --outdir /Users/vardy/dev/alanvardy-var-1014-lower-deployment-targets-from-ios-187watchos-265-to-the/DerivedData/Build/Products/Debug-watchsimulator/SingleThreadWatch.app/zh-Hans.lproj -- /Users/vardy/dev/alanvardy-var-1014-lower-deployment-targets-from-ios-187watchos-265-to-the/DerivedData/Build/Intermediates.noindex/SingleThread.build/Debug-watchsimulator/SingleThreadWatch.build/zh-Hans.lproj/Localizable.strings
/Users/vardy/dev/alanvardy-var-1014-lower-deployment-targets-from-ios-187watchos-265-to-the/DerivedData/Build/Intermediates.noindex/SingleThread.build/Debug-watchsimulator/SingleThreadWatch.build/zh-Hans.lproj/Localizable.strings:1:1: note: detected encoding of input file as Unicode (UTF-8) (in target 'SingleThreadWatch' from project 'SingleThread')

CopyStringsFile /Users/vardy/dev/alanvardy-var-1014-lower-deployment-targets-from-ios-187watchos-265-to-the/DerivedData/Build/Products/Debug-watchsimulator/SingleThreadWatch.app/fr.lproj/Localizable.strings /Users/vardy/dev/alanvardy-var-1014-lower-deployment-targets-from-ios-187watchos-265-to-the/DerivedData/Build/Intermediates.noindex/SingleThread.build/Debug-watchsimulator/SingleThreadWatch.build/fr.lproj/Localizable.strings (in target 'SingleThreadWatch' from project 'SingleThread')
    cd /Users/vardy/dev/alanvardy-var-1014-lower-deployment-targets-from-ios-187watchos-265-to-the
    builtin-copyStrings --validate --outputencoding binary --outfilename Localizable.strings --outdir /Users/vardy/dev/alanvardy-var-1014-lower-deployment-targets-from-ios-187watchos-265-to-the/DerivedData/Build/Products/Debug-watchsimulator/SingleThreadWatch.app/fr.lproj -- /Users/vardy/dev/alanvardy-var-1014-lower-deployment-targets-from-ios-187watchos-265-to-the/DerivedData/Build/Intermediates.noindex/SingleThread.build/Debug-watchsimulator/SingleThreadWatch.build/fr.lproj/Localizable.strings
/Users/vardy/dev/alanvardy-var-1014-lower-deployment-targets-from-ios-187watchos-265-to-the/DerivedData/Build/Intermediates.noindex/SingleThread.build/Debug-watchsimulator/SingleThreadWatch.build/fr.lproj/Localizable.strings:1:1: note: detected encoding of input file as Unicode (UTF-8) (in target 'SingleThreadWatch' from project 'SingleThread')

CopyStringsFile /Users/vardy/dev/alanvardy-var-1014-lower-deployment-targets-from-ios-187watchos-265-to-the/DerivedData/Build/Products/Debug-watchsimulator/SingleThreadWatch.app/es.lproj/Localizable.strings /Users/vardy/dev/alanvardy-var-1014-lower-deployment-targets-from-ios-187watchos-265-to-the/DerivedData/Build/Intermediates.noindex/SingleThread.build/Debug-watchsimulator/SingleThreadWatch.build/es.lproj/Localizable.strings (in target 'SingleThreadWatch' from project 'SingleThread')
    cd /Users/vardy/dev/alanvardy-var-1014-lower-deployment-targets-from-ios-187watchos-265-to-the
    builtin-copyStrings --validate --outputencoding binary --outfilename Localizable.strings --outdir /Users/vardy/dev/alanvardy-var-1014-lower-deployment-targets-from-ios-187watchos-265-to-the/DerivedData/Build/Products/Debug-watchsimulator/SingleThreadWatch.app/es.lproj -- /Users/vardy/dev/alanvardy-var-1014-lower-deployment-targets-from-ios-187watchos-265-to-the/DerivedData/Build/Intermediates.noindex/SingleThread.build/Debug-watchsimulator/SingleThreadWatch.build/es.lproj/Localizable.strings
/Users/vardy/dev/alanvardy-var-1014-lower-deployment-targets-from-ios-187watchos-265-to-the/DerivedData/Build/Intermediates.noindex/SingleThread.build/Debug-watchsimulator/SingleThreadWatch.build/es.lproj/Localizable.strings:1:1: note: detected encoding of input file as Unicode (UTF-8) (in target 'SingleThreadWatch' from project 'SingleThread')

CopyStringsFile /Users/vardy/dev/alanvardy-var-1014-lower-deployment-targets-from-ios-187watchos-265-to-the/DerivedData/Build/Products/Debug-watchsimulator/SingleThreadWatch.app/en.lproj/Localizable.strings /Users/vardy/dev/alanvardy-var-1014-lower-deployment-targets-from-ios-187watchos-265-to-the/DerivedData/Build/Intermediates.noindex/SingleThread.build/Debug-watchsimulator/SingleThreadWatch.build/en.lproj/Localizable.strings (in target 'SingleThreadWatch' from project 'SingleThread')
    cd /Users/vardy/dev/alanvardy-var-1014-lower-deployment-targets-from-ios-187watchos-265-to-the
    builtin-copyStrings --validate --outputencoding binary --outfilename Localizable.strings --outdir /Users/vardy/dev/alanvardy-var-1014-lower-deployment-targets-from-ios-187watchos-265-to-the/DerivedData/Build/Products/Debug-watchsimulator/SingleThreadWatch.app/en.lproj -- /Users/vardy/dev/alanvardy-var-1014-lower-deployment-targets-from-ios-187watchos-265-to-the/DerivedData/Build/Intermediates.noindex/SingleThread.build/Debug-watchsimulator/SingleThreadWatch.build/en.lproj/Localizable.strings
/Users/vardy/dev/alanvardy-var-1014-lower-deployment-targets-from-ios-187watchos-265-to-the/DerivedData/Build/Intermediates.noindex/SingleThread.build/Debug-watchsimulator/SingleThreadWatch.build/en.lproj/Localizable.strings:1:1: note: detected encoding of input file as Unicode (UTF-8) (in target 'SingleThreadWatch' from project 'SingleThread')

CopyStringsFile /Users/vardy/dev/alanvardy-var-1014-lower-deployment-targets-from-ios-187watchos-265-to-the/DerivedData/Build/Products/Debug-watchsimulator/SingleThreadWatch.app/de.lproj/Localizable.strings /Users/vardy/dev/alanvardy-var-1014-lower-deployment-targets-from-ios-187watchos-265-to-the/DerivedData/Build/Intermediates.noindex/SingleThread.build/Debug-watchsimulator/SingleThreadWatch.build/de.lproj/Localizable.strings (in target 'SingleThreadWatch' from project 'SingleThread')
    cd /Users/vardy/dev/alanvardy-var-1014-lower-deployment-targets-from-ios-187watchos-265-to-the
    builtin-copyStrings --validate --outputencoding binary --outfilename Localizable.strings --outdir /Users/vardy/dev/alanvardy-var-1014-lower-deployment-targets-from-ios-187watchos-265-to-the/DerivedData/Build/Products/Debug-watchsimulator/SingleThreadWatch.app/de.lproj -- /Users/vardy/dev/alanvardy-var-1014-lower-deployment-targets-from-ios-187watchos-265-to-the/DerivedData/Build/Intermediates.noindex/SingleThread.build/Debug-watchsimulator/SingleThreadWatch.build/de.lproj/Localizable.strings
/Users/vardy/dev/alanvardy-var-1014-lower-deployment-targets-from-ios-187watchos-265-to-the/DerivedData/Build/Intermediates.noindex/SingleThread.build/Debug-watchsimulator/SingleThreadWatch.build/de.lproj/Localizable.strings:1:1: note: detected encoding of input file as Unicode (UTF-8) (in target 'SingleThreadWatch' from project 'SingleThread')

CreateUniversalBinary /Users/vardy/dev/alanvardy-var-1014-lower-deployment-targets-from-ios-187watchos-265-to-the/DerivedData/Build/Products/Debug-watchsimulator/SingleThreadWatch.app/__preview.dylib normal arm64\ x86_64 (in target 'SingleThreadWatch' from project 'SingleThread')
    cd /Users/vardy/dev/alanvardy-var-1014-lower-deployment-targets-from-ios-187watchos-265-to-the
    /Applications/Xcode.app/Contents/Developer/Toolchains/XcodeDefault.xctoolchain/usr/bin/lipo -create /Users/vardy/dev/alanvardy-var-1014-lower-deployment-targets-from-ios-187watchos-265-to-the/DerivedData/Build/Intermediates.noindex/SingleThread.build/Debug-watchsimulator/SingleThreadWatch.build/Objects-normal/arm64/Binary/__preview.dylib /Users/vardy/dev/alanvardy-var-1014-lower-deployment-targets-from-ios-187watchos-265-to-the/DerivedData/Build/Intermediates.noindex/SingleThread.build/Debug-watchsimulator/SingleThreadWatch.build/Objects-normal/x86_64/Binary/__preview.dylib -output /Users/vardy/dev/alanvardy-var-1014-lower-deployment-targets-from-ios-187watchos-265-to-the/DerivedData/Build/Products/Debug-watchsimulator/SingleThreadWatch.app/__preview.dylib

SwiftExplicitDependencyGeneratePcm arm64 /Users/vardy/dev/alanvardy-var-1014-lower-deployment-targets-from-ios-187watchos-265-to-the/DerivedData/SDKExplicitPrecompiledModules/_Builtin_stdatomic-8EU3GOOZVY7SGSDFDTA3FS6W3.pcm

SwiftExplicitDependencyGeneratePcm arm64 /Users/vardy/dev/alanvardy-var-1014-lower-deployment-targets-from-ios-187watchos-265-to-the/DerivedData/SDKExplicitPrecompiledModules/_DarwinFoundation3-NEEKE1XE0EG0XISYSW578EGZ.pcm

SwiftExplicitDependencyGeneratePcm arm64 /Users/vardy/dev/alanvardy-var-1014-lower-deployment-targets-from-ios-187watchos-265-to-the/DerivedData/SDKExplicitPrecompiledModules/_Builtin_intrinsics-7093QRVZGFDA4JN8423GTJ56H.pcm

SwiftExplicitDependencyGeneratePcm arm64 /Users/vardy/dev/alanvardy-var-1014-lower-deployment-targets-from-ios-187watchos-265-to-the/DerivedData/SDKExplicitPrecompiledModules/sys_types-EYDM09WLCJBRBBEM8UNLVUOJS.pcm

SwiftExplicitDependencyGeneratePcm arm64 /Users/vardy/dev/alanvardy-var-1014-lower-deployment-targets-from-ios-187watchos-265-to-the/DerivedData/SDKExplicitPrecompiledModules/_Builtin_stdint-BSJYY8KXH0P2SQIRIKRTXYVOZ.pcm

SwiftExplicitDependencyGeneratePcm arm64 /Users/vardy/dev/alanvardy-var-1014-lower-deployment-targets-from-ios-187watchos-265-to-the/DerivedData/SDKExplicitPrecompiledModules/string_h-3B23D7MUD3FBBBR9FRZX5120Q.pcm

SwiftExplicitDependencyGeneratePcm arm64 /Users/vardy/dev/alanvardy-var-1014-lower-deployment-targets-from-ios-187watchos-265-to-the/DerivedData/SDKExplicitPrecompiledModules/_Builtin_tgmath-76DS0JNVBZGPMTQKOO67JQILT.pcm

SwiftExplicitDependencyGeneratePcm x86_64 /Users/vardy/dev/alanvardy-var-1014-lower-deployment-targets-from-ios-187watchos-265-to-the/DerivedData/SDKExplicitPrecompiledModules/_Builtin_inttypes-4W4BPAPZT6B32ME2L5OXCV2BA.pcm

SwiftExplicitDependencyGeneratePcm x86_64 /Users/vardy/dev/alanvardy-var-1014-lower-deployment-targets-from-ios-187watchos-265-to-the/DerivedData/SDKExplicitPrecompiledModules/_Builtin_intrinsics-9T9RXF1CH9Q5E1AMFT9OQ84ZD.pcm

SwiftExplicitDependencyGeneratePcm arm64 /Users/vardy/dev/alanvardy-var-1014-lower-deployment-targets-from-ios-187watchos-265-to-the/DerivedData/SDKExplicitPrecompiledModules/_Builtin_intrinsics-29QO9I3RWDOHXYZK3WATXDPLX.pcm

SwiftExplicitDependencyGeneratePcm arm64 /Users/vardy/dev/alanvardy-var-1014-lower-deployment-targets-from-ios-187watchos-265-to-the/DerivedData/SDKExplicitPrecompiledModules/_DarwinFoundation3-K6K8VE0ZNS4JZ3RQX63W746G.pcm

SwiftExplicitDependencyGeneratePcm arm64 /Users/vardy/dev/alanvardy-var-1014-lower-deployment-targets-from-ios-187watchos-265-to-the/DerivedData/SDKExplicitPrecompiledModules/_Builtin_stdatomic-BF6DSRNTRQGOWPBDX313NGL3L.pcm

SwiftExplicitDependencyGeneratePcm x86_64 /Users/vardy/dev/alanvardy-var-1014-lower-deployment-targets-from-ios-187watchos-265-to-the/DerivedData/SDKExplicitPrecompiledModules/Darwin-E7RM7RUL4CPZIXNXNQWWLUM11.pcm

SwiftExplicitDependencyGeneratePcm arm64 /Users/vardy/dev/alanvardy-var-1014-lower-deployment-targets-from-ios-187watchos-265-to-the/DerivedData/SDKExplicitPrecompiledModules/_Builtin_inttypes-5NMP2FP2GXITDK21C2B6SLYQM.pcm

SwiftExplicitDependencyGeneratePcm arm64 /Users/vardy/dev/alanvardy-var-1014-lower-deployment-targets-from-ios-187watchos-265-to-the/DerivedData/SDKExplicitPrecompiledModules/Darwin-B7P0AELDXVR579M7BKGU095AR.pcm

SwiftExplicitDependencyGeneratePcm arm64 /Users/vardy/dev/alanvardy-var-1014-lower-deployment-targets-from-ios-187watchos-265-to-the/DerivedData/SDKExplicitPrecompiledModules/_Builtin_inttypes-4RBI7223MAFP93ZPV3CQEN9C0.pcm

SwiftExplicitDependencyGeneratePcm arm64 /Users/vardy/dev/alanvardy-var-1014-lower-deployment-targets-from-ios-187watchos-265-to-the/DerivedData/SDKExplicitPrecompiledModules/Darwin-D34S31KLPJHOR0F6GF1MXD1SR.pcm

SwiftExplicitDependencyGeneratePcm arm64 /Users/vardy/dev/alanvardy-var-1014-lower-deployment-targets-from-ios-187watchos-265-to-the/DerivedData/SDKExplicitPrecompiledModules/simd-7126L97AWVU34IF0UAGSV7NLM.pcm

SwiftExplicitDependencyGeneratePcm arm64 /Users/vardy/dev/alanvardy-var-1014-lower-deployment-targets-from-ios-187watchos-265-to-the/DerivedData/SDKExplicitPrecompiledModules/simd-9CVBBI0RGS7IGB33HA2YCEVG5.pcm

SwiftExplicitDependencyGeneratePcm x86_64 /Users/vardy/dev/alanvardy-var-1014-lower-deployment-targets-from-ios-187watchos-265-to-the/DerivedData/SDKExplicitPrecompiledModules/ObjectiveC-380TLZWQ5MUXDQ6FDBYWJD0IQ.pcm

SwiftExplicitDependencyGeneratePcm x86_64 /Users/vardy/dev/alanvardy-var-1014-lower-deployment-targets-from-ios-187watchos-265-to-the/DerivedData/SDKExplicitPrecompiledModules/MachO-AI7GM99U7MANRJCVA7CF7DZ4U.pcm

SwiftDriverJobDiscovery normal arm64 Compiling AppearanceModePreference.swift, BoolPreferenceKey.swift, BoolPreferenceStore.swift, CodeSpanFormatter.swift (in target 'SingleThreadCore' from project 'SingleThreadCore')

SwiftExplicitDependencyGeneratePcm x86_64 /Users/vardy/dev/alanvardy-var-1014-lower-deployment-targets-from-ios-187watchos-265-to-the/DerivedData/SDKExplicitPrecompiledModules/simd-E6U2RXSJUE7OC0MEKAO7FSD7C.pcm

SwiftExplicitDependencyGeneratePcm arm64 /Users/vardy/dev/alanvardy-var-1014-lower-deployment-targets-from-ios-187watchos-265-to-the/DerivedData/SDKExplicitPrecompiledModules/ObjectiveC-1Z17FWZ8CXXJ6FWM3XJWGT53F.pcm

SwiftExplicitDependencyGeneratePcm arm64 /Users/vardy/dev/alanvardy-var-1014-lower-deployment-targets-from-ios-187watchos-265-to-the/DerivedData/SDKExplicitPrecompiledModules/MachO-1FU5SITASKAQ3C587NK4PYUWG.pcm

SwiftExplicitDependencyGeneratePcm x86_64 /Users/vardy/dev/alanvardy-var-1014-lower-deployment-targets-from-ios-187watchos-265-to-the/DerivedData/SDKExplicitPrecompiledModules/os_object-1YL842DGPK8JM0XZ2CIOOEVHK.pcm

SwiftDriverJobDiscovery normal arm64 Compiling EntitlementState.swift, EntitlementStore.swift, EventKitStoring.swift, EventStoreChangedObserver.swift (in target 'SingleThreadCore' from project 'SingleThreadCore')

SwiftDriver\ Compilation SingleThreadCore normal arm64 com.apple.xcode.tools.swift.compiler (in target 'SingleThreadCore' from project 'SingleThreadCore')
    cd /Users/vardy/dev/alanvardy-var-1014-lower-deployment-targets-from-ios-187watchos-265-to-the/SingleThread.xcodeproj
    builtin-Swift-Compilation -- /Applications/Xcode.app/Contents/Developer/Toolchains/XcodeDefault.xctoolchain/usr/bin/swiftc -parse-as-library -module-name SingleThreadCore -Onone @/Users/vardy/dev/alanvardy-var-1014-lower-deployment-targets-from-ios-187watchos-265-to-the/DerivedData/Build/Intermediates.noindex/SingleThreadCore.build/Debug-iphonesimulator/SingleThreadCore-t.build/Objects-normal/arm64/SingleThreadCore.SwiftFileList -DSWIFT_PACKAGE -DDEBUG -DSWIFT_MODULE_RESOURCE_BUNDLE_AVAILABLE -DXcode -plugin-path /Applications/Xcode.app/Contents/Developer/Toolchains/XcodeDefault.xctoolchain/usr/lib/swift/host/plugins/testing -enable-experimental-feature DebugDescriptionMacro -sdk /Applications/Xcode.app/Contents/Developer/Platforms/iPhoneSimulator.platform/Developer/SDKs/iPhoneSimulator27.0.sdk -target arm64-apple-ios17.0-simulator -g -module-cache-path /Users/vardy/dev/alanvardy-var-1014-lower-deployment-targets-from-ios-187watchos-265-to-the/DerivedData/ModuleCache.noindex -Xfrontend -serialize-debugging-options -profile-coverage-mapping -profile-generate -enable-testing -index-store-path /Users/vardy/dev/alanvardy-var-1014-lower-deployment-targets-from-ios-187watchos-265-to-the/DerivedData/Index.noindex/DataStore -Xcc -D_LIBCPP_HARDENING_MODE\=_LIBCPP_HARDENING_MODE_DEBUG -swift-version 6 -I /Users/vardy/dev/alanvardy-var-1014-lower-deployment-targets-from-ios-187watchos-265-to-the/DerivedData/Build/Products/Debug-iphonesimulator -Isystem /Applications/Xcode.app/Contents/Developer/Platforms/iPhoneSimulator.platform/Developer/usr/lib -F /Users/vardy/dev/alanvardy-var-1014-lower-deployment-targets-from-ios-187watchos-265-to-the/DerivedData/Build/Products/Debug-iphonesimulator -F /Applications/Xcode.app/Contents/Developer/Platforms/iPhoneSimulator.platform/Developer/Library/Frameworks -F /Applications/Xcode.app/Contents/Developer/Platforms/iPhoneSimulator.platform/Developer/SDKs/iPhoneSimulator27.0.sdk/Developer/Library/Frameworks -c -j12 -enable-batch-mode -incremental -Xcc -ivfsstatcache -Xcc /Users/vardy/dev/alanvardy-var-1014-lower-deployment-targets-from-ios-187watchos-265-to-the/DerivedData/SDKStatCaches.noindex/iphonesimulator27.0-24A430-8dc58220667be655e1bcc261a7455254.sdkstatcache -output-file-map /Users/vardy/dev/alanvardy-var-1014-lower-deployment-targets-from-ios-187watchos-265-to-the/DerivedData/Build/Intermediates.noindex/SingleThreadCore.build/Debug-iphonesimulator/SingleThreadCore-t.build/Objects-normal/arm64/SingleThreadCore-OutputFileMap.json -save-temps -no-color-diagnostics -explicit-module-build -module-cache-path /Users/vardy/dev/alanvardy-var-1014-lower-deployment-targets-from-ios-187watchos-265-to-the/DerivedData/Build/Intermediates.noindex/SwiftExplicitPrecompiledModules -clang-scanner-module-cache-path /Users/vardy/dev/alanvardy-var-1014-lower-deployment-targets-from-ios-187watchos-265-to-the/DerivedData/ModuleCache.noindex -sdk-module-cache-path /Users/vardy/dev/alanvardy-var-1014-lower-deployment-targets-from-ios-187watchos-265-to-the/DerivedData/SDKExplicitPrecompiledModules -emit-dependencies -emit-module -emit-module-path /Users/vardy/dev/alanvardy-var-1014-lower-deployment-targets-from-ios-187watchos-265-to-the/DerivedData/Build/Intermediates.noindex/SingleThreadCore.build/Debug-iphonesimulator/SingleThreadCore-t.build/Objects-normal/arm64/SingleThreadCore.swiftmodule -serialize-diagnostics -dependency-scan-serialize-diagnostics-path /Users/vardy/dev/alanvardy-var-1014-lower-deployment-targets-from-ios-187watchos-265-to-the/DerivedData/Build/Intermediates.noindex/SingleThreadCore.build/Debug-iphonesimulator/SingleThreadCore-t.build/Objects-normal/arm64/SingleThreadCore-dependency-scan.dia -validate-clang-modules-once -clang-build-session-file /Users/vardy/dev/alanvardy-var-1014-lower-deployment-targets-from-ios-187watchos-265-to-the/DerivedData/ModuleCache.noindex/Session.modulevalidation -Xcc -fmodules-prune-interval\=86400 -Xcc -fmodules-prune-after\=345600 -package-name singlethreadcore -emit-const-values -const-gather-protocols-list /Users/vardy/dev/alanvardy-var-1014-lower-deployment-targets-from-ios-187watchos-265-to-the/DerivedData/Build/Intermediates.noindex/SingleThreadCore.build/Debug-iphonesimulator/SingleThreadCore-t.build/Objects-normal/arm64/SingleThreadCore_const_extract_protocols.json -Xcc -I/Users/vardy/dev/alanvardy-var-1014-lower-deployment-targets-from-ios-187watchos-265-to-the/DerivedData/Build/Products/Debug-iphonesimulator/include -Xcc -I/Users/vardy/dev/alanvardy-var-1014-lower-deployment-targets-from-ios-187watchos-265-to-the/DerivedData/Build/Intermediates.noindex/SingleThreadCore.build/Debug-iphonesimulator/SingleThreadCore-t.build/DerivedSources-normal/arm64 -Xcc -I/Users/vardy/dev/alanvardy-var-1014-lower-deployment-targets-from-ios-187watchos-265-to-the/DerivedData/Build/Intermediates.noindex/SingleThreadCore.build/Debug-iphonesimulator/SingleThreadCore-t.build/DerivedSources/arm64 -Xcc -I/Users/vardy/dev/alanvardy-var-1014-lower-deployment-targets-from-ios-187watchos-265-to-the/DerivedData/Build/Intermediates.noindex/SingleThreadCore.build/Debug-iphonesimulator/SingleThreadCore-t.build/DerivedSources -Xcc -DSWIFT_PACKAGE -Xcc -DDEBUG\=1 -emit-objc-header -emit-objc-header-path /Users/vardy/dev/alanvardy-var-1014-lower-deployment-targets-from-ios-187watchos-265-to-the/DerivedData/Build/Intermediates.noindex/SingleThreadCore.build/Debug-iphonesimulator/SingleThreadCore-t.build/Objects-normal/arm64/SingleThreadCore-Swift.h -working-directory /Users/vardy/dev/alanvardy-var-1014-lower-deployment-targets-from-ios-187watchos-265-to-the/SingleThread.xcodeproj -experimental-emit-module-separately -disable-cmo

Ld /Users/vardy/dev/alanvardy-var-1014-lower-deployment-targets-from-ios-187watchos-265-to-the/DerivedData/Build/Products/Debug-iphonesimulator/SingleThreadCore.o normal (in target 'SingleThreadCore' from project 'SingleThreadCore')
    cd /Users/vardy/dev/alanvardy-var-1014-lower-deployment-targets-from-ios-187watchos-265-to-the/SingleThreadCore
    /Applications/Xcode.app/Contents/Developer/Toolchains/XcodeDefault.xctoolchain/usr/bin/clang -Xlinker -reproducible -target arm64-apple-ios17.0-simulator -r -isysroot /Applications/Xcode.app/Contents/Developer/Platforms/iPhoneSimulator.platform/Developer/SDKs/iPhoneSimulator27.0.sdk -O0 -Xlinker -no_warn_duplicate_libraries -F/Users/vardy/dev/alanvardy-var-1014-lower-deployment-targets-from-ios-187watchos-265-to-the/DerivedData/Build/Intermediates.noindex/EagerLinkingTBDs/Debug-iphonesimulator -F/Users/vardy/dev/alanvardy-var-1014-lower-deployment-targets-from-ios-187watchos-265-to-the/DerivedData/Build/Products/Debug-iphonesimulator -iframework /Applications/Xcode.app/Contents/Developer/Platforms/iPhoneSimulator.platform/Developer/Library/Frameworks -iframework /Applications/Xcode.app/Contents/Developer/Platforms/iPhoneSimulator.platform/Developer/SDKs/iPhoneSimulator27.0.sdk/Developer/Library/Frameworks -filelist /Users/vardy/dev/alanvardy-var-1014-lower-deployment-targets-from-ios-187watchos-265-to-the/DerivedData/Build/Intermediates.noindex/SingleThreadCore.build/Debug-iphonesimulator/SingleThreadCore-t.build/Objects-normal/arm64/SingleThreadCore.LinkFileList -nostdlib -Xlinker -object_path_lto -Xlinker /Users/vardy/dev/alanvardy-var-1014-lower-deployment-targets-from-ios-187watchos-265-to-the/DerivedData/Build/Intermediates.noindex/SingleThreadCore.build/Debug-iphonesimulator/SingleThreadCore-t.build/Objects-normal/arm64/SingleThreadCore_lto.o -Xlinker -no_deduplicate -Xlinker -objc_abi_version -Xlinker 2 -Xlinker -debug_variant -Xlinker -dependency_info -Xlinker /Users/vardy/dev/alanvardy-var-1014-lower-deployment-targets-from-ios-187watchos-265-to-the/DerivedData/Build/Intermediates.noindex/SingleThreadCore.build/Debug-iphonesimulator/SingleThreadCore-t.build/Objects-normal/arm64/SingleThreadCore_dependency_info.dat -fobjc-link-runtime -L/Applications/Xcode.app/Contents/Developer/Toolchains/XcodeDefault.xctoolchain/usr/lib/swift/iphonesimulator -L/usr/lib/swift -Xlinker -add_ast_path -Xlinker /Users/vardy/dev/alanvardy-var-1014-lower-deployment-targets-from-ios-187watchos-265-to-the/DerivedData/Build/Intermediates.noindex/SingleThreadCore.build/Debug-iphonesimulator/SingleThreadCore-t.build/Objects-normal/arm64/SingleThreadCore.swiftmodule -o /Users/vardy/dev/alanvardy-var-1014-lower-deployment-targets-from-ios-187watchos-265-to-the/DerivedData/Build/Products/Debug-iphonesimulator/SingleThreadCore.o

SwiftExplicitDependencyGeneratePcm x86_64 /Users/vardy/dev/alanvardy-var-1014-lower-deployment-targets-from-ios-187watchos-265-to-the/DerivedData/SDKExplicitPrecompiledModules/os_workgroup-2EWA67PGP34L0NEBQP8AHPMCD.pcm

ExtractAppIntentsMetadata (in target 'SingleThreadCore' from project 'SingleThreadCore')
    cd /Users/vardy/dev/alanvardy-var-1014-lower-deployment-targets-from-ios-187watchos-265-to-the/SingleThreadCore
    /Applications/Xcode.app/Contents/Developer/Toolchains/XcodeDefault.xctoolchain/usr/bin/appintentsmetadataprocessor --toolchain-dir /Applications/Xcode.app/Contents/Developer/Toolchains/XcodeDefault.xctoolchain --module-name SingleThreadCore --sdk-root /Applications/Xcode.app/Contents/Developer/Platforms/iPhoneSimulator.platform/Developer/SDKs/iPhoneSimulator27.0.sdk --xcode-version 27A266a --platform-family iOS --deployment-target 17.0 --bundle-identifier singlethreadcore.SingleThreadCore --output /Users/vardy/dev/alanvardy-var-1014-lower-deployment-targets-from-ios-187watchos-265-to-the/DerivedData/Build/Products/Debug-iphonesimulator/SingleThreadCore.appintents --target-triple arm64-apple-ios17.0-simulator --binary-file /Users/vardy/dev/alanvardy-var-1014-lower-deployment-targets-from-ios-187watchos-265-to-the/DerivedData/Build/Products/Debug-iphonesimulator/SingleThreadCore.o --dependency-file /Users/vardy/dev/alanvardy-var-1014-lower-deployment-targets-from-ios-187watchos-265-to-the/DerivedData/Build/Intermediates.noindex/SingleThreadCore.build/Debug-iphonesimulator/SingleThreadCore-t.build/Objects-normal/arm64/SingleThreadCore_dependency_info.dat --stringsdata-file /Users/vardy/dev/alanvardy-var-1014-lower-deployment-targets-from-ios-187watchos-265-to-the/DerivedData/Build/Intermediates.noindex/SingleThreadCore.build/Debug-iphonesimulator/SingleThreadCore-t.build/Objects-normal/arm64/ExtractedAppShortcutsMetadata.stringsdata --source-file-list /Users/vardy/dev/alanvardy-var-1014-lower-deployment-targets-from-ios-187watchos-265-to-the/DerivedData/Build/Intermediates.noindex/SingleThreadCore.build/Debug-iphonesimulator/SingleThreadCore-t.build/Objects-normal/arm64/SingleThreadCore.SwiftFileList --metadata-file-list /Users/vardy/dev/alanvardy-var-1014-lower-deployment-targets-from-ios-187watchos-265-to-the/DerivedData/Build/Intermediates.noindex/SingleThreadCore.build/Debug-iphonesimulator/SingleThreadCore-t.build/SingleThreadCore.DependencyMetadataFileList --static-metadata-file-list /Users/vardy/dev/alanvardy-var-1014-lower-deployment-targets-from-ios-187watchos-265-to-the/DerivedData/Build/Intermediates.noindex/SingleThreadCore.build/Debug-iphonesimulator/SingleThreadCore-t.build/SingleThreadCore.DependencyStaticMetadataFileList --swift-const-vals-list /Users/vardy/dev/alanvardy-var-1014-lower-deployment-targets-from-ios-187watchos-265-to-the/DerivedData/Build/Intermediates.noindex/SingleThreadCore.build/Debug-iphonesimulator/SingleThreadCore-t.build/Objects-normal/arm64/SingleThreadCore.SwiftConstValuesFileList --force --compile-time-extraction --deployment-aware-processing --no-app-shortcuts-localization
2026-09-15 19:20:28.076 appintentsmetadataprocessor[31707:15831531] Starting appintentsmetadataprocessor export
2026-09-15 19:20:28.148 appintentsmetadataprocessor[31707:15831531] Writing Metadata.appintents
2026-09-15 19:20:28.148 appintentsmetadataprocessor[31707:15831531] Metadata root: /Users/vardy/dev/alanvardy-var-1014-lower-deployment-targets-from-ios-187watchos-265-to-the/DerivedData/Build/Products/Debug-iphonesimulator/SingleThreadCore.appintents/Metadata.appintents

SwiftExplicitDependencyGeneratePcm arm64 /Users/vardy/dev/alanvardy-var-1014-lower-deployment-targets-from-ios-187watchos-265-to-the/DerivedData/SDKExplicitPrecompiledModules/os_object-9HFTXBJLDEE5WFH3MTKBBK8TA.pcm

SwiftExplicitDependencyGeneratePcm arm64 /Users/vardy/dev/alanvardy-var-1014-lower-deployment-targets-from-ios-187watchos-265-to-the/DerivedData/SDKExplicitPrecompiledModules/ObjectiveC-BZ9U1TYAG59HZOMCGWVNTTQRW.pcm

SwiftExplicitDependencyGeneratePcm arm64 /Users/vardy/dev/alanvardy-var-1014-lower-deployment-targets-from-ios-187watchos-265-to-the/DerivedData/SDKExplicitPrecompiledModules/MachO-3YTIOM0YBONY9EFWG5S6LNRWV.pcm

SwiftExplicitDependencyGeneratePcm x86_64 /Users/vardy/dev/alanvardy-var-1014-lower-deployment-targets-from-ios-187watchos-265-to-the/DerivedData/SDKExplicitPrecompiledModules/Dispatch-8R52DXEMDHK5XVUQXF2RI070Q.pcm

SwiftExplicitDependencyGeneratePcm arm64 /Users/vardy/dev/alanvardy-var-1014-lower-deployment-targets-from-ios-187watchos-265-to-the/DerivedData/SDKExplicitPrecompiledModules/os_workgroup-6WQNLKLQK8HAY8ZJT8B45R3NH.pcm

ProcessInfoPlistFile /Users/vardy/dev/alanvardy-var-1014-lower-deployment-targets-from-ios-187watchos-265-to-the/DerivedData/Build/Products/Debug-iphonesimulator/PackageFrameworks/SingleThreadCore_38C46E065536DF53_PackageProduct.framework/Info.plist /Users/vardy/dev/alanvardy-var-1014-lower-deployment-targets-from-ios-187watchos-265-to-the/DerivedData/Build/Intermediates.noindex/SingleThreadCore.build/Debug-iphonesimulator/SingleThreadCore-product-t.build/empty-SingleThreadCore_38C46E065536DF53_PackageProduct.plist (in target 'SingleThreadCoredynamic-product' from project 'SingleThreadCore')
    cd /Users/vardy/dev/alanvardy-var-1014-lower-deployment-targets-from-ios-187watchos-265-to-the/SingleThreadCore
    builtin-infoPlistUtility /Users/vardy/dev/alanvardy-var-1014-lower-deployment-targets-from-ios-187watchos-265-to-the/DerivedData/Build/Intermediates.noindex/SingleThreadCore.build/Debug-iphonesimulator/SingleThreadCore-product-t.build/empty-SingleThreadCore_38C46E065536DF53_PackageProduct.plist -producttype com.apple.product-type.framework -expandbuildsettings -format binary -platform iphonesimulator -o /Users/vardy/dev/alanvardy-var-1014-lower-deployment-targets-from-ios-187watchos-265-to-the/DerivedData/Build/Products/Debug-iphonesimulator/PackageFrameworks/SingleThreadCore_38C46E065536DF53_PackageProduct.framework/Info.plist

CpResource /Users/vardy/dev/alanvardy-var-1014-lower-deployment-targets-from-ios-187watchos-265-to-the/DerivedData/Build/Products/Debug-iphonesimulator/PackageFrameworks/SingleThreadCore_38C46E065536DF53_PackageProduct.framework/SingleThreadCore_SingleThreadCore.bundle /Users/vardy/dev/alanvardy-var-1014-lower-deployment-targets-from-ios-187watchos-265-to-the/DerivedData/Build/Products/Debug-iphonesimulator/SingleThreadCore_SingleThreadCore.bundle (in target 'SingleThreadCoredynamic-product' from project 'SingleThreadCore')
    cd /Users/vardy/dev/alanvardy-var-1014-lower-deployment-targets-from-ios-187watchos-265-to-the/SingleThreadCore
    builtin-copy -exclude .DS_Store -exclude CVS -exclude .svn -exclude .git -exclude .hg -resolve-src-symlinks /Users/vardy/dev/alanvardy-var-1014-lower-deployment-targets-from-ios-187watchos-265-to-the/DerivedData/Build/Products/Debug-iphonesimulator/SingleThreadCore_SingleThreadCore.bundle /Users/vardy/dev/alanvardy-var-1014-lower-deployment-targets-from-ios-187watchos-265-to-the/DerivedData/Build/Products/Debug-iphonesimulator/PackageFrameworks/SingleThreadCore_38C46E065536DF53_PackageProduct.framework

Ld /Users/vardy/dev/alanvardy-var-1014-lower-deployment-targets-from-ios-187watchos-265-to-the/DerivedData/Build/Products/Debug-iphonesimulator/PackageFrameworks/SingleThreadCore_38C46E065536DF53_PackageProduct.framework/SingleThreadCore_38C46E065536DF53_PackageProduct normal (in target 'SingleThreadCoredynamic-product' from project 'SingleThreadCore')
    cd /Users/vardy/dev/alanvardy-var-1014-lower-deployment-targets-from-ios-187watchos-265-to-the/SingleThreadCore
    /Applications/Xcode.app/Contents/Developer/Toolchains/XcodeDefault.xctoolchain/usr/bin/swiftc -Xlinker -reproducible -target arm64-apple-ios17.0-simulator -emit-library -sdk /Applications/Xcode.app/Contents/Developer/Platforms/iPhoneSimulator.platform/Developer/SDKs/iPhoneSimulator27.0.sdk -Xlinker -no_warn_duplicate_libraries -L/Users/vardy/dev/alanvardy-var-1014-lower-deployment-targets-from-ios-187watchos-265-to-the/DerivedData/Build/Intermediates.noindex/EagerLinkingTBDs/Debug-iphonesimulator -L/Users/vardy/dev/alanvardy-var-1014-lower-deployment-targets-from-ios-187watchos-265-to-the/DerivedData/Build/Products/Debug-iphonesimulator -L/Applications/Xcode.app/Contents/Developer/Platforms/iPhoneSimulator.platform/Developer/usr/lib -F/Users/vardy/dev/alanvardy-var-1014-lower-deployment-targets-from-ios-187watchos-265-to-the/DerivedData/Build/Intermediates.noindex/EagerLinkingTBDs/Debug-iphonesimulator -F/Users/vardy/dev/alanvardy-var-1014-lower-deployment-targets-from-ios-187watchos-265-to-the/DerivedData/Build/Products/Debug-iphonesimulator/PackageFrameworks -F/Users/vardy/dev/alanvardy-var-1014-lower-deployment-targets-from-ios-187watchos-265-to-the/DerivedData/Build/Products/Debug-iphonesimulator -Fsystem /Applications/Xcode.app/Contents/Developer/Platforms/iPhoneSimulator.platform/Developer/Library/Frameworks -Fsystem /Applications/Xcode.app/Contents/Developer/Platforms/iPhoneSimulator.platform/Developer/SDKs/iPhoneSimulator27.0.sdk/Developer/Library/Frameworks @/Users/vardy/dev/alanvardy-var-1014-lower-deployment-targets-from-ios-187watchos-265-to-the/DerivedData/Build/Intermediates.noindex/SingleThreadCore.build/Debug-iphonesimulator/SingleThreadCore-product-t.build/Objects-normal/arm64/SingleThreadCore_38C46E065536DF53_PackageProduct.LinkFileList -Xclang-linker -install_name -Xclang-linker @rpath/SingleThreadCore_38C46E065536DF53_PackageProduct.framework/SingleThreadCore_38C46E065536DF53_PackageProduct -Xlinker -rpath -Xlinker /usr/lib/swift -Xlinker -rpath -Xlinker @loader_path -Xlinker -rpath -Xlinker /Users/vardy/dev/alanvardy-var-1014-lower-deployment-targets-from-ios-187watchos-265-to-the/DerivedData/Build/Products/Debug-iphonesimulator/PackageFrameworks -Xlinker -dead_strip -Xlinker -object_path_lto -Xlinker /Users/vardy/dev/alanvardy-var-1014-lower-deployment-targets-from-ios-187watchos-265-to-the/DerivedData/Build/Intermediates.noindex/SingleThreadCore.build/Debug-iphonesimulator/SingleThreadCore-product-t.build/Objects-normal/arm64/SingleThreadCore_38C46E065536DF53_PackageProduct_lto.o -Xclang-linker -rdynamic -Xlinker -no_deduplicate -Xlinker -objc_abi_version -Xlinker 2 -Xlinker -debug_variant -Xlinker -dependency_info -Xlinker /Users/vardy/dev/alanvardy-var-1014-lower-deployment-targets-from-ios-187watchos-265-to-the/DerivedData/Build/Intermediates.noindex/SingleThreadCore.build/Debug-iphonesimulator/SingleThreadCore-product-t.build/Objects-normal/arm64/SingleThreadCore_38C46E065536DF53_PackageProduct_dependency_info.dat -link-objc-runtime -profile-generate -L/Applications/Xcode.app/Contents/Developer/Toolchains/XcodeDefault.xctoolchain/usr/lib/swift/iphonesimulator -L/usr/lib/swift -o /Users/vardy/dev/alanvardy-var-1014-lower-deployment-targets-from-ios-187watchos-265-to-the/DerivedData/Build/Products/Debug-iphonesimulator/PackageFrameworks/SingleThreadCore_38C46E065536DF53_PackageProduct.framework/SingleThreadCore_38C46E065536DF53_PackageProduct -no-stdlib-rpath

SwiftExplicitDependencyGeneratePcm arm64 /Users/vardy/dev/alanvardy-var-1014-lower-deployment-targets-from-ios-187watchos-265-to-the/DerivedData/SDKExplicitPrecompiledModules/os_object-3JUL8DIXXWZ1BMXHYF5ATRJOA.pcm

SwiftExplicitDependencyGeneratePcm x86_64 /Users/vardy/dev/alanvardy-var-1014-lower-deployment-targets-from-ios-187watchos-265-to-the/DerivedData/SDKExplicitPrecompiledModules/XPC-B6MTV2QV5A9EHAOTYL4YA87H5.pcm

SwiftExplicitDependencyGeneratePcm x86_64 /Users/vardy/dev/alanvardy-var-1014-lower-deployment-targets-from-ios-187watchos-265-to-the/DerivedData/SDKExplicitPrecompiledModules/dnssd-2C7OZ8T4286WFYF3AZYCAKZTG.pcm

SwiftExplicitDependencyGeneratePcm x86_64 /Users/vardy/dev/alanvardy-var-1014-lower-deployment-targets-from-ios-187watchos-265-to-the/DerivedData/SDKExplicitPrecompiledModules/CoreFoundation-7YVJB576DBGPZSSVTM360SNJR.pcm

SwiftExplicitDependencyGeneratePcm arm64 /Users/vardy/dev/alanvardy-var-1014-lower-deployment-targets-from-ios-187watchos-265-to-the/DerivedData/SDKExplicitPrecompiledModules/Spatial-20TU7GDYFL0L9R2APJBR9ARZ6.pcm

SwiftExplicitDependencyGeneratePcm arm64 /Users/vardy/dev/alanvardy-var-1014-lower-deployment-targets-from-ios-187watchos-265-to-the/DerivedData/SDKExplicitPrecompiledModules/Dispatch-4GU6MYIHPOI2JKK0TJCTH8MJG.pcm

SwiftExplicitDependencyGeneratePcm arm64 /Users/vardy/dev/alanvardy-var-1014-lower-deployment-targets-from-ios-187watchos-265-to-the/DerivedData/SDKExplicitPrecompiledModules/os_workgroup-B64XD8LEGSI46FR6UTRQXZQIT.pcm

SwiftExplicitDependencyGeneratePcm x86_64 /Users/vardy/dev/alanvardy-var-1014-lower-deployment-targets-from-ios-187watchos-265-to-the/DerivedData/SDKExplicitPrecompiledModules/os-9PPHN4DIY4UBC9FEPFGYI6STI.pcm

SwiftExplicitDependencyGeneratePcm arm64 /Users/vardy/dev/alanvardy-var-1014-lower-deployment-targets-from-ios-187watchos-265-to-the/DerivedData/SDKExplicitPrecompiledModules/Spatial-ANEA46L5L8S6YZ8FB30H8QSGD.pcm

SwiftExplicitDependencyGeneratePcm arm64 /Users/vardy/dev/alanvardy-var-1014-lower-deployment-targets-from-ios-187watchos-265-to-the/DerivedData/SDKExplicitPrecompiledModules/XPC-CYEBL86K5UMOBVAAPZT17V1M0.pcm

SwiftExplicitDependencyGeneratePcm arm64 /Users/vardy/dev/alanvardy-var-1014-lower-deployment-targets-from-ios-187watchos-265-to-the/DerivedData/SDKExplicitPrecompiledModules/CoreFoundation-8FBLUHOGW2JBBAB45PWAPM03R.pcm

SwiftExplicitDependencyGeneratePcm arm64 /Users/vardy/dev/alanvardy-var-1014-lower-deployment-targets-from-ios-187watchos-265-to-the/DerivedData/SDKExplicitPrecompiledModules/dnssd-E1B7BR1WLOZ9RRGGP2TFPJPBP.pcm

SwiftExplicitDependencyGeneratePcm arm64 /Users/vardy/dev/alanvardy-var-1014-lower-deployment-targets-from-ios-187watchos-265-to-the/DerivedData/SDKExplicitPrecompiledModules/Dispatch-C9BH5XXHHNA6ETJ583LDZRJ76.pcm

SwiftExplicitDependencyGeneratePcm x86_64 /Users/vardy/dev/alanvardy-var-1014-lower-deployment-targets-from-ios-187watchos-265-to-the/DerivedData/SDKExplicitPrecompiledModules/CoreGraphics-67L072FKL7VHVGGOYB6Z27B9O.pcm

SwiftExplicitDependencyGeneratePcm x86_64 /Users/vardy/dev/alanvardy-var-1014-lower-deployment-targets-from-ios-187watchos-265-to-the/DerivedData/SDKExplicitPrecompiledModules/Security-48NAH7XI7NVP6ZMLLMGKN0J0.pcm

SwiftExplicitDependencyGeneratePcm x86_64 /Users/vardy/dev/alanvardy-var-1014-lower-deployment-targets-from-ios-187watchos-265-to-the/DerivedData/SDKExplicitPrecompiledModules/CoreAudioTypes-725YKQNSKDDNS9V115NIE5ABA.pcm

SwiftExplicitDependencyGeneratePcm x86_64 /Users/vardy/dev/alanvardy-var-1014-lower-deployment-targets-from-ios-187watchos-265-to-the/DerivedData/SDKExplicitPrecompiledModules/Spatial-AMV7AP3JILBNPRQZ77T7FU5BY.pcm

SwiftExplicitDependencyGeneratePcm arm64 /Users/vardy/dev/alanvardy-var-1014-lower-deployment-targets-from-ios-187watchos-265-to-the/DerivedData/SDKExplicitPrecompiledModules/os-1IZKB9K0P1O8WQ7IMOKPHG1OE.pcm

SwiftExplicitDependencyGeneratePcm arm64 /Users/vardy/dev/alanvardy-var-1014-lower-deployment-targets-from-ios-187watchos-265-to-the/DerivedData/SDKExplicitPrecompiledModules/CoreFoundation-3Z1W4ISW99RIB4ZNOOQGCINM7.pcm

SwiftExplicitDependencyGeneratePcm arm64 /Users/vardy/dev/alanvardy-var-1014-lower-deployment-targets-from-ios-187watchos-265-to-the/DerivedData/SDKExplicitPrecompiledModules/XPC-5FPFL7Z02Y5WMLHO5LP93GIY9.pcm

SwiftExplicitDependencyGeneratePcm arm64 /Users/vardy/dev/alanvardy-var-1014-lower-deployment-targets-from-ios-187watchos-265-to-the/DerivedData/SDKExplicitPrecompiledModules/dnssd-9493FE2WCHYGYXTDWG8RIPPUA.pcm

SwiftExplicitDependencyGeneratePcm arm64 /Users/vardy/dev/alanvardy-var-1014-lower-deployment-targets-from-ios-187watchos-265-to-the/DerivedData/SDKExplicitPrecompiledModules/Security-9WI3K1VU5FOUBICQ1T4WZL2LB.pcm

SwiftExplicitDependencyGeneratePcm arm64 /Users/vardy/dev/alanvardy-var-1014-lower-deployment-targets-from-ios-187watchos-265-to-the/DerivedData/SDKExplicitPrecompiledModules/AddressBook-5A2VSMJMCZXFC77OWYQ34NR6H.pcm

SwiftExplicitDependencyGeneratePcm arm64 /Users/vardy/dev/alanvardy-var-1014-lower-deployment-targets-from-ios-187watchos-265-to-the/DerivedData/SDKExplicitPrecompiledModules/CFNetwork-COIPO6Q59O1NHXY81LLDTSUDG.pcm

SwiftExplicitDependencyGeneratePcm x86_64 /Users/vardy/dev/alanvardy-var-1014-lower-deployment-targets-from-ios-187watchos-265-to-the/DerivedData/SDKExplicitPrecompiledModules/CoreAudio-7NKYRX58HT97Q7N6E9A1DK9V1.pcm

SwiftExplicitDependencyGeneratePcm x86_64 /Users/vardy/dev/alanvardy-var-1014-lower-deployment-targets-from-ios-187watchos-265-to-the/DerivedData/SDKExplicitPrecompiledModules/Foundation-3M6UNCV11VGLHRB7D1I80R90Q.pcm

SwiftExplicitDependencyGeneratePcm x86_64 /Users/vardy/dev/alanvardy-var-1014-lower-deployment-targets-from-ios-187watchos-265-to-the/DerivedData/SDKExplicitPrecompiledModules/CoreVideo-BP2H1A3CJG00H7EPHGLFGRO7Z.pcm

SwiftExplicitDependencyGeneratePcm x86_64 /Users/vardy/dev/alanvardy-var-1014-lower-deployment-targets-from-ios-187watchos-265-to-the/DerivedData/SDKExplicitPrecompiledModules/CoreText-3UG4GB0H065KCE38WV21J5Q5V.pcm

SwiftExplicitDependencyGeneratePcm x86_64 /Users/vardy/dev/alanvardy-var-1014-lower-deployment-targets-from-ios-187watchos-265-to-the/DerivedData/SDKExplicitPrecompiledModules/ImageIO-8I2IM0KYQ3QA8T9RMKFG0TWJ3.pcm

SwiftExplicitDependencyGeneratePcm arm64 /Users/vardy/dev/alanvardy-var-1014-lower-deployment-targets-from-ios-187watchos-265-to-the/DerivedData/SDKExplicitPrecompiledModules/CoreAudioTypes-803Y05UVA7RVJ2TERVA47SU7N.pcm

SwiftExplicitDependencyGeneratePcm arm64 /Users/vardy/dev/alanvardy-var-1014-lower-deployment-targets-from-ios-187watchos-265-to-the/DerivedData/SDKExplicitPrecompiledModules/CoreGraphics-6NQ3BCAWEG223MYVN14ZDEEHH.pcm

SwiftExplicitDependencyGeneratePcm arm64 /Users/vardy/dev/alanvardy-var-1014-lower-deployment-targets-from-ios-187watchos-265-to-the/DerivedData/SDKExplicitPrecompiledModules/os-ARM6UJLPU42JI4KMX05GWGNOK.pcm

SwiftExplicitDependencyGeneratePcm x86_64 /Users/vardy/dev/alanvardy-var-1014-lower-deployment-targets-from-ios-187watchos-265-to-the/DerivedData/SDKExplicitPrecompiledModules/CoreMedia-6UU2T7G1M7KKPTU6Y80BQB6EX.pcm

SwiftExplicitDependencyGeneratePcm arm64 /Users/vardy/dev/alanvardy-var-1014-lower-deployment-targets-from-ios-187watchos-265-to-the/DerivedData/SDKExplicitPrecompiledModules/Foundation-C7XVPUGOAX41I8NMR5VVIKPQB.pcm

SwiftExplicitDependencyGeneratePcm arm64 /Users/vardy/dev/alanvardy-var-1014-lower-deployment-targets-from-ios-187watchos-265-to-the/DerivedData/SDKExplicitPrecompiledModules/CoreAudio-2O1IXRRRKA54V6HRBVNYM5C1A.pcm

SwiftExplicitDependencyGeneratePcm arm64 /Users/vardy/dev/alanvardy-var-1014-lower-deployment-targets-from-ios-187watchos-265-to-the/DerivedData/SDKExplicitPrecompiledModules/CoreGraphics-92ZQYRC697YJ5JT7324VO0LZH.pcm

SwiftExplicitDependencyGeneratePcm arm64 /Users/vardy/dev/alanvardy-var-1014-lower-deployment-targets-from-ios-187watchos-265-to-the/DerivedData/SDKExplicitPrecompiledModules/Security-E0QL1HE40K4E6I9U6B63G7GGA.pcm

SwiftExplicitDependencyGeneratePcm arm64 /Users/vardy/dev/alanvardy-var-1014-lower-deployment-targets-from-ios-187watchos-265-to-the/DerivedData/SDKExplicitPrecompiledModules/CoreAudioTypes-ETA6DVB2881YK4C7WICNNLGP.pcm

SwiftExplicitDependencyGeneratePcm arm64 /Users/vardy/dev/alanvardy-var-1014-lower-deployment-targets-from-ios-187watchos-265-to-the/DerivedData/SDKExplicitPrecompiledModules/CoreText-3A1MDHOAIU2HKJ8YW1D5UPBGF.pcm

SwiftExplicitDependencyGeneratePcm arm64 /Users/vardy/dev/alanvardy-var-1014-lower-deployment-targets-from-ios-187watchos-265-to-the/DerivedData/SDKExplicitPrecompiledModules/ImageIO-EER8TRV6967VZCGS0FY41FC73.pcm

GenerateTAPI /Users/vardy/dev/alanvardy-var-1014-lower-deployment-targets-from-ios-187watchos-265-to-the/DerivedData/Build/Intermediates.noindex/EagerLinkingTBDs/Debug-iphonesimulator/SingleThreadCore_38C46E065536DF53_PackageProduct.framework/SingleThreadCore_38C46E065536DF53_PackageProduct.tbd (in target 'SingleThreadCoredynamic-product' from project 'SingleThreadCore')
    cd /Users/vardy/dev/alanvardy-var-1014-lower-deployment-targets-from-ios-187watchos-265-to-the/SingleThreadCore
    /Applications/Xcode.app/Contents/Developer/Toolchains/XcodeDefault.xctoolchain/usr/bin/tapi stubify -isysroot /Applications/Xcode.app/Contents/Developer/Platforms/iPhoneSimulator.platform/Developer/SDKs/iPhoneSimulator27.0.sdk -F/Users/vardy/dev/alanvardy-var-1014-lower-deployment-targets-from-ios-187watchos-265-to-the/DerivedData/Build/Products/Debug-iphonesimulator/PackageFrameworks -F/Users/vardy/dev/alanvardy-var-1014-lower-deployment-targets-from-ios-187watchos-265-to-the/DerivedData/Build/Products/Debug-iphonesimulator -iframework /Applications/Xcode.app/Contents/Developer/Platforms/iPhoneSimulator.platform/Developer/Library/Frameworks -iframework /Applications/Xcode.app/Contents/Developer/Platforms/iPhoneSimulator.platform/Developer/SDKs/iPhoneSimulator27.0.sdk/Developer/Library/Frameworks -L/Users/vardy/dev/alanvardy-var-1014-lower-deployment-targets-from-ios-187watchos-265-to-the/DerivedData/Build/Products/Debug-iphonesimulator -L/Applications/Xcode.app/Contents/Developer/Platforms/iPhoneSimulator.platform/Developer/usr/lib /Users/vardy/dev/alanvardy-var-1014-lower-deployment-targets-from-ios-187watchos-265-to-the/DerivedData/Build/Products/Debug-iphonesimulator/PackageFrameworks/SingleThreadCore_38C46E065536DF53_PackageProduct.framework/SingleThreadCore_38C46E065536DF53_PackageProduct -o /Users/vardy/dev/alanvardy-var-1014-lower-deployment-targets-from-ios-187watchos-265-to-the/DerivedData/Build/Intermediates.noindex/EagerLinkingTBDs/Debug-iphonesimulator/SingleThreadCore_38C46E065536DF53_PackageProduct.framework/SingleThreadCore_38C46E065536DF53_PackageProduct.tbd

RegisterExecutionPolicyException /Users/vardy/dev/alanvardy-var-1014-lower-deployment-targets-from-ios-187watchos-265-to-the/DerivedData/Build/Products/Debug-iphonesimulator/PackageFrameworks/SingleThreadCore_38C46E065536DF53_PackageProduct.framework (in target 'SingleThreadCoredynamic-product' from project 'SingleThreadCore')
    cd /Users/vardy/dev/alanvardy-var-1014-lower-deployment-targets-from-ios-187watchos-265-to-the/SingleThreadCore
    builtin-RegisterExecutionPolicyException /Users/vardy/dev/alanvardy-var-1014-lower-deployment-targets-from-ios-187watchos-265-to-the/DerivedData/Build/Products/Debug-iphonesimulator/PackageFrameworks/SingleThreadCore_38C46E065536DF53_PackageProduct.framework

Touch /Users/vardy/dev/alanvardy-var-1014-lower-deployment-targets-from-ios-187watchos-265-to-the/DerivedData/Build/Products/Debug-iphonesimulator/PackageFrameworks/SingleThreadCore_38C46E065536DF53_PackageProduct.framework (in target 'SingleThreadCoredynamic-product' from project 'SingleThreadCore')
    cd /Users/vardy/dev/alanvardy-var-1014-lower-deployment-targets-from-ios-187watchos-265-to-the/SingleThreadCore
    /usr/bin/touch -c /Users/vardy/dev/alanvardy-var-1014-lower-deployment-targets-from-ios-187watchos-265-to-the/DerivedData/Build/Products/Debug-iphonesimulator/PackageFrameworks/SingleThreadCore_38C46E065536DF53_PackageProduct.framework

CopyStringsFile /Users/vardy/dev/alanvardy-var-1014-lower-deployment-targets-from-ios-187watchos-265-to-the/DerivedData/Build/Products/Debug-iphonesimulator/SingleThreadWidget.appex/zh-Hans.lproj/InfoPlist.strings /Users/vardy/dev/alanvardy-var-1014-lower-deployment-targets-from-ios-187watchos-265-to-the/SingleThreadWidget/zh-Hans.lproj/InfoPlist.strings (in target 'SingleThreadWidget' from project 'SingleThread')
    cd /Users/vardy/dev/alanvardy-var-1014-lower-deployment-targets-from-ios-187watchos-265-to-the
    builtin-copyStrings --validate --outputencoding binary --outfilename InfoPlist.strings --outdir /Users/vardy/dev/alanvardy-var-1014-lower-deployment-targets-from-ios-187watchos-265-to-the/DerivedData/Build/Products/Debug-iphonesimulator/SingleThreadWidget.appex/zh-Hans.lproj -- /Users/vardy/dev/alanvardy-var-1014-lower-deployment-targets-from-ios-187watchos-265-to-the/SingleThreadWidget/zh-Hans.lproj/InfoPlist.strings
/Users/vardy/dev/alanvardy-var-1014-lower-deployment-targets-from-ios-187watchos-265-to-the/SingleThreadWidget/zh-Hans.lproj/InfoPlist.strings:1:1: note: detected encoding of input file as Unicode (UTF-8) (in target 'SingleThreadWidget' from project 'SingleThread')

CopyStringsFile /Users/vardy/dev/alanvardy-var-1014-lower-deployment-targets-from-ios-187watchos-265-to-the/DerivedData/Build/Products/Debug-iphonesimulator/SingleThreadWidget.appex/ja.lproj/InfoPlist.strings /Users/vardy/dev/alanvardy-var-1014-lower-deployment-targets-from-ios-187watchos-265-to-the/SingleThreadWidget/ja.lproj/InfoPlist.strings (in target 'SingleThreadWidget' from project 'SingleThread')
    cd /Users/vardy/dev/alanvardy-var-1014-lower-deployment-targets-from-ios-187watchos-265-to-the
    builtin-copyStrings --validate --outputencoding binary --outfilename InfoPlist.strings --outdir /Users/vardy/dev/alanvardy-var-1014-lower-deployment-targets-from-ios-187watchos-265-to-the/DerivedData/Build/Products/Debug-iphonesimulator/SingleThreadWidget.appex/ja.lproj -- /Users/vardy/dev/alanvardy-var-1014-lower-deployment-targets-from-ios-187watchos-265-to-the/SingleThreadWidget/ja.lproj/InfoPlist.strings
/Users/vardy/dev/alanvardy-var-1014-lower-deployment-targets-from-ios-187watchos-265-to-the/SingleThreadWidget/ja.lproj/InfoPlist.strings:1:1: note: detected encoding of input file as Unicode (UTF-8) (in target 'SingleThreadWidget' from project 'SingleThread')

CopyStringsFile /Users/vardy/dev/alanvardy-var-1014-lower-deployment-targets-from-ios-187watchos-265-to-the/DerivedData/Build/Products/Debug-iphonesimulator/SingleThreadWidget.appex/fr.lproj/InfoPlist.strings /Users/vardy/dev/alanvardy-var-1014-lower-deployment-targets-from-ios-187watchos-265-to-the/SingleThreadWidget/fr.lproj/InfoPlist.strings (in target 'SingleThreadWidget' from project 'SingleThread')
    cd /Users/vardy/dev/alanvardy-var-1014-lower-deployment-targets-from-ios-187watchos-265-to-the
    builtin-copyStrings --validate --outputencoding binary --outfilename InfoPlist.strings --outdir /Users/vardy/dev/alanvardy-var-1014-lower-deployment-targets-from-ios-187watchos-265-to-the/DerivedData/Build/Products/Debug-iphonesimulator/SingleThreadWidget.appex/fr.lproj -- /Users/vardy/dev/alanvardy-var-1014-lower-deployment-targets-from-ios-187watchos-265-to-the/SingleThreadWidget/fr.lproj/InfoPlist.strings
/Users/vardy/dev/alanvardy-var-1014-lower-deployment-targets-from-ios-187watchos-265-to-the/SingleThreadWidget/fr.lproj/InfoPlist.strings:1:1: note: detected encoding of input file as Unicode (UTF-8) (in target 'SingleThreadWidget' from project 'SingleThread')

CopyStringsFile /Users/vardy/dev/alanvardy-var-1014-lower-deployment-targets-from-ios-187watchos-265-to-the/DerivedData/Build/Products/Debug-iphonesimulator/SingleThreadWidget.appex/es.lproj/InfoPlist.strings /Users/vardy/dev/alanvardy-var-1014-lower-deployment-targets-from-ios-187watchos-265-to-the/SingleThreadWidget/es.lproj/InfoPlist.strings (in target 'SingleThreadWidget' from project 'SingleThread')
    cd /Users/vardy/dev/alanvardy-var-1014-lower-deployment-targets-from-ios-187watchos-265-to-the
    builtin-copyStrings --validate --outputencoding binary --outfilename InfoPlist.strings --outdir /Users/vardy/dev/alanvardy-var-1014-lower-deployment-targets-from-ios-187watchos-265-to-the/DerivedData/Build/Products/Debug-iphonesimulator/SingleThreadWidget.appex/es.lproj -- /Users/vardy/dev/alanvardy-var-1014-lower-deployment-targets-from-ios-187watchos-265-to-the/SingleThreadWidget/es.lproj/InfoPlist.strings
/Users/vardy/dev/alanvardy-var-1014-lower-deployment-targets-from-ios-187watchos-265-to-the/SingleThreadWidget/es.lproj/InfoPlist.strings:1:1: note: detected encoding of input file as Unicode (UTF-8) (in target 'SingleThreadWidget' from project 'SingleThread')

CopyStringsFile /Users/vardy/dev/alanvardy-var-1014-lower-deployment-targets-from-ios-187watchos-265-to-the/DerivedData/Build/Products/Debug-iphonesimulator/SingleThreadWidget.appex/en.lproj/InfoPlist.strings /Users/vardy/dev/alanvardy-var-1014-lower-deployment-targets-from-ios-187watchos-265-to-the/SingleThreadWidget/en.lproj/InfoPlist.strings (in target 'SingleThreadWidget' from project 'SingleThread')
    cd /Users/vardy/dev/alanvardy-var-1014-lower-deployment-targets-from-ios-187watchos-265-to-the
    builtin-copyStrings --validate --outputencoding binary --outfilename InfoPlist.strings --outdir /Users/vardy/dev/alanvardy-var-1014-lower-deployment-targets-from-ios-187watchos-265-to-the/DerivedData/Build/Products/Debug-iphonesimulator/SingleThreadWidget.appex/en.lproj -- /Users/vardy/dev/alanvardy-var-1014-lower-deployment-targets-from-ios-187watchos-265-to-the/SingleThreadWidget/en.lproj/InfoPlist.strings
/Users/vardy/dev/alanvardy-var-1014-lower-deployment-targets-from-ios-187watchos-265-to-the/SingleThreadWidget/en.lproj/InfoPlist.strings:1:1: note: detected encoding of input file as Unicode (UTF-8) (in target 'SingleThreadWidget' from project 'SingleThread')

Ld /Users/vardy/dev/alanvardy-var-1014-lower-deployment-targets-from-ios-187watchos-265-to-the/DerivedData/Build/Products/Debug-iphonesimulator/SingleThreadWidget.appex/__preview.dylib normal (in target 'SingleThreadWidget' from project 'SingleThread')
    cd /Users/vardy/dev/alanvardy-var-1014-lower-deployment-targets-from-ios-187watchos-265-to-the
    /Applications/Xcode.app/Contents/Developer/Toolchains/XcodeDefault.xctoolchain/usr/bin/clang -Xlinker -reproducible -target arm64-apple-ios16.0-simulator -dynamiclib -isysroot /Applications/Xcode.app/Contents/Developer/Platforms/iPhoneSimulator.platform/Developer/SDKs/iPhoneSimulator27.0.sdk -O0 -Xlinker -no_warn_duplicate_libraries -L/Users/vardy/dev/alanvardy-var-1014-lower-deployment-targets-from-ios-187watchos-265-to-the/DerivedData/Build/Products/Debug-iphonesimulator -F/Users/vardy/dev/alanvardy-var-1014-lower-deployment-targets-from-ios-187watchos-265-to-the/DerivedData/Build/Products/Debug-iphonesimulator/PackageFrameworks -F/Users/vardy/dev/alanvardy-var-1014-lower-deployment-targets-from-ios-187watchos-265-to-the/DerivedData/Build/Products/Debug-iphonesimulator -install_name @rpath/SingleThreadWidget.debug.dylib -Xlinker -dead_strip -rdynamic -Xlinker -no_deduplicate -Xlinker -objc_abi_version -Xlinker 2 -Xlinker -debug_variant -Xlinker -dependency_info -Xlinker /Users/vardy/dev/alanvardy-var-1014-lower-deployment-targets-from-ios-187watchos-265-to-the/DerivedData/Build/Intermediates.noindex/SingleThread.build/Debug-iphonesimulator/SingleThreadWidget.build/Objects-normal/arm64/SingleThreadWidget_dependency_info.dat -Xlinker -sectcreate -Xlinker __TEXT -Xlinker __entitlements -Xlinker /Users/vardy/dev/alanvardy-var-1014-lower-deployment-targets-from-ios-187watchos-265-to-the/DerivedData/Build/Intermediates.noindex/SingleThread.build/Debug-iphonesimulator/SingleThreadWidget.build/SingleThreadWidget.appex-Simulated.xcent -Xlinker -sectcreate -Xlinker __TEXT -Xlinker __ents_der -Xlinker /Users/vardy/dev/alanvardy-var-1014-lower-deployment-targets-from-ios-187watchos-265-to-the/DerivedData/Build/Intermediates.noindex/SingleThread.build/Debug-iphonesimulator/SingleThreadWidget.build/SingleThreadWidget.appex-Simulated.xcent.der -Xlinker -no_adhoc_codesign -o /Users/vardy/dev/alanvardy-var-1014-lower-deployment-targets-from-ios-187watchos-265-to-the/DerivedData/Build/Products/Debug-iphonesimulator/SingleThreadWidget.appex/__preview.dylib

CopyStringsFile /Users/vardy/dev/alanvardy-var-1014-lower-deployment-targets-from-ios-187watchos-265-to-the/DerivedData/Build/Products/Debug-iphonesimulator/SingleThreadWidget.appex/de.lproj/InfoPlist.strings /Users/vardy/dev/alanvardy-var-1014-lower-deployment-targets-from-ios-187watchos-265-to-the/SingleThreadWidget/de.lproj/InfoPlist.strings (in target 'SingleThreadWidget' from project 'SingleThread')
    cd /Users/vardy/dev/alanvardy-var-1014-lower-deployment-targets-from-ios-187watchos-265-to-the
    builtin-copyStrings --validate --outputencoding binary --outfilename InfoPlist.strings --outdir /Users/vardy/dev/alanvardy-var-1014-lower-deployment-targets-from-ios-187watchos-265-to-the/DerivedData/Build/Products/Debug-iphonesimulator/SingleThreadWidget.appex/de.lproj -- /Users/vardy/dev/alanvardy-var-1014-lower-deployment-targets-from-ios-187watchos-265-to-the/SingleThreadWidget/de.lproj/InfoPlist.strings
/Users/vardy/dev/alanvardy-var-1014-lower-deployment-targets-from-ios-187watchos-265-to-the/SingleThreadWidget/de.lproj/InfoPlist.strings:1:1: note: detected encoding of input file as Unicode (UTF-8) (in target 'SingleThreadWidget' from project 'SingleThread')

Copy /Users/vardy/dev/alanvardy-var-1014-lower-deployment-targets-from-ios-187watchos-265-to-the/DerivedData/Build/Products/Debug-iphonesimulator/SingleThreadWidget.appex/SingleThreadCore_SingleThreadCore.bundle /Users/vardy/dev/alanvardy-var-1014-lower-deployment-targets-from-ios-187watchos-265-to-the/DerivedData/Build/Products/Debug-iphonesimulator/SingleThreadCore_SingleThreadCore.bundle (in target 'SingleThreadWidget' from project 'SingleThread')
    cd /Users/vardy/dev/alanvardy-var-1014-lower-deployment-targets-from-ios-187watchos-265-to-the
    builtin-copy -exclude .DS_Store -exclude CVS -exclude .svn -exclude .git -exclude .hg -resolve-src-symlinks /Users/vardy/dev/alanvardy-var-1014-lower-deployment-targets-from-ios-187watchos-265-to-the/DerivedData/Build/Products/Debug-iphonesimulator/SingleThreadCore_SingleThreadCore.bundle /Users/vardy/dev/alanvardy-var-1014-lower-deployment-targets-from-ios-187watchos-265-to-the/DerivedData/Build/Products/Debug-iphonesimulator/SingleThreadWidget.appex

CompileXCStrings /Users/vardy/dev/alanvardy-var-1014-lower-deployment-targets-from-ios-187watchos-265-to-the/DerivedData/Build/Intermediates.noindex/SingleThread.build/Debug-iphonesimulator/SingleThreadWidget.build/ /Users/vardy/dev/alanvardy-var-1014-lower-deployment-targets-from-ios-187watchos-265-to-the/SingleThreadWidget/Resources/Localizable.xcstrings (in target 'SingleThreadWidget' from project 'SingleThread')
    cd /Users/vardy/dev/alanvardy-var-1014-lower-deployment-targets-from-ios-187watchos-265-to-the
    /Applications/Xcode.app/Contents/Developer/usr/bin/xcstringstool compile --output-directory /Users/vardy/dev/alanvardy-var-1014-lower-deployment-targets-from-ios-187watchos-265-to-the/DerivedData/Build/Intermediates.noindex/SingleThread.build/Debug-iphonesimulator/SingleThreadWidget.build /Users/vardy/dev/alanvardy-var-1014-lower-deployment-targets-from-ios-187watchos-265-to-the/SingleThreadWidget/Resources/Localizable.xcstrings

SwiftExplicitDependencyGeneratePcm arm64 /Users/vardy/dev/alanvardy-var-1014-lower-deployment-targets-from-ios-187watchos-265-to-the/DerivedData/SDKExplicitPrecompiledModules/CoreAudio-CDX4X3LCGP5KRSITSNBCSF9FR.pcm

ProcessInfoPlistFile /Users/vardy/dev/alanvardy-var-1014-lower-deployment-targets-from-ios-187watchos-265-to-the/DerivedData/Build/Products/Debug-iphonesimulator/SingleThreadWidget.appex/Info.plist /Users/vardy/dev/alanvardy-var-1014-lower-deployment-targets-from-ios-187watchos-265-to-the/SingleThreadWidget/Info.plist (in target 'SingleThreadWidget' from project 'SingleThread')
    cd /Users/vardy/dev/alanvardy-var-1014-lower-deployment-targets-from-ios-187watchos-265-to-the
    builtin-infoPlistUtility /Users/vardy/dev/alanvardy-var-1014-lower-deployment-targets-from-ios-187watchos-265-to-the/SingleThreadWidget/Info.plist -producttype com.apple.product-type.app-extension -expandbuildsettings -format binary -platform iphonesimulator -scanforprivacyfile /Users/vardy/dev/alanvardy-var-1014-lower-deployment-targets-from-ios-187watchos-265-to-the/DerivedData/Build/Products/Debug-iphonesimulator/SingleThreadWidget.appex/SingleThreadCore_SingleThreadCore.bundle -o /Users/vardy/dev/alanvardy-var-1014-lower-deployment-targets-from-ios-187watchos-265-to-the/DerivedData/Build/Products/Debug-iphonesimulator/SingleThreadWidget.appex/Info.plist

SwiftExplicitDependencyGeneratePcm arm64 /Users/vardy/dev/alanvardy-var-1014-lower-deployment-targets-from-ios-187watchos-265-to-the/DerivedData/SDKExplicitPrecompiledModules/Foundation-3QFHA40ZFKYWUIUXAVCQ09CAQ.pcm

SwiftExplicitDependencyGeneratePcm arm64 /Users/vardy/dev/alanvardy-var-1014-lower-deployment-targets-from-ios-187watchos-265-to-the/DerivedData/SDKExplicitPrecompiledModules/ImageIO-27GLLV62CKTF9N3498DZ1IWVD.pcm

SwiftExplicitDependencyGeneratePcm arm64 /Users/vardy/dev/alanvardy-var-1014-lower-deployment-targets-from-ios-187watchos-265-to-the/DerivedData/SDKExplicitPrecompiledModules/CoreText-CEI0CC8E8ZRA5P2DQ4VVYLY91.pcm

SwiftExplicitDependencyGeneratePcm arm64 /Users/vardy/dev/alanvardy-var-1014-lower-deployment-targets-from-ios-187watchos-265-to-the/DerivedData/SDKExplicitPrecompiledModules/CoreVideo-C561E6J5Z7349F31A5EP4IETY.pcm

CopyStringsFile /Users/vardy/dev/alanvardy-var-1014-lower-deployment-targets-from-ios-187watchos-265-to-the/DerivedData/Build/Products/Debug-iphonesimulator/SingleThreadWidget.appex/zh-Hans.lproj/Localizable.strings /Users/vardy/dev/alanvardy-var-1014-lower-deployment-targets-from-ios-187watchos-265-to-the/DerivedData/Build/Intermediates.noindex/SingleThread.build/Debug-iphonesimulator/SingleThreadWidget.build/zh-Hans.lproj/Localizable.strings (in target 'SingleThreadWidget' from project 'SingleThread')
    cd /Users/vardy/dev/alanvardy-var-1014-lower-deployment-targets-from-ios-187watchos-265-to-the
    builtin-copyStrings --validate --outputencoding binary --outfilename Localizable.strings --outdir /Users/vardy/dev/alanvardy-var-1014-lower-deployment-targets-from-ios-187watchos-265-to-the/DerivedData/Build/Products/Debug-iphonesimulator/SingleThreadWidget.appex/zh-Hans.lproj -- /Users/vardy/dev/alanvardy-var-1014-lower-deployment-targets-from-ios-187watchos-265-to-the/DerivedData/Build/Intermediates.noindex/SingleThread.build/Debug-iphonesimulator/SingleThreadWidget.build/zh-Hans.lproj/Localizable.strings
/Users/vardy/dev/alanvardy-var-1014-lower-deployment-targets-from-ios-187watchos-265-to-the/DerivedData/Build/Intermediates.noindex/SingleThread.build/Debug-iphonesimulator/SingleThreadWidget.build/zh-Hans.lproj/Localizable.strings:1:1: note: detected encoding of input file as Unicode (UTF-8) (in target 'SingleThreadWidget' from project 'SingleThread')

CopyStringsFile /Users/vardy/dev/alanvardy-var-1014-lower-deployment-targets-from-ios-187watchos-265-to-the/DerivedData/Build/Products/Debug-iphonesimulator/SingleThreadWidget.appex/ja.lproj/Localizable.strings /Users/vardy/dev/alanvardy-var-1014-lower-deployment-targets-from-ios-187watchos-265-to-the/DerivedData/Build/Intermediates.noindex/SingleThread.build/Debug-iphonesimulator/SingleThreadWidget.build/ja.lproj/Localizable.strings (in target 'SingleThreadWidget' from project 'SingleThread')
    cd /Users/vardy/dev/alanvardy-var-1014-lower-deployment-targets-from-ios-187watchos-265-to-the
    builtin-copyStrings --validate --outputencoding binary --outfilename Localizable.strings --outdir /Users/vardy/dev/alanvardy-var-1014-lower-deployment-targets-from-ios-187watchos-265-to-the/DerivedData/Build/Products/Debug-iphonesimulator/SingleThreadWidget.appex/ja.lproj -- /Users/vardy/dev/alanvardy-var-1014-lower-deployment-targets-from-ios-187watchos-265-to-the/DerivedData/Build/Intermediates.noindex/SingleThread.build/Debug-iphonesimulator/SingleThreadWidget.build/ja.lproj/Localizable.strings
/Users/vardy/dev/alanvardy-var-1014-lower-deployment-targets-from-ios-187watchos-265-to-the/DerivedData/Build/Intermediates.noindex/SingleThread.build/Debug-iphonesimulator/SingleThreadWidget.build/ja.lproj/Localizable.strings:1:1: note: detected encoding of input file as Unicode (UTF-8) (in target 'SingleThreadWidget' from project 'SingleThread')

CopyStringsFile /Users/vardy/dev/alanvardy-var-1014-lower-deployment-targets-from-ios-187watchos-265-to-the/DerivedData/Build/Products/Debug-iphonesimulator/SingleThreadWidget.appex/fr.lproj/Localizable.strings /Users/vardy/dev/alanvardy-var-1014-lower-deployment-targets-from-ios-187watchos-265-to-the/DerivedData/Build/Intermediates.noindex/SingleThread.build/Debug-iphonesimulator/SingleThreadWidget.build/fr.lproj/Localizable.strings (in target 'SingleThreadWidget' from project 'SingleThread')
    cd /Users/vardy/dev/alanvardy-var-1014-lower-deployment-targets-from-ios-187watchos-265-to-the
    builtin-copyStrings --validate --outputencoding binary --outfilename Localizable.strings --outdir /Users/vardy/dev/alanvardy-var-1014-lower-deployment-targets-from-ios-187watchos-265-to-the/DerivedData/Build/Products/Debug-iphonesimulator/SingleThreadWidget.appex/fr.lproj -- /Users/vardy/dev/alanvardy-var-1014-lower-deployment-targets-from-ios-187watchos-265-to-the/DerivedData/Build/Intermediates.noindex/SingleThread.build/Debug-iphonesimulator/SingleThreadWidget.build/fr.lproj/Localizable.strings
/Users/vardy/dev/alanvardy-var-1014-lower-deployment-targets-from-ios-187watchos-265-to-the/DerivedData/Build/Intermediates.noindex/SingleThread.build/Debug-iphonesimulator/SingleThreadWidget.build/fr.lproj/Localizable.strings:1:1: note: detected encoding of input file as Unicode (UTF-8) (in target 'SingleThreadWidget' from project 'SingleThread')

CopyStringsFile /Users/vardy/dev/alanvardy-var-1014-lower-deployment-targets-from-ios-187watchos-265-to-the/DerivedData/Build/Products/Debug-iphonesimulator/SingleThreadWidget.appex/es.lproj/Localizable.strings /Users/vardy/dev/alanvardy-var-1014-lower-deployment-targets-from-ios-187watchos-265-to-the/DerivedData/Build/Intermediates.noindex/SingleThread.build/Debug-iphonesimulator/SingleThreadWidget.build/es.lproj/Localizable.strings (in target 'SingleThreadWidget' from project 'SingleThread')
    cd /Users/vardy/dev/alanvardy-var-1014-lower-deployment-targets-from-ios-187watchos-265-to-the
    builtin-copyStrings --validate --outputencoding binary --outfilename Localizable.strings --outdir /Users/vardy/dev/alanvardy-var-1014-lower-deployment-targets-from-ios-187watchos-265-to-the/DerivedData/Build/Products/Debug-iphonesimulator/SingleThreadWidget.appex/es.lproj -- /Users/vardy/dev/alanvardy-var-1014-lower-deployment-targets-from-ios-187watchos-265-to-the/DerivedData/Build/Intermediates.noindex/SingleThread.build/Debug-iphonesimulator/SingleThreadWidget.build/es.lproj/Localizable.strings
/Users/vardy/dev/alanvardy-var-1014-lower-deployment-targets-from-ios-187watchos-265-to-the/DerivedData/Build/Intermediates.noindex/SingleThread.build/Debug-iphonesimulator/SingleThreadWidget.build/es.lproj/Localizable.strings:1:1: note: detected encoding of input file as Unicode (UTF-8) (in target 'SingleThreadWidget' from project 'SingleThread')

CopyStringsFile /Users/vardy/dev/alanvardy-var-1014-lower-deployment-targets-from-ios-187watchos-265-to-the/DerivedData/Build/Products/Debug-iphonesimulator/SingleThreadWidget.appex/en.lproj/Localizable.strings /Users/vardy/dev/alanvardy-var-1014-lower-deployment-targets-from-ios-187watchos-265-to-the/DerivedData/Build/Intermediates.noindex/SingleThread.build/Debug-iphonesimulator/SingleThreadWidget.build/en.lproj/Localizable.strings (in target 'SingleThreadWidget' from project 'SingleThread')
    cd /Users/vardy/dev/alanvardy-var-1014-lower-deployment-targets-from-ios-187watchos-265-to-the
    builtin-copyStrings --validate --outputencoding binary --outfilename Localizable.strings --outdir /Users/vardy/dev/alanvardy-var-1014-lower-deployment-targets-from-ios-187watchos-265-to-the/DerivedData/Build/Products/Debug-iphonesimulator/SingleThreadWidget.appex/en.lproj -- /Users/vardy/dev/alanvardy-var-1014-lower-deployment-targets-from-ios-187watchos-265-to-the/DerivedData/Build/Intermediates.noindex/SingleThread.build/Debug-iphonesimulator/SingleThreadWidget.build/en.lproj/Localizable.strings
/Users/vardy/dev/alanvardy-var-1014-lower-deployment-targets-from-ios-187watchos-265-to-the/DerivedData/Build/Intermediates.noindex/SingleThread.build/Debug-iphonesimulator/SingleThreadWidget.build/en.lproj/Localizable.strings:1:1: note: detected encoding of input file as Unicode (UTF-8) (in target 'SingleThreadWidget' from project 'SingleThread')

CopyStringsFile /Users/vardy/dev/alanvardy-var-1014-lower-deployment-targets-from-ios-187watchos-265-to-the/DerivedData/Build/Products/Debug-iphonesimulator/SingleThreadWidget.appex/de.lproj/Localizable.strings /Users/vardy/dev/alanvardy-var-1014-lower-deployment-targets-from-ios-187watchos-265-to-the/DerivedData/Build/Intermediates.noindex/SingleThread.build/Debug-iphonesimulator/SingleThreadWidget.build/de.lproj/Localizable.strings (in target 'SingleThreadWidget' from project 'SingleThread')
    cd /Users/vardy/dev/alanvardy-var-1014-lower-deployment-targets-from-ios-187watchos-265-to-the
    builtin-copyStrings --validate --outputencoding binary --outfilename Localizable.strings --outdir /Users/vardy/dev/alanvardy-var-1014-lower-deployment-targets-from-ios-187watchos-265-to-the/DerivedData/Build/Products/Debug-iphonesimulator/SingleThreadWidget.appex/de.lproj -- /Users/vardy/dev/alanvardy-var-1014-lower-deployment-targets-from-ios-187watchos-265-to-the/DerivedData/Build/Intermediates.noindex/SingleThread.build/Debug-iphonesimulator/SingleThreadWidget.build/de.lproj/Localizable.strings
/Users/vardy/dev/alanvardy-var-1014-lower-deployment-targets-from-ios-187watchos-265-to-the/DerivedData/Build/Intermediates.noindex/SingleThread.build/Debug-iphonesimulator/SingleThreadWidget.build/de.lproj/Localizable.strings:1:1: note: detected encoding of input file as Unicode (UTF-8) (in target 'SingleThreadWidget' from project 'SingleThread')

SwiftExplicitDependencyGeneratePcm arm64 /Users/vardy/dev/alanvardy-var-1014-lower-deployment-targets-from-ios-187watchos-265-to-the/DerivedData/SDKExplicitPrecompiledModules/CoreMedia-9WJY7TO8MPO4LQOHBS4DONRQD.pcm

SwiftExplicitDependencyGeneratePcm x86_64 /Users/vardy/dev/alanvardy-var-1014-lower-deployment-targets-from-ios-187watchos-265-to-the/DerivedData/SDKExplicitPrecompiledModules/UserNotifications-DMHMXOF70LUG7HV39BES17BOH.pcm

SwiftExplicitDependencyGeneratePcm x86_64 /Users/vardy/dev/alanvardy-var-1014-lower-deployment-targets-from-ios-187watchos-265-to-the/DerivedData/SDKExplicitPrecompiledModules/OSLog-C2HV913NKGDKS3RK8UHQ2AM07.pcm

SwiftExplicitDependencyGeneratePcm x86_64 /Users/vardy/dev/alanvardy-var-1014-lower-deployment-targets-from-ios-187watchos-265-to-the/DerivedData/SDKExplicitPrecompiledModules/UniformTypeIdentifiers-4V80E5D3XFEAT3FGMX3Y5OHBR.pcm

SwiftExplicitDependencyGeneratePcm x86_64 /Users/vardy/dev/alanvardy-var-1014-lower-deployment-targets-from-ios-187watchos-265-to-the/DerivedData/SDKExplicitPrecompiledModules/AppIntentsTypeSupport-9ESZFLI7WXZQ1A80RN5T594CJ.pcm

SwiftExplicitDependencyGeneratePcm x86_64 /Users/vardy/dev/alanvardy-var-1014-lower-deployment-targets-from-ios-187watchos-265-to-the/DerivedData/SDKExplicitPrecompiledModules/Symbols-57ML5ULTKJQW2UUPOK170H4MC.pcm

SwiftExplicitDependencyGeneratePcm x86_64 /Users/vardy/dev/alanvardy-var-1014-lower-deployment-targets-from-ios-187watchos-265-to-the/DerivedData/SDKExplicitPrecompiledModules/RelevanceKit-BF8FVXFPPUUYCC88R6ZMRVG2U.pcm

SwiftExplicitDependencyGeneratePcm x86_64 /Users/vardy/dev/alanvardy-var-1014-lower-deployment-targets-from-ios-187watchos-265-to-the/DerivedData/SDKExplicitPrecompiledModules/Accessibility-6MP8D7TWR6W5O8NW9NAR4BKPS.pcm

SwiftExplicitDependencyGeneratePcm x86_64 /Users/vardy/dev/alanvardy-var-1014-lower-deployment-targets-from-ios-187watchos-265-to-the/DerivedData/SDKExplicitPrecompiledModules/_LocationEssentials-6USRGU8RYP84OBG86S43K2EVY.pcm

SwiftExplicitDependencyGeneratePcm x86_64 /Users/vardy/dev/alanvardy-var-1014-lower-deployment-targets-from-ios-187watchos-265-to-the/DerivedData/SDKExplicitPrecompiledModules/WatchConnectivity-5952ZF72AH57141BBZARZTAP8.pcm

SwiftExplicitDependencyGeneratePcm x86_64 /Users/vardy/dev/alanvardy-var-1014-lower-deployment-targets-from-ios-187watchos-265-to-the/DerivedData/SDKExplicitPrecompiledModules/Network-3KJ7NZLK65ZJ4LED6RLQ519Z5.pcm

SwiftExplicitDependencyGeneratePcm x86_64 /Users/vardy/dev/alanvardy-var-1014-lower-deployment-targets-from-ios-187watchos-265-to-the/DerivedData/SDKExplicitPrecompiledModules/CoreData-6NJG4RAZFTIC7E1431EGPKO4H.pcm

SwiftExplicitDependencyGeneratePcm x86_64 /Users/vardy/dev/alanvardy-var-1014-lower-deployment-targets-from-ios-187watchos-265-to-the/DerivedData/SDKExplicitPrecompiledModules/AppIntents-84VWZ6O1PQ6LI7OMUL1ELHNST.pcm

SwiftExplicitDependencyGeneratePcm x86_64 /Users/vardy/dev/alanvardy-var-1014-lower-deployment-targets-from-ios-187watchos-265-to-the/DerivedData/SDKExplicitPrecompiledModules/LocalAuthentication-8HF6M9F2FZQPC9RNKRPRIZRBJ.pcm

SwiftExplicitDependencyGeneratePcm x86_64 /Users/vardy/dev/alanvardy-var-1014-lower-deployment-targets-from-ios-187watchos-265-to-the/DerivedData/SDKExplicitPrecompiledModules/QuartzCore-BBB2ZAT64FGB336KSGF2FEY2M.pcm

SwiftExplicitDependencyGeneratePcm x86_64 /Users/vardy/dev/alanvardy-var-1014-lower-deployment-targets-from-ios-187watchos-265-to-the/DerivedData/SDKExplicitPrecompiledModules/SceneKit-2UJKQ0HEIHSBJM6A96W8YVGLY.pcm

SwiftExplicitDependencyGeneratePcm x86_64 /Users/vardy/dev/alanvardy-var-1014-lower-deployment-targets-from-ios-187watchos-265-to-the/DerivedData/SDKExplicitPrecompiledModules/CoreTransferable-EA4QRCMWWLX1XFD94MAWI4WLF.pcm

SwiftExplicitDependencyGeneratePcm x86_64 /Users/vardy/dev/alanvardy-var-1014-lower-deployment-targets-from-ios-187watchos-265-to-the/DerivedData/SDKExplicitPrecompiledModules/StoreKit-9JSUIID079UOXEL0ALYKECZBX.pcm

SwiftExplicitDependencyGeneratePcm x86_64 /Users/vardy/dev/alanvardy-var-1014-lower-deployment-targets-from-ios-187watchos-265-to-the/DerivedData/SDKExplicitPrecompiledModules/CoreLocation-1M4YGFAX1O50TIBI059CVQ4JG.pcm

SwiftExplicitDependencyGeneratePcm x86_64 /Users/vardy/dev/alanvardy-var-1014-lower-deployment-targets-from-ios-187watchos-265-to-the/DerivedData/SDKExplicitPrecompiledModules/DataDetection-EW8AV2SRXR4Y8L132AQ9ETPDF.pcm

SwiftExplicitDependencyGeneratePcm arm64 /Users/vardy/dev/alanvardy-var-1014-lower-deployment-targets-from-ios-187watchos-265-to-the/DerivedData/SDKExplicitPrecompiledModules/CoreTransferable-E8DM3IA0ZH31PMH0GGH31LWB4.pcm

SwiftExplicitDependencyGeneratePcm arm64 /Users/vardy/dev/alanvardy-var-1014-lower-deployment-targets-from-ios-187watchos-265-to-the/DerivedData/SDKExplicitPrecompiledModules/OSLog-C9684VMBINQ7UZ4J2FQJQKH78.pcm

SwiftExplicitDependencyGeneratePcm arm64 /Users/vardy/dev/alanvardy-var-1014-lower-deployment-targets-from-ios-187watchos-265-to-the/DerivedData/SDKExplicitPrecompiledModules/FileProvider-BUMTXVKOHF3YV9OQN44MYXQ1.pcm

SwiftExplicitDependencyGeneratePcm arm64 /Users/vardy/dev/alanvardy-var-1014-lower-deployment-targets-from-ios-187watchos-265-to-the/DerivedData/SDKExplicitPrecompiledModules/BackgroundAssets-3BDCLYBSC37VWXP7PKIILZZFY.pcm

SwiftExplicitDependencyGeneratePcm arm64 /Users/vardy/dev/alanvardy-var-1014-lower-deployment-targets-from-ios-187watchos-265-to-the/DerivedData/SDKExplicitPrecompiledModules/WidgetKit-9WRMX7FHT9OKQIXDPNZTCZWQ7.pcm

SwiftExplicitDependencyGeneratePcm arm64 /Users/vardy/dev/alanvardy-var-1014-lower-deployment-targets-from-ios-187watchos-265-to-the/DerivedData/SDKExplicitPrecompiledModules/Accessibility-4Y28S1EZKKUDZ95OXMYVJ60OG.pcm

SwiftExplicitDependencyGeneratePcm arm64 /Users/vardy/dev/alanvardy-var-1014-lower-deployment-targets-from-ios-187watchos-265-to-the/DerivedData/SDKExplicitPrecompiledModules/CoreData-9BRMRS8VUJN7HJXYMLBASOMAF.pcm

SwiftExplicitDependencyGeneratePcm arm64 /Users/vardy/dev/alanvardy-var-1014-lower-deployment-targets-from-ios-187watchos-265-to-the/DerivedData/SDKExplicitPrecompiledModules/Network-202364B1UGJGNC84EG5SEYNE5.pcm

SwiftExplicitDependencyGeneratePcm arm64 /Users/vardy/dev/alanvardy-var-1014-lower-deployment-targets-from-ios-187watchos-265-to-the/DerivedData/SDKExplicitPrecompiledModules/_LocationEssentials-CE4VOB5LB6WU2ICQCF01PYXIV.pcm

SwiftExplicitDependencyGeneratePcm arm64 /Users/vardy/dev/alanvardy-var-1014-lower-deployment-targets-from-ios-187watchos-265-to-the/DerivedData/SDKExplicitPrecompiledModules/AppIntentsTypeSupport-4TB4FJXZE141L3X8OFMERQ39G.pcm

SwiftExplicitDependencyGeneratePcm arm64 /Users/vardy/dev/alanvardy-var-1014-lower-deployment-targets-from-ios-187watchos-265-to-the/DerivedData/SDKExplicitPrecompiledModules/LocalAuthentication-BJQ7MEPZTROFFCWLDCPOX3E2Z.pcm

SwiftExplicitDependencyGeneratePcm x86_64 /Users/vardy/dev/alanvardy-var-1014-lower-deployment-targets-from-ios-187watchos-265-to-the/DerivedData/SDKExplicitPrecompiledModules/CoreMotion-127QWJ3831KD9UJY84OW7M6Y7.pcm

SwiftExplicitDependencyGeneratePcm arm64 /Users/vardy/dev/alanvardy-var-1014-lower-deployment-targets-from-ios-187watchos-265-to-the/DerivedData/SDKExplicitPrecompiledModules/UniformTypeIdentifiers-681QC153IBL8XUJDESX2ZKO1R.pcm

SwiftExplicitDependencyGeneratePcm arm64 /Users/vardy/dev/alanvardy-var-1014-lower-deployment-targets-from-ios-187watchos-265-to-the/DerivedData/SDKExplicitPrecompiledModules/UIUtilities-9HSX3O04UT9GJFSAJ54UW143Z.pcm

SwiftExplicitDependencyGeneratePcm arm64 /Users/vardy/dev/alanvardy-var-1014-lower-deployment-targets-from-ios-187watchos-265-to-the/DerivedData/SDKExplicitPrecompiledModules/_LocationEssentials-CNQLME36BHWDV2JSM557BXX9D.pcm

SwiftExplicitDependencyGeneratePcm arm64 /Users/vardy/dev/alanvardy-var-1014-lower-deployment-targets-from-ios-187watchos-265-to-the/DerivedData/SDKExplicitPrecompiledModules/WatchConnectivity-F0JVMELXLLTCTQYJIJIS099T2.pcm

SwiftExplicitDependencyGeneratePcm arm64 /Users/vardy/dev/alanvardy-var-1014-lower-deployment-targets-from-ios-187watchos-265-to-the/DerivedData/SDKExplicitPrecompiledModules/QuartzCore-9B6R3YEQ91XLDUC7M383Z3OD0.pcm

SwiftExplicitDependencyGeneratePcm arm64 /Users/vardy/dev/alanvardy-var-1014-lower-deployment-targets-from-ios-187watchos-265-to-the/DerivedData/SDKExplicitPrecompiledModules/AppIntentsTypeSupport-8CXKCD2UHM08RABFHT5DL1IEQ.pcm

SwiftExplicitDependencyGeneratePcm arm64 /Users/vardy/dev/alanvardy-var-1014-lower-deployment-targets-from-ios-187watchos-265-to-the/DerivedData/SDKExplicitPrecompiledModules/RelevanceKit-8V2JLBMNJWQQGXBVH9MA0ZAVN.pcm

SwiftExplicitDependencyGeneratePcm arm64 /Users/vardy/dev/alanvardy-var-1014-lower-deployment-targets-from-ios-187watchos-265-to-the/DerivedData/SDKExplicitPrecompiledModules/CoreML-ZK31ECGWY7OQE774HNNRVPPN.pcm

SwiftExplicitDependencyGeneratePcm arm64 /Users/vardy/dev/alanvardy-var-1014-lower-deployment-targets-from-ios-187watchos-265-to-the/DerivedData/SDKExplicitPrecompiledModules/Symbols-5RW5QJWB4GEU6XIC9O6LBH65F.pcm

SwiftExplicitDependencyGeneratePcm arm64 /Users/vardy/dev/alanvardy-var-1014-lower-deployment-targets-from-ios-187watchos-265-to-the/DerivedData/SDKExplicitPrecompiledModules/UserNotifications-ABT1UVBOZ7VNUHOQ2M00U3A1Z.pcm

SwiftExplicitDependencyGeneratePcm arm64 /Users/vardy/dev/alanvardy-var-1014-lower-deployment-targets-from-ios-187watchos-265-to-the/DerivedData/SDKExplicitPrecompiledModules/LocalAuthentication-BVKL56S4VMM60BXDRLDYPT4FT.pcm

SwiftExplicitDependencyGeneratePcm arm64 /Users/vardy/dev/alanvardy-var-1014-lower-deployment-targets-from-ios-187watchos-265-to-the/DerivedData/SDKExplicitPrecompiledModules/DataDetection-KDE3G7DDXJC74OUFOA3MMWM0.pcm

SwiftExplicitDependencyGeneratePcm arm64 /Users/vardy/dev/alanvardy-var-1014-lower-deployment-targets-from-ios-187watchos-265-to-the/DerivedData/SDKExplicitPrecompiledModules/CoreSpotlight-470LNKQWV14OTMDKZ6IHCIIDL.pcm

SwiftExplicitDependencyGeneratePcm arm64 /Users/vardy/dev/alanvardy-var-1014-lower-deployment-targets-from-ios-187watchos-265-to-the/DerivedData/SDKExplicitPrecompiledModules/Accessibility-BID543QJ58BFENPEDD6JFI5NX.pcm

SwiftExplicitDependencyGeneratePcm arm64 /Users/vardy/dev/alanvardy-var-1014-lower-deployment-targets-from-ios-187watchos-265-to-the/DerivedData/SDKExplicitPrecompiledModules/AppIntents-3SOJXAGKDEZ14569SB2PFDLVJ.pcm

SwiftExplicitDependencyGeneratePcm arm64 /Users/vardy/dev/alanvardy-var-1014-lower-deployment-targets-from-ios-187watchos-265-to-the/DerivedData/SDKExplicitPrecompiledModules/CoreLocation-9GS8QUBLM4SXID2ORWTKL7ML7.pcm

SwiftExplicitDependencyGeneratePcm arm64 /Users/vardy/dev/alanvardy-var-1014-lower-deployment-targets-from-ios-187watchos-265-to-the/DerivedData/SDKExplicitPrecompiledModules/IOSurface-70UWH8DXTNIOSV1Z9PR4N377S.pcm

SwiftExplicitDependencyGeneratePcm arm64 /Users/vardy/dev/alanvardy-var-1014-lower-deployment-targets-from-ios-187watchos-265-to-the/DerivedData/SDKExplicitPrecompiledModules/UniformTypeIdentifiers-BV40MEF3H1YHP5EEAK8UABNCE.pcm

SwiftExplicitDependencyGeneratePcm x86_64 /Users/vardy/dev/alanvardy-var-1014-lower-deployment-targets-from-ios-187watchos-265-to-the/DerivedData/SDKExplicitPrecompiledModules/CoreML-VLLSD3QC6IPBU6TOJGICK0LQ.pcm

SwiftExplicitDependencyGeneratePcm arm64 /Users/vardy/dev/alanvardy-var-1014-lower-deployment-targets-from-ios-187watchos-265-to-the/DerivedData/SDKExplicitPrecompiledModules/SwiftUICore-8UWAHZEPQ8WRI527BFGUB9V8I.pcm

SwiftExplicitDependencyGeneratePcm arm64 /Users/vardy/dev/alanvardy-var-1014-lower-deployment-targets-from-ios-187watchos-265-to-the/DerivedData/SDKExplicitPrecompiledModules/OpenGLES-F6SO9Q3FFMTSUDRCLD7321TV.pcm

SwiftExplicitDependencyGeneratePcm arm64 /Users/vardy/dev/alanvardy-var-1014-lower-deployment-targets-from-ios-187watchos-265-to-the/DerivedData/SDKExplicitPrecompiledModules/Network-3EOA4Y0VIO9YE5L3AEGJPKKD7.pcm

SwiftExplicitDependencyGeneratePcm arm64 /Users/vardy/dev/alanvardy-var-1014-lower-deployment-targets-from-ios-187watchos-265-to-the/DerivedData/SDKExplicitPrecompiledModules/CoreData-DTDZNX3IY8IHNBEHSXFPDM5SW.pcm

SwiftExplicitDependencyGeneratePcm x86_64 /Users/vardy/dev/alanvardy-var-1014-lower-deployment-targets-from-ios-187watchos-265-to-the/DerivedData/SDKExplicitPrecompiledModules/UIUtilities-3204K7HJRVBAJYSLA1RTU4YZA.pcm

SwiftExplicitDependencyGeneratePcm arm64 /Users/vardy/dev/alanvardy-var-1014-lower-deployment-targets-from-ios-187watchos-265-to-the/DerivedData/SDKExplicitPrecompiledModules/OSLog-F5FFXJT75XDR8TGVFQRCATHOV.pcm

SwiftExplicitDependencyGeneratePcm arm64 /Users/vardy/dev/alanvardy-var-1014-lower-deployment-targets-from-ios-187watchos-265-to-the/DerivedData/SDKExplicitPrecompiledModules/AppIntents-EZ3HII1CGMZ4NRYS83C8BOBT2.pcm

SwiftExplicitDependencyGeneratePcm arm64 /Users/vardy/dev/alanvardy-var-1014-lower-deployment-targets-from-ios-187watchos-265-to-the/DerivedData/SDKExplicitPrecompiledModules/Symbols-EX3FNS7KZAKTIQLCQ6EMWIB6F.pcm

SwiftExplicitDependencyGeneratePcm arm64 /Users/vardy/dev/alanvardy-var-1014-lower-deployment-targets-from-ios-187watchos-265-to-the/DerivedData/SDKExplicitPrecompiledModules/StoreKit-5MVCN5WLD4J0H9KDVPOAMH6YV.pcm

SwiftExplicitDependencyGeneratePcm arm64 /Users/vardy/dev/alanvardy-var-1014-lower-deployment-targets-from-ios-187watchos-265-to-the/DerivedData/SDKExplicitPrecompiledModules/Metal-1GH9PX9KGARK76H02R4G2UC2W.pcm

SwiftExplicitDependencyGeneratePcm arm64 /Users/vardy/dev/alanvardy-var-1014-lower-deployment-targets-from-ios-187watchos-265-to-the/DerivedData/SDKExplicitPrecompiledModules/SceneKit-4OAIVN48C5FJ7CLT4D0BBI932.pcm

SwiftExplicitDependencyGeneratePcm arm64 /Users/vardy/dev/alanvardy-var-1014-lower-deployment-targets-from-ios-187watchos-265-to-the/DerivedData/SDKExplicitPrecompiledModules/EventKit-CS95WAGBFLQQQP6YG06LRBCHP.pcm

SwiftExplicitDependencyGeneratePcm arm64 /Users/vardy/dev/alanvardy-var-1014-lower-deployment-targets-from-ios-187watchos-265-to-the/DerivedData/SDKExplicitPrecompiledModules/CoreMotion-Q7UICTTWBXI8N9M8T04O20H9.pcm

SwiftExplicitDependencyGeneratePcm arm64 /Users/vardy/dev/alanvardy-var-1014-lower-deployment-targets-from-ios-187watchos-265-to-the/DerivedData/SDKExplicitPrecompiledModules/CoreLocation-973JFL8341I9XSGI9EDO3EBRD.pcm

SwiftExplicitDependencyGeneratePcm x86_64 /Users/vardy/dev/alanvardy-var-1014-lower-deployment-targets-from-ios-187watchos-265-to-the/DerivedData/SDKExplicitPrecompiledModules/UIKit-6QLS0UMEGZXDTIQ8G2XNKHA0O.pcm

SwiftExplicitDependencyGeneratePcm arm64 /Users/vardy/dev/alanvardy-var-1014-lower-deployment-targets-from-ios-187watchos-265-to-the/DerivedData/SDKExplicitPrecompiledModules/CoreTransferable-7R313KX3HRN3TZRAYW625MQZ4.pcm

SwiftExplicitDependencyGeneratePcm x86_64 /Users/vardy/dev/alanvardy-var-1014-lower-deployment-targets-from-ios-187watchos-265-to-the/DerivedData/SDKExplicitPrecompiledModules/SwiftUICore-CPWV0UZ7ELTVRB4NAWMHNCG5N.pcm

SwiftExplicitDependencyGeneratePcm x86_64 /Users/vardy/dev/alanvardy-var-1014-lower-deployment-targets-from-ios-187watchos-265-to-the/DerivedData/SDKExplicitPrecompiledModules/EventKit-3AOL6OY91VOGJPDTZ7QN1BFQR.pcm

SwiftExplicitDependencyGeneratePcm arm64 /Users/vardy/dev/alanvardy-var-1014-lower-deployment-targets-from-ios-187watchos-265-to-the/DerivedData/SDKExplicitPrecompiledModules/WatchConnectivity-6O7UU0Z6SY3664J8RL257PMLD.pcm

SwiftExplicitDependencyGeneratePcm arm64 /Users/vardy/dev/alanvardy-var-1014-lower-deployment-targets-from-ios-187watchos-265-to-the/DerivedData/SDKExplicitPrecompiledModules/DataDetection-3HJDCUB2FKBRJMESECUFRR50I.pcm

SwiftExplicitDependencyGeneratePcm arm64 /Users/vardy/dev/alanvardy-var-1014-lower-deployment-targets-from-ios-187watchos-265-to-the/DerivedData/SDKExplicitPrecompiledModules/UIUtilities-9WR26M04UED6HWP0I90HPYRFT.pcm

SwiftExplicitDependencyGeneratePcm arm64 /Users/vardy/dev/alanvardy-var-1014-lower-deployment-targets-from-ios-187watchos-265-to-the/DerivedData/SDKExplicitPrecompiledModules/RelevanceKit-CV4QAN5KCWPOHIT4FGJVRVYKA.pcm

SwiftExplicitDependencyGeneratePcm arm64 /Users/vardy/dev/alanvardy-var-1014-lower-deployment-targets-from-ios-187watchos-265-to-the/DerivedData/SDKExplicitPrecompiledModules/UserNotifications-AREBMLB2XY3ASLB56K2KLM5TG.pcm

SwiftExplicitDependencyGeneratePcm arm64 /Users/vardy/dev/alanvardy-var-1014-lower-deployment-targets-from-ios-187watchos-265-to-the/DerivedData/SDKExplicitPrecompiledModules/CoreMotion-9NZHI5E3LTDR3ZSP7FLFE3HN4.pcm

SwiftExplicitDependencyGeneratePcm arm64 /Users/vardy/dev/alanvardy-var-1014-lower-deployment-targets-from-ios-187watchos-265-to-the/DerivedData/SDKExplicitPrecompiledModules/EventKit-ETF9KLR04ZH94FXSWK7AV74MC.pcm

SwiftExplicitDependencyGeneratePcm arm64 /Users/vardy/dev/alanvardy-var-1014-lower-deployment-targets-from-ios-187watchos-265-to-the/DerivedData/SDKExplicitPrecompiledModules/UIKit-E5AWF4FU2KVRR485WLU8D1XFB.pcm

SwiftExplicitDependencyGeneratePcm arm64 /Users/vardy/dev/alanvardy-var-1014-lower-deployment-targets-from-ios-187watchos-265-to-the/DerivedData/SDKExplicitPrecompiledModules/CoreVideo-46NATTJRU1GGNCGZ2HM8VGLQO.pcm

SwiftExplicitDependencyGeneratePcm arm64 /Users/vardy/dev/alanvardy-var-1014-lower-deployment-targets-from-ios-187watchos-265-to-the/DerivedData/SDKExplicitPrecompiledModules/Intents-8KMT3S4LUI3RLZ3IHCLO2PREW.pcm

SwiftExplicitDependencyGeneratePcm arm64 /Users/vardy/dev/alanvardy-var-1014-lower-deployment-targets-from-ios-187watchos-265-to-the/DerivedData/SDKExplicitPrecompiledModules/QuartzCore-16AKV83K88QN26EVOHHQYUR51.pcm

SwiftExplicitDependencyGeneratePcm arm64 /Users/vardy/dev/alanvardy-var-1014-lower-deployment-targets-from-ios-187watchos-265-to-the/DerivedData/SDKExplicitPrecompiledModules/CoreMedia-EUM64A7P68TNK9JS80MCGV264.pcm

SwiftExplicitDependencyGeneratePcm arm64 /Users/vardy/dev/alanvardy-var-1014-lower-deployment-targets-from-ios-187watchos-265-to-the/DerivedData/SDKExplicitPrecompiledModules/CoreML-D6IU1WYB2283TPEZ4WRHV9H4Z.pcm

SwiftExplicitDependencyGeneratePcm arm64 /Users/vardy/dev/alanvardy-var-1014-lower-deployment-targets-from-ios-187watchos-265-to-the/DerivedData/SDKExplicitPrecompiledModules/CoreImage-6C37KPO7XD4PLB661C5AKRYJ8.pcm

SwiftExplicitDependencyGeneratePcm arm64 /Users/vardy/dev/alanvardy-var-1014-lower-deployment-targets-from-ios-187watchos-265-to-the/DerivedData/SDKExplicitPrecompiledModules/SwiftUICore-DF8ULGXAUWGKJWC8R9PL34F6I.pcm

SwiftExplicitDependencyGeneratePcm arm64 /Users/vardy/dev/alanvardy-var-1014-lower-deployment-targets-from-ios-187watchos-265-to-the/DerivedData/SDKExplicitPrecompiledModules/UIKit-6HTP9RB7RIKHXEO5BKPO9T5C5.pcm

SwiftExplicitDependencyGeneratePcm x86_64 /Users/vardy/dev/alanvardy-var-1014-lower-deployment-targets-from-ios-187watchos-265-to-the/DerivedData/SDKExplicitPrecompiledModules/MapKit-89YERDI23897H01UT4S95HKZZ.pcm

SwiftExplicitDependencyGeneratePcm x86_64 /Users/vardy/dev/alanvardy-var-1014-lower-deployment-targets-from-ios-187watchos-265-to-the/DerivedData/SDKExplicitPrecompiledModules/HomeKit-C0RXSLECR12QH6CXPPLFXNOFS.pcm

SwiftExplicitDependencyGeneratePcm x86_64 /Users/vardy/dev/alanvardy-var-1014-lower-deployment-targets-from-ios-187watchos-265-to-the/DerivedData/SDKExplicitPrecompiledModules/WatchKit-489UU7M7E1A2XWY91LJ4WSI1.pcm

SwiftExplicitDependencyGeneratePcm arm64 /Users/vardy/dev/alanvardy-var-1014-lower-deployment-targets-from-ios-187watchos-265-to-the/DerivedData/SDKExplicitPrecompiledModules/HomeKit-9GKQM3D15CSLKEO47Y59RFS79.pcm

SwiftExplicitDependencyGeneratePcm arm64 /Users/vardy/dev/alanvardy-var-1014-lower-deployment-targets-from-ios-187watchos-265-to-the/DerivedData/SDKExplicitPrecompiledModules/MapKit-EXJ5SBMVXERVAT0N5S2KD5S4Q.pcm

SwiftExplicitDependencyGeneratePcm x86_64 /Users/vardy/dev/alanvardy-var-1014-lower-deployment-targets-from-ios-187watchos-265-to-the/DerivedData/SDKExplicitPrecompiledModules/SwiftUI-EEJOHVGG1MO4J4PCAR3GSB0DE.pcm

SwiftExplicitDependencyGeneratePcm arm64 /Users/vardy/dev/alanvardy-var-1014-lower-deployment-targets-from-ios-187watchos-265-to-the/DerivedData/SDKExplicitPrecompiledModules/WatchKit-5E6B257E9P495S3MZD64J55VD.pcm

SwiftEmitModule normal x86_64 Emitting\ module\ for\ SingleThreadWatch (in target 'SingleThreadWatch' from project 'SingleThread')

SwiftCompile normal x86_64 (in target 'SingleThreadWatch' from project 'SingleThread')
    cd /Users/vardy/dev/alanvardy-var-1014-lower-deployment-targets-from-ios-187watchos-265-to-the
    

SwiftCompile normal x86_64 Compiling\ WatchAppViewModel.swift /Users/vardy/dev/alanvardy-var-1014-lower-deployment-targets-from-ios-187watchos-265-to-the/SingleThreadWatch/WatchAppViewModel.swift (in target 'SingleThreadWatch' from project 'SingleThread')

SwiftCompile normal x86_64 /Users/vardy/dev/alanvardy-var-1014-lower-deployment-targets-from-ios-187watchos-265-to-the/SingleThreadWatch/WatchAppViewModel.swift (in target 'SingleThreadWatch' from project 'SingleThread')
    cd /Users/vardy/dev/alanvardy-var-1014-lower-deployment-targets-from-ios-187watchos-265-to-the
    builtin-SwiftPerFileCompile WatchAppViewModel.swift

SwiftCompile normal x86_64 Compiling\ WatchReminderViewModel.swift /Users/vardy/dev/alanvardy-var-1014-lower-deployment-targets-from-ios-187watchos-265-to-the/SingleThreadWatch/WatchReminderViewModel.swift (in target 'SingleThreadWatch' from project 'SingleThread')

SwiftCompile normal x86_64 /Users/vardy/dev/alanvardy-var-1014-lower-deployment-targets-from-ios-187watchos-265-to-the/SingleThreadWatch/WatchReminderViewModel.swift (in target 'SingleThreadWatch' from project 'SingleThread')
    cd /Users/vardy/dev/alanvardy-var-1014-lower-deployment-targets-from-ios-187watchos-265-to-the
    builtin-SwiftPerFileCompile WatchReminderViewModel.swift

SwiftCompile normal x86_64 Compiling\ GeneratedAssetSymbols.swift /Users/vardy/dev/alanvardy-var-1014-lower-deployment-targets-from-ios-187watchos-265-to-the/DerivedData/Build/Intermediates.noindex/SingleThread.build/Debug-watchsimulator/SingleThreadWatch.build/DerivedSources/GeneratedAssetSymbols.swift (in target 'SingleThreadWatch' from project 'SingleThread')

SwiftCompile normal x86_64 /Users/vardy/dev/alanvardy-var-1014-lower-deployment-targets-from-ios-187watchos-265-to-the/DerivedData/Build/Intermediates.noindex/SingleThread.build/Debug-watchsimulator/SingleThreadWatch.build/DerivedSources/GeneratedAssetSymbols.swift (in target 'SingleThreadWatch' from project 'SingleThread')
    cd /Users/vardy/dev/alanvardy-var-1014-lower-deployment-targets-from-ios-187watchos-265-to-the
    builtin-SwiftPerFileCompile GeneratedAssetSymbols.swift

SwiftCompile normal x86_64 Compiling\ SingleThreadWatchApp.swift /Users/vardy/dev/alanvardy-var-1014-lower-deployment-targets-from-ios-187watchos-265-to-the/SingleThreadWatch/SingleThreadWatchApp.swift (in target 'SingleThreadWatch' from project 'SingleThread')

SwiftCompile normal x86_64 /Users/vardy/dev/alanvardy-var-1014-lower-deployment-targets-from-ios-187watchos-265-to-the/SingleThreadWatch/SingleThreadWatchApp.swift (in target 'SingleThreadWatch' from project 'SingleThread')
    cd /Users/vardy/dev/alanvardy-var-1014-lower-deployment-targets-from-ios-187watchos-265-to-the
    builtin-SwiftPerFileCompile SingleThreadWatchApp.swift

SwiftCompile normal x86_64 Compiling\ ShowAlarmsState.swift /Users/vardy/dev/alanvardy-var-1014-lower-deployment-targets-from-ios-187watchos-265-to-the/SingleThreadWatch/ShowAlarmsState.swift (in target 'SingleThreadWatch' from project 'SingleThread')

SwiftCompile normal x86_64 /Users/vardy/dev/alanvardy-var-1014-lower-deployment-targets-from-ios-187watchos-265-to-the/SingleThreadWatch/ShowAlarmsState.swift (in target 'SingleThreadWatch' from project 'SingleThread')
    cd /Users/vardy/dev/alanvardy-var-1014-lower-deployment-targets-from-ios-187watchos-265-to-the
    builtin-SwiftPerFileCompile ShowAlarmsState.swift

SwiftCompile normal x86_64 Compiling\ ShowEnableActionButtonsState.swift /Users/vardy/dev/alanvardy-var-1014-lower-deployment-targets-from-ios-187watchos-265-to-the/SingleThreadWatch/ShowEnableActionButtonsState.swift (in target 'SingleThreadWatch' from project 'SingleThread')

SwiftCompile normal x86_64 /Users/vardy/dev/alanvardy-var-1014-lower-deployment-targets-from-ios-187watchos-265-to-the/SingleThreadWatch/ShowEnableActionButtonsState.swift (in target 'SingleThreadWatch' from project 'SingleThread')
    cd /Users/vardy/dev/alanvardy-var-1014-lower-deployment-targets-from-ios-187watchos-265-to-the
    builtin-SwiftPerFileCompile ShowEnableActionButtonsState.swift

SwiftCompile normal x86_64 Compiling\ ShowListState.swift /Users/vardy/dev/alanvardy-var-1014-lower-deployment-targets-from-ios-187watchos-265-to-the/SingleThreadWatch/ShowListState.swift (in target 'SingleThreadWatch' from project 'SingleThread')

SwiftCompile normal x86_64 /Users/vardy/dev/alanvardy-var-1014-lower-deployment-targets-from-ios-187watchos-265-to-the/SingleThreadWatch/ShowListState.swift (in target 'SingleThreadWatch' from project 'SingleThread')
    cd /Users/vardy/dev/alanvardy-var-1014-lower-deployment-targets-from-ios-187watchos-265-to-the
    builtin-SwiftPerFileCompile ShowListState.swift

SwiftCompile normal x86_64 Compiling\ ShowCompletionGlowState.swift /Users/vardy/dev/alanvardy-var-1014-lower-deployment-targets-from-ios-187watchos-265-to-the/SingleThreadWatch/ShowCompletionGlowState.swift (in target 'SingleThreadWatch' from project 'SingleThread')

SwiftCompile normal x86_64 /Users/vardy/dev/alanvardy-var-1014-lower-deployment-targets-from-ios-187watchos-265-to-the/SingleThreadWatch/ShowCompletionGlowState.swift (in target 'SingleThreadWatch' from project 'SingleThread')
    cd /Users/vardy/dev/alanvardy-var-1014-lower-deployment-targets-from-ios-187watchos-265-to-the
    builtin-SwiftPerFileCompile ShowCompletionGlowState.swift

SwiftCompile normal x86_64 Compiling\ ShowDateState.swift /Users/vardy/dev/alanvardy-var-1014-lower-deployment-targets-from-ios-187watchos-265-to-the/SingleThreadWatch/ShowDateState.swift (in target 'SingleThreadWatch' from project 'SingleThread')

SwiftCompile normal x86_64 /Users/vardy/dev/alanvardy-var-1014-lower-deployment-targets-from-ios-187watchos-265-to-the/SingleThreadWatch/ShowDateState.swift (in target 'SingleThreadWatch' from project 'SingleThread')
    cd /Users/vardy/dev/alanvardy-var-1014-lower-deployment-targets-from-ios-187watchos-265-to-the
    builtin-SwiftPerFileCompile ShowDateState.swift

SwiftCompile normal x86_64 Compiling\ ShowRecurrenceState.swift /Users/vardy/dev/alanvardy-var-1014-lower-deployment-targets-from-ios-187watchos-265-to-the/SingleThreadWatch/ShowRecurrenceState.swift (in target 'SingleThreadWatch' from project 'SingleThread')

SwiftCompile normal x86_64 /Users/vardy/dev/alanvardy-var-1014-lower-deployment-targets-from-ios-187watchos-265-to-the/SingleThreadWatch/ShowRecurrenceState.swift (in target 'SingleThreadWatch' from project 'SingleThread')
    cd /Users/vardy/dev/alanvardy-var-1014-lower-deployment-targets-from-ios-187watchos-265-to-the
    builtin-SwiftPerFileCompile ShowRecurrenceState.swift

SwiftExplicitDependencyGeneratePcm arm64 /Users/vardy/dev/alanvardy-var-1014-lower-deployment-targets-from-ios-187watchos-265-to-the/DerivedData/SDKExplicitPrecompiledModules/SwiftUI-CXBMHH3ONSOCINW06Y1IFNUFC.pcm

SwiftExplicitDependencyGeneratePcm arm64 /Users/vardy/dev/alanvardy-var-1014-lower-deployment-targets-from-ios-187watchos-265-to-the/DerivedData/SDKExplicitPrecompiledModules/SwiftUI-7IRBU6DP9IACLRE2L74XG6I35.pcm

SwiftEmitModule normal arm64 Emitting\ module\ for\ SingleThreadWatch (in target 'SingleThreadWatch' from project 'SingleThread')

SwiftCompile normal arm64 (in target 'SingleThreadWatch' from project 'SingleThread')
    cd /Users/vardy/dev/alanvardy-var-1014-lower-deployment-targets-from-ios-187watchos-265-to-the
    

SwiftExplicitDependencyGeneratePcm arm64 /Users/vardy/dev/alanvardy-var-1014-lower-deployment-targets-from-ios-187watchos-265-to-the/DerivedData/SDKExplicitPrecompiledModules/StoreKit-6MVKW67ZAW9BS7SF9PI7M9WJI.pcm

SwiftDriverJobDiscovery normal x86_64 Compiling GeneratedAssetSymbols.swift (in target 'SingleThreadWatch' from project 'SingleThread')

SwiftCompile normal arm64 Compiling\ WatchReminderViewModel.swift /Users/vardy/dev/alanvardy-var-1014-lower-deployment-targets-from-ios-187watchos-265-to-the/SingleThreadWatch/WatchReminderViewModel.swift (in target 'SingleThreadWatch' from project 'SingleThread')

SwiftCompile normal arm64 /Users/vardy/dev/alanvardy-var-1014-lower-deployment-targets-from-ios-187watchos-265-to-the/SingleThreadWatch/WatchReminderViewModel.swift (in target 'SingleThreadWatch' from project 'SingleThread')
    cd /Users/vardy/dev/alanvardy-var-1014-lower-deployment-targets-from-ios-187watchos-265-to-the
    builtin-SwiftPerFileCompile WatchReminderViewModel.swift

SwiftDriverJobDiscovery normal x86_64 Compiling ShowDateState.swift (in target 'SingleThreadWatch' from project 'SingleThread')

SwiftCompile normal arm64 Compiling\ ShowCompletionGlowState.swift /Users/vardy/dev/alanvardy-var-1014-lower-deployment-targets-from-ios-187watchos-265-to-the/SingleThreadWatch/ShowCompletionGlowState.swift (in target 'SingleThreadWatch' from project 'SingleThread')

SwiftCompile normal arm64 /Users/vardy/dev/alanvardy-var-1014-lower-deployment-targets-from-ios-187watchos-265-to-the/SingleThreadWatch/ShowCompletionGlowState.swift (in target 'SingleThreadWatch' from project 'SingleThread')
    cd /Users/vardy/dev/alanvardy-var-1014-lower-deployment-targets-from-ios-187watchos-265-to-the
    builtin-SwiftPerFileCompile ShowCompletionGlowState.swift

SwiftDriverJobDiscovery normal x86_64 Compiling ShowListState.swift (in target 'SingleThreadWatch' from project 'SingleThread')

SwiftCompile normal arm64 Compiling\ ShowRecurrenceState.swift /Users/vardy/dev/alanvardy-var-1014-lower-deployment-targets-from-ios-187watchos-265-to-the/SingleThreadWatch/ShowRecurrenceState.swift (in target 'SingleThreadWatch' from project 'SingleThread')

SwiftCompile normal arm64 /Users/vardy/dev/alanvardy-var-1014-lower-deployment-targets-from-ios-187watchos-265-to-the/SingleThreadWatch/ShowRecurrenceState.swift (in target 'SingleThreadWatch' from project 'SingleThread')
    cd /Users/vardy/dev/alanvardy-var-1014-lower-deployment-targets-from-ios-187watchos-265-to-the
    builtin-SwiftPerFileCompile ShowRecurrenceState.swift

SwiftDriverJobDiscovery normal x86_64 Compiling ShowCompletionGlowState.swift (in target 'SingleThreadWatch' from project 'SingleThread')

SwiftCompile normal arm64 Compiling\ WatchReminderView.swift /Users/vardy/dev/alanvardy-var-1014-lower-deployment-targets-from-ios-187watchos-265-to-the/SingleThreadWatch/WatchReminderView.swift (in target 'SingleThreadWatch' from project 'SingleThread')

SwiftCompile normal arm64 /Users/vardy/dev/alanvardy-var-1014-lower-deployment-targets-from-ios-187watchos-265-to-the/SingleThreadWatch/WatchReminderView.swift (in target 'SingleThreadWatch' from project 'SingleThread')
    cd /Users/vardy/dev/alanvardy-var-1014-lower-deployment-targets-from-ios-187watchos-265-to-the
    builtin-SwiftPerFileCompile WatchReminderView.swift

SwiftDriverJobDiscovery normal x86_64 Compiling ShowEnableActionButtonsState.swift (in target 'SingleThreadWatch' from project 'SingleThread')

SwiftCompile normal arm64 Compiling\ WatchAppViewModel.swift /Users/vardy/dev/alanvardy-var-1014-lower-deployment-targets-from-ios-187watchos-265-to-the/SingleThreadWatch/WatchAppViewModel.swift (in target 'SingleThreadWatch' from project 'SingleThread')

SwiftCompile normal arm64 /Users/vardy/dev/alanvardy-var-1014-lower-deployment-targets-from-ios-187watchos-265-to-the/SingleThreadWatch/WatchAppViewModel.swift (in target 'SingleThreadWatch' from project 'SingleThread')
    cd /Users/vardy/dev/alanvardy-var-1014-lower-deployment-targets-from-ios-187watchos-265-to-the
    builtin-SwiftPerFileCompile WatchAppViewModel.swift

SwiftDriverJobDiscovery normal x86_64 Compiling ShowAlarmsState.swift (in target 'SingleThreadWatch' from project 'SingleThread')

SwiftCompile normal arm64 Compiling\ ShowListState.swift /Users/vardy/dev/alanvardy-var-1014-lower-deployment-targets-from-ios-187watchos-265-to-the/SingleThreadWatch/ShowListState.swift (in target 'SingleThreadWatch' from project 'SingleThread')

SwiftCompile normal arm64 /Users/vardy/dev/alanvardy-var-1014-lower-deployment-targets-from-ios-187watchos-265-to-the/SingleThreadWatch/ShowListState.swift (in target 'SingleThreadWatch' from project 'SingleThread')
    cd /Users/vardy/dev/alanvardy-var-1014-lower-deployment-targets-from-ios-187watchos-265-to-the
    builtin-SwiftPerFileCompile ShowListState.swift

SwiftDriverJobDiscovery normal x86_64 Compiling ShowRecurrenceState.swift (in target 'SingleThreadWatch' from project 'SingleThread')

SwiftCompile normal arm64 Compiling\ ShowAlarmsState.swift /Users/vardy/dev/alanvardy-var-1014-lower-deployment-targets-from-ios-187watchos-265-to-the/SingleThreadWatch/ShowAlarmsState.swift (in target 'SingleThreadWatch' from project 'SingleThread')

SwiftCompile normal arm64 /Users/vardy/dev/alanvardy-var-1014-lower-deployment-targets-from-ios-187watchos-265-to-the/SingleThreadWatch/ShowAlarmsState.swift (in target 'SingleThreadWatch' from project 'SingleThread')
    cd /Users/vardy/dev/alanvardy-var-1014-lower-deployment-targets-from-ios-187watchos-265-to-the
    builtin-SwiftPerFileCompile ShowAlarmsState.swift

SwiftEmitModule normal arm64 Emitting\ module\ for\ SingleThreadWidget (in target 'SingleThreadWidget' from project 'SingleThread')
/Users/vardy/dev/alanvardy-var-1014-lower-deployment-targets-from-ios-187watchos-265-to-the/SingleThreadWidget/NextThingWidget.swift:3:8: error: compiling for iOS 16.0, but module 'SingleThreadCore' has a minimum deployment target of iOS 17.0: /Users/vardy/dev/alanvardy-var-1014-lower-deployment-targets-from-ios-187watchos-265-to-the/DerivedData/Build/Products/Debug-iphonesimulator/SingleThreadCore.swiftmodule/arm64-apple-ios-simulator.swiftmodule
  1 | import AppIntents
  2 | import EventKit
  3 | import SingleThreadCore
    |        `- error: compiling for iOS 16.0, but module 'SingleThreadCore' has a minimum deployment target of iOS 17.0: /Users/vardy/dev/alanvardy-var-1014-lower-deployment-targets-from-ios-187watchos-265-to-the/DerivedData/Build/Products/Debug-iphonesimulator/SingleThreadCore.swiftmodule/arm64-apple-ios-simulator.swiftmodule
  4 | import SwiftUI
  5 | import WidgetKit
Failed frontend command:
/Applications/Xcode.app/Contents/Developer/Toolchains/XcodeDefault.xctoolchain/usr/bin/swift-frontend -frontend -emit-module -experimental-skip-non-inlinable-function-bodies-without-types /Users/vardy/dev/alanvardy-var-1014-lower-deployment-targets-from-ios-187watchos-265-to-the/SingleThreadWidget/NextThingWidget.swift /Users/vardy/dev/alanvardy-var-1014-lower-deployment-targets-from-ios-187watchos-265-to-the/SingleThreadWidget/SingleThreadWidgetBundle.swift -target arm64-apple-ios16.0-simulator -disable-cross-import-overlay-search -swift-module-cross-import AppIntents /Applications/Xcode.app/Contents/Developer/Platforms/iPhoneSimulator.platform/Developer/SDKs/iPhoneSimulator.sdk/System/Library/Frameworks/AppIntents.framework/Modules/AppIntents.swiftcrossimport/HealthKit.swiftoverlay -swift-module-cross-import AppIntents /Applications/Xcode.app/Contents/Developer/Platforms/iPhoneSimulator.platform/Developer/SDKs/iPhoneSimulator.sdk/System/Library/Frameworks/AppIntents.framework/Modules/AppIntents.swiftcrossimport/SwiftUI.swiftoverlay -swift-module-cross-import AppIntents /Applications/Xcode.app/Contents/Developer/Platforms/iPhoneSimulator.platform/Developer/SDKs/iPhoneSimulator.sdk/System/Library/Frameworks/AppIntents.framework/Modules/AppIntents.swiftcrossimport/UIKit.swiftoverlay -swift-module-cross-import AppIntents /Applications/Xcode.app/Contents/Developer/Platforms/iPhoneSimulator.platform/Developer/SDKs/iPhoneSimulator27.0.sdk/System/Library/Frameworks/AppIntents.framework/Modules/AppIntents.swiftcrossimport/HealthKit.swiftoverlay -swift-module-cross-import AppIntents /Applications/Xcode.app/Contents/Developer/Platforms/iPhoneSimulator.platform/Developer/SDKs/iPhoneSimulator27.0.sdk/System/Library/Frameworks/AppIntents.framework/Modules/AppIntents.swiftcrossimport/SwiftUI.swiftoverlay -swift-module-cross-import AppIntents /Applications/Xcode.app/Contents/Developer/Platforms/iPhoneSimulator.platform/Developer/SDKs/iPhoneSimulator27.0.sdk/System/Library/Frameworks/AppIntents.framework/Modules/AppIntents.swiftcrossimport/UIKit.swiftoverlay -swift-module-cross-import RelevanceKit /Applications/Xcode.app/Contents/Developer/Platforms/iPhoneSimulator.platform/Developer/SDKs/iPhoneSimulator.sdk/System/Library/Frameworks/RelevanceKit.framework/Modules/RelevanceKit.swiftcrossimport/MapKit.swiftoverlay -swift-module-cross-import RelevanceKit /Applications/Xcode.app/Contents/Developer/Platforms/iPhoneSimulator.platform/Developer/SDKs/iPhoneSimulator27.0.sdk/System/Library/Frameworks/RelevanceKit.framework/Modules/RelevanceKit.swiftcrossimport/MapKit.swiftoverlay -load-resolved-plugin /Applications/Xcode.app/Contents/Developer/Platforms/iPhoneOS.platform/Developer/usr/lib/swift/host/plugins/libAppIntentsMacros.dylib\#/Applications/Xcode.app/Contents/Developer/Platforms/iPhoneOS.platform/Developer/usr/bin/swift-plugin-server\#AppIntentsMacros -load-resolved-plugin /Applications/Xcode.app/Contents/Developer/Platforms/iPhoneOS.platform/Developer/usr/lib/swift/host/plugins/libFoundationMacros.dylib\#/Applications/Xcode.app/Contents/Developer/Platforms/iPhoneOS.platform/Developer/usr/bin/swift-plugin-server\#FoundationMacros -load-resolved-plugin /Applications/Xcode.app/Contents/Developer/Platforms/iPhoneOS.platform/Developer/usr/lib/swift/host/plugins/libObservationMacros.dylib\#/Applications/Xcode.app/Contents/Developer/Platforms/iPhoneOS.platform/Developer/usr/bin/swift-plugin-server\#ObservationMacros -load-resolved-plugin /Applications/Xcode.app/Contents/Developer/Platforms/iPhoneOS.platform/Developer/usr/lib/swift/host/plugins/libPreviewsMacros.dylib\#/Applications/Xcode.app/Contents/Developer/Platforms/iPhoneOS.platform/Developer/usr/bin/swift-plugin-server\#PreviewsMacros -load-resolved-plugin /Applications/Xcode.app/Contents/Developer/Platforms/iPhoneOS.platform/Developer/usr/lib/swift/host/plugins/libSwiftMacros.dylib\#/Applications/Xcode.app/Contents/Developer/Platforms/iPhoneOS.platform/Developer/usr/bin/swift-plugin-server\#SwiftMacros -load-resolved-plugin /Applications/Xcode.app/Contents/Developer/Platforms/iPhoneOS.platform/Developer/usr/lib/swift/host/plugins/libSwiftUIMacros.dylib\#/Applications/Xcode.app/Contents/Developer/Platforms/iPhoneOS.platform/Developer/usr/bin/swift-plugin-server\#SwiftUIMacros -disable-implicit-swift-modules -Xcc -fno-implicit-modules -Xcc -fno-implicit-module-maps -explicit-swift-module-map-file /Users/vardy/dev/alanvardy-var-1014-lower-deployment-targets-from-ios-187watchos-265-to-the/DerivedData/Build/Intermediates.noindex/SingleThread.build/Debug-iphonesimulator/SingleThreadWidget.build/Objects-normal/arm64/SingleThreadWidget-dependencies-1.json -Xllvm -aarch64-use-tbi -enable-objc-interop -sdk /Applications/Xcode.app/Contents/Developer/Platforms/iPhoneSimulator.platform/Developer/SDKs/iPhoneSimulator27.0.sdk -I /Users/vardy/dev/alanvardy-var-1014-lower-deployment-targets-from-ios-187watchos-265-to-the/DerivedData/Build/Products/Debug-iphonesimulator -F /Users/vardy/dev/alanvardy-var-1014-lower-deployment-targets-from-ios-187watchos-265-to-the/DerivedData/Build/Products/Debug-iphonesimulator/PackageFrameworks -F /Users/vardy/dev/alanvardy-var-1014-lower-deployment-targets-from-ios-187watchos-265-to-the/DerivedData/Build/Products/Debug-iphonesimulator -module-cache-path /Users/vardy/dev/alanvardy-var-1014-lower-deployment-targets-from-ios-187watchos-265-to-the/DerivedData/Build/Intermediates.noindex/SwiftExplicitPrecompiledModules -no-color-diagnostics -Xcc -fno-color-diagnostics -application-extension -enable-testing -g -debug-info-format\=dwarf -dwarf-version\=4 -profile-generate -profile-coverage-mapping -warnings-as-errors -warnings-as-errors -swift-version 6 -Onone -D DEBUG -serialize-debugging-options -enable-upcoming-feature MemberImportVisibility -enable-upcoming-feature InferIsolatedConformances -enable-upcoming-feature NonisolatedNonsendingByDefault -enable-experimental-feature DebugDescriptionMacro -empty-abi-descriptor -validate-clang-modules-once -clang-build-session-file /Users/vardy/dev/alanvardy-var-1014-lower-deployment-targets-from-ios-187watchos-265-to-the/DerivedData/ModuleCache.noindex/Session.modulevalidation -Xcc -working-directory -Xcc /Users/vardy/dev/alanvardy-var-1014-lower-deployment-targets-from-ios-187watchos-265-to-the -enable-anonymous-context-mangled-names -file-compilation-dir /Users/vardy/dev/alanvardy-var-1014-lower-deployment-targets-from-ios-187watchos-265-to-the -Xcc -D_LIBCPP_HARDENING_MODE\=_LIBCPP_HARDENING_MODE_DEBUG -Xcc -ivfsstatcache -Xcc /Users/vardy/dev/alanvardy-var-1014-lower-deployment-targets-from-ios-187watchos-265-to-the/DerivedData/SDKStatCaches.noindex/iphonesimulator27.0-24A430-8dc58220667be655e1bcc261a7455254.sdkstatcache -Xcc -fmodules-prune-interval\=86400 -Xcc -fmodules-prune-after\=345600 -Xcc -iquote -Xcc /Users/vardy/dev/alanvardy-var-1014-lower-deployment-targets-from-ios-187watchos-265-to-the/DerivedData/Build/Intermediates.noindex/SingleThread.build/Debug-iphonesimulator/SingleThreadWidget.build/SingleThreadWidget-generated-files.hmap -Xcc -I/Users/vardy/dev/alanvardy-var-1014-lower-deployment-targets-from-ios-187watchos-265-to-the/DerivedData/Build/Intermediates.noindex/SingleThread.build/Debug-iphonesimulator/SingleThreadWidget.build/SingleThreadWidget-own-target-headers.hmap -Xcc -I/Users/vardy/dev/alanvardy-var-1014-lower-deployment-targets-from-ios-187watchos-265-to-the/DerivedData/Build/Intermediates.noindex/SingleThread.build/Debug-iphonesimulator/SingleThreadWidget.build/SingleThreadWidget-all-non-framework-target-headers.hmap -Xcc -ivfsoverlay -Xcc /Users/vardy/dev/alanvardy-var-1014-lower-deployment-targets-from-ios-187watchos-265-to-the/DerivedData/Build/Intermediates.noindex/SingleThread.build/Debug-iphonesimulator/SingleThread-33ec346c36bc7f11d2672a35e2382a55-VFS-iphonesimulator/all-product-headers.yaml -Xcc -iquote -Xcc /Users/vardy/dev/alanvardy-var-1014-lower-deployment-targets-from-ios-187watchos-265-to-the/DerivedData/Build/Intermediates.noindex/SingleThread.build/Debug-iphonesimulator/SingleThreadWidget.build/SingleThreadWidget-project-headers.hmap -Xcc -I/Users/vardy/dev/alanvardy-var-1014-lower-deployment-targets-from-ios-187watchos-265-to-the/DerivedData/Build/Products/Debug-iphonesimulator/include -Xcc -I/Users/vardy/dev/alanvardy-var-1014-lower-deployment-targets-from-ios-187watchos-265-to-the/DerivedData/Build/Intermediates.noindex/SingleThread.build/Debug-iphonesimulator/SingleThreadWidget.build/DerivedSources-normal/arm64 -Xcc -I/Users/vardy/dev/alanvardy-var-1014-lower-deployment-targets-from-ios-187watchos-265-to-the/DerivedData/Build/Intermediates.noindex/SingleThread.build/Debug-iphonesimulator/SingleThreadWidget.build/DerivedSources/arm64 -Xcc -I/Users/vardy/dev/alanvardy-var-1014-lower-deployment-targets-from-ios-187watchos-265-to-the/DerivedData/Build/Intermediates.noindex/SingleThread.build/Debug-iphonesimulator/SingleThreadWidget.build/DerivedSources -Xcc -DDEBUG\=1 -no-auto-bridging-header-chaining -module-name SingleThreadWidget -const-gather-protocols-file /Users/vardy/dev/alanvardy-var-1014-lower-deployment-targets-from-ios-187watchos-265-to-the/DerivedData/Build/Intermediates.noindex/SingleThread.build/Debug-iphonesimulator/SingleThreadWidget.build/Objects-normal/arm64/SingleThreadWidget_const_extract_protocols.json -disable-clang-spi -clang-target arm64-apple-ios27.0-simulator -target-sdk-version 27.0 -target-sdk-name iphonesimulator27.0 -in-process-plugin-server-path /Applications/Xcode.app/Contents/Developer/Toolchains/XcodeDefault.xctoolchain/usr/lib/swift/host/libSwiftInProcPluginServer.dylib -emit-module-doc-path /Users/vardy/dev/alanvardy-var-1014-lower-deployment-targets-from-ios-187watchos-265-to-the/DerivedData/Build/Intermediates.noindex/SingleThread.build/Debug-iphonesimulator/SingleThreadWidget.build/Objects-normal/arm64/SingleThreadWidget.swiftdoc -emit-module-source-info-path /Users/vardy/dev/alanvardy-var-1014-lower-deployment-targets-from-ios-187watchos-265-to-the/DerivedData/Build/Intermediates.noindex/SingleThread.build/Debug-iphonesimulator/SingleThreadWidget.build/Objects-normal/arm64/SingleThreadWidget.swiftsourceinfo -emit-objc-header-path /Users/vardy/dev/alanvardy-var-1014-lower-deployment-targets-from-ios-187watchos-265-to-the/DerivedData/Build/Intermediates.noindex/SingleThread.build/Debug-iphonesimulator/SingleThreadWidget.build/Objects-normal/arm64/SingleThreadWidget-Swift.h -serialize-diagnostics-path /Users/vardy/dev/alanvardy-var-1014-lower-deployment-targets-from-ios-187watchos-265-to-the/DerivedData/Build/Intermediates.noindex/SingleThread.build/Debug-iphonesimulator/SingleThreadWidget.build/Objects-normal/arm64/SingleThreadWidget-primary-emit-module.dia -emit-dependencies-path /Users/vardy/dev/alanvardy-var-1014-lower-deployment-targets-from-ios-187watchos-265-to-the/DerivedData/Build/Intermediates.noindex/SingleThread.build/Debug-iphonesimulator/SingleThreadWidget.build/Objects-normal/arm64/SingleThreadWidget-primary-emit-module.d -o /Users/vardy/dev/alanvardy-var-1014-lower-deployment-targets-from-ios-187watchos-265-to-the/DerivedData/Build/Intermediates.noindex/SingleThread.build/Debug-iphonesimulator/SingleThreadWidget.build/Objects-normal/arm64/SingleThreadWidget.swiftmodule -emit-abi-descriptor-path /Users/vardy/dev/alanvardy-var-1014-lower-deployment-targets-from-ios-187watchos-265-to-the/DerivedData/Build/Intermediates.noindex/SingleThread.build/Debug-iphonesimulator/SingleThreadWidget.build/Objects-normal/arm64/SingleThreadWidget.abi.json

SwiftCompile normal arm64 (in target 'SingleThreadWidget' from project 'SingleThread')
    cd /Users/vardy/dev/alanvardy-var-1014-lower-deployment-targets-from-ios-187watchos-265-to-the
    

SwiftDriverJobDiscovery normal x86_64 Compiling SingleThreadWatchApp.swift (in target 'SingleThreadWatch' from project 'SingleThread')

SwiftCompile normal arm64 Compiling\ NextThingWidget.swift /Users/vardy/dev/alanvardy-var-1014-lower-deployment-targets-from-ios-187watchos-265-to-the/SingleThreadWidget/NextThingWidget.swift (in target 'SingleThreadWidget' from project 'SingleThread')

SwiftCompile normal arm64 /Users/vardy/dev/alanvardy-var-1014-lower-deployment-targets-from-ios-187watchos-265-to-the/SingleThreadWidget/NextThingWidget.swift (in target 'SingleThreadWidget' from project 'SingleThread')
    cd /Users/vardy/dev/alanvardy-var-1014-lower-deployment-targets-from-ios-187watchos-265-to-the
    builtin-SwiftPerFileCompile NextThingWidget.swift

SwiftDriverJobDiscovery normal x86_64 Emitting module for SingleThreadWatch (in target 'SingleThreadWatch' from project 'SingleThread')

SwiftDriver\ Compilation\ Requirements SingleThreadWatch normal x86_64 com.apple.xcode.tools.swift.compiler (in target 'SingleThreadWatch' from project 'SingleThread')
    cd /Users/vardy/dev/alanvardy-var-1014-lower-deployment-targets-from-ios-187watchos-265-to-the
    builtin-Swift-Compilation-Requirements -- /Applications/Xcode.app/Contents/Developer/Toolchains/XcodeDefault.xctoolchain/usr/bin/swiftc -module-name SingleThreadWatch -Onone @/Users/vardy/dev/alanvardy-var-1014-lower-deployment-targets-from-ios-187watchos-265-to-the/DerivedData/Build/Intermediates.noindex/SingleThread.build/Debug-watchsimulator/SingleThreadWatch.build/Objects-normal/x86_64/SingleThreadWatch.SwiftFileList -DDEBUG -default-isolation\=MainActor -enable-upcoming-feature InferIsolatedConformances -enable-upcoming-feature NonisolatedNonsendingByDefault -enable-experimental-feature DebugDescriptionMacro -sdk /Applications/Xcode.app/Contents/Developer/Platforms/WatchSimulator.platform/Developer/SDKs/WatchSimulator27.0.sdk -target x86_64-apple-watchos11.0-simulator -g -module-cache-path /Users/vardy/dev/alanvardy-var-1014-lower-deployment-targets-from-ios-187watchos-265-to-the/DerivedData/ModuleCache.noindex -Xfrontend -serialize-debugging-options -profile-coverage-mapping -profile-generate -enable-testing -warnings-as-errors -index-store-path /Users/vardy/dev/alanvardy-var-1014-lower-deployment-targets-from-ios-187watchos-265-to-the/DerivedData/Index.noindex/DataStore -Xcc -D_LIBCPP_HARDENING_MODE\=_LIBCPP_HARDENING_MODE_DEBUG -swift-version 6 -I /Users/vardy/dev/alanvardy-var-1014-lower-deployment-targets-from-ios-187watchos-265-to-the/DerivedData/Build/Products/Debug-watchsimulator -F /Users/vardy/dev/alanvardy-var-1014-lower-deployment-targets-from-ios-187watchos-265-to-the/DerivedData/Build/Products/Debug-watchsimulator/PackageFrameworks -F /Users/vardy/dev/alanvardy-var-1014-lower-deployment-targets-from-ios-187watchos-265-to-the/DerivedData/Build/Products/Debug-watchsimulator -emit-localized-strings -emit-localized-strings-path /Users/vardy/dev/alanvardy-var-1014-lower-deployment-targets-from-ios-187watchos-265-to-the/DerivedData/Build/Intermediates.noindex/SingleThread.build/Debug-watchsimulator/SingleThreadWatch.build/Objects-normal/x86_64 -c -j12 -enable-batch-mode -incremental -Xcc -ivfsstatcache -Xcc /Users/vardy/dev/alanvardy-var-1014-lower-deployment-targets-from-ios-187watchos-265-to-the/DerivedData/SDKStatCaches.noindex/watchsimulator27.0-24R360-c50668d93734557a32a78b937f5ceaf1.sdkstatcache -output-file-map /Users/vardy/dev/alanvardy-var-1014-lower-deployment-targets-from-ios-187watchos-265-to-the/DerivedData/Build/Intermediates.noindex/SingleThread.build/Debug-watchsimulator/SingleThreadWatch.build/Objects-normal/x86_64/SingleThreadWatch-OutputFileMap.json -save-temps -no-color-diagnostics -explicit-module-build -module-cache-path /Users/vardy/dev/alanvardy-var-1014-lower-deployment-targets-from-ios-187watchos-265-to-the/DerivedData/Build/Intermediates.noindex/SwiftExplicitPrecompiledModules -clang-scanner-module-cache-path /Users/vardy/dev/alanvardy-var-1014-lower-deployment-targets-from-ios-187watchos-265-to-the/DerivedData/ModuleCache.noindex -sdk-module-cache-path /Users/vardy/dev/alanvardy-var-1014-lower-deployment-targets-from-ios-187watchos-265-to-the/DerivedData/SDKExplicitPrecompiledModules -emit-dependencies -emit-module -emit-module-path /Users/vardy/dev/alanvardy-var-1014-lower-deployment-targets-from-ios-187watchos-265-to-the/DerivedData/Build/Intermediates.noindex/SingleThread.build/Debug-watchsimulator/SingleThreadWatch.build/Objects-normal/x86_64/SingleThreadWatch.swiftmodule -serialize-diagnostics -dependency-scan-serialize-diagnostics-path /Users/vardy/dev/alanvardy-var-1014-lower-deployment-targets-from-ios-187watchos-265-to-the/DerivedData/Build/Intermediates.noindex/SingleThread.build/Debug-watchsimulator/SingleThreadWatch.build/Objects-normal/x86_64/SingleThreadWatch-dependency-scan.dia -validate-clang-modules-once -clang-build-session-file /Users/vardy/dev/alanvardy-var-1014-lower-deployment-targets-from-ios-187watchos-265-to-the/DerivedData/ModuleCache.noindex/Session.modulevalidation -Xcc -fmodules-prune-interval\=86400 -Xcc -fmodules-prune-after\=345600 -emit-const-values -const-gather-protocols-list /Users/vardy/dev/alanvardy-var-1014-lower-deployment-targets-from-ios-187watchos-265-to-the/DerivedData/Build/Intermediates.noindex/SingleThread.build/Debug-watchsimulator/SingleThreadWatch.build/Objects-normal/x86_64/SingleThreadWatch_const_extract_protocols.json -Xcc -iquote -Xcc /Users/vardy/dev/alanvardy-var-1014-lower-deployment-targets-from-ios-187watchos-265-to-the/DerivedData/Build/Intermediates.noindex/SingleThread.build/Debug-watchsimulator/SingleThreadWatch.build/SingleThreadWatch-generated-files.hmap -Xcc -I/Users/vardy/dev/alanvardy-var-1014-lower-deployment-targets-from-ios-187watchos-265-to-the/DerivedData/Build/Intermediates.noindex/SingleThread.build/Debug-watchsimulator/SingleThreadWatch.build/SingleThreadWatch-own-target-headers.hmap -Xcc -I/Users/vardy/dev/alanvardy-var-1014-lower-deployment-targets-from-ios-187watchos-265-to-the/DerivedData/Build/Intermediates.noindex/SingleThread.build/Debug-watchsimulator/SingleThreadWatch.build/SingleThreadWatch-all-non-framework-target-headers.hmap -Xcc -ivfsoverlay -Xcc /Users/vardy/dev/alanvardy-var-1014-lower-deployment-targets-from-ios-187watchos-265-to-the/DerivedData/Build/Intermediates.noindex/SingleThread.build/Debug-watchsimulator/SingleThread-33ec346c36bc7f11d2672a35e2382a55-VFS-watchsimulator/all-product-headers.yaml -Xcc -iquote -Xcc /Users/vardy/dev/alanvardy-var-1014-lower-deployment-targets-from-ios-187watchos-265-to-the/DerivedData/Build/Intermediates.noindex/SingleThread.build/Debug-watchsimulator/SingleThreadWatch.build/SingleThreadWatch-project-headers.hmap -Xcc -I/Users/vardy/dev/alanvardy-var-1014-lower-deployment-targets-from-ios-187watchos-265-to-the/DerivedData/Build/Products/Debug-watchsimulator/include -Xcc -I/Users/vardy/dev/alanvardy-var-1014-lower-deployment-targets-from-ios-187watchos-265-to-the/DerivedData/Build/Intermediates.noindex/SingleThread.build/Debug-watchsimulator/SingleThreadWatch.build/DerivedSources-normal/x86_64 -Xcc -I/Users/vardy/dev/alanvardy-var-1014-lower-deployment-targets-from-ios-187watchos-265-to-the/DerivedData/Build/Intermediates.noindex/SingleThread.build/Debug-watchsimulator/SingleThreadWatch.build/DerivedSources/x86_64 -Xcc -I/Users/vardy/dev/alanvardy-var-1014-lower-deployment-targets-from-ios-187watchos-265-to-the/DerivedData/Build/Intermediates.noindex/SingleThread.build/Debug-watchsimulator/SingleThreadWatch.build/DerivedSources -Xcc -DDEBUG\=1 -emit-objc-header -emit-objc-header-path /Users/vardy/dev/alanvardy-var-1014-lower-deployment-targets-from-ios-187watchos-265-to-the/DerivedData/Build/Intermediates.noindex/SingleThread.build/Debug-watchsimulator/SingleThreadWatch.build/Objects-normal/x86_64/SingleThreadWatch-Swift.h -working-directory /Users/vardy/dev/alanvardy-var-1014-lower-deployment-targets-from-ios-187watchos-265-to-the -experimental-emit-module-separately -disable-cmo

PruneExplicitPrecompiledModules /Users/vardy/dev/alanvardy-var-1014-lower-deployment-targets-from-ios-187watchos-265-to-the/DerivedData/SDKExplicitPrecompiledModules

PruneExplicitPrecompiledModules /Users/vardy/dev/alanvardy-var-1014-lower-deployment-targets-from-ios-187watchos-265-to-the/DerivedData/Build/Intermediates.noindex/SwiftExplicitPrecompiledModules

PruneExplicitPrecompiledModules /Users/vardy/dev/alanvardy-var-1014-lower-deployment-targets-from-ios-187watchos-265-to-the/DerivedData/Build/Intermediates.noindex/ExplicitPrecompiledModules

note: Disabling hardened runtime with ad-hoc codesigning. (in target 'SingleThread' from project 'SingleThread')
** TEST BUILD FAILED **


The following build commands failed:
	SwiftEmitModule normal arm64 Emitting\ module\ for\ SingleThreadWidget (in target 'SingleThreadWidget' from project 'SingleThread')
	SwiftCompile normal arm64 (in target 'SingleThreadWidget' from project 'SingleThread')
	Building project SingleThread for testing with scheme SingleThread
(3 failures)
make: *** [build] Error 65
