==> Using this worktree's simulator BFB5C8FB-5ED5-48AD-9149-298E20FCB4E6
Monitoring boot status for sim-alanvardy-var-1014-lower-deployment-targets-from-ios-187watchos-265-to-the (BFB5C8FB-5ED5-48AD-9149-298E20FCB4E6).
Device already booted, nothing to do.

==> Pruning XCTest runtimes older than 1h…
==> No stale runtimes to remove.
==> Verifying deployment targets / package floors
    (iOS 17.0, watchOS 11.0, macOS 26.5)…
    ✓ All deployment-target + package-floor literals match
      (iOS 17.0 × 8, watchOS 11.0 + macOS 26.5 × 12, package .iOS 1, package other 2)
==> Unit tests (macOS native)…
Command line invocation:
    /Applications/Xcode.app/Contents/Developer/usr/bin/xcodebuild -scheme SingleThread -destination platform=macOS -configuration Debug -derivedDataPath DerivedData CODE_SIGNING_ALLOWED=NO test "-only-testing:SingleThreadTests"

Build settings from command line:
    CODE_SIGNING_ALLOWED = NO

Resolve Package Graph


Resolved source packages:
  SingleThreadCore: /Users/vardy/dev/alanvardy-var-1014-lower-deployment-targets-from-ios-187watchos-265-to-the/SingleThreadCore @ local

--- xcodebuild: WARNING: Using the first of multiple matching destinations:
{ platform:macOS, arch:arm64, id:00006040-000250C81A92801C, name:My Mac }
{ platform:macOS, arch:x86_64, id:00006040-000250C81A92801C, name:My Mac }
ComputePackagePrebuildTargetDependencyGraph

Prepare packages

CreateBuildRequest

SendProjectDescription

CreateBuildOperation

ComputeTargetDependencyGraph
note: Building targets in dependency order
note: Target dependency graph (10 targets)
    Target 'SingleThreadUITests' in project 'SingleThread'
        ➜ Explicit dependency on target 'SingleThread' in project 'SingleThread'
        ➜ Explicit dependency on target 'SingleThreadCore-product' in project 'SingleThreadCore'
    Target 'SingleThreadTests' in project 'SingleThread'
        ➜ Explicit dependency on target 'SingleThread' in project 'SingleThread'
        ➜ Explicit dependency on target 'SingleThreadCore-product' in project 'SingleThreadCore'
    Target 'SingleThreadWatch' in project 'SingleThread'
        ➜ Explicit dependency on target 'SingleThreadCore-product' in project 'SingleThreadCore'
    Target 'SingleThreadCore-product' in project 'SingleThreadCore'
        ➜ Explicit dependency on target 'SingleThreadCore' in project 'SingleThreadCore'
        ➜ Explicit dependency on target 'SingleThreadCore_SingleThreadCore' in project 'SingleThreadCore'
    Target 'SingleThreadCore' in project 'SingleThreadCore'
        ➜ Explicit dependency on target 'SingleThreadCore_SingleThreadCore' in project 'SingleThreadCore'
    Target 'SingleThreadCore_SingleThreadCore' in project 'SingleThreadCore' (no dependencies)
    Target 'SingleThread' in project 'SingleThread'
        ➜ Explicit dependency on target 'SingleThreadCore-product' in project 'SingleThreadCore'
    Target 'SingleThreadCore-product' in project 'SingleThreadCore'
        ➜ Explicit dependency on target 'SingleThreadCore' in project 'SingleThreadCore'
        ➜ Explicit dependency on target 'SingleThreadCore_SingleThreadCore' in project 'SingleThreadCore'
    Target 'SingleThreadCore' in project 'SingleThreadCore'
        ➜ Explicit dependency on target 'SingleThreadCore_SingleThreadCore' in project 'SingleThreadCore'
    Target 'SingleThreadCore_SingleThreadCore' in project 'SingleThreadCore' (no dependencies)

GatherProvisioningInputs

CreateBuildDescription

ExecuteExternalTool /Applications/Xcode.app/Contents/Developer/usr/bin/xcstringstool compile --dry-run --output-directory /Users/vardy/dev/alanvardy-var-1014-lower-deployment-targets-from-ios-187watchos-265-to-the/DerivedData/Build/Intermediates.noindex/SingleThreadCore.build/Debug/SingleThreadCore_SingleThreadCore-b.build /Users/vardy/dev/alanvardy-var-1014-lower-deployment-targets-from-ios-187watchos-265-to-the/SingleThreadCore/Sources/SingleThreadCore/Resources/Localizable.xcstrings

ExecuteExternalTool /Applications/Xcode.app/Contents/Developer/usr/bin/xcstringstool compile --dry-run --output-directory /Users/vardy/dev/alanvardy-var-1014-lower-deployment-targets-from-ios-187watchos-265-to-the/DerivedData/Build/Intermediates.noindex/SingleThreadCore.build/Debug-watchos/SingleThreadCore_SingleThreadCore-b.build /Users/vardy/dev/alanvardy-var-1014-lower-deployment-targets-from-ios-187watchos-265-to-the/SingleThreadCore/Sources/SingleThreadCore/Resources/Localizable.xcstrings

ExecuteExternalTool /Applications/Xcode.app/Contents/Developer/usr/bin/xcstringstool compile --dry-run --output-directory /Users/vardy/dev/alanvardy-var-1014-lower-deployment-targets-from-ios-187watchos-265-to-the/DerivedData/Build/Intermediates.noindex/SingleThread.build/Debug/SingleThread.build /Users/vardy/dev/alanvardy-var-1014-lower-deployment-targets-from-ios-187watchos-265-to-the/SingleThread/Resources/Localizable.xcstrings

ExecuteExternalTool /Applications/Xcode.app/Contents/Developer/usr/bin/actool --version --output-format xml1

ExecuteExternalTool /Applications/Xcode.app/Contents/Developer/Toolchains/XcodeDefault.xctoolchain/usr/bin/swiftc --version

ExecuteExternalTool /Applications/Xcode.app/Contents/Developer/usr/bin/actool --print-asset-tag-combinations --output-format xml1 /Users/vardy/dev/alanvardy-var-1014-lower-deployment-targets-from-ios-187watchos-265-to-the/SingleThreadWatch/Assets.xcassets

ExecuteExternalTool /Applications/Xcode.app/Contents/Developer/usr/bin/xcstringstool compile --dry-run --output-directory /Users/vardy/dev/alanvardy-var-1014-lower-deployment-targets-from-ios-187watchos-265-to-the/DerivedData/Build/Intermediates.noindex/SingleThread.build/Debug-watchos/SingleThreadWatch.build /Users/vardy/dev/alanvardy-var-1014-lower-deployment-targets-from-ios-187watchos-265-to-the/SingleThreadWatch/Resources/Localizable.xcstrings

ExecuteExternalTool /Applications/Xcode.app/Contents/Developer/Toolchains/XcodeDefault.xctoolchain/usr/bin/clang -v -E -dM -isysroot /Applications/Xcode.app/Contents/Developer/Platforms/MacOSX.platform/Developer/SDKs/MacOSX27.0.sdk -x c -c /dev/null

ExecuteExternalTool /Applications/Xcode.app/Contents/Developer/Toolchains/XcodeDefault.xctoolchain/usr/bin/clang -v -E -dM -isysroot /Applications/Xcode.app/Contents/Developer/Platforms/WatchOS.platform/Developer/SDKs/WatchOS27.0.sdk -x c -c /dev/null

ExecuteExternalTool /Applications/Xcode.app/Contents/Developer/Toolchains/XcodeDefault.xctoolchain/usr/bin/ld -version_details

Build description signature: 5a8423bc6b04a343d55260c0b1ebebd4
Build description path: /Users/vardy/dev/alanvardy-var-1014-lower-deployment-targets-from-ios-187watchos-265-to-the/DerivedData/Build/Intermediates.noindex/XCBuildData/5a8423bc6b04a343d55260c0b1ebebd4.xcbuilddata
ClangStatCache /Applications/Xcode.app/Contents/Developer/Toolchains/XcodeDefault.xctoolchain/usr/bin/clang-stat-cache /Applications/Xcode.app/Contents/Developer/Platforms/MacOSX.platform/Developer/SDKs/MacOSX27.0.sdk /Users/vardy/dev/alanvardy-var-1014-lower-deployment-targets-from-ios-187watchos-265-to-the/DerivedData/SDKStatCaches.noindex/macosx27.0-26A425-7231f6df4def33e022ae2eb8f782df1a.sdkstatcache
    cd /Users/vardy/dev/alanvardy-var-1014-lower-deployment-targets-from-ios-187watchos-265-to-the/SingleThread.xcodeproj
    /Applications/Xcode.app/Contents/Developer/Toolchains/XcodeDefault.xctoolchain/usr/bin/clang-stat-cache /Applications/Xcode.app/Contents/Developer/Platforms/MacOSX.platform/Developer/SDKs/MacOSX27.0.sdk -o /Users/vardy/dev/alanvardy-var-1014-lower-deployment-targets-from-ios-187watchos-265-to-the/DerivedData/SDKStatCaches.noindex/macosx27.0-26A425-7231f6df4def33e022ae2eb8f782df1a.sdkstatcache

ClangStatCache /Applications/Xcode.app/Contents/Developer/Toolchains/XcodeDefault.xctoolchain/usr/bin/clang-stat-cache /Applications/Xcode.app/Contents/Developer/Platforms/WatchOS.platform/Developer/SDKs/WatchOS27.0.sdk /Users/vardy/dev/alanvardy-var-1014-lower-deployment-targets-from-ios-187watchos-265-to-the/DerivedData/SDKStatCaches.noindex/watchos27.0-24R360-84ee5e44e35145daf7706869e872e73f.sdkstatcache
    cd /Users/vardy/dev/alanvardy-var-1014-lower-deployment-targets-from-ios-187watchos-265-to-the/SingleThread.xcodeproj
    /Applications/Xcode.app/Contents/Developer/Toolchains/XcodeDefault.xctoolchain/usr/bin/clang-stat-cache /Applications/Xcode.app/Contents/Developer/Platforms/WatchOS.platform/Developer/SDKs/WatchOS27.0.sdk -o /Users/vardy/dev/alanvardy-var-1014-lower-deployment-targets-from-ios-187watchos-265-to-the/DerivedData/SDKStatCaches.noindex/watchos27.0-24R360-84ee5e44e35145daf7706869e872e73f.sdkstatcache

CreateBuildDirectory /Users/vardy/dev/alanvardy-var-1014-lower-deployment-targets-from-ios-187watchos-265-to-the/DerivedData/Build/Products/Debug
    cd /Users/vardy/dev/alanvardy-var-1014-lower-deployment-targets-from-ios-187watchos-265-to-the/SingleThread.xcodeproj
    builtin-create-build-directory /Users/vardy/dev/alanvardy-var-1014-lower-deployment-targets-from-ios-187watchos-265-to-the/DerivedData/Build/Products/Debug

CreateBuildDirectory /Users/vardy/dev/alanvardy-var-1014-lower-deployment-targets-from-ios-187watchos-265-to-the/DerivedData/Build/Products/Debug-watchos
    cd /Users/vardy/dev/alanvardy-var-1014-lower-deployment-targets-from-ios-187watchos-265-to-the/SingleThread.xcodeproj
    builtin-create-build-directory /Users/vardy/dev/alanvardy-var-1014-lower-deployment-targets-from-ios-187watchos-265-to-the/DerivedData/Build/Products/Debug-watchos

CreateBuildDirectory /Users/vardy/dev/alanvardy-var-1014-lower-deployment-targets-from-ios-187watchos-265-to-the/DerivedData/Build/Intermediates.noindex/EagerLinkingTBDs/Debug
    cd /Users/vardy/dev/alanvardy-var-1014-lower-deployment-targets-from-ios-187watchos-265-to-the/SingleThread.xcodeproj
    builtin-create-build-directory /Users/vardy/dev/alanvardy-var-1014-lower-deployment-targets-from-ios-187watchos-265-to-the/DerivedData/Build/Intermediates.noindex/EagerLinkingTBDs/Debug

CreateBuildDirectory /Users/vardy/dev/alanvardy-var-1014-lower-deployment-targets-from-ios-187watchos-265-to-the/DerivedData/Build/Intermediates.noindex/EagerLinkingTBDs/Debug-watchos
    cd /Users/vardy/dev/alanvardy-var-1014-lower-deployment-targets-from-ios-187watchos-265-to-the/SingleThread.xcodeproj
    builtin-create-build-directory /Users/vardy/dev/alanvardy-var-1014-lower-deployment-targets-from-ios-187watchos-265-to-the/DerivedData/Build/Intermediates.noindex/EagerLinkingTBDs/Debug-watchos

WriteAuxiliaryFile /Users/vardy/dev/alanvardy-var-1014-lower-deployment-targets-from-ios-187watchos-265-to-the/DerivedData/Build/Intermediates.noindex/SingleThread.build/Debug/SingleThread-33ec346c36bc7f11d2672a35e2382a55-VFS/all-product-headers.yaml
    cd /Users/vardy/dev/alanvardy-var-1014-lower-deployment-targets-from-ios-187watchos-265-to-the/SingleThread.xcodeproj
    write-file /Users/vardy/dev/alanvardy-var-1014-lower-deployment-targets-from-ios-187watchos-265-to-the/DerivedData/Build/Intermediates.noindex/SingleThread.build/Debug/SingleThread-33ec346c36bc7f11d2672a35e2382a55-VFS/all-product-headers.yaml

WriteAuxiliaryFile /Users/vardy/dev/alanvardy-var-1014-lower-deployment-targets-from-ios-187watchos-265-to-the/DerivedData/Build/Intermediates.noindex/SingleThread.build/Debug-watchos/SingleThread-33ec346c36bc7f11d2672a35e2382a55-VFS-watchos/all-product-headers.yaml
    cd /Users/vardy/dev/alanvardy-var-1014-lower-deployment-targets-from-ios-187watchos-265-to-the/SingleThread.xcodeproj
    write-file /Users/vardy/dev/alanvardy-var-1014-lower-deployment-targets-from-ios-187watchos-265-to-the/DerivedData/Build/Intermediates.noindex/SingleThread.build/Debug-watchos/SingleThread-33ec346c36bc7f11d2672a35e2382a55-VFS-watchos/all-product-headers.yaml

CreateBuildDirectory /Users/vardy/dev/alanvardy-var-1014-lower-deployment-targets-from-ios-187watchos-265-to-the/DerivedData/Build/Products/Debug-watchos/PackageFrameworks
    cd /Users/vardy/dev/alanvardy-var-1014-lower-deployment-targets-from-ios-187watchos-265-to-the/SingleThread.xcodeproj
    builtin-create-build-directory /Users/vardy/dev/alanvardy-var-1014-lower-deployment-targets-from-ios-187watchos-265-to-the/DerivedData/Build/Products/Debug-watchos/PackageFrameworks

WriteAuxiliaryFile /Users/vardy/dev/alanvardy-var-1014-lower-deployment-targets-from-ios-187watchos-265-to-the/DerivedData/Build/Intermediates.noindex/SingleThreadCore.build/Debug-watchos/SingleThreadCore-product-t.build/SingleThreadCore_38C46E065536DF53_PackageProduct.DependencyMetadataFileList (in target 'SingleThreadCoredynamic-product' from project 'SingleThreadCore')
    cd /Users/vardy/dev/alanvardy-var-1014-lower-deployment-targets-from-ios-187watchos-265-to-the/SingleThreadCore
    write-file /Users/vardy/dev/alanvardy-var-1014-lower-deployment-targets-from-ios-187watchos-265-to-the/DerivedData/Build/Intermediates.noindex/SingleThreadCore.build/Debug-watchos/SingleThreadCore-product-t.build/SingleThreadCore_38C46E065536DF53_PackageProduct.DependencyMetadataFileList

WriteAuxiliaryFile /Users/vardy/dev/alanvardy-var-1014-lower-deployment-targets-from-ios-187watchos-265-to-the/DerivedData/Build/Intermediates.noindex/SingleThreadCore.build/Debug-watchos/SingleThreadCore_SingleThreadCore-b.build/SingleThreadCore_SingleThreadCore.DependencyStaticMetadataFileList (in target 'SingleThreadCore_SingleThreadCore' from project 'SingleThreadCore')
    cd /Users/vardy/dev/alanvardy-var-1014-lower-deployment-targets-from-ios-187watchos-265-to-the/SingleThreadCore
    write-file /Users/vardy/dev/alanvardy-var-1014-lower-deployment-targets-from-ios-187watchos-265-to-the/DerivedData/Build/Intermediates.noindex/SingleThreadCore.build/Debug-watchos/SingleThreadCore_SingleThreadCore-b.build/SingleThreadCore_SingleThreadCore.DependencyStaticMetadataFileList

WriteAuxiliaryFile /Users/vardy/dev/alanvardy-var-1014-lower-deployment-targets-from-ios-187watchos-265-to-the/DerivedData/Build/Intermediates.noindex/SingleThreadCore.build/Debug-watchos/SingleThreadCore_SingleThreadCore-b.build/empty-SingleThreadCore_SingleThreadCore.plist (in target 'SingleThreadCore_SingleThreadCore' from project 'SingleThreadCore')
    cd /Users/vardy/dev/alanvardy-var-1014-lower-deployment-targets-from-ios-187watchos-265-to-the/SingleThreadCore
    write-file /Users/vardy/dev/alanvardy-var-1014-lower-deployment-targets-from-ios-187watchos-265-to-the/DerivedData/Build/Intermediates.noindex/SingleThreadCore.build/Debug-watchos/SingleThreadCore_SingleThreadCore-b.build/empty-SingleThreadCore_SingleThreadCore.plist

WriteAuxiliaryFile /Users/vardy/dev/alanvardy-var-1014-lower-deployment-targets-from-ios-187watchos-265-to-the/DerivedData/Build/Intermediates.noindex/SingleThreadCore.build/Debug-watchos/SingleThreadCore-product-t.build/empty-SingleThreadCore_38C46E065536DF53_PackageProduct.plist (in target 'SingleThreadCoredynamic-product' from project 'SingleThreadCore')
    cd /Users/vardy/dev/alanvardy-var-1014-lower-deployment-targets-from-ios-187watchos-265-to-the/SingleThreadCore
    write-file /Users/vardy/dev/alanvardy-var-1014-lower-deployment-targets-from-ios-187watchos-265-to-the/DerivedData/Build/Intermediates.noindex/SingleThreadCore.build/Debug-watchos/SingleThreadCore-product-t.build/empty-SingleThreadCore_38C46E065536DF53_PackageProduct.plist

WriteAuxiliaryFile /Users/vardy/dev/alanvardy-var-1014-lower-deployment-targets-from-ios-187watchos-265-to-the/DerivedData/Build/Intermediates.noindex/SingleThreadCore.build/Debug-watchos/SingleThreadCore_SingleThreadCore-b.build/SingleThreadCore_SingleThreadCore.DependencyMetadataFileList (in target 'SingleThreadCore_SingleThreadCore' from project 'SingleThreadCore')
    cd /Users/vardy/dev/alanvardy-var-1014-lower-deployment-targets-from-ios-187watchos-265-to-the/SingleThreadCore
    write-file /Users/vardy/dev/alanvardy-var-1014-lower-deployment-targets-from-ios-187watchos-265-to-the/DerivedData/Build/Intermediates.noindex/SingleThreadCore.build/Debug-watchos/SingleThreadCore_SingleThreadCore-b.build/SingleThreadCore_SingleThreadCore.DependencyMetadataFileList

WriteAuxiliaryFile /Users/vardy/dev/alanvardy-var-1014-lower-deployment-targets-from-ios-187watchos-265-to-the/DerivedData/Build/Intermediates.noindex/SingleThreadCore.build/Debug-watchos/SingleThreadCore-product-t.build/SingleThreadCore_38C46E065536DF53_PackageProduct.DependencyStaticMetadataFileList (in target 'SingleThreadCoredynamic-product' from project 'SingleThreadCore')
    cd /Users/vardy/dev/alanvardy-var-1014-lower-deployment-targets-from-ios-187watchos-265-to-the/SingleThreadCore
    write-file /Users/vardy/dev/alanvardy-var-1014-lower-deployment-targets-from-ios-187watchos-265-to-the/DerivedData/Build/Intermediates.noindex/SingleThreadCore.build/Debug-watchos/SingleThreadCore-product-t.build/SingleThreadCore_38C46E065536DF53_PackageProduct.DependencyStaticMetadataFileList

WriteAuxiliaryFile /Users/vardy/dev/alanvardy-var-1014-lower-deployment-targets-from-ios-187watchos-265-to-the/DerivedData/Build/Intermediates.noindex/SingleThreadCore.build/Debug-watchos/SingleThreadCore-product-t.build/Objects-normal/arm64_32/SingleThreadCore_38C46E065536DF53_PackageProduct.LinkFileList (in target 'SingleThreadCoredynamic-product' from project 'SingleThreadCore')
    cd /Users/vardy/dev/alanvardy-var-1014-lower-deployment-targets-from-ios-187watchos-265-to-the/SingleThreadCore
    write-file /Users/vardy/dev/alanvardy-var-1014-lower-deployment-targets-from-ios-187watchos-265-to-the/DerivedData/Build/Intermediates.noindex/SingleThreadCore.build/Debug-watchos/SingleThreadCore-product-t.build/Objects-normal/arm64_32/SingleThreadCore_38C46E065536DF53_PackageProduct.LinkFileList

WriteAuxiliaryFile /Users/vardy/dev/alanvardy-var-1014-lower-deployment-targets-from-ios-187watchos-265-to-the/DerivedData/Build/Intermediates.noindex/SingleThread.build/Debug-watchos/SingleThreadWatch.build/empty-SingleThreadWatch.plist (in target 'SingleThreadWatch' from project 'SingleThread')
    cd /Users/vardy/dev/alanvardy-var-1014-lower-deployment-targets-from-ios-187watchos-265-to-the
    write-file /Users/vardy/dev/alanvardy-var-1014-lower-deployment-targets-from-ios-187watchos-265-to-the/DerivedData/Build/Intermediates.noindex/SingleThread.build/Debug-watchos/SingleThreadWatch.build/empty-SingleThreadWatch.plist

WriteAuxiliaryFile /Users/vardy/dev/alanvardy-var-1014-lower-deployment-targets-from-ios-187watchos-265-to-the/DerivedData/Build/Intermediates.noindex/SingleThreadCore.build/Debug-watchos/SingleThreadCore-product-t.build/Objects-normal/arm64/SingleThreadCore_38C46E065536DF53_PackageProduct.LinkFileList (in target 'SingleThreadCoredynamic-product' from project 'SingleThreadCore')
    cd /Users/vardy/dev/alanvardy-var-1014-lower-deployment-targets-from-ios-187watchos-265-to-the/SingleThreadCore
    write-file /Users/vardy/dev/alanvardy-var-1014-lower-deployment-targets-from-ios-187watchos-265-to-the/DerivedData/Build/Intermediates.noindex/SingleThreadCore.build/Debug-watchos/SingleThreadCore-product-t.build/Objects-normal/arm64/SingleThreadCore_38C46E065536DF53_PackageProduct.LinkFileList

WriteAuxiliaryFile /Users/vardy/dev/alanvardy-var-1014-lower-deployment-targets-from-ios-187watchos-265-to-the/DerivedData/Build/Intermediates.noindex/SingleThread.build/Debug-watchos/SingleThreadWatch.build/SingleThreadWatch.hmap (in target 'SingleThreadWatch' from project 'SingleThread')
    cd /Users/vardy/dev/alanvardy-var-1014-lower-deployment-targets-from-ios-187watchos-265-to-the
    write-file /Users/vardy/dev/alanvardy-var-1014-lower-deployment-targets-from-ios-187watchos-265-to-the/DerivedData/Build/Intermediates.noindex/SingleThread.build/Debug-watchos/SingleThreadWatch.build/SingleThreadWatch.hmap

WriteAuxiliaryFile /Users/vardy/dev/alanvardy-var-1014-lower-deployment-targets-from-ios-187watchos-265-to-the/DerivedData/Build/Intermediates.noindex/SingleThread.build/Debug-watchos/SingleThreadWatch.build/SingleThreadWatch.DependencyStaticMetadataFileList (in target 'SingleThreadWatch' from project 'SingleThread')
    cd /Users/vardy/dev/alanvardy-var-1014-lower-deployment-targets-from-ios-187watchos-265-to-the
    write-file /Users/vardy/dev/alanvardy-var-1014-lower-deployment-targets-from-ios-187watchos-265-to-the/DerivedData/Build/Intermediates.noindex/SingleThread.build/Debug-watchos/SingleThreadWatch.build/SingleThreadWatch.DependencyStaticMetadataFileList

WriteAuxiliaryFile /Users/vardy/dev/alanvardy-var-1014-lower-deployment-targets-from-ios-187watchos-265-to-the/DerivedData/Build/Intermediates.noindex/SingleThread.build/Debug-watchos/SingleThreadWatch.build/SingleThreadWatch.DependencyMetadataFileList (in target 'SingleThreadWatch' from project 'SingleThread')
    cd /Users/vardy/dev/alanvardy-var-1014-lower-deployment-targets-from-ios-187watchos-265-to-the
    write-file /Users/vardy/dev/alanvardy-var-1014-lower-deployment-targets-from-ios-187watchos-265-to-the/DerivedData/Build/Intermediates.noindex/SingleThread.build/Debug-watchos/SingleThreadWatch.build/SingleThreadWatch.DependencyMetadataFileList

WriteAuxiliaryFile /Users/vardy/dev/alanvardy-var-1014-lower-deployment-targets-from-ios-187watchos-265-to-the/DerivedData/Build/Intermediates.noindex/SingleThread.build/Debug-watchos/SingleThreadWatch.build/SingleThreadWatch-project-headers.hmap (in target 'SingleThreadWatch' from project 'SingleThread')
    cd /Users/vardy/dev/alanvardy-var-1014-lower-deployment-targets-from-ios-187watchos-265-to-the
    write-file /Users/vardy/dev/alanvardy-var-1014-lower-deployment-targets-from-ios-187watchos-265-to-the/DerivedData/Build/Intermediates.noindex/SingleThread.build/Debug-watchos/SingleThreadWatch.build/SingleThreadWatch-project-headers.hmap

WriteAuxiliaryFile /Users/vardy/dev/alanvardy-var-1014-lower-deployment-targets-from-ios-187watchos-265-to-the/DerivedData/Build/Intermediates.noindex/SingleThread.build/Debug-watchos/SingleThreadWatch.build/SingleThreadWatch-own-target-headers.hmap (in target 'SingleThreadWatch' from project 'SingleThread')
    cd /Users/vardy/dev/alanvardy-var-1014-lower-deployment-targets-from-ios-187watchos-265-to-the
    write-file /Users/vardy/dev/alanvardy-var-1014-lower-deployment-targets-from-ios-187watchos-265-to-the/DerivedData/Build/Intermediates.noindex/SingleThread.build/Debug-watchos/SingleThreadWatch.build/SingleThreadWatch-own-target-headers.hmap

WriteAuxiliaryFile /Users/vardy/dev/alanvardy-var-1014-lower-deployment-targets-from-ios-187watchos-265-to-the/DerivedData/Build/Intermediates.noindex/SingleThread.build/Debug-watchos/SingleThreadWatch.build/SingleThreadWatch-generated-files.hmap (in target 'SingleThreadWatch' from project 'SingleThread')
    cd /Users/vardy/dev/alanvardy-var-1014-lower-deployment-targets-from-ios-187watchos-265-to-the
    write-file /Users/vardy/dev/alanvardy-var-1014-lower-deployment-targets-from-ios-187watchos-265-to-the/DerivedData/Build/Intermediates.noindex/SingleThread.build/Debug-watchos/SingleThreadWatch.build/SingleThreadWatch-generated-files.hmap

WriteAuxiliaryFile /Users/vardy/dev/alanvardy-var-1014-lower-deployment-targets-from-ios-187watchos-265-to-the/DerivedData/Build/Intermediates.noindex/SingleThread.build/Debug-watchos/SingleThreadWatch.build/SingleThreadWatch-all-target-headers.hmap (in target 'SingleThreadWatch' from project 'SingleThread')
    cd /Users/vardy/dev/alanvardy-var-1014-lower-deployment-targets-from-ios-187watchos-265-to-the
    write-file /Users/vardy/dev/alanvardy-var-1014-lower-deployment-targets-from-ios-187watchos-265-to-the/DerivedData/Build/Intermediates.noindex/SingleThread.build/Debug-watchos/SingleThreadWatch.build/SingleThreadWatch-all-target-headers.hmap

WriteAuxiliaryFile /Users/vardy/dev/alanvardy-var-1014-lower-deployment-targets-from-ios-187watchos-265-to-the/DerivedData/Build/Intermediates.noindex/SingleThread.build/Debug-watchos/SingleThreadWatch.build/SingleThreadWatch-all-non-framework-target-headers.hmap (in target 'SingleThreadWatch' from project 'SingleThread')
    cd /Users/vardy/dev/alanvardy-var-1014-lower-deployment-targets-from-ios-187watchos-265-to-the
    write-file /Users/vardy/dev/alanvardy-var-1014-lower-deployment-targets-from-ios-187watchos-265-to-the/DerivedData/Build/Intermediates.noindex/SingleThread.build/Debug-watchos/SingleThreadWatch.build/SingleThreadWatch-all-non-framework-target-headers.hmap

WriteAuxiliaryFile /Users/vardy/dev/alanvardy-var-1014-lower-deployment-targets-from-ios-187watchos-265-to-the/DerivedData/Build/Intermediates.noindex/SingleThread.build/Debug-watchos/SingleThreadWatch.build/SingleThreadWatch-DebugDylibPath-normal-arm64_32.txt (in target 'SingleThreadWatch' from project 'SingleThread')
    cd /Users/vardy/dev/alanvardy-var-1014-lower-deployment-targets-from-ios-187watchos-265-to-the
    write-file /Users/vardy/dev/alanvardy-var-1014-lower-deployment-targets-from-ios-187watchos-265-to-the/DerivedData/Build/Intermediates.noindex/SingleThread.build/Debug-watchos/SingleThreadWatch.build/SingleThreadWatch-DebugDylibPath-normal-arm64_32.txt

WriteAuxiliaryFile /Users/vardy/dev/alanvardy-var-1014-lower-deployment-targets-from-ios-187watchos-265-to-the/DerivedData/Build/Intermediates.noindex/SingleThread.build/Debug-watchos/SingleThreadWatch.build/SingleThreadWatch-DebugDylibPath-normal-arm64.txt (in target 'SingleThreadWatch' from project 'SingleThread')
    cd /Users/vardy/dev/alanvardy-var-1014-lower-deployment-targets-from-ios-187watchos-265-to-the
    write-file /Users/vardy/dev/alanvardy-var-1014-lower-deployment-targets-from-ios-187watchos-265-to-the/DerivedData/Build/Intermediates.noindex/SingleThread.build/Debug-watchos/SingleThreadWatch.build/SingleThreadWatch-DebugDylibPath-normal-arm64.txt

WriteAuxiliaryFile /Users/vardy/dev/alanvardy-var-1014-lower-deployment-targets-from-ios-187watchos-265-to-the/DerivedData/Build/Intermediates.noindex/SingleThread.build/Debug-watchos/SingleThreadWatch.build/SingleThreadWatch-DebugDylibInstallName-normal-arm64_32.txt (in target 'SingleThreadWatch' from project 'SingleThread')
    cd /Users/vardy/dev/alanvardy-var-1014-lower-deployment-targets-from-ios-187watchos-265-to-the
    write-file /Users/vardy/dev/alanvardy-var-1014-lower-deployment-targets-from-ios-187watchos-265-to-the/DerivedData/Build/Intermediates.noindex/SingleThread.build/Debug-watchos/SingleThreadWatch.build/SingleThreadWatch-DebugDylibInstallName-normal-arm64_32.txt

WriteAuxiliaryFile /Users/vardy/dev/alanvardy-var-1014-lower-deployment-targets-from-ios-187watchos-265-to-the/DerivedData/Build/Intermediates.noindex/SingleThread.build/Debug-watchos/SingleThreadWatch.build/SingleThreadWatch-DebugDylibInstallName-normal-arm64.txt (in target 'SingleThreadWatch' from project 'SingleThread')
    cd /Users/vardy/dev/alanvardy-var-1014-lower-deployment-targets-from-ios-187watchos-265-to-the
    write-file /Users/vardy/dev/alanvardy-var-1014-lower-deployment-targets-from-ios-187watchos-265-to-the/DerivedData/Build/Intermediates.noindex/SingleThread.build/Debug-watchos/SingleThreadWatch.build/SingleThreadWatch-DebugDylibInstallName-normal-arm64.txt

WriteAuxiliaryFile /Users/vardy/dev/alanvardy-var-1014-lower-deployment-targets-from-ios-187watchos-265-to-the/DerivedData/Build/Intermediates.noindex/SingleThread.build/Debug-watchos/SingleThreadWatch.build/Objects-normal/arm64_32/SingleThreadWatch_const_extract_protocols.json (in target 'SingleThreadWatch' from project 'SingleThread')
    cd /Users/vardy/dev/alanvardy-var-1014-lower-deployment-targets-from-ios-187watchos-265-to-the
    write-file /Users/vardy/dev/alanvardy-var-1014-lower-deployment-targets-from-ios-187watchos-265-to-the/DerivedData/Build/Intermediates.noindex/SingleThread.build/Debug-watchos/SingleThreadWatch.build/Objects-normal/arm64_32/SingleThreadWatch_const_extract_protocols.json

WriteAuxiliaryFile /Users/vardy/dev/alanvardy-var-1014-lower-deployment-targets-from-ios-187watchos-265-to-the/DerivedData/Build/Intermediates.noindex/SingleThread.build/Debug-watchos/SingleThreadWatch.build/Objects-normal/arm64_32/SingleThreadWatch.SwiftFileList (in target 'SingleThreadWatch' from project 'SingleThread')
    cd /Users/vardy/dev/alanvardy-var-1014-lower-deployment-targets-from-ios-187watchos-265-to-the
    write-file /Users/vardy/dev/alanvardy-var-1014-lower-deployment-targets-from-ios-187watchos-265-to-the/DerivedData/Build/Intermediates.noindex/SingleThread.build/Debug-watchos/SingleThreadWatch.build/Objects-normal/arm64_32/SingleThreadWatch.SwiftFileList

WriteAuxiliaryFile /Users/vardy/dev/alanvardy-var-1014-lower-deployment-targets-from-ios-187watchos-265-to-the/DerivedData/Build/Intermediates.noindex/SingleThread.build/Debug-watchos/SingleThreadWatch.build/Objects-normal/arm64_32/SingleThreadWatch.SwiftConstValuesFileList (in target 'SingleThreadWatch' from project 'SingleThread')
    cd /Users/vardy/dev/alanvardy-var-1014-lower-deployment-targets-from-ios-187watchos-265-to-the
    write-file /Users/vardy/dev/alanvardy-var-1014-lower-deployment-targets-from-ios-187watchos-265-to-the/DerivedData/Build/Intermediates.noindex/SingleThread.build/Debug-watchos/SingleThreadWatch.build/Objects-normal/arm64_32/SingleThreadWatch.SwiftConstValuesFileList

WriteAuxiliaryFile /Users/vardy/dev/alanvardy-var-1014-lower-deployment-targets-from-ios-187watchos-265-to-the/DerivedData/Build/Intermediates.noindex/SingleThread.build/Debug-watchos/SingleThreadWatch.build/Objects-normal/arm64_32/SingleThreadWatch.LinkFileList (in target 'SingleThreadWatch' from project 'SingleThread')
    cd /Users/vardy/dev/alanvardy-var-1014-lower-deployment-targets-from-ios-187watchos-265-to-the
    write-file /Users/vardy/dev/alanvardy-var-1014-lower-deployment-targets-from-ios-187watchos-265-to-the/DerivedData/Build/Intermediates.noindex/SingleThread.build/Debug-watchos/SingleThreadWatch.build/Objects-normal/arm64_32/SingleThreadWatch.LinkFileList

WriteAuxiliaryFile /Users/vardy/dev/alanvardy-var-1014-lower-deployment-targets-from-ios-187watchos-265-to-the/DerivedData/Build/Intermediates.noindex/SingleThread.build/Debug-watchos/SingleThreadWatch.build/Objects-normal/arm64_32/SingleThreadWatch-OutputFileMap.json (in target 'SingleThreadWatch' from project 'SingleThread')
    cd /Users/vardy/dev/alanvardy-var-1014-lower-deployment-targets-from-ios-187watchos-265-to-the
    write-file /Users/vardy/dev/alanvardy-var-1014-lower-deployment-targets-from-ios-187watchos-265-to-the/DerivedData/Build/Intermediates.noindex/SingleThread.build/Debug-watchos/SingleThreadWatch.build/Objects-normal/arm64_32/SingleThreadWatch-OutputFileMap.json

WriteAuxiliaryFile /Users/vardy/dev/alanvardy-var-1014-lower-deployment-targets-from-ios-187watchos-265-to-the/DerivedData/Build/Intermediates.noindex/SingleThread.build/Debug-watchos/SingleThreadWatch.build/Objects-normal/arm64/SingleThreadWatch_const_extract_protocols.json (in target 'SingleThreadWatch' from project 'SingleThread')
    cd /Users/vardy/dev/alanvardy-var-1014-lower-deployment-targets-from-ios-187watchos-265-to-the
    write-file /Users/vardy/dev/alanvardy-var-1014-lower-deployment-targets-from-ios-187watchos-265-to-the/DerivedData/Build/Intermediates.noindex/SingleThread.build/Debug-watchos/SingleThreadWatch.build/Objects-normal/arm64/SingleThreadWatch_const_extract_protocols.json

WriteAuxiliaryFile /Users/vardy/dev/alanvardy-var-1014-lower-deployment-targets-from-ios-187watchos-265-to-the/DerivedData/Build/Intermediates.noindex/SingleThread.build/Debug-watchos/SingleThreadWatch.build/Objects-normal/arm64/SingleThreadWatch.SwiftFileList (in target 'SingleThreadWatch' from project 'SingleThread')
    cd /Users/vardy/dev/alanvardy-var-1014-lower-deployment-targets-from-ios-187watchos-265-to-the
    write-file /Users/vardy/dev/alanvardy-var-1014-lower-deployment-targets-from-ios-187watchos-265-to-the/DerivedData/Build/Intermediates.noindex/SingleThread.build/Debug-watchos/SingleThreadWatch.build/Objects-normal/arm64/SingleThreadWatch.SwiftFileList

WriteAuxiliaryFile /Users/vardy/dev/alanvardy-var-1014-lower-deployment-targets-from-ios-187watchos-265-to-the/DerivedData/Build/Intermediates.noindex/SingleThread.build/Debug-watchos/SingleThreadWatch.build/Objects-normal/arm64/SingleThreadWatch.SwiftConstValuesFileList (in target 'SingleThreadWatch' from project 'SingleThread')
    cd /Users/vardy/dev/alanvardy-var-1014-lower-deployment-targets-from-ios-187watchos-265-to-the
    write-file /Users/vardy/dev/alanvardy-var-1014-lower-deployment-targets-from-ios-187watchos-265-to-the/DerivedData/Build/Intermediates.noindex/SingleThread.build/Debug-watchos/SingleThreadWatch.build/Objects-normal/arm64/SingleThreadWatch.SwiftConstValuesFileList

WriteAuxiliaryFile /Users/vardy/dev/alanvardy-var-1014-lower-deployment-targets-from-ios-187watchos-265-to-the/DerivedData/Build/Intermediates.noindex/SingleThread.build/Debug-watchos/SingleThreadWatch.build/Objects-normal/arm64/SingleThreadWatch.LinkFileList (in target 'SingleThreadWatch' from project 'SingleThread')
    cd /Users/vardy/dev/alanvardy-var-1014-lower-deployment-targets-from-ios-187watchos-265-to-the
    write-file /Users/vardy/dev/alanvardy-var-1014-lower-deployment-targets-from-ios-187watchos-265-to-the/DerivedData/Build/Intermediates.noindex/SingleThread.build/Debug-watchos/SingleThreadWatch.build/Objects-normal/arm64/SingleThreadWatch.LinkFileList

WriteAuxiliaryFile /Users/vardy/dev/alanvardy-var-1014-lower-deployment-targets-from-ios-187watchos-265-to-the/DerivedData/Build/Intermediates.noindex/SingleThread.build/Debug-watchos/SingleThreadWatch.build/Objects-normal/arm64/SingleThreadWatch-OutputFileMap.json (in target 'SingleThreadWatch' from project 'SingleThread')
    cd /Users/vardy/dev/alanvardy-var-1014-lower-deployment-targets-from-ios-187watchos-265-to-the
    write-file /Users/vardy/dev/alanvardy-var-1014-lower-deployment-targets-from-ios-187watchos-265-to-the/DerivedData/Build/Intermediates.noindex/SingleThread.build/Debug-watchos/SingleThreadWatch.build/Objects-normal/arm64/SingleThreadWatch-OutputFileMap.json

WriteAuxiliaryFile /Users/vardy/dev/alanvardy-var-1014-lower-deployment-targets-from-ios-187watchos-265-to-the/DerivedData/Build/Intermediates.noindex/SingleThreadCore.build/Debug-watchos/SingleThreadCore-t.build/SingleThreadCore.modulemap (in target 'SingleThreadCore' from project 'SingleThreadCore')
    cd /Users/vardy/dev/alanvardy-var-1014-lower-deployment-targets-from-ios-187watchos-265-to-the/SingleThreadCore
    write-file /Users/vardy/dev/alanvardy-var-1014-lower-deployment-targets-from-ios-187watchos-265-to-the/DerivedData/Build/Intermediates.noindex/SingleThreadCore.build/Debug-watchos/SingleThreadCore-t.build/SingleThreadCore.modulemap

WriteAuxiliaryFile /Users/vardy/dev/alanvardy-var-1014-lower-deployment-targets-from-ios-187watchos-265-to-the/DerivedData/Build/Intermediates.noindex/SingleThreadCore.build/Debug-watchos/SingleThreadCore-t.build/SingleThreadCore.DependencyStaticMetadataFileList (in target 'SingleThreadCore' from project 'SingleThreadCore')
    cd /Users/vardy/dev/alanvardy-var-1014-lower-deployment-targets-from-ios-187watchos-265-to-the/SingleThreadCore
    write-file /Users/vardy/dev/alanvardy-var-1014-lower-deployment-targets-from-ios-187watchos-265-to-the/DerivedData/Build/Intermediates.noindex/SingleThreadCore.build/Debug-watchos/SingleThreadCore-t.build/SingleThreadCore.DependencyStaticMetadataFileList

WriteAuxiliaryFile /Users/vardy/dev/alanvardy-var-1014-lower-deployment-targets-from-ios-187watchos-265-to-the/DerivedData/Build/Intermediates.noindex/SingleThreadCore.build/Debug-watchos/SingleThreadCore-t.build/SingleThreadCore.DependencyMetadataFileList (in target 'SingleThreadCore' from project 'SingleThreadCore')
    cd /Users/vardy/dev/alanvardy-var-1014-lower-deployment-targets-from-ios-187watchos-265-to-the/SingleThreadCore
    write-file /Users/vardy/dev/alanvardy-var-1014-lower-deployment-targets-from-ios-187watchos-265-to-the/DerivedData/Build/Intermediates.noindex/SingleThreadCore.build/Debug-watchos/SingleThreadCore-t.build/SingleThreadCore.DependencyMetadataFileList

WriteAuxiliaryFile /Users/vardy/dev/alanvardy-var-1014-lower-deployment-targets-from-ios-187watchos-265-to-the/DerivedData/Build/Intermediates.noindex/SingleThreadCore.build/Debug-watchos/SingleThreadCore-t.build/Objects-normal/arm64_32/SingleThreadCore_const_extract_protocols.json (in target 'SingleThreadCore' from project 'SingleThreadCore')
    cd /Users/vardy/dev/alanvardy-var-1014-lower-deployment-targets-from-ios-187watchos-265-to-the/SingleThreadCore
    write-file /Users/vardy/dev/alanvardy-var-1014-lower-deployment-targets-from-ios-187watchos-265-to-the/DerivedData/Build/Intermediates.noindex/SingleThreadCore.build/Debug-watchos/SingleThreadCore-t.build/Objects-normal/arm64_32/SingleThreadCore_const_extract_protocols.json

WriteAuxiliaryFile /Users/vardy/dev/alanvardy-var-1014-lower-deployment-targets-from-ios-187watchos-265-to-the/DerivedData/Build/Intermediates.noindex/SingleThreadCore.build/Debug-watchos/SingleThreadCore-t.build/Objects-normal/arm64_32/SingleThreadCore.SwiftFileList (in target 'SingleThreadCore' from project 'SingleThreadCore')
    cd /Users/vardy/dev/alanvardy-var-1014-lower-deployment-targets-from-ios-187watchos-265-to-the/SingleThreadCore
    write-file /Users/vardy/dev/alanvardy-var-1014-lower-deployment-targets-from-ios-187watchos-265-to-the/DerivedData/Build/Intermediates.noindex/SingleThreadCore.build/Debug-watchos/SingleThreadCore-t.build/Objects-normal/arm64_32/SingleThreadCore.SwiftFileList

WriteAuxiliaryFile /Users/vardy/dev/alanvardy-var-1014-lower-deployment-targets-from-ios-187watchos-265-to-the/DerivedData/Build/Intermediates.noindex/SingleThreadCore.build/Debug-watchos/SingleThreadCore-t.build/Objects-normal/arm64_32/SingleThreadCore.SwiftConstValuesFileList (in target 'SingleThreadCore' from project 'SingleThreadCore')
    cd /Users/vardy/dev/alanvardy-var-1014-lower-deployment-targets-from-ios-187watchos-265-to-the/SingleThreadCore
    write-file /Users/vardy/dev/alanvardy-var-1014-lower-deployment-targets-from-ios-187watchos-265-to-the/DerivedData/Build/Intermediates.noindex/SingleThreadCore.build/Debug-watchos/SingleThreadCore-t.build/Objects-normal/arm64_32/SingleThreadCore.SwiftConstValuesFileList

WriteAuxiliaryFile /Users/vardy/dev/alanvardy-var-1014-lower-deployment-targets-from-ios-187watchos-265-to-the/DerivedData/Build/Intermediates.noindex/SingleThreadCore.build/Debug-watchos/SingleThreadCore-t.build/Objects-normal/arm64_32/SingleThreadCore.LinkFileList (in target 'SingleThreadCore' from project 'SingleThreadCore')
    cd /Users/vardy/dev/alanvardy-var-1014-lower-deployment-targets-from-ios-187watchos-265-to-the/SingleThreadCore
    write-file /Users/vardy/dev/alanvardy-var-1014-lower-deployment-targets-from-ios-187watchos-265-to-the/DerivedData/Build/Intermediates.noindex/SingleThreadCore.build/Debug-watchos/SingleThreadCore-t.build/Objects-normal/arm64_32/SingleThreadCore.LinkFileList

WriteAuxiliaryFile /Users/vardy/dev/alanvardy-var-1014-lower-deployment-targets-from-ios-187watchos-265-to-the/DerivedData/Build/Intermediates.noindex/SingleThreadCore.build/Debug-watchos/SingleThreadCore-t.build/Objects-normal/arm64_32/SingleThreadCore-OutputFileMap.json (in target 'SingleThreadCore' from project 'SingleThreadCore')
    cd /Users/vardy/dev/alanvardy-var-1014-lower-deployment-targets-from-ios-187watchos-265-to-the/SingleThreadCore
    write-file /Users/vardy/dev/alanvardy-var-1014-lower-deployment-targets-from-ios-187watchos-265-to-the/DerivedData/Build/Intermediates.noindex/SingleThreadCore.build/Debug-watchos/SingleThreadCore-t.build/Objects-normal/arm64_32/SingleThreadCore-OutputFileMap.json

WriteAuxiliaryFile /Users/vardy/dev/alanvardy-var-1014-lower-deployment-targets-from-ios-187watchos-265-to-the/DerivedData/Build/Intermediates.noindex/SingleThreadCore.build/Debug-watchos/SingleThreadCore-t.build/Objects-normal/arm64/SingleThreadCore_const_extract_protocols.json (in target 'SingleThreadCore' from project 'SingleThreadCore')
    cd /Users/vardy/dev/alanvardy-var-1014-lower-deployment-targets-from-ios-187watchos-265-to-the/SingleThreadCore
    write-file /Users/vardy/dev/alanvardy-var-1014-lower-deployment-targets-from-ios-187watchos-265-to-the/DerivedData/Build/Intermediates.noindex/SingleThreadCore.build/Debug-watchos/SingleThreadCore-t.build/Objects-normal/arm64/SingleThreadCore_const_extract_protocols.json

WriteAuxiliaryFile /Users/vardy/dev/alanvardy-var-1014-lower-deployment-targets-from-ios-187watchos-265-to-the/DerivedData/Build/Intermediates.noindex/SingleThreadCore.build/Debug-watchos/SingleThreadCore-t.build/Objects-normal/arm64/SingleThreadCore.SwiftFileList (in target 'SingleThreadCore' from project 'SingleThreadCore')
    cd /Users/vardy/dev/alanvardy-var-1014-lower-deployment-targets-from-ios-187watchos-265-to-the/SingleThreadCore
    write-file /Users/vardy/dev/alanvardy-var-1014-lower-deployment-targets-from-ios-187watchos-265-to-the/DerivedData/Build/Intermediates.noindex/SingleThreadCore.build/Debug-watchos/SingleThreadCore-t.build/Objects-normal/arm64/SingleThreadCore.SwiftFileList

WriteAuxiliaryFile /Users/vardy/dev/alanvardy-var-1014-lower-deployment-targets-from-ios-187watchos-265-to-the/DerivedData/Build/Intermediates.noindex/SingleThreadCore.build/Debug-watchos/SingleThreadCore-t.build/Objects-normal/arm64/SingleThreadCore.SwiftConstValuesFileList (in target 'SingleThreadCore' from project 'SingleThreadCore')
    cd /Users/vardy/dev/alanvardy-var-1014-lower-deployment-targets-from-ios-187watchos-265-to-the/SingleThreadCore
    write-file /Users/vardy/dev/alanvardy-var-1014-lower-deployment-targets-from-ios-187watchos-265-to-the/DerivedData/Build/Intermediates.noindex/SingleThreadCore.build/Debug-watchos/SingleThreadCore-t.build/Objects-normal/arm64/SingleThreadCore.SwiftConstValuesFileList

WriteAuxiliaryFile /Users/vardy/dev/alanvardy-var-1014-lower-deployment-targets-from-ios-187watchos-265-to-the/DerivedData/Build/Intermediates.noindex/SingleThreadCore.build/Debug-watchos/SingleThreadCore-t.build/Objects-normal/arm64/SingleThreadCore.LinkFileList (in target 'SingleThreadCore' from project 'SingleThreadCore')
    cd /Users/vardy/dev/alanvardy-var-1014-lower-deployment-targets-from-ios-187watchos-265-to-the/SingleThreadCore
    write-file /Users/vardy/dev/alanvardy-var-1014-lower-deployment-targets-from-ios-187watchos-265-to-the/DerivedData/Build/Intermediates.noindex/SingleThreadCore.build/Debug-watchos/SingleThreadCore-t.build/Objects-normal/arm64/SingleThreadCore.LinkFileList

WriteAuxiliaryFile /Users/vardy/dev/alanvardy-var-1014-lower-deployment-targets-from-ios-187watchos-265-to-the/DerivedData/Build/Intermediates.noindex/SingleThreadCore.build/Debug-watchos/SingleThreadCore-t.build/Objects-normal/arm64/SingleThreadCore-OutputFileMap.json (in target 'SingleThreadCore' from project 'SingleThreadCore')
    cd /Users/vardy/dev/alanvardy-var-1014-lower-deployment-targets-from-ios-187watchos-265-to-the/SingleThreadCore
    write-file /Users/vardy/dev/alanvardy-var-1014-lower-deployment-targets-from-ios-187watchos-265-to-the/DerivedData/Build/Intermediates.noindex/SingleThreadCore.build/Debug-watchos/SingleThreadCore-t.build/Objects-normal/arm64/SingleThreadCore-OutputFileMap.json

WriteAuxiliaryFile /Users/vardy/dev/alanvardy-var-1014-lower-deployment-targets-from-ios-187watchos-265-to-the/DerivedData/Build/Intermediates.noindex/SingleThreadCore.build/Debug-watchos/SingleThreadCore-t.build/DerivedSources/resource_bundle_accessor.swift (in target 'SingleThreadCore' from project 'SingleThreadCore')
    cd /Users/vardy/dev/alanvardy-var-1014-lower-deployment-targets-from-ios-187watchos-265-to-the/SingleThreadCore
    write-file /Users/vardy/dev/alanvardy-var-1014-lower-deployment-targets-from-ios-187watchos-265-to-the/DerivedData/Build/Intermediates.noindex/SingleThreadCore.build/Debug-watchos/SingleThreadCore-t.build/DerivedSources/resource_bundle_accessor.swift

MkDir /Users/vardy/dev/alanvardy-var-1014-lower-deployment-targets-from-ios-187watchos-265-to-the/DerivedData/Build/Products/Debug-watchos/SingleThreadWatch.app/Frameworks (in target 'SingleThreadWatch' from project 'SingleThread')
    cd /Users/vardy/dev/alanvardy-var-1014-lower-deployment-targets-from-ios-187watchos-265-to-the
    /bin/mkdir -p /Users/vardy/dev/alanvardy-var-1014-lower-deployment-targets-from-ios-187watchos-265-to-the/DerivedData/Build/Products/Debug-watchos/SingleThreadWatch.app/Frameworks

Copy /Users/vardy/dev/alanvardy-var-1014-lower-deployment-targets-from-ios-187watchos-265-to-the/DerivedData/Build/Intermediates.noindex/GeneratedModuleMaps-watchos/SingleThreadCore.modulemap /Users/vardy/dev/alanvardy-var-1014-lower-deployment-targets-from-ios-187watchos-265-to-the/DerivedData/Build/Intermediates.noindex/SingleThreadCore.build/Debug-watchos/SingleThreadCore-t.build/SingleThreadCore.modulemap (in target 'SingleThreadCore' from project 'SingleThreadCore')
    cd /Users/vardy/dev/alanvardy-var-1014-lower-deployment-targets-from-ios-187watchos-265-to-the/SingleThreadCore
    builtin-copy -exclude .DS_Store -exclude CVS -exclude .svn -exclude .git -exclude .hg -resolve-src-symlinks /Users/vardy/dev/alanvardy-var-1014-lower-deployment-targets-from-ios-187watchos-265-to-the/DerivedData/Build/Intermediates.noindex/SingleThreadCore.build/Debug-watchos/SingleThreadCore-t.build/SingleThreadCore.modulemap /Users/vardy/dev/alanvardy-var-1014-lower-deployment-targets-from-ios-187watchos-265-to-the/DerivedData/Build/Intermediates.noindex/GeneratedModuleMaps-watchos

MkDir /Users/vardy/dev/alanvardy-var-1014-lower-deployment-targets-from-ios-187watchos-265-to-the/DerivedData/Build/Products/Debug-watchos/SingleThreadWatch.app (in target 'SingleThreadWatch' from project 'SingleThread')
    cd /Users/vardy/dev/alanvardy-var-1014-lower-deployment-targets-from-ios-187watchos-265-to-the
    /bin/mkdir -p /Users/vardy/dev/alanvardy-var-1014-lower-deployment-targets-from-ios-187watchos-265-to-the/DerivedData/Build/Products/Debug-watchos/SingleThreadWatch.app

MkDir /Users/vardy/dev/alanvardy-var-1014-lower-deployment-targets-from-ios-187watchos-265-to-the/DerivedData/Build/Products/Debug-watchos/PackageFrameworks/SingleThreadCore_38C46E065536DF53_PackageProduct.framework (in target 'SingleThreadCoredynamic-product' from project 'SingleThreadCore')
    cd /Users/vardy/dev/alanvardy-var-1014-lower-deployment-targets-from-ios-187watchos-265-to-the/SingleThreadCore
    /bin/mkdir -p /Users/vardy/dev/alanvardy-var-1014-lower-deployment-targets-from-ios-187watchos-265-to-the/DerivedData/Build/Products/Debug-watchos/PackageFrameworks/SingleThreadCore_38C46E065536DF53_PackageProduct.framework

MkDir /Users/vardy/dev/alanvardy-var-1014-lower-deployment-targets-from-ios-187watchos-265-to-the/DerivedData/Build/Products/Debug-watchos/SingleThreadCore_SingleThreadCore.bundle (in target 'SingleThreadCore_SingleThreadCore' from project 'SingleThreadCore')
    cd /Users/vardy/dev/alanvardy-var-1014-lower-deployment-targets-from-ios-187watchos-265-to-the/SingleThreadCore
    /bin/mkdir -p /Users/vardy/dev/alanvardy-var-1014-lower-deployment-targets-from-ios-187watchos-265-to-the/DerivedData/Build/Products/Debug-watchos/SingleThreadCore_SingleThreadCore.bundle

WriteAuxiliaryFile /Users/vardy/dev/alanvardy-var-1014-lower-deployment-targets-from-ios-187watchos-265-to-the/DerivedData/Build/Intermediates.noindex/SingleThread.build/Debug/SingleThreadUITests.build/SingleThreadUITests.hmap (in target 'SingleThreadUITests' from project 'SingleThread')
    cd /Users/vardy/dev/alanvardy-var-1014-lower-deployment-targets-from-ios-187watchos-265-to-the
    write-file /Users/vardy/dev/alanvardy-var-1014-lower-deployment-targets-from-ios-187watchos-265-to-the/DerivedData/Build/Intermediates.noindex/SingleThread.build/Debug/SingleThreadUITests.build/SingleThreadUITests.hmap

WriteAuxiliaryFile /Users/vardy/dev/alanvardy-var-1014-lower-deployment-targets-from-ios-187watchos-265-to-the/DerivedData/Build/Intermediates.noindex/SingleThread.build/Debug/SingleThreadUITests.build/empty-SingleThreadUITests.plist (in target 'SingleThreadUITests' from project 'SingleThread')
    cd /Users/vardy/dev/alanvardy-var-1014-lower-deployment-targets-from-ios-187watchos-265-to-the
    write-file /Users/vardy/dev/alanvardy-var-1014-lower-deployment-targets-from-ios-187watchos-265-to-the/DerivedData/Build/Intermediates.noindex/SingleThread.build/Debug/SingleThreadUITests.build/empty-SingleThreadUITests.plist

WriteAuxiliaryFile /Users/vardy/dev/alanvardy-var-1014-lower-deployment-targets-from-ios-187watchos-265-to-the/DerivedData/Build/Intermediates.noindex/SingleThread.build/Debug/SingleThreadUITests.build/SingleThreadUITests.DependencyStaticMetadataFileList (in target 'SingleThreadUITests' from project 'SingleThread')
    cd /Users/vardy/dev/alanvardy-var-1014-lower-deployment-targets-from-ios-187watchos-265-to-the
    write-file /Users/vardy/dev/alanvardy-var-1014-lower-deployment-targets-from-ios-187watchos-265-to-the/DerivedData/Build/Intermediates.noindex/SingleThread.build/Debug/SingleThreadUITests.build/SingleThreadUITests.DependencyStaticMetadataFileList

WriteAuxiliaryFile /Users/vardy/dev/alanvardy-var-1014-lower-deployment-targets-from-ios-187watchos-265-to-the/DerivedData/Build/Intermediates.noindex/SingleThread.build/Debug/SingleThreadUITests.build/SingleThreadUITests.DependencyMetadataFileList (in target 'SingleThreadUITests' from project 'SingleThread')
    cd /Users/vardy/dev/alanvardy-var-1014-lower-deployment-targets-from-ios-187watchos-265-to-the
    write-file /Users/vardy/dev/alanvardy-var-1014-lower-deployment-targets-from-ios-187watchos-265-to-the/DerivedData/Build/Intermediates.noindex/SingleThread.build/Debug/SingleThreadUITests.build/SingleThreadUITests.DependencyMetadataFileList

WriteAuxiliaryFile /Users/vardy/dev/alanvardy-var-1014-lower-deployment-targets-from-ios-187watchos-265-to-the/DerivedData/Build/Intermediates.noindex/SingleThread.build/Debug/SingleThreadUITests.build/SingleThreadUITests-project-headers.hmap (in target 'SingleThreadUITests' from project 'SingleThread')
    cd /Users/vardy/dev/alanvardy-var-1014-lower-deployment-targets-from-ios-187watchos-265-to-the
    write-file /Users/vardy/dev/alanvardy-var-1014-lower-deployment-targets-from-ios-187watchos-265-to-the/DerivedData/Build/Intermediates.noindex/SingleThread.build/Debug/SingleThreadUITests.build/SingleThreadUITests-project-headers.hmap

WriteAuxiliaryFile /Users/vardy/dev/alanvardy-var-1014-lower-deployment-targets-from-ios-187watchos-265-to-the/DerivedData/Build/Intermediates.noindex/SingleThread.build/Debug/SingleThreadUITests.build/SingleThreadUITests-own-target-headers.hmap (in target 'SingleThreadUITests' from project 'SingleThread')
    cd /Users/vardy/dev/alanvardy-var-1014-lower-deployment-targets-from-ios-187watchos-265-to-the
    write-file /Users/vardy/dev/alanvardy-var-1014-lower-deployment-targets-from-ios-187watchos-265-to-the/DerivedData/Build/Intermediates.noindex/SingleThread.build/Debug/SingleThreadUITests.build/SingleThreadUITests-own-target-headers.hmap

WriteAuxiliaryFile /Users/vardy/dev/alanvardy-var-1014-lower-deployment-targets-from-ios-187watchos-265-to-the/DerivedData/Build/Intermediates.noindex/SingleThread.build/Debug/SingleThreadUITests.build/SingleThreadUITests-generated-files.hmap (in target 'SingleThreadUITests' from project 'SingleThread')
    cd /Users/vardy/dev/alanvardy-var-1014-lower-deployment-targets-from-ios-187watchos-265-to-the
    write-file /Users/vardy/dev/alanvardy-var-1014-lower-deployment-targets-from-ios-187watchos-265-to-the/DerivedData/Build/Intermediates.noindex/SingleThread.build/Debug/SingleThreadUITests.build/SingleThreadUITests-generated-files.hmap

WriteAuxiliaryFile /Users/vardy/dev/alanvardy-var-1014-lower-deployment-targets-from-ios-187watchos-265-to-the/DerivedData/Build/Intermediates.noindex/SingleThread.build/Debug/SingleThreadUITests.build/SingleThreadUITests-all-target-headers.hmap (in target 'SingleThreadUITests' from project 'SingleThread')
    cd /Users/vardy/dev/alanvardy-var-1014-lower-deployment-targets-from-ios-187watchos-265-to-the
    write-file /Users/vardy/dev/alanvardy-var-1014-lower-deployment-targets-from-ios-187watchos-265-to-the/DerivedData/Build/Intermediates.noindex/SingleThread.build/Debug/SingleThreadUITests.build/SingleThreadUITests-all-target-headers.hmap

WriteAuxiliaryFile /Users/vardy/dev/alanvardy-var-1014-lower-deployment-targets-from-ios-187watchos-265-to-the/DerivedData/Build/Intermediates.noindex/SingleThread.build/Debug/SingleThreadUITests.build/SingleThreadUITests-all-non-framework-target-headers.hmap (in target 'SingleThreadUITests' from project 'SingleThread')
    cd /Users/vardy/dev/alanvardy-var-1014-lower-deployment-targets-from-ios-187watchos-265-to-the
    write-file /Users/vardy/dev/alanvardy-var-1014-lower-deployment-targets-from-ios-187watchos-265-to-the/DerivedData/Build/Intermediates.noindex/SingleThread.build/Debug/SingleThreadUITests.build/SingleThreadUITests-all-non-framework-target-headers.hmap

WriteAuxiliaryFile /Users/vardy/dev/alanvardy-var-1014-lower-deployment-targets-from-ios-187watchos-265-to-the/DerivedData/Build/Intermediates.noindex/SingleThread.build/Debug/SingleThreadUITests.build/ProductTypeInfoPlistAdditions.plist (in target 'SingleThreadUITests' from project 'SingleThread')
    cd /Users/vardy/dev/alanvardy-var-1014-lower-deployment-targets-from-ios-187watchos-265-to-the
    write-file /Users/vardy/dev/alanvardy-var-1014-lower-deployment-targets-from-ios-187watchos-265-to-the/DerivedData/Build/Intermediates.noindex/SingleThread.build/Debug/SingleThreadUITests.build/ProductTypeInfoPlistAdditions.plist

WriteAuxiliaryFile /Users/vardy/dev/alanvardy-var-1014-lower-deployment-targets-from-ios-187watchos-265-to-the/DerivedData/Build/Intermediates.noindex/SingleThread.build/Debug/SingleThreadUITests.build/Objects-normal/arm64/SingleThreadUITests.SwiftConstValuesFileList (in target 'SingleThreadUITests' from project 'SingleThread')
    cd /Users/vardy/dev/alanvardy-var-1014-lower-deployment-targets-from-ios-187watchos-265-to-the
    write-file /Users/vardy/dev/alanvardy-var-1014-lower-deployment-targets-from-ios-187watchos-265-to-the/DerivedData/Build/Intermediates.noindex/SingleThread.build/Debug/SingleThreadUITests.build/Objects-normal/arm64/SingleThreadUITests.SwiftConstValuesFileList

WriteAuxiliaryFile /Users/vardy/dev/alanvardy-var-1014-lower-deployment-targets-from-ios-187watchos-265-to-the/DerivedData/Build/Intermediates.noindex/SingleThread.build/Debug/SingleThreadUITests.build/Objects-normal/arm64/SingleThreadUITests_const_extract_protocols.json (in target 'SingleThreadUITests' from project 'SingleThread')
    cd /Users/vardy/dev/alanvardy-var-1014-lower-deployment-targets-from-ios-187watchos-265-to-the
    write-file /Users/vardy/dev/alanvardy-var-1014-lower-deployment-targets-from-ios-187watchos-265-to-the/DerivedData/Build/Intermediates.noindex/SingleThread.build/Debug/SingleThreadUITests.build/Objects-normal/arm64/SingleThreadUITests_const_extract_protocols.json

WriteAuxiliaryFile /Users/vardy/dev/alanvardy-var-1014-lower-deployment-targets-from-ios-187watchos-265-to-the/DerivedData/Build/Intermediates.noindex/SingleThread.build/Debug/SingleThreadUITests.build/Objects-normal/arm64/SingleThreadUITests.LinkFileList (in target 'SingleThreadUITests' from project 'SingleThread')
    cd /Users/vardy/dev/alanvardy-var-1014-lower-deployment-targets-from-ios-187watchos-265-to-the
    write-file /Users/vardy/dev/alanvardy-var-1014-lower-deployment-targets-from-ios-187watchos-265-to-the/DerivedData/Build/Intermediates.noindex/SingleThread.build/Debug/SingleThreadUITests.build/Objects-normal/arm64/SingleThreadUITests.LinkFileList

WriteAuxiliaryFile /Users/vardy/dev/alanvardy-var-1014-lower-deployment-targets-from-ios-187watchos-265-to-the/DerivedData/Build/Intermediates.noindex/SingleThread.build/Debug/SingleThreadUITests.build/Objects-normal/arm64/SingleThreadUITests.SwiftFileList (in target 'SingleThreadUITests' from project 'SingleThread')
    cd /Users/vardy/dev/alanvardy-var-1014-lower-deployment-targets-from-ios-187watchos-265-to-the
    write-file /Users/vardy/dev/alanvardy-var-1014-lower-deployment-targets-from-ios-187watchos-265-to-the/DerivedData/Build/Intermediates.noindex/SingleThread.build/Debug/SingleThreadUITests.build/Objects-normal/arm64/SingleThreadUITests.SwiftFileList

WriteAuxiliaryFile /Users/vardy/dev/alanvardy-var-1014-lower-deployment-targets-from-ios-187watchos-265-to-the/DerivedData/Build/Intermediates.noindex/SingleThread.build/Debug/SingleThreadUITests.build/Objects-normal/arm64/SingleThreadUITests-OutputFileMap.json (in target 'SingleThreadUITests' from project 'SingleThread')
    cd /Users/vardy/dev/alanvardy-var-1014-lower-deployment-targets-from-ios-187watchos-265-to-the
    write-file /Users/vardy/dev/alanvardy-var-1014-lower-deployment-targets-from-ios-187watchos-265-to-the/DerivedData/Build/Intermediates.noindex/SingleThread.build/Debug/SingleThreadUITests.build/Objects-normal/arm64/SingleThreadUITests-OutputFileMap.json

WriteAuxiliaryFile /Users/vardy/dev/alanvardy-var-1014-lower-deployment-targets-from-ios-187watchos-265-to-the/DerivedData/Build/Intermediates.noindex/SingleThread.build/Debug/SingleThreadTests.build/SingleThreadTests.hmap (in target 'SingleThreadTests' from project 'SingleThread')
    cd /Users/vardy/dev/alanvardy-var-1014-lower-deployment-targets-from-ios-187watchos-265-to-the
    write-file /Users/vardy/dev/alanvardy-var-1014-lower-deployment-targets-from-ios-187watchos-265-to-the/DerivedData/Build/Intermediates.noindex/SingleThread.build/Debug/SingleThreadTests.build/SingleThreadTests.hmap

WriteAuxiliaryFile /Users/vardy/dev/alanvardy-var-1014-lower-deployment-targets-from-ios-187watchos-265-to-the/DerivedData/Build/Intermediates.noindex/SingleThread.build/Debug/SingleThreadTests.build/SingleThreadTests.DependencyStaticMetadataFileList (in target 'SingleThreadTests' from project 'SingleThread')
    cd /Users/vardy/dev/alanvardy-var-1014-lower-deployment-targets-from-ios-187watchos-265-to-the
    write-file /Users/vardy/dev/alanvardy-var-1014-lower-deployment-targets-from-ios-187watchos-265-to-the/DerivedData/Build/Intermediates.noindex/SingleThread.build/Debug/SingleThreadTests.build/SingleThreadTests.DependencyStaticMetadataFileList

WriteAuxiliaryFile /Users/vardy/dev/alanvardy-var-1014-lower-deployment-targets-from-ios-187watchos-265-to-the/DerivedData/Build/Intermediates.noindex/SingleThread.build/Debug/SingleThreadTests.build/empty-SingleThreadTests.plist (in target 'SingleThreadTests' from project 'SingleThread')
    cd /Users/vardy/dev/alanvardy-var-1014-lower-deployment-targets-from-ios-187watchos-265-to-the
    write-file /Users/vardy/dev/alanvardy-var-1014-lower-deployment-targets-from-ios-187watchos-265-to-the/DerivedData/Build/Intermediates.noindex/SingleThread.build/Debug/SingleThreadTests.build/empty-SingleThreadTests.plist

WriteAuxiliaryFile /Users/vardy/dev/alanvardy-var-1014-lower-deployment-targets-from-ios-187watchos-265-to-the/DerivedData/Build/Intermediates.noindex/SingleThread.build/Debug/SingleThreadTests.build/SingleThreadTests.DependencyMetadataFileList (in target 'SingleThreadTests' from project 'SingleThread')
    cd /Users/vardy/dev/alanvardy-var-1014-lower-deployment-targets-from-ios-187watchos-265-to-the
    write-file /Users/vardy/dev/alanvardy-var-1014-lower-deployment-targets-from-ios-187watchos-265-to-the/DerivedData/Build/Intermediates.noindex/SingleThread.build/Debug/SingleThreadTests.build/SingleThreadTests.DependencyMetadataFileList

WriteAuxiliaryFile /Users/vardy/dev/alanvardy-var-1014-lower-deployment-targets-from-ios-187watchos-265-to-the/DerivedData/Build/Intermediates.noindex/SingleThread.build/Debug/SingleThreadTests.build/SingleThreadTests-project-headers.hmap (in target 'SingleThreadTests' from project 'SingleThread')
    cd /Users/vardy/dev/alanvardy-var-1014-lower-deployment-targets-from-ios-187watchos-265-to-the
    write-file /Users/vardy/dev/alanvardy-var-1014-lower-deployment-targets-from-ios-187watchos-265-to-the/DerivedData/Build/Intermediates.noindex/SingleThread.build/Debug/SingleThreadTests.build/SingleThreadTests-project-headers.hmap

WriteAuxiliaryFile /Users/vardy/dev/alanvardy-var-1014-lower-deployment-targets-from-ios-187watchos-265-to-the/DerivedData/Build/Intermediates.noindex/SingleThread.build/Debug/SingleThreadTests.build/SingleThreadTests-own-target-headers.hmap (in target 'SingleThreadTests' from project 'SingleThread')
    cd /Users/vardy/dev/alanvardy-var-1014-lower-deployment-targets-from-ios-187watchos-265-to-the
    write-file /Users/vardy/dev/alanvardy-var-1014-lower-deployment-targets-from-ios-187watchos-265-to-the/DerivedData/Build/Intermediates.noindex/SingleThread.build/Debug/SingleThreadTests.build/SingleThreadTests-own-target-headers.hmap

WriteAuxiliaryFile /Users/vardy/dev/alanvardy-var-1014-lower-deployment-targets-from-ios-187watchos-265-to-the/DerivedData/Build/Intermediates.noindex/SingleThread.build/Debug/SingleThreadTests.build/SingleThreadTests-generated-files.hmap (in target 'SingleThreadTests' from project 'SingleThread')
    cd /Users/vardy/dev/alanvardy-var-1014-lower-deployment-targets-from-ios-187watchos-265-to-the
    write-file /Users/vardy/dev/alanvardy-var-1014-lower-deployment-targets-from-ios-187watchos-265-to-the/DerivedData/Build/Intermediates.noindex/SingleThread.build/Debug/SingleThreadTests.build/SingleThreadTests-generated-files.hmap

WriteAuxiliaryFile /Users/vardy/dev/alanvardy-var-1014-lower-deployment-targets-from-ios-187watchos-265-to-the/DerivedData/Build/Intermediates.noindex/SingleThread.build/Debug/SingleThreadTests.build/SingleThreadTests-all-non-framework-target-headers.hmap (in target 'SingleThreadTests' from project 'SingleThread')
    cd /Users/vardy/dev/alanvardy-var-1014-lower-deployment-targets-from-ios-187watchos-265-to-the
    write-file /Users/vardy/dev/alanvardy-var-1014-lower-deployment-targets-from-ios-187watchos-265-to-the/DerivedData/Build/Intermediates.noindex/SingleThread.build/Debug/SingleThreadTests.build/SingleThreadTests-all-non-framework-target-headers.hmap

WriteAuxiliaryFile /Users/vardy/dev/alanvardy-var-1014-lower-deployment-targets-from-ios-187watchos-265-to-the/DerivedData/Build/Intermediates.noindex/SingleThread.build/Debug/SingleThreadTests.build/SingleThreadTests-all-target-headers.hmap (in target 'SingleThreadTests' from project 'SingleThread')
    cd /Users/vardy/dev/alanvardy-var-1014-lower-deployment-targets-from-ios-187watchos-265-to-the
    write-file /Users/vardy/dev/alanvardy-var-1014-lower-deployment-targets-from-ios-187watchos-265-to-the/DerivedData/Build/Intermediates.noindex/SingleThread.build/Debug/SingleThreadTests.build/SingleThreadTests-all-target-headers.hmap

WriteAuxiliaryFile /Users/vardy/dev/alanvardy-var-1014-lower-deployment-targets-from-ios-187watchos-265-to-the/DerivedData/Build/Intermediates.noindex/SingleThread.build/Debug/SingleThreadTests.build/Objects-normal/arm64/SingleThreadTests_const_extract_protocols.json (in target 'SingleThreadTests' from project 'SingleThread')
    cd /Users/vardy/dev/alanvardy-var-1014-lower-deployment-targets-from-ios-187watchos-265-to-the
    write-file /Users/vardy/dev/alanvardy-var-1014-lower-deployment-targets-from-ios-187watchos-265-to-the/DerivedData/Build/Intermediates.noindex/SingleThread.build/Debug/SingleThreadTests.build/Objects-normal/arm64/SingleThreadTests_const_extract_protocols.json

WriteAuxiliaryFile /Users/vardy/dev/alanvardy-var-1014-lower-deployment-targets-from-ios-187watchos-265-to-the/DerivedData/Build/Intermediates.noindex/SingleThread.build/Debug/SingleThreadTests.build/Objects-normal/arm64/SingleThreadTests.SwiftFileList (in target 'SingleThreadTests' from project 'SingleThread')
    cd /Users/vardy/dev/alanvardy-var-1014-lower-deployment-targets-from-ios-187watchos-265-to-the
    write-file /Users/vardy/dev/alanvardy-var-1014-lower-deployment-targets-from-ios-187watchos-265-to-the/DerivedData/Build/Intermediates.noindex/SingleThread.build/Debug/SingleThreadTests.build/Objects-normal/arm64/SingleThreadTests.SwiftFileList

WriteAuxiliaryFile /Users/vardy/dev/alanvardy-var-1014-lower-deployment-targets-from-ios-187watchos-265-to-the/DerivedData/Build/Intermediates.noindex/SingleThread.build/Debug/SingleThreadTests.build/Objects-normal/arm64/SingleThreadTests.SwiftConstValuesFileList (in target 'SingleThreadTests' from project 'SingleThread')
    cd /Users/vardy/dev/alanvardy-var-1014-lower-deployment-targets-from-ios-187watchos-265-to-the
    write-file /Users/vardy/dev/alanvardy-var-1014-lower-deployment-targets-from-ios-187watchos-265-to-the/DerivedData/Build/Intermediates.noindex/SingleThread.build/Debug/SingleThreadTests.build/Objects-normal/arm64/SingleThreadTests.SwiftConstValuesFileList

WriteAuxiliaryFile /Users/vardy/dev/alanvardy-var-1014-lower-deployment-targets-from-ios-187watchos-265-to-the/DerivedData/Build/Intermediates.noindex/SingleThread.build/Debug/SingleThreadTests.build/Objects-normal/arm64/SingleThreadTests.LinkFileList (in target 'SingleThreadTests' from project 'SingleThread')
    cd /Users/vardy/dev/alanvardy-var-1014-lower-deployment-targets-from-ios-187watchos-265-to-the
    write-file /Users/vardy/dev/alanvardy-var-1014-lower-deployment-targets-from-ios-187watchos-265-to-the/DerivedData/Build/Intermediates.noindex/SingleThread.build/Debug/SingleThreadTests.build/Objects-normal/arm64/SingleThreadTests.LinkFileList

WriteAuxiliaryFile /Users/vardy/dev/alanvardy-var-1014-lower-deployment-targets-from-ios-187watchos-265-to-the/DerivedData/Build/Intermediates.noindex/SingleThread.build/Debug/SingleThreadTests.build/Objects-normal/arm64/SingleThreadTests-OutputFileMap.json (in target 'SingleThreadTests' from project 'SingleThread')
    cd /Users/vardy/dev/alanvardy-var-1014-lower-deployment-targets-from-ios-187watchos-265-to-the
    write-file /Users/vardy/dev/alanvardy-var-1014-lower-deployment-targets-from-ios-187watchos-265-to-the/DerivedData/Build/Intermediates.noindex/SingleThread.build/Debug/SingleThreadTests.build/Objects-normal/arm64/SingleThreadTests-OutputFileMap.json

WriteAuxiliaryFile /Users/vardy/dev/alanvardy-var-1014-lower-deployment-targets-from-ios-187watchos-265-to-the/DerivedData/Build/Intermediates.noindex/SingleThreadCore.build/Debug/SingleThreadCore-product-t.build/empty-SingleThreadCore_38C46E065536DF53_PackageProduct.plist (in target 'SingleThreadCoredynamic-product' from project 'SingleThreadCore')
    cd /Users/vardy/dev/alanvardy-var-1014-lower-deployment-targets-from-ios-187watchos-265-to-the/SingleThreadCore
    write-file /Users/vardy/dev/alanvardy-var-1014-lower-deployment-targets-from-ios-187watchos-265-to-the/DerivedData/Build/Intermediates.noindex/SingleThreadCore.build/Debug/SingleThreadCore-product-t.build/empty-SingleThreadCore_38C46E065536DF53_PackageProduct.plist

WriteAuxiliaryFile /Users/vardy/dev/alanvardy-var-1014-lower-deployment-targets-from-ios-187watchos-265-to-the/DerivedData/Build/Intermediates.noindex/SingleThreadCore.build/Debug/SingleThreadCore-product-t.build/SingleThreadCore_38C46E065536DF53_PackageProduct.DependencyStaticMetadataFileList (in target 'SingleThreadCoredynamic-product' from project 'SingleThreadCore')
    cd /Users/vardy/dev/alanvardy-var-1014-lower-deployment-targets-from-ios-187watchos-265-to-the/SingleThreadCore
    write-file /Users/vardy/dev/alanvardy-var-1014-lower-deployment-targets-from-ios-187watchos-265-to-the/DerivedData/Build/Intermediates.noindex/SingleThreadCore.build/Debug/SingleThreadCore-product-t.build/SingleThreadCore_38C46E065536DF53_PackageProduct.DependencyStaticMetadataFileList

WriteAuxiliaryFile /Users/vardy/dev/alanvardy-var-1014-lower-deployment-targets-from-ios-187watchos-265-to-the/DerivedData/Build/Intermediates.noindex/SingleThreadCore.build/Debug/SingleThreadCore-product-t.build/SingleThreadCore_38C46E065536DF53_PackageProduct.DependencyMetadataFileList (in target 'SingleThreadCoredynamic-product' from project 'SingleThreadCore')
    cd /Users/vardy/dev/alanvardy-var-1014-lower-deployment-targets-from-ios-187watchos-265-to-the/SingleThreadCore
    write-file /Users/vardy/dev/alanvardy-var-1014-lower-deployment-targets-from-ios-187watchos-265-to-the/DerivedData/Build/Intermediates.noindex/SingleThreadCore.build/Debug/SingleThreadCore-product-t.build/SingleThreadCore_38C46E065536DF53_PackageProduct.DependencyMetadataFileList

WriteAuxiliaryFile /Users/vardy/dev/alanvardy-var-1014-lower-deployment-targets-from-ios-187watchos-265-to-the/DerivedData/Build/Intermediates.noindex/SingleThreadCore.build/Debug/SingleThreadCore-product-t.build/Objects-normal/arm64/SingleThreadCore_38C46E065536DF53_PackageProduct.LinkFileList (in target 'SingleThreadCoredynamic-product' from project 'SingleThreadCore')
    cd /Users/vardy/dev/alanvardy-var-1014-lower-deployment-targets-from-ios-187watchos-265-to-the/SingleThreadCore
    write-file /Users/vardy/dev/alanvardy-var-1014-lower-deployment-targets-from-ios-187watchos-265-to-the/DerivedData/Build/Intermediates.noindex/SingleThreadCore.build/Debug/SingleThreadCore-product-t.build/Objects-normal/arm64/SingleThreadCore_38C46E065536DF53_PackageProduct.LinkFileList

MkDir /Users/vardy/dev/alanvardy-var-1014-lower-deployment-targets-from-ios-187watchos-265-to-the/DerivedData/Build/Products/Debug/SingleThreadUITests-Runner.app/Contents/PlugIns/SingleThreadUITests.xctest/Contents/MacOS (in target 'SingleThreadUITests' from project 'SingleThread')
    cd /Users/vardy/dev/alanvardy-var-1014-lower-deployment-targets-from-ios-187watchos-265-to-the
    /bin/mkdir -p /Users/vardy/dev/alanvardy-var-1014-lower-deployment-targets-from-ios-187watchos-265-to-the/DerivedData/Build/Products/Debug/SingleThreadUITests-Runner.app/Contents/PlugIns/SingleThreadUITests.xctest/Contents/MacOS

MkDir /Users/vardy/dev/alanvardy-var-1014-lower-deployment-targets-from-ios-187watchos-265-to-the/DerivedData/Build/Products/Debug/SingleThreadUITests-Runner.app/Contents/PlugIns/SingleThreadUITests.xctest/Contents/Resources (in target 'SingleThreadUITests' from project 'SingleThread')
    cd /Users/vardy/dev/alanvardy-var-1014-lower-deployment-targets-from-ios-187watchos-265-to-the
    /bin/mkdir -p /Users/vardy/dev/alanvardy-var-1014-lower-deployment-targets-from-ios-187watchos-265-to-the/DerivedData/Build/Products/Debug/SingleThreadUITests-Runner.app/Contents/PlugIns/SingleThreadUITests.xctest/Contents/Resources

MkDir /Users/vardy/dev/alanvardy-var-1014-lower-deployment-targets-from-ios-187watchos-265-to-the/DerivedData/Build/Products/Debug/SingleThreadUITests-Runner.app/Contents/PlugIns/SingleThreadUITests.xctest/Contents/Frameworks (in target 'SingleThreadUITests' from project 'SingleThread')
    cd /Users/vardy/dev/alanvardy-var-1014-lower-deployment-targets-from-ios-187watchos-265-to-the
    /bin/mkdir -p /Users/vardy/dev/alanvardy-var-1014-lower-deployment-targets-from-ios-187watchos-265-to-the/DerivedData/Build/Products/Debug/SingleThreadUITests-Runner.app/Contents/PlugIns/SingleThreadUITests.xctest/Contents/Frameworks

MkDir /Users/vardy/dev/alanvardy-var-1014-lower-deployment-targets-from-ios-187watchos-265-to-the/DerivedData/Build/Products/Debug/SingleThreadUITests-Runner.app/Contents/PlugIns/SingleThreadUITests.xctest/Contents (in target 'SingleThreadUITests' from project 'SingleThread')
    cd /Users/vardy/dev/alanvardy-var-1014-lower-deployment-targets-from-ios-187watchos-265-to-the
    /bin/mkdir -p /Users/vardy/dev/alanvardy-var-1014-lower-deployment-targets-from-ios-187watchos-265-to-the/DerivedData/Build/Products/Debug/SingleThreadUITests-Runner.app/Contents/PlugIns/SingleThreadUITests.xctest/Contents

MkDir /Users/vardy/dev/alanvardy-var-1014-lower-deployment-targets-from-ios-187watchos-265-to-the/DerivedData/Build/Products/Debug/SingleThreadUITests-Runner.app/Contents/PlugIns/SingleThreadUITests.xctest (in target 'SingleThreadUITests' from project 'SingleThread')
    cd /Users/vardy/dev/alanvardy-var-1014-lower-deployment-targets-from-ios-187watchos-265-to-the
    /bin/mkdir -p /Users/vardy/dev/alanvardy-var-1014-lower-deployment-targets-from-ios-187watchos-265-to-the/DerivedData/Build/Products/Debug/SingleThreadUITests-Runner.app/Contents/PlugIns/SingleThreadUITests.xctest

MkDir /Users/vardy/dev/alanvardy-var-1014-lower-deployment-targets-from-ios-187watchos-265-to-the/DerivedData/Build/Products/Debug/SingleThread.app/Contents/PlugIns/SingleThreadTests.xctest/Contents/Frameworks (in target 'SingleThreadTests' from project 'SingleThread')
    cd /Users/vardy/dev/alanvardy-var-1014-lower-deployment-targets-from-ios-187watchos-265-to-the
    /bin/mkdir -p /Users/vardy/dev/alanvardy-var-1014-lower-deployment-targets-from-ios-187watchos-265-to-the/DerivedData/Build/Products/Debug/SingleThread.app/Contents/PlugIns/SingleThreadTests.xctest/Contents/Frameworks

MkDir /Users/vardy/dev/alanvardy-var-1014-lower-deployment-targets-from-ios-187watchos-265-to-the/DerivedData/Build/Products/Debug/SingleThread.app/Contents/PlugIns/SingleThreadTests.xctest/Contents/MacOS (in target 'SingleThreadTests' from project 'SingleThread')
    cd /Users/vardy/dev/alanvardy-var-1014-lower-deployment-targets-from-ios-187watchos-265-to-the
    /bin/mkdir -p /Users/vardy/dev/alanvardy-var-1014-lower-deployment-targets-from-ios-187watchos-265-to-the/DerivedData/Build/Products/Debug/SingleThread.app/Contents/PlugIns/SingleThreadTests.xctest/Contents/MacOS

MkDir /Users/vardy/dev/alanvardy-var-1014-lower-deployment-targets-from-ios-187watchos-265-to-the/DerivedData/Build/Products/Debug/SingleThread.app/Contents/PlugIns/SingleThreadTests.xctest/Contents/Resources (in target 'SingleThreadTests' from project 'SingleThread')
    cd /Users/vardy/dev/alanvardy-var-1014-lower-deployment-targets-from-ios-187watchos-265-to-the
    /bin/mkdir -p /Users/vardy/dev/alanvardy-var-1014-lower-deployment-targets-from-ios-187watchos-265-to-the/DerivedData/Build/Products/Debug/SingleThread.app/Contents/PlugIns/SingleThreadTests.xctest/Contents/Resources

MkDir /Users/vardy/dev/alanvardy-var-1014-lower-deployment-targets-from-ios-187watchos-265-to-the/DerivedData/Build/Products/Debug/SingleThread.app/Contents/PlugIns/SingleThreadTests.xctest/Contents (in target 'SingleThreadTests' from project 'SingleThread')
    cd /Users/vardy/dev/alanvardy-var-1014-lower-deployment-targets-from-ios-187watchos-265-to-the
    /bin/mkdir -p /Users/vardy/dev/alanvardy-var-1014-lower-deployment-targets-from-ios-187watchos-265-to-the/DerivedData/Build/Products/Debug/SingleThread.app/Contents/PlugIns/SingleThreadTests.xctest/Contents

MkDir /Users/vardy/dev/alanvardy-var-1014-lower-deployment-targets-from-ios-187watchos-265-to-the/DerivedData/Build/Products/Debug/SingleThread.app/Contents/PlugIns/SingleThreadTests.xctest (in target 'SingleThreadTests' from project 'SingleThread')
    cd /Users/vardy/dev/alanvardy-var-1014-lower-deployment-targets-from-ios-187watchos-265-to-the
    /bin/mkdir -p /Users/vardy/dev/alanvardy-var-1014-lower-deployment-targets-from-ios-187watchos-265-to-the/DerivedData/Build/Products/Debug/SingleThread.app/Contents/PlugIns/SingleThreadTests.xctest

SymLink /Users/vardy/dev/alanvardy-var-1014-lower-deployment-targets-from-ios-187watchos-265-to-the/DerivedData/Build/Products/Debug/PackageFrameworks/SingleThreadCore_38C46E065536DF53_PackageProduct.framework/SingleThreadCore_38C46E065536DF53_PackageProduct Versions/Current/SingleThreadCore_38C46E065536DF53_PackageProduct (in target 'SingleThreadCoredynamic-product' from project 'SingleThreadCore')
    cd /Users/vardy/dev/alanvardy-var-1014-lower-deployment-targets-from-ios-187watchos-265-to-the/SingleThreadCore
    /bin/ln -sfh Versions/Current/SingleThreadCore_38C46E065536DF53_PackageProduct /Users/vardy/dev/alanvardy-var-1014-lower-deployment-targets-from-ios-187watchos-265-to-the/DerivedData/Build/Products/Debug/PackageFrameworks/SingleThreadCore_38C46E065536DF53_PackageProduct.framework/SingleThreadCore_38C46E065536DF53_PackageProduct

SymLink /Users/vardy/dev/alanvardy-var-1014-lower-deployment-targets-from-ios-187watchos-265-to-the/DerivedData/Build/Products/Debug/PackageFrameworks/SingleThreadCore_38C46E065536DF53_PackageProduct.framework/Resources Versions/Current/Resources (in target 'SingleThreadCoredynamic-product' from project 'SingleThreadCore')
    cd /Users/vardy/dev/alanvardy-var-1014-lower-deployment-targets-from-ios-187watchos-265-to-the/SingleThreadCore
    /bin/ln -sfh Versions/Current/Resources /Users/vardy/dev/alanvardy-var-1014-lower-deployment-targets-from-ios-187watchos-265-to-the/DerivedData/Build/Products/Debug/PackageFrameworks/SingleThreadCore_38C46E065536DF53_PackageProduct.framework/Resources

SymLink /Users/vardy/dev/alanvardy-var-1014-lower-deployment-targets-from-ios-187watchos-265-to-the/DerivedData/Build/Products/Debug/PackageFrameworks/SingleThreadCore_38C46E065536DF53_PackageProduct.framework/Versions/Current A (in target 'SingleThreadCoredynamic-product' from project 'SingleThreadCore')
    cd /Users/vardy/dev/alanvardy-var-1014-lower-deployment-targets-from-ios-187watchos-265-to-the/SingleThreadCore
    /bin/ln -sfh A /Users/vardy/dev/alanvardy-var-1014-lower-deployment-targets-from-ios-187watchos-265-to-the/DerivedData/Build/Products/Debug/PackageFrameworks/SingleThreadCore_38C46E065536DF53_PackageProduct.framework/Versions/Current

MkDir /Users/vardy/dev/alanvardy-var-1014-lower-deployment-targets-from-ios-187watchos-265-to-the/DerivedData/Build/Products/Debug/PackageFrameworks/SingleThreadCore_38C46E065536DF53_PackageProduct.framework/Versions/A (in target 'SingleThreadCoredynamic-product' from project 'SingleThreadCore')
    cd /Users/vardy/dev/alanvardy-var-1014-lower-deployment-targets-from-ios-187watchos-265-to-the/SingleThreadCore
    /bin/mkdir -p /Users/vardy/dev/alanvardy-var-1014-lower-deployment-targets-from-ios-187watchos-265-to-the/DerivedData/Build/Products/Debug/PackageFrameworks/SingleThreadCore_38C46E065536DF53_PackageProduct.framework/Versions/A

MkDir /Users/vardy/dev/alanvardy-var-1014-lower-deployment-targets-from-ios-187watchos-265-to-the/DerivedData/Build/Products/Debug/PackageFrameworks/SingleThreadCore_38C46E065536DF53_PackageProduct.framework/Versions/A/Resources (in target 'SingleThreadCoredynamic-product' from project 'SingleThreadCore')
    cd /Users/vardy/dev/alanvardy-var-1014-lower-deployment-targets-from-ios-187watchos-265-to-the/SingleThreadCore
    /bin/mkdir -p /Users/vardy/dev/alanvardy-var-1014-lower-deployment-targets-from-ios-187watchos-265-to-the/DerivedData/Build/Products/Debug/PackageFrameworks/SingleThreadCore_38C46E065536DF53_PackageProduct.framework/Versions/A/Resources

MkDir /Users/vardy/dev/alanvardy-var-1014-lower-deployment-targets-from-ios-187watchos-265-to-the/DerivedData/Build/Products/Debug/PackageFrameworks/SingleThreadCore_38C46E065536DF53_PackageProduct.framework/Versions (in target 'SingleThreadCoredynamic-product' from project 'SingleThreadCore')
    cd /Users/vardy/dev/alanvardy-var-1014-lower-deployment-targets-from-ios-187watchos-265-to-the/SingleThreadCore
    /bin/mkdir -p /Users/vardy/dev/alanvardy-var-1014-lower-deployment-targets-from-ios-187watchos-265-to-the/DerivedData/Build/Products/Debug/PackageFrameworks/SingleThreadCore_38C46E065536DF53_PackageProduct.framework/Versions

MkDir /Users/vardy/dev/alanvardy-var-1014-lower-deployment-targets-from-ios-187watchos-265-to-the/DerivedData/Build/Products/Debug/PackageFrameworks/SingleThreadCore_38C46E065536DF53_PackageProduct.framework (in target 'SingleThreadCoredynamic-product' from project 'SingleThreadCore')
    cd /Users/vardy/dev/alanvardy-var-1014-lower-deployment-targets-from-ios-187watchos-265-to-the/SingleThreadCore
    /bin/mkdir -p /Users/vardy/dev/alanvardy-var-1014-lower-deployment-targets-from-ios-187watchos-265-to-the/DerivedData/Build/Products/Debug/PackageFrameworks/SingleThreadCore_38C46E065536DF53_PackageProduct.framework

CreateBuildDirectory /Users/vardy/dev/alanvardy-var-1014-lower-deployment-targets-from-ios-187watchos-265-to-the/DerivedData/Build/Products/Debug/PackageFrameworks
    cd /Users/vardy/dev/alanvardy-var-1014-lower-deployment-targets-from-ios-187watchos-265-to-the/SingleThread.xcodeproj
    builtin-create-build-directory /Users/vardy/dev/alanvardy-var-1014-lower-deployment-targets-from-ios-187watchos-265-to-the/DerivedData/Build/Products/Debug/PackageFrameworks

MkDir /Users/vardy/dev/alanvardy-var-1014-lower-deployment-targets-from-ios-187watchos-265-to-the/DerivedData/Build/Products/Debug/SingleThreadCore_SingleThreadCore.bundle (in target 'SingleThreadCore_SingleThreadCore' from project 'SingleThreadCore')
    cd /Users/vardy/dev/alanvardy-var-1014-lower-deployment-targets-from-ios-187watchos-265-to-the/SingleThreadCore
    /bin/mkdir -p /Users/vardy/dev/alanvardy-var-1014-lower-deployment-targets-from-ios-187watchos-265-to-the/DerivedData/Build/Products/Debug/SingleThreadCore_SingleThreadCore.bundle

WriteAuxiliaryFile /Users/vardy/dev/alanvardy-var-1014-lower-deployment-targets-from-ios-187watchos-265-to-the/DerivedData/Build/Intermediates.noindex/SingleThreadCore.build/Debug/SingleThreadCore_SingleThreadCore-b.build/empty-SingleThreadCore_SingleThreadCore.plist (in target 'SingleThreadCore_SingleThreadCore' from project 'SingleThreadCore')
    cd /Users/vardy/dev/alanvardy-var-1014-lower-deployment-targets-from-ios-187watchos-265-to-the/SingleThreadCore
    write-file /Users/vardy/dev/alanvardy-var-1014-lower-deployment-targets-from-ios-187watchos-265-to-the/DerivedData/Build/Intermediates.noindex/SingleThreadCore.build/Debug/SingleThreadCore_SingleThreadCore-b.build/empty-SingleThreadCore_SingleThreadCore.plist

WriteAuxiliaryFile /Users/vardy/dev/alanvardy-var-1014-lower-deployment-targets-from-ios-187watchos-265-to-the/DerivedData/Build/Intermediates.noindex/SingleThreadCore.build/Debug/SingleThreadCore_SingleThreadCore-b.build/SingleThreadCore_SingleThreadCore.DependencyMetadataFileList (in target 'SingleThreadCore_SingleThreadCore' from project 'SingleThreadCore')
    cd /Users/vardy/dev/alanvardy-var-1014-lower-deployment-targets-from-ios-187watchos-265-to-the/SingleThreadCore
    write-file /Users/vardy/dev/alanvardy-var-1014-lower-deployment-targets-from-ios-187watchos-265-to-the/DerivedData/Build/Intermediates.noindex/SingleThreadCore.build/Debug/SingleThreadCore_SingleThreadCore-b.build/SingleThreadCore_SingleThreadCore.DependencyMetadataFileList

WriteAuxiliaryFile /Users/vardy/dev/alanvardy-var-1014-lower-deployment-targets-from-ios-187watchos-265-to-the/DerivedData/Build/Intermediates.noindex/SingleThreadCore.build/Debug/SingleThreadCore_SingleThreadCore-b.build/SingleThreadCore_SingleThreadCore.DependencyStaticMetadataFileList (in target 'SingleThreadCore_SingleThreadCore' from project 'SingleThreadCore')
    cd /Users/vardy/dev/alanvardy-var-1014-lower-deployment-targets-from-ios-187watchos-265-to-the/SingleThreadCore
    write-file /Users/vardy/dev/alanvardy-var-1014-lower-deployment-targets-from-ios-187watchos-265-to-the/DerivedData/Build/Intermediates.noindex/SingleThreadCore.build/Debug/SingleThreadCore_SingleThreadCore-b.build/SingleThreadCore_SingleThreadCore.DependencyStaticMetadataFileList

MkDir /Users/vardy/dev/alanvardy-var-1014-lower-deployment-targets-from-ios-187watchos-265-to-the/DerivedData/Build/Products/Debug/SingleThreadCore_SingleThreadCore.bundle/Contents (in target 'SingleThreadCore_SingleThreadCore' from project 'SingleThreadCore')
    cd /Users/vardy/dev/alanvardy-var-1014-lower-deployment-targets-from-ios-187watchos-265-to-the/SingleThreadCore
    /bin/mkdir -p /Users/vardy/dev/alanvardy-var-1014-lower-deployment-targets-from-ios-187watchos-265-to-the/DerivedData/Build/Products/Debug/SingleThreadCore_SingleThreadCore.bundle/Contents

MkDir /Users/vardy/dev/alanvardy-var-1014-lower-deployment-targets-from-ios-187watchos-265-to-the/DerivedData/Build/Products/Debug/SingleThreadCore_SingleThreadCore.bundle/Contents/Resources (in target 'SingleThreadCore_SingleThreadCore' from project 'SingleThreadCore')
    cd /Users/vardy/dev/alanvardy-var-1014-lower-deployment-targets-from-ios-187watchos-265-to-the/SingleThreadCore
    /bin/mkdir -p /Users/vardy/dev/alanvardy-var-1014-lower-deployment-targets-from-ios-187watchos-265-to-the/DerivedData/Build/Products/Debug/SingleThreadCore_SingleThreadCore.bundle/Contents/Resources

WriteAuxiliaryFile /Users/vardy/dev/alanvardy-var-1014-lower-deployment-targets-from-ios-187watchos-265-to-the/DerivedData/Build/Intermediates.noindex/SingleThreadCore.build/Debug/SingleThreadCore-t.build/SingleThreadCore.modulemap (in target 'SingleThreadCore' from project 'SingleThreadCore')
    cd /Users/vardy/dev/alanvardy-var-1014-lower-deployment-targets-from-ios-187watchos-265-to-the/SingleThreadCore
    write-file /Users/vardy/dev/alanvardy-var-1014-lower-deployment-targets-from-ios-187watchos-265-to-the/DerivedData/Build/Intermediates.noindex/SingleThreadCore.build/Debug/SingleThreadCore-t.build/SingleThreadCore.modulemap

WriteAuxiliaryFile /Users/vardy/dev/alanvardy-var-1014-lower-deployment-targets-from-ios-187watchos-265-to-the/DerivedData/Build/Intermediates.noindex/SingleThreadCore.build/Debug/SingleThreadCore-t.build/SingleThreadCore.DependencyStaticMetadataFileList (in target 'SingleThreadCore' from project 'SingleThreadCore')
    cd /Users/vardy/dev/alanvardy-var-1014-lower-deployment-targets-from-ios-187watchos-265-to-the/SingleThreadCore
    write-file /Users/vardy/dev/alanvardy-var-1014-lower-deployment-targets-from-ios-187watchos-265-to-the/DerivedData/Build/Intermediates.noindex/SingleThreadCore.build/Debug/SingleThreadCore-t.build/SingleThreadCore.DependencyStaticMetadataFileList

WriteAuxiliaryFile /Users/vardy/dev/alanvardy-var-1014-lower-deployment-targets-from-ios-187watchos-265-to-the/DerivedData/Build/Intermediates.noindex/SingleThreadCore.build/Debug/SingleThreadCore-t.build/SingleThreadCore.DependencyMetadataFileList (in target 'SingleThreadCore' from project 'SingleThreadCore')
    cd /Users/vardy/dev/alanvardy-var-1014-lower-deployment-targets-from-ios-187watchos-265-to-the/SingleThreadCore
    write-file /Users/vardy/dev/alanvardy-var-1014-lower-deployment-targets-from-ios-187watchos-265-to-the/DerivedData/Build/Intermediates.noindex/SingleThreadCore.build/Debug/SingleThreadCore-t.build/SingleThreadCore.DependencyMetadataFileList

WriteAuxiliaryFile /Users/vardy/dev/alanvardy-var-1014-lower-deployment-targets-from-ios-187watchos-265-to-the/DerivedData/Build/Intermediates.noindex/SingleThreadCore.build/Debug/SingleThreadCore-t.build/Objects-normal/arm64/SingleThreadCore_const_extract_protocols.json (in target 'SingleThreadCore' from project 'SingleThreadCore')
    cd /Users/vardy/dev/alanvardy-var-1014-lower-deployment-targets-from-ios-187watchos-265-to-the/SingleThreadCore
    write-file /Users/vardy/dev/alanvardy-var-1014-lower-deployment-targets-from-ios-187watchos-265-to-the/DerivedData/Build/Intermediates.noindex/SingleThreadCore.build/Debug/SingleThreadCore-t.build/Objects-normal/arm64/SingleThreadCore_const_extract_protocols.json

WriteAuxiliaryFile /Users/vardy/dev/alanvardy-var-1014-lower-deployment-targets-from-ios-187watchos-265-to-the/DerivedData/Build/Intermediates.noindex/SingleThreadCore.build/Debug/SingleThreadCore-t.build/Objects-normal/arm64/SingleThreadCore.SwiftFileList (in target 'SingleThreadCore' from project 'SingleThreadCore')
    cd /Users/vardy/dev/alanvardy-var-1014-lower-deployment-targets-from-ios-187watchos-265-to-the/SingleThreadCore
    write-file /Users/vardy/dev/alanvardy-var-1014-lower-deployment-targets-from-ios-187watchos-265-to-the/DerivedData/Build/Intermediates.noindex/SingleThreadCore.build/Debug/SingleThreadCore-t.build/Objects-normal/arm64/SingleThreadCore.SwiftFileList

WriteAuxiliaryFile /Users/vardy/dev/alanvardy-var-1014-lower-deployment-targets-from-ios-187watchos-265-to-the/DerivedData/Build/Intermediates.noindex/SingleThreadCore.build/Debug/SingleThreadCore-t.build/Objects-normal/arm64/SingleThreadCore.LinkFileList (in target 'SingleThreadCore' from project 'SingleThreadCore')
    cd /Users/vardy/dev/alanvardy-var-1014-lower-deployment-targets-from-ios-187watchos-265-to-the/SingleThreadCore
    write-file /Users/vardy/dev/alanvardy-var-1014-lower-deployment-targets-from-ios-187watchos-265-to-the/DerivedData/Build/Intermediates.noindex/SingleThreadCore.build/Debug/SingleThreadCore-t.build/Objects-normal/arm64/SingleThreadCore.LinkFileList

WriteAuxiliaryFile /Users/vardy/dev/alanvardy-var-1014-lower-deployment-targets-from-ios-187watchos-265-to-the/DerivedData/Build/Intermediates.noindex/SingleThreadCore.build/Debug/SingleThreadCore-t.build/Objects-normal/arm64/SingleThreadCore.SwiftConstValuesFileList (in target 'SingleThreadCore' from project 'SingleThreadCore')
    cd /Users/vardy/dev/alanvardy-var-1014-lower-deployment-targets-from-ios-187watchos-265-to-the/SingleThreadCore
    write-file /Users/vardy/dev/alanvardy-var-1014-lower-deployment-targets-from-ios-187watchos-265-to-the/DerivedData/Build/Intermediates.noindex/SingleThreadCore.build/Debug/SingleThreadCore-t.build/Objects-normal/arm64/SingleThreadCore.SwiftConstValuesFileList

WriteAuxiliaryFile /Users/vardy/dev/alanvardy-var-1014-lower-deployment-targets-from-ios-187watchos-265-to-the/DerivedData/Build/Intermediates.noindex/SingleThreadCore.build/Debug/SingleThreadCore-t.build/Objects-normal/arm64/SingleThreadCore-OutputFileMap.json (in target 'SingleThreadCore' from project 'SingleThreadCore')
    cd /Users/vardy/dev/alanvardy-var-1014-lower-deployment-targets-from-ios-187watchos-265-to-the/SingleThreadCore
    write-file /Users/vardy/dev/alanvardy-var-1014-lower-deployment-targets-from-ios-187watchos-265-to-the/DerivedData/Build/Intermediates.noindex/SingleThreadCore.build/Debug/SingleThreadCore-t.build/Objects-normal/arm64/SingleThreadCore-OutputFileMap.json

WriteAuxiliaryFile /Users/vardy/dev/alanvardy-var-1014-lower-deployment-targets-from-ios-187watchos-265-to-the/DerivedData/Build/Intermediates.noindex/SingleThreadCore.build/Debug/SingleThreadCore-t.build/DerivedSources/resource_bundle_accessor.swift (in target 'SingleThreadCore' from project 'SingleThreadCore')
    cd /Users/vardy/dev/alanvardy-var-1014-lower-deployment-targets-from-ios-187watchos-265-to-the/SingleThreadCore
    write-file /Users/vardy/dev/alanvardy-var-1014-lower-deployment-targets-from-ios-187watchos-265-to-the/DerivedData/Build/Intermediates.noindex/SingleThreadCore.build/Debug/SingleThreadCore-t.build/DerivedSources/resource_bundle_accessor.swift

WriteAuxiliaryFile /Users/vardy/dev/alanvardy-var-1014-lower-deployment-targets-from-ios-187watchos-265-to-the/DerivedData/Build/Intermediates.noindex/SingleThread.build/Debug/SingleThread.build/empty-SingleThread.plist (in target 'SingleThread' from project 'SingleThread')
    cd /Users/vardy/dev/alanvardy-var-1014-lower-deployment-targets-from-ios-187watchos-265-to-the
    write-file /Users/vardy/dev/alanvardy-var-1014-lower-deployment-targets-from-ios-187watchos-265-to-the/DerivedData/Build/Intermediates.noindex/SingleThread.build/Debug/SingleThread.build/empty-SingleThread.plist

WriteAuxiliaryFile /Users/vardy/dev/alanvardy-var-1014-lower-deployment-targets-from-ios-187watchos-265-to-the/DerivedData/Build/Intermediates.noindex/SingleThread.build/Debug/SingleThread.build/SingleThread.hmap (in target 'SingleThread' from project 'SingleThread')
    cd /Users/vardy/dev/alanvardy-var-1014-lower-deployment-targets-from-ios-187watchos-265-to-the
    write-file /Users/vardy/dev/alanvardy-var-1014-lower-deployment-targets-from-ios-187watchos-265-to-the/DerivedData/Build/Intermediates.noindex/SingleThread.build/Debug/SingleThread.build/SingleThread.hmap

Copy /Users/vardy/dev/alanvardy-var-1014-lower-deployment-targets-from-ios-187watchos-265-to-the/DerivedData/Build/Intermediates.noindex/GeneratedModuleMaps/SingleThreadCore.modulemap /Users/vardy/dev/alanvardy-var-1014-lower-deployment-targets-from-ios-187watchos-265-to-the/DerivedData/Build/Intermediates.noindex/SingleThreadCore.build/Debug/SingleThreadCore-t.build/SingleThreadCore.modulemap (in target 'SingleThreadCore' from project 'SingleThreadCore')
    cd /Users/vardy/dev/alanvardy-var-1014-lower-deployment-targets-from-ios-187watchos-265-to-the/SingleThreadCore
    builtin-copy -exclude .DS_Store -exclude CVS -exclude .svn -exclude .git -exclude .hg -resolve-src-symlinks /Users/vardy/dev/alanvardy-var-1014-lower-deployment-targets-from-ios-187watchos-265-to-the/DerivedData/Build/Intermediates.noindex/SingleThreadCore.build/Debug/SingleThreadCore-t.build/SingleThreadCore.modulemap /Users/vardy/dev/alanvardy-var-1014-lower-deployment-targets-from-ios-187watchos-265-to-the/DerivedData/Build/Intermediates.noindex/GeneratedModuleMaps

WriteAuxiliaryFile /Users/vardy/dev/alanvardy-var-1014-lower-deployment-targets-from-ios-187watchos-265-to-the/DerivedData/Build/Intermediates.noindex/SingleThread.build/Debug/SingleThread.build/SingleThread.DependencyStaticMetadataFileList (in target 'SingleThread' from project 'SingleThread')
    cd /Users/vardy/dev/alanvardy-var-1014-lower-deployment-targets-from-ios-187watchos-265-to-the
    write-file /Users/vardy/dev/alanvardy-var-1014-lower-deployment-targets-from-ios-187watchos-265-to-the/DerivedData/Build/Intermediates.noindex/SingleThread.build/Debug/SingleThread.build/SingleThread.DependencyStaticMetadataFileList

WriteAuxiliaryFile /Users/vardy/dev/alanvardy-var-1014-lower-deployment-targets-from-ios-187watchos-265-to-the/DerivedData/Build/Intermediates.noindex/SingleThread.build/Debug/SingleThread.build/SingleThread.DependencyMetadataFileList (in target 'SingleThread' from project 'SingleThread')
    cd /Users/vardy/dev/alanvardy-var-1014-lower-deployment-targets-from-ios-187watchos-265-to-the
    write-file /Users/vardy/dev/alanvardy-var-1014-lower-deployment-targets-from-ios-187watchos-265-to-the/DerivedData/Build/Intermediates.noindex/SingleThread.build/Debug/SingleThread.build/SingleThread.DependencyMetadataFileList

WriteAuxiliaryFile /Users/vardy/dev/alanvardy-var-1014-lower-deployment-targets-from-ios-187watchos-265-to-the/DerivedData/Build/Intermediates.noindex/SingleThread.build/Debug/SingleThread.build/SingleThread-project-headers.hmap (in target 'SingleThread' from project 'SingleThread')
    cd /Users/vardy/dev/alanvardy-var-1014-lower-deployment-targets-from-ios-187watchos-265-to-the
    write-file /Users/vardy/dev/alanvardy-var-1014-lower-deployment-targets-from-ios-187watchos-265-to-the/DerivedData/Build/Intermediates.noindex/SingleThread.build/Debug/SingleThread.build/SingleThread-project-headers.hmap

WriteAuxiliaryFile /Users/vardy/dev/alanvardy-var-1014-lower-deployment-targets-from-ios-187watchos-265-to-the/DerivedData/Build/Intermediates.noindex/SingleThread.build/Debug/SingleThread.build/SingleThread-own-target-headers.hmap (in target 'SingleThread' from project 'SingleThread')
    cd /Users/vardy/dev/alanvardy-var-1014-lower-deployment-targets-from-ios-187watchos-265-to-the
    write-file /Users/vardy/dev/alanvardy-var-1014-lower-deployment-targets-from-ios-187watchos-265-to-the/DerivedData/Build/Intermediates.noindex/SingleThread.build/Debug/SingleThread.build/SingleThread-own-target-headers.hmap

WriteAuxiliaryFile /Users/vardy/dev/alanvardy-var-1014-lower-deployment-targets-from-ios-187watchos-265-to-the/DerivedData/Build/Intermediates.noindex/SingleThread.build/Debug/SingleThread.build/SingleThread-generated-files.hmap (in target 'SingleThread' from project 'SingleThread')
    cd /Users/vardy/dev/alanvardy-var-1014-lower-deployment-targets-from-ios-187watchos-265-to-the
    write-file /Users/vardy/dev/alanvardy-var-1014-lower-deployment-targets-from-ios-187watchos-265-to-the/DerivedData/Build/Intermediates.noindex/SingleThread.build/Debug/SingleThread.build/SingleThread-generated-files.hmap

WriteAuxiliaryFile /Users/vardy/dev/alanvardy-var-1014-lower-deployment-targets-from-ios-187watchos-265-to-the/DerivedData/Build/Intermediates.noindex/SingleThread.build/Debug/SingleThread.build/SingleThread-all-target-headers.hmap (in target 'SingleThread' from project 'SingleThread')
    cd /Users/vardy/dev/alanvardy-var-1014-lower-deployment-targets-from-ios-187watchos-265-to-the
    write-file /Users/vardy/dev/alanvardy-var-1014-lower-deployment-targets-from-ios-187watchos-265-to-the/DerivedData/Build/Intermediates.noindex/SingleThread.build/Debug/SingleThread.build/SingleThread-all-target-headers.hmap

WriteAuxiliaryFile /Users/vardy/dev/alanvardy-var-1014-lower-deployment-targets-from-ios-187watchos-265-to-the/DerivedData/Build/Intermediates.noindex/SingleThread.build/Debug/SingleThread.build/SingleThread-all-non-framework-target-headers.hmap (in target 'SingleThread' from project 'SingleThread')
    cd /Users/vardy/dev/alanvardy-var-1014-lower-deployment-targets-from-ios-187watchos-265-to-the
    write-file /Users/vardy/dev/alanvardy-var-1014-lower-deployment-targets-from-ios-187watchos-265-to-the/DerivedData/Build/Intermediates.noindex/SingleThread.build/Debug/SingleThread.build/SingleThread-all-non-framework-target-headers.hmap

WriteAuxiliaryFile /Users/vardy/dev/alanvardy-var-1014-lower-deployment-targets-from-ios-187watchos-265-to-the/DerivedData/Build/Intermediates.noindex/SingleThread.build/Debug/SingleThread.build/SingleThread-DebugDylibPath-normal-arm64.txt (in target 'SingleThread' from project 'SingleThread')
    cd /Users/vardy/dev/alanvardy-var-1014-lower-deployment-targets-from-ios-187watchos-265-to-the
    write-file /Users/vardy/dev/alanvardy-var-1014-lower-deployment-targets-from-ios-187watchos-265-to-the/DerivedData/Build/Intermediates.noindex/SingleThread.build/Debug/SingleThread.build/SingleThread-DebugDylibPath-normal-arm64.txt

WriteAuxiliaryFile /Users/vardy/dev/alanvardy-var-1014-lower-deployment-targets-from-ios-187watchos-265-to-the/DerivedData/Build/Intermediates.noindex/SingleThread.build/Debug/SingleThread.build/SingleThread-DebugDylibInstallName-normal-arm64.txt (in target 'SingleThread' from project 'SingleThread')
    cd /Users/vardy/dev/alanvardy-var-1014-lower-deployment-targets-from-ios-187watchos-265-to-the
    write-file /Users/vardy/dev/alanvardy-var-1014-lower-deployment-targets-from-ios-187watchos-265-to-the/DerivedData/Build/Intermediates.noindex/SingleThread.build/Debug/SingleThread.build/SingleThread-DebugDylibInstallName-normal-arm64.txt

WriteAuxiliaryFile /Users/vardy/dev/alanvardy-var-1014-lower-deployment-targets-from-ios-187watchos-265-to-the/DerivedData/Build/Intermediates.noindex/SingleThread.build/Debug/SingleThread.build/Objects-normal/arm64/SingleThread.SwiftConstValuesFileList (in target 'SingleThread' from project 'SingleThread')
    cd /Users/vardy/dev/alanvardy-var-1014-lower-deployment-targets-from-ios-187watchos-265-to-the
    write-file /Users/vardy/dev/alanvardy-var-1014-lower-deployment-targets-from-ios-187watchos-265-to-the/DerivedData/Build/Intermediates.noindex/SingleThread.build/Debug/SingleThread.build/Objects-normal/arm64/SingleThread.SwiftConstValuesFileList

WriteAuxiliaryFile /Users/vardy/dev/alanvardy-var-1014-lower-deployment-targets-from-ios-187watchos-265-to-the/DerivedData/Build/Intermediates.noindex/SingleThread.build/Debug/SingleThread.build/Objects-normal/arm64/SingleThread_const_extract_protocols.json (in target 'SingleThread' from project 'SingleThread')
    cd /Users/vardy/dev/alanvardy-var-1014-lower-deployment-targets-from-ios-187watchos-265-to-the
    write-file /Users/vardy/dev/alanvardy-var-1014-lower-deployment-targets-from-ios-187watchos-265-to-the/DerivedData/Build/Intermediates.noindex/SingleThread.build/Debug/SingleThread.build/Objects-normal/arm64/SingleThread_const_extract_protocols.json

WriteAuxiliaryFile /Users/vardy/dev/alanvardy-var-1014-lower-deployment-targets-from-ios-187watchos-265-to-the/DerivedData/Build/Intermediates.noindex/SingleThread.build/Debug/SingleThread.build/Objects-normal/arm64/SingleThread.SwiftFileList (in target 'SingleThread' from project 'SingleThread')
    cd /Users/vardy/dev/alanvardy-var-1014-lower-deployment-targets-from-ios-187watchos-265-to-the
    write-file /Users/vardy/dev/alanvardy-var-1014-lower-deployment-targets-from-ios-187watchos-265-to-the/DerivedData/Build/Intermediates.noindex/SingleThread.build/Debug/SingleThread.build/Objects-normal/arm64/SingleThread.SwiftFileList

WriteAuxiliaryFile /Users/vardy/dev/alanvardy-var-1014-lower-deployment-targets-from-ios-187watchos-265-to-the/DerivedData/Build/Intermediates.noindex/SingleThread.build/Debug/SingleThread.build/Objects-normal/arm64/SingleThread.LinkFileList (in target 'SingleThread' from project 'SingleThread')
    cd /Users/vardy/dev/alanvardy-var-1014-lower-deployment-targets-from-ios-187watchos-265-to-the
    write-file /Users/vardy/dev/alanvardy-var-1014-lower-deployment-targets-from-ios-187watchos-265-to-the/DerivedData/Build/Intermediates.noindex/SingleThread.build/Debug/SingleThread.build/Objects-normal/arm64/SingleThread.LinkFileList

WriteAuxiliaryFile /Users/vardy/dev/alanvardy-var-1014-lower-deployment-targets-from-ios-187watchos-265-to-the/DerivedData/Build/Intermediates.noindex/SingleThread.build/Debug/SingleThread.build/Objects-normal/arm64/SingleThread-OutputFileMap.json (in target 'SingleThread' from project 'SingleThread')
    cd /Users/vardy/dev/alanvardy-var-1014-lower-deployment-targets-from-ios-187watchos-265-to-the
    write-file /Users/vardy/dev/alanvardy-var-1014-lower-deployment-targets-from-ios-187watchos-265-to-the/DerivedData/Build/Intermediates.noindex/SingleThread.build/Debug/SingleThread.build/Objects-normal/arm64/SingleThread-OutputFileMap.json

MkDir /Users/vardy/dev/alanvardy-var-1014-lower-deployment-targets-from-ios-187watchos-265-to-the/DerivedData/Build/Products/Debug/SingleThread.app/Contents/Resources (in target 'SingleThread' from project 'SingleThread')
    cd /Users/vardy/dev/alanvardy-var-1014-lower-deployment-targets-from-ios-187watchos-265-to-the
    /bin/mkdir -p /Users/vardy/dev/alanvardy-var-1014-lower-deployment-targets-from-ios-187watchos-265-to-the/DerivedData/Build/Products/Debug/SingleThread.app/Contents/Resources

MkDir /Users/vardy/dev/alanvardy-var-1014-lower-deployment-targets-from-ios-187watchos-265-to-the/DerivedData/Build/Products/Debug/SingleThread.app/Contents/PlugIns (in target 'SingleThread' from project 'SingleThread')
    cd /Users/vardy/dev/alanvardy-var-1014-lower-deployment-targets-from-ios-187watchos-265-to-the
    /bin/mkdir -p /Users/vardy/dev/alanvardy-var-1014-lower-deployment-targets-from-ios-187watchos-265-to-the/DerivedData/Build/Products/Debug/SingleThread.app/Contents/PlugIns

MkDir /Users/vardy/dev/alanvardy-var-1014-lower-deployment-targets-from-ios-187watchos-265-to-the/DerivedData/Build/Products/Debug/SingleThread.app/Contents/MacOS (in target 'SingleThread' from project 'SingleThread')
    cd /Users/vardy/dev/alanvardy-var-1014-lower-deployment-targets-from-ios-187watchos-265-to-the
    /bin/mkdir -p /Users/vardy/dev/alanvardy-var-1014-lower-deployment-targets-from-ios-187watchos-265-to-the/DerivedData/Build/Products/Debug/SingleThread.app/Contents/MacOS

MkDir /Users/vardy/dev/alanvardy-var-1014-lower-deployment-targets-from-ios-187watchos-265-to-the/DerivedData/Build/Products/Debug/SingleThread.app/Contents/Frameworks (in target 'SingleThread' from project 'SingleThread')
    cd /Users/vardy/dev/alanvardy-var-1014-lower-deployment-targets-from-ios-187watchos-265-to-the
    /bin/mkdir -p /Users/vardy/dev/alanvardy-var-1014-lower-deployment-targets-from-ios-187watchos-265-to-the/DerivedData/Build/Products/Debug/SingleThread.app/Contents/Frameworks

MkDir /Users/vardy/dev/alanvardy-var-1014-lower-deployment-targets-from-ios-187watchos-265-to-the/DerivedData/Build/Products/Debug/SingleThread.app/Contents (in target 'SingleThread' from project 'SingleThread')
    cd /Users/vardy/dev/alanvardy-var-1014-lower-deployment-targets-from-ios-187watchos-265-to-the
    /bin/mkdir -p /Users/vardy/dev/alanvardy-var-1014-lower-deployment-targets-from-ios-187watchos-265-to-the/DerivedData/Build/Products/Debug/SingleThread.app/Contents

MkDir /Users/vardy/dev/alanvardy-var-1014-lower-deployment-targets-from-ios-187watchos-265-to-the/DerivedData/Build/Products/Debug/SingleThread.app (in target 'SingleThread' from project 'SingleThread')
    cd /Users/vardy/dev/alanvardy-var-1014-lower-deployment-targets-from-ios-187watchos-265-to-the
    /bin/mkdir -p /Users/vardy/dev/alanvardy-var-1014-lower-deployment-targets-from-ios-187watchos-265-to-the/DerivedData/Build/Products/Debug/SingleThread.app

ProcessInfoPlistFile /Users/vardy/dev/alanvardy-var-1014-lower-deployment-targets-from-ios-187watchos-265-to-the/DerivedData/Build/Products/Debug-watchos/SingleThreadCore_SingleThreadCore.bundle/Info.plist /Users/vardy/dev/alanvardy-var-1014-lower-deployment-targets-from-ios-187watchos-265-to-the/DerivedData/Build/Intermediates.noindex/SingleThreadCore.build/Debug-watchos/SingleThreadCore_SingleThreadCore-b.build/empty-SingleThreadCore_SingleThreadCore.plist (in target 'SingleThreadCore_SingleThreadCore' from project 'SingleThreadCore')
    cd /Users/vardy/dev/alanvardy-var-1014-lower-deployment-targets-from-ios-187watchos-265-to-the/SingleThreadCore
    builtin-infoPlistUtility /Users/vardy/dev/alanvardy-var-1014-lower-deployment-targets-from-ios-187watchos-265-to-the/DerivedData/Build/Intermediates.noindex/SingleThreadCore.build/Debug-watchos/SingleThreadCore_SingleThreadCore-b.build/empty-SingleThreadCore_SingleThreadCore.plist -producttype com.apple.product-type.bundle -expandbuildsettings -format binary -platform watchos -o /Users/vardy/dev/alanvardy-var-1014-lower-deployment-targets-from-ios-187watchos-265-to-the/DerivedData/Build/Products/Debug-watchos/SingleThreadCore_SingleThreadCore.bundle/Info.plist

ProcessInfoPlistFile /Users/vardy/dev/alanvardy-var-1014-lower-deployment-targets-from-ios-187watchos-265-to-the/DerivedData/Build/Products/Debug/SingleThreadCore_SingleThreadCore.bundle/Contents/Info.plist /Users/vardy/dev/alanvardy-var-1014-lower-deployment-targets-from-ios-187watchos-265-to-the/DerivedData/Build/Intermediates.noindex/SingleThreadCore.build/Debug/SingleThreadCore_SingleThreadCore-b.build/empty-SingleThreadCore_SingleThreadCore.plist (in target 'SingleThreadCore_SingleThreadCore' from project 'SingleThreadCore')
    cd /Users/vardy/dev/alanvardy-var-1014-lower-deployment-targets-from-ios-187watchos-265-to-the/SingleThreadCore
    builtin-infoPlistUtility /Users/vardy/dev/alanvardy-var-1014-lower-deployment-targets-from-ios-187watchos-265-to-the/DerivedData/Build/Intermediates.noindex/SingleThreadCore.build/Debug/SingleThreadCore_SingleThreadCore-b.build/empty-SingleThreadCore_SingleThreadCore.plist -producttype com.apple.product-type.bundle -expandbuildsettings -platform macosx -o /Users/vardy/dev/alanvardy-var-1014-lower-deployment-targets-from-ios-187watchos-265-to-the/DerivedData/Build/Products/Debug/SingleThreadCore_SingleThreadCore.bundle/Contents/Info.plist

CompileXCStrings /Users/vardy/dev/alanvardy-var-1014-lower-deployment-targets-from-ios-187watchos-265-to-the/DerivedData/Build/Intermediates.noindex/SingleThreadCore.build/Debug-watchos/SingleThreadCore_SingleThreadCore-b.build/ /Users/vardy/dev/alanvardy-var-1014-lower-deployment-targets-from-ios-187watchos-265-to-the/SingleThreadCore/Sources/SingleThreadCore/Resources/Localizable.xcstrings (in target 'SingleThreadCore_SingleThreadCore' from project 'SingleThreadCore')
    cd /Users/vardy/dev/alanvardy-var-1014-lower-deployment-targets-from-ios-187watchos-265-to-the/SingleThreadCore
    /Applications/Xcode.app/Contents/Developer/usr/bin/xcstringstool compile --output-directory /Users/vardy/dev/alanvardy-var-1014-lower-deployment-targets-from-ios-187watchos-265-to-the/DerivedData/Build/Intermediates.noindex/SingleThreadCore.build/Debug-watchos/SingleThreadCore_SingleThreadCore-b.build /Users/vardy/dev/alanvardy-var-1014-lower-deployment-targets-from-ios-187watchos-265-to-the/SingleThreadCore/Sources/SingleThreadCore/Resources/Localizable.xcstrings

CompileXCStrings /Users/vardy/dev/alanvardy-var-1014-lower-deployment-targets-from-ios-187watchos-265-to-the/DerivedData/Build/Intermediates.noindex/SingleThreadCore.build/Debug/SingleThreadCore_SingleThreadCore-b.build/ /Users/vardy/dev/alanvardy-var-1014-lower-deployment-targets-from-ios-187watchos-265-to-the/SingleThreadCore/Sources/SingleThreadCore/Resources/Localizable.xcstrings (in target 'SingleThreadCore_SingleThreadCore' from project 'SingleThreadCore')
    cd /Users/vardy/dev/alanvardy-var-1014-lower-deployment-targets-from-ios-187watchos-265-to-the/SingleThreadCore
    /Applications/Xcode.app/Contents/Developer/usr/bin/xcstringstool compile --output-directory /Users/vardy/dev/alanvardy-var-1014-lower-deployment-targets-from-ios-187watchos-265-to-the/DerivedData/Build/Intermediates.noindex/SingleThreadCore.build/Debug/SingleThreadCore_SingleThreadCore-b.build /Users/vardy/dev/alanvardy-var-1014-lower-deployment-targets-from-ios-187watchos-265-to-the/SingleThreadCore/Sources/SingleThreadCore/Resources/Localizable.xcstrings

CopyStringsFile /Users/vardy/dev/alanvardy-var-1014-lower-deployment-targets-from-ios-187watchos-265-to-the/DerivedData/Build/Products/Debug-watchos/SingleThreadCore_SingleThreadCore.bundle/fr.lproj/Localizable.strings /Users/vardy/dev/alanvardy-var-1014-lower-deployment-targets-from-ios-187watchos-265-to-the/DerivedData/Build/Intermediates.noindex/SingleThreadCore.build/Debug-watchos/SingleThreadCore_SingleThreadCore-b.build/fr.lproj/Localizable.strings (in target 'SingleThreadCore_SingleThreadCore' from project 'SingleThreadCore')
    cd /Users/vardy/dev/alanvardy-var-1014-lower-deployment-targets-from-ios-187watchos-265-to-the/SingleThreadCore
    builtin-copyStrings --validate --outputencoding binary --outfilename Localizable.strings --outdir /Users/vardy/dev/alanvardy-var-1014-lower-deployment-targets-from-ios-187watchos-265-to-the/DerivedData/Build/Products/Debug-watchos/SingleThreadCore_SingleThreadCore.bundle/fr.lproj -- /Users/vardy/dev/alanvardy-var-1014-lower-deployment-targets-from-ios-187watchos-265-to-the/DerivedData/Build/Intermediates.noindex/SingleThreadCore.build/Debug-watchos/SingleThreadCore_SingleThreadCore-b.build/fr.lproj/Localizable.strings
/Users/vardy/dev/alanvardy-var-1014-lower-deployment-targets-from-ios-187watchos-265-to-the/DerivedData/Build/Intermediates.noindex/SingleThreadCore.build/Debug-watchos/SingleThreadCore_SingleThreadCore-b.build/fr.lproj/Localizable.strings:1:1: note: detected encoding of input file as Unicode (UTF-8) (in target 'SingleThreadCore_SingleThreadCore' from project 'SingleThreadCore')

CopyStringsFile /Users/vardy/dev/alanvardy-var-1014-lower-deployment-targets-from-ios-187watchos-265-to-the/DerivedData/Build/Products/Debug-watchos/SingleThreadCore_SingleThreadCore.bundle/ja.lproj/Localizable.stringsdict /Users/vardy/dev/alanvardy-var-1014-lower-deployment-targets-from-ios-187watchos-265-to-the/DerivedData/Build/Intermediates.noindex/SingleThreadCore.build/Debug-watchos/SingleThreadCore_SingleThreadCore-b.build/ja.lproj/Localizable.stringsdict (in target 'SingleThreadCore_SingleThreadCore' from project 'SingleThreadCore')
    cd /Users/vardy/dev/alanvardy-var-1014-lower-deployment-targets-from-ios-187watchos-265-to-the/SingleThreadCore
    builtin-copyStrings --validate --outputencoding binary --outfilename Localizable.stringsdict --outdir /Users/vardy/dev/alanvardy-var-1014-lower-deployment-targets-from-ios-187watchos-265-to-the/DerivedData/Build/Products/Debug-watchos/SingleThreadCore_SingleThreadCore.bundle/ja.lproj -- /Users/vardy/dev/alanvardy-var-1014-lower-deployment-targets-from-ios-187watchos-265-to-the/DerivedData/Build/Intermediates.noindex/SingleThreadCore.build/Debug-watchos/SingleThreadCore_SingleThreadCore-b.build/ja.lproj/Localizable.stringsdict
/Users/vardy/dev/alanvardy-var-1014-lower-deployment-targets-from-ios-187watchos-265-to-the/DerivedData/Build/Intermediates.noindex/SingleThreadCore.build/Debug-watchos/SingleThreadCore_SingleThreadCore-b.build/ja.lproj/Localizable.stringsdict:1:1: note: detected encoding of input file as Unicode (UTF-8) (in target 'SingleThreadCore_SingleThreadCore' from project 'SingleThreadCore')

CopyStringsFile /Users/vardy/dev/alanvardy-var-1014-lower-deployment-targets-from-ios-187watchos-265-to-the/DerivedData/Build/Products/Debug-watchos/SingleThreadCore_SingleThreadCore.bundle/zh-Hans.lproj/Localizable.stringsdict /Users/vardy/dev/alanvardy-var-1014-lower-deployment-targets-from-ios-187watchos-265-to-the/DerivedData/Build/Intermediates.noindex/SingleThreadCore.build/Debug-watchos/SingleThreadCore_SingleThreadCore-b.build/zh-Hans.lproj/Localizable.stringsdict (in target 'SingleThreadCore_SingleThreadCore' from project 'SingleThreadCore')
    cd /Users/vardy/dev/alanvardy-var-1014-lower-deployment-targets-from-ios-187watchos-265-to-the/SingleThreadCore
    builtin-copyStrings --validate --outputencoding binary --outfilename Localizable.stringsdict --outdir /Users/vardy/dev/alanvardy-var-1014-lower-deployment-targets-from-ios-187watchos-265-to-the/DerivedData/Build/Products/Debug-watchos/SingleThreadCore_SingleThreadCore.bundle/zh-Hans.lproj -- /Users/vardy/dev/alanvardy-var-1014-lower-deployment-targets-from-ios-187watchos-265-to-the/DerivedData/Build/Intermediates.noindex/SingleThreadCore.build/Debug-watchos/SingleThreadCore_SingleThreadCore-b.build/zh-Hans.lproj/Localizable.stringsdict
/Users/vardy/dev/alanvardy-var-1014-lower-deployment-targets-from-ios-187watchos-265-to-the/DerivedData/Build/Intermediates.noindex/SingleThreadCore.build/Debug-watchos/SingleThreadCore_SingleThreadCore-b.build/zh-Hans.lproj/Localizable.stringsdict:1:1: note: detected encoding of input file as Unicode (UTF-8) (in target 'SingleThreadCore_SingleThreadCore' from project 'SingleThreadCore')

CopyStringsFile /Users/vardy/dev/alanvardy-var-1014-lower-deployment-targets-from-ios-187watchos-265-to-the/DerivedData/Build/Products/Debug-watchos/SingleThreadCore_SingleThreadCore.bundle/ja.lproj/Localizable.strings /Users/vardy/dev/alanvardy-var-1014-lower-deployment-targets-from-ios-187watchos-265-to-the/DerivedData/Build/Intermediates.noindex/SingleThreadCore.build/Debug-watchos/SingleThreadCore_SingleThreadCore-b.build/ja.lproj/Localizable.strings (in target 'SingleThreadCore_SingleThreadCore' from project 'SingleThreadCore')
    cd /Users/vardy/dev/alanvardy-var-1014-lower-deployment-targets-from-ios-187watchos-265-to-the/SingleThreadCore
    builtin-copyStrings --validate --outputencoding binary --outfilename Localizable.strings --outdir /Users/vardy/dev/alanvardy-var-1014-lower-deployment-targets-from-ios-187watchos-265-to-the/DerivedData/Build/Products/Debug-watchos/SingleThreadCore_SingleThreadCore.bundle/ja.lproj -- /Users/vardy/dev/alanvardy-var-1014-lower-deployment-targets-from-ios-187watchos-265-to-the/DerivedData/Build/Intermediates.noindex/SingleThreadCore.build/Debug-watchos/SingleThreadCore_SingleThreadCore-b.build/ja.lproj/Localizable.strings
/Users/vardy/dev/alanvardy-var-1014-lower-deployment-targets-from-ios-187watchos-265-to-the/DerivedData/Build/Intermediates.noindex/SingleThreadCore.build/Debug-watchos/SingleThreadCore_SingleThreadCore-b.build/ja.lproj/Localizable.strings:1:1: note: detected encoding of input file as Unicode (UTF-8) (in target 'SingleThreadCore_SingleThreadCore' from project 'SingleThreadCore')

CopyStringsFile /Users/vardy/dev/alanvardy-var-1014-lower-deployment-targets-from-ios-187watchos-265-to-the/DerivedData/Build/Products/Debug-watchos/SingleThreadCore_SingleThreadCore.bundle/zh-Hans.lproj/Localizable.strings /Users/vardy/dev/alanvardy-var-1014-lower-deployment-targets-from-ios-187watchos-265-to-the/DerivedData/Build/Intermediates.noindex/SingleThreadCore.build/Debug-watchos/SingleThreadCore_SingleThreadCore-b.build/zh-Hans.lproj/Localizable.strings (in target 'SingleThreadCore_SingleThreadCore' from project 'SingleThreadCore')
    cd /Users/vardy/dev/alanvardy-var-1014-lower-deployment-targets-from-ios-187watchos-265-to-the/SingleThreadCore
    builtin-copyStrings --validate --outputencoding binary --outfilename Localizable.strings --outdir /Users/vardy/dev/alanvardy-var-1014-lower-deployment-targets-from-ios-187watchos-265-to-the/DerivedData/Build/Products/Debug-watchos/SingleThreadCore_SingleThreadCore.bundle/zh-Hans.lproj -- /Users/vardy/dev/alanvardy-var-1014-lower-deployment-targets-from-ios-187watchos-265-to-the/DerivedData/Build/Intermediates.noindex/SingleThreadCore.build/Debug-watchos/SingleThreadCore_SingleThreadCore-b.build/zh-Hans.lproj/Localizable.strings
/Users/vardy/dev/alanvardy-var-1014-lower-deployment-targets-from-ios-187watchos-265-to-the/DerivedData/Build/Intermediates.noindex/SingleThreadCore.build/Debug-watchos/SingleThreadCore_SingleThreadCore-b.build/zh-Hans.lproj/Localizable.strings:1:1: note: detected encoding of input file as Unicode (UTF-8) (in target 'SingleThreadCore_SingleThreadCore' from project 'SingleThreadCore')

CopyStringsFile /Users/vardy/dev/alanvardy-var-1014-lower-deployment-targets-from-ios-187watchos-265-to-the/DerivedData/Build/Products/Debug-watchos/SingleThreadCore_SingleThreadCore.bundle/fr.lproj/Localizable.stringsdict /Users/vardy/dev/alanvardy-var-1014-lower-deployment-targets-from-ios-187watchos-265-to-the/DerivedData/Build/Intermediates.noindex/SingleThreadCore.build/Debug-watchos/SingleThreadCore_SingleThreadCore-b.build/fr.lproj/Localizable.stringsdict (in target 'SingleThreadCore_SingleThreadCore' from project 'SingleThreadCore')
    cd /Users/vardy/dev/alanvardy-var-1014-lower-deployment-targets-from-ios-187watchos-265-to-the/SingleThreadCore
    builtin-copyStrings --validate --outputencoding binary --outfilename Localizable.stringsdict --outdir /Users/vardy/dev/alanvardy-var-1014-lower-deployment-targets-from-ios-187watchos-265-to-the/DerivedData/Build/Products/Debug-watchos/SingleThreadCore_SingleThreadCore.bundle/fr.lproj -- /Users/vardy/dev/alanvardy-var-1014-lower-deployment-targets-from-ios-187watchos-265-to-the/DerivedData/Build/Intermediates.noindex/SingleThreadCore.build/Debug-watchos/SingleThreadCore_SingleThreadCore-b.build/fr.lproj/Localizable.stringsdict
/Users/vardy/dev/alanvardy-var-1014-lower-deployment-targets-from-ios-187watchos-265-to-the/DerivedData/Build/Intermediates.noindex/SingleThreadCore.build/Debug-watchos/SingleThreadCore_SingleThreadCore-b.build/fr.lproj/Localizable.stringsdict:1:1: note: detected encoding of input file as Unicode (UTF-8) (in target 'SingleThreadCore_SingleThreadCore' from project 'SingleThreadCore')

CopyStringsFile /Users/vardy/dev/alanvardy-var-1014-lower-deployment-targets-from-ios-187watchos-265-to-the/DerivedData/Build/Products/Debug-watchos/SingleThreadCore_SingleThreadCore.bundle/en.lproj/Localizable.strings /Users/vardy/dev/alanvardy-var-1014-lower-deployment-targets-from-ios-187watchos-265-to-the/DerivedData/Build/Intermediates.noindex/SingleThreadCore.build/Debug-watchos/SingleThreadCore_SingleThreadCore-b.build/en.lproj/Localizable.strings (in target 'SingleThreadCore_SingleThreadCore' from project 'SingleThreadCore')
    cd /Users/vardy/dev/alanvardy-var-1014-lower-deployment-targets-from-ios-187watchos-265-to-the/SingleThreadCore
    builtin-copyStrings --validate --outputencoding binary --outfilename Localizable.strings --outdir /Users/vardy/dev/alanvardy-var-1014-lower-deployment-targets-from-ios-187watchos-265-to-the/DerivedData/Build/Products/Debug-watchos/SingleThreadCore_SingleThreadCore.bundle/en.lproj -- /Users/vardy/dev/alanvardy-var-1014-lower-deployment-targets-from-ios-187watchos-265-to-the/DerivedData/Build/Intermediates.noindex/SingleThreadCore.build/Debug-watchos/SingleThreadCore_SingleThreadCore-b.build/en.lproj/Localizable.strings
/Users/vardy/dev/alanvardy-var-1014-lower-deployment-targets-from-ios-187watchos-265-to-the/DerivedData/Build/Intermediates.noindex/SingleThreadCore.build/Debug-watchos/SingleThreadCore_SingleThreadCore-b.build/en.lproj/Localizable.strings:1:1: note: detected encoding of input file as Unicode (UTF-8) (in target 'SingleThreadCore_SingleThreadCore' from project 'SingleThreadCore')

CopyStringsFile /Users/vardy/dev/alanvardy-var-1014-lower-deployment-targets-from-ios-187watchos-265-to-the/DerivedData/Build/Products/Debug-watchos/SingleThreadCore_SingleThreadCore.bundle/es.lproj/Localizable.stringsdict /Users/vardy/dev/alanvardy-var-1014-lower-deployment-targets-from-ios-187watchos-265-to-the/DerivedData/Build/Intermediates.noindex/SingleThreadCore.build/Debug-watchos/SingleThreadCore_SingleThreadCore-b.build/es.lproj/Localizable.stringsdict (in target 'SingleThreadCore_SingleThreadCore' from project 'SingleThreadCore')
    cd /Users/vardy/dev/alanvardy-var-1014-lower-deployment-targets-from-ios-187watchos-265-to-the/SingleThreadCore
    builtin-copyStrings --validate --outputencoding binary --outfilename Localizable.stringsdict --outdir /Users/vardy/dev/alanvardy-var-1014-lower-deployment-targets-from-ios-187watchos-265-to-the/DerivedData/Build/Products/Debug-watchos/SingleThreadCore_SingleThreadCore.bundle/es.lproj -- /Users/vardy/dev/alanvardy-var-1014-lower-deployment-targets-from-ios-187watchos-265-to-the/DerivedData/Build/Intermediates.noindex/SingleThreadCore.build/Debug-watchos/SingleThreadCore_SingleThreadCore-b.build/es.lproj/Localizable.stringsdict
/Users/vardy/dev/alanvardy-var-1014-lower-deployment-targets-from-ios-187watchos-265-to-the/DerivedData/Build/Intermediates.noindex/SingleThreadCore.build/Debug-watchos/SingleThreadCore_SingleThreadCore-b.build/es.lproj/Localizable.stringsdict:1:1: note: detected encoding of input file as Unicode (UTF-8) (in target 'SingleThreadCore_SingleThreadCore' from project 'SingleThreadCore')

CopyStringsFile /Users/vardy/dev/alanvardy-var-1014-lower-deployment-targets-from-ios-187watchos-265-to-the/DerivedData/Build/Products/Debug-watchos/SingleThreadCore_SingleThreadCore.bundle/es.lproj/Localizable.strings /Users/vardy/dev/alanvardy-var-1014-lower-deployment-targets-from-ios-187watchos-265-to-the/DerivedData/Build/Intermediates.noindex/SingleThreadCore.build/Debug-watchos/SingleThreadCore_SingleThreadCore-b.build/es.lproj/Localizable.strings (in target 'SingleThreadCore_SingleThreadCore' from project 'SingleThreadCore')
    cd /Users/vardy/dev/alanvardy-var-1014-lower-deployment-targets-from-ios-187watchos-265-to-the/SingleThreadCore
    builtin-copyStrings --validate --outputencoding binary --outfilename Localizable.strings --outdir /Users/vardy/dev/alanvardy-var-1014-lower-deployment-targets-from-ios-187watchos-265-to-the/DerivedData/Build/Products/Debug-watchos/SingleThreadCore_SingleThreadCore.bundle/es.lproj -- /Users/vardy/dev/alanvardy-var-1014-lower-deployment-targets-from-ios-187watchos-265-to-the/DerivedData/Build/Intermediates.noindex/SingleThreadCore.build/Debug-watchos/SingleThreadCore_SingleThreadCore-b.build/es.lproj/Localizable.strings
/Users/vardy/dev/alanvardy-var-1014-lower-deployment-targets-from-ios-187watchos-265-to-the/DerivedData/Build/Intermediates.noindex/SingleThreadCore.build/Debug-watchos/SingleThreadCore_SingleThreadCore-b.build/es.lproj/Localizable.strings:1:1: note: detected encoding of input file as Unicode (UTF-8) (in target 'SingleThreadCore_SingleThreadCore' from project 'SingleThreadCore')

CopyStringsFile /Users/vardy/dev/alanvardy-var-1014-lower-deployment-targets-from-ios-187watchos-265-to-the/DerivedData/Build/Products/Debug-watchos/SingleThreadCore_SingleThreadCore.bundle/en.lproj/Localizable.stringsdict /Users/vardy/dev/alanvardy-var-1014-lower-deployment-targets-from-ios-187watchos-265-to-the/DerivedData/Build/Intermediates.noindex/SingleThreadCore.build/Debug-watchos/SingleThreadCore_SingleThreadCore-b.build/en.lproj/Localizable.stringsdict (in target 'SingleThreadCore_SingleThreadCore' from project 'SingleThreadCore')
    cd /Users/vardy/dev/alanvardy-var-1014-lower-deployment-targets-from-ios-187watchos-265-to-the/SingleThreadCore
    builtin-copyStrings --validate --outputencoding binary --outfilename Localizable.stringsdict --outdir /Users/vardy/dev/alanvardy-var-1014-lower-deployment-targets-from-ios-187watchos-265-to-the/DerivedData/Build/Products/Debug-watchos/SingleThreadCore_SingleThreadCore.bundle/en.lproj -- /Users/vardy/dev/alanvardy-var-1014-lower-deployment-targets-from-ios-187watchos-265-to-the/DerivedData/Build/Intermediates.noindex/SingleThreadCore.build/Debug-watchos/SingleThreadCore_SingleThreadCore-b.build/en.lproj/Localizable.stringsdict
/Users/vardy/dev/alanvardy-var-1014-lower-deployment-targets-from-ios-187watchos-265-to-the/DerivedData/Build/Intermediates.noindex/SingleThreadCore.build/Debug-watchos/SingleThreadCore_SingleThreadCore-b.build/en.lproj/Localizable.stringsdict:1:1: note: detected encoding of input file as Unicode (UTF-8) (in target 'SingleThreadCore_SingleThreadCore' from project 'SingleThreadCore')

CopyStringsFile /Users/vardy/dev/alanvardy-var-1014-lower-deployment-targets-from-ios-187watchos-265-to-the/DerivedData/Build/Products/Debug-watchos/SingleThreadCore_SingleThreadCore.bundle/de.lproj/Localizable.stringsdict /Users/vardy/dev/alanvardy-var-1014-lower-deployment-targets-from-ios-187watchos-265-to-the/DerivedData/Build/Intermediates.noindex/SingleThreadCore.build/Debug-watchos/SingleThreadCore_SingleThreadCore-b.build/de.lproj/Localizable.stringsdict (in target 'SingleThreadCore_SingleThreadCore' from project 'SingleThreadCore')
    cd /Users/vardy/dev/alanvardy-var-1014-lower-deployment-targets-from-ios-187watchos-265-to-the/SingleThreadCore
    builtin-copyStrings --validate --outputencoding binary --outfilename Localizable.stringsdict --outdir /Users/vardy/dev/alanvardy-var-1014-lower-deployment-targets-from-ios-187watchos-265-to-the/DerivedData/Build/Products/Debug-watchos/SingleThreadCore_SingleThreadCore.bundle/de.lproj -- /Users/vardy/dev/alanvardy-var-1014-lower-deployment-targets-from-ios-187watchos-265-to-the/DerivedData/Build/Intermediates.noindex/SingleThreadCore.build/Debug-watchos/SingleThreadCore_SingleThreadCore-b.build/de.lproj/Localizable.stringsdict
/Users/vardy/dev/alanvardy-var-1014-lower-deployment-targets-from-ios-187watchos-265-to-the/DerivedData/Build/Intermediates.noindex/SingleThreadCore.build/Debug-watchos/SingleThreadCore_SingleThreadCore-b.build/de.lproj/Localizable.stringsdict:1:1: note: detected encoding of input file as Unicode (UTF-8) (in target 'SingleThreadCore_SingleThreadCore' from project 'SingleThreadCore')

CopyStringsFile /Users/vardy/dev/alanvardy-var-1014-lower-deployment-targets-from-ios-187watchos-265-to-the/DerivedData/Build/Products/Debug-watchos/SingleThreadCore_SingleThreadCore.bundle/de.lproj/Localizable.strings /Users/vardy/dev/alanvardy-var-1014-lower-deployment-targets-from-ios-187watchos-265-to-the/DerivedData/Build/Intermediates.noindex/SingleThreadCore.build/Debug-watchos/SingleThreadCore_SingleThreadCore-b.build/de.lproj/Localizable.strings (in target 'SingleThreadCore_SingleThreadCore' from project 'SingleThreadCore')
    cd /Users/vardy/dev/alanvardy-var-1014-lower-deployment-targets-from-ios-187watchos-265-to-the/SingleThreadCore
    builtin-copyStrings --validate --outputencoding binary --outfilename Localizable.strings --outdir /Users/vardy/dev/alanvardy-var-1014-lower-deployment-targets-from-ios-187watchos-265-to-the/DerivedData/Build/Products/Debug-watchos/SingleThreadCore_SingleThreadCore.bundle/de.lproj -- /Users/vardy/dev/alanvardy-var-1014-lower-deployment-targets-from-ios-187watchos-265-to-the/DerivedData/Build/Intermediates.noindex/SingleThreadCore.build/Debug-watchos/SingleThreadCore_SingleThreadCore-b.build/de.lproj/Localizable.strings
/Users/vardy/dev/alanvardy-var-1014-lower-deployment-targets-from-ios-187watchos-265-to-the/DerivedData/Build/Intermediates.noindex/SingleThreadCore.build/Debug-watchos/SingleThreadCore_SingleThreadCore-b.build/de.lproj/Localizable.strings:1:1: note: detected encoding of input file as Unicode (UTF-8) (in target 'SingleThreadCore_SingleThreadCore' from project 'SingleThreadCore')

CopyStringsFile /Users/vardy/dev/alanvardy-var-1014-lower-deployment-targets-from-ios-187watchos-265-to-the/DerivedData/Build/Products/Debug/SingleThreadCore_SingleThreadCore.bundle/Contents/Resources/zh-Hans.lproj/Localizable.strings /Users/vardy/dev/alanvardy-var-1014-lower-deployment-targets-from-ios-187watchos-265-to-the/DerivedData/Build/Intermediates.noindex/SingleThreadCore.build/Debug/SingleThreadCore_SingleThreadCore-b.build/zh-Hans.lproj/Localizable.strings (in target 'SingleThreadCore_SingleThreadCore' from project 'SingleThreadCore')
    cd /Users/vardy/dev/alanvardy-var-1014-lower-deployment-targets-from-ios-187watchos-265-to-the/SingleThreadCore
    builtin-copyStrings --validate --outputencoding UTF-16 --outfilename Localizable.strings --outdir /Users/vardy/dev/alanvardy-var-1014-lower-deployment-targets-from-ios-187watchos-265-to-the/DerivedData/Build/Products/Debug/SingleThreadCore_SingleThreadCore.bundle/Contents/Resources/zh-Hans.lproj -- /Users/vardy/dev/alanvardy-var-1014-lower-deployment-targets-from-ios-187watchos-265-to-the/DerivedData/Build/Intermediates.noindex/SingleThreadCore.build/Debug/SingleThreadCore_SingleThreadCore-b.build/zh-Hans.lproj/Localizable.strings
/Users/vardy/dev/alanvardy-var-1014-lower-deployment-targets-from-ios-187watchos-265-to-the/DerivedData/Build/Intermediates.noindex/SingleThreadCore.build/Debug/SingleThreadCore_SingleThreadCore-b.build/zh-Hans.lproj/Localizable.strings:1:1: note: detected encoding of input file as Unicode (UTF-8) (in target 'SingleThreadCore_SingleThreadCore' from project 'SingleThreadCore')

CopyStringsFile /Users/vardy/dev/alanvardy-var-1014-lower-deployment-targets-from-ios-187watchos-265-to-the/DerivedData/Build/Products/Debug/SingleThreadCore_SingleThreadCore.bundle/Contents/Resources/zh-Hans.lproj/Localizable.stringsdict /Users/vardy/dev/alanvardy-var-1014-lower-deployment-targets-from-ios-187watchos-265-to-the/DerivedData/Build/Intermediates.noindex/SingleThreadCore.build/Debug/SingleThreadCore_SingleThreadCore-b.build/zh-Hans.lproj/Localizable.stringsdict (in target 'SingleThreadCore_SingleThreadCore' from project 'SingleThreadCore')
    cd /Users/vardy/dev/alanvardy-var-1014-lower-deployment-targets-from-ios-187watchos-265-to-the/SingleThreadCore
    builtin-copyStrings --validate --outputencoding UTF-16 --outfilename Localizable.stringsdict --outdir /Users/vardy/dev/alanvardy-var-1014-lower-deployment-targets-from-ios-187watchos-265-to-the/DerivedData/Build/Products/Debug/SingleThreadCore_SingleThreadCore.bundle/Contents/Resources/zh-Hans.lproj -- /Users/vardy/dev/alanvardy-var-1014-lower-deployment-targets-from-ios-187watchos-265-to-the/DerivedData/Build/Intermediates.noindex/SingleThreadCore.build/Debug/SingleThreadCore_SingleThreadCore-b.build/zh-Hans.lproj/Localizable.stringsdict
/Users/vardy/dev/alanvardy-var-1014-lower-deployment-targets-from-ios-187watchos-265-to-the/DerivedData/Build/Intermediates.noindex/SingleThreadCore.build/Debug/SingleThreadCore_SingleThreadCore-b.build/zh-Hans.lproj/Localizable.stringsdict:1:1: note: detected encoding of input file as Unicode (UTF-8) (in target 'SingleThreadCore_SingleThreadCore' from project 'SingleThreadCore')

CopyStringsFile /Users/vardy/dev/alanvardy-var-1014-lower-deployment-targets-from-ios-187watchos-265-to-the/DerivedData/Build/Products/Debug/SingleThreadCore_SingleThreadCore.bundle/Contents/Resources/ja.lproj/Localizable.stringsdict /Users/vardy/dev/alanvardy-var-1014-lower-deployment-targets-from-ios-187watchos-265-to-the/DerivedData/Build/Intermediates.noindex/SingleThreadCore.build/Debug/SingleThreadCore_SingleThreadCore-b.build/ja.lproj/Localizable.stringsdict (in target 'SingleThreadCore_SingleThreadCore' from project 'SingleThreadCore')
    cd /Users/vardy/dev/alanvardy-var-1014-lower-deployment-targets-from-ios-187watchos-265-to-the/SingleThreadCore
    builtin-copyStrings --validate --outputencoding UTF-16 --outfilename Localizable.stringsdict --outdir /Users/vardy/dev/alanvardy-var-1014-lower-deployment-targets-from-ios-187watchos-265-to-the/DerivedData/Build/Products/Debug/SingleThreadCore_SingleThreadCore.bundle/Contents/Resources/ja.lproj -- /Users/vardy/dev/alanvardy-var-1014-lower-deployment-targets-from-ios-187watchos-265-to-the/DerivedData/Build/Intermediates.noindex/SingleThreadCore.build/Debug/SingleThreadCore_SingleThreadCore-b.build/ja.lproj/Localizable.stringsdict
/Users/vardy/dev/alanvardy-var-1014-lower-deployment-targets-from-ios-187watchos-265-to-the/DerivedData/Build/Intermediates.noindex/SingleThreadCore.build/Debug/SingleThreadCore_SingleThreadCore-b.build/ja.lproj/Localizable.stringsdict:1:1: note: detected encoding of input file as Unicode (UTF-8) (in target 'SingleThreadCore_SingleThreadCore' from project 'SingleThreadCore')

CopyStringsFile /Users/vardy/dev/alanvardy-var-1014-lower-deployment-targets-from-ios-187watchos-265-to-the/DerivedData/Build/Products/Debug/SingleThreadCore_SingleThreadCore.bundle/Contents/Resources/ja.lproj/Localizable.strings /Users/vardy/dev/alanvardy-var-1014-lower-deployment-targets-from-ios-187watchos-265-to-the/DerivedData/Build/Intermediates.noindex/SingleThreadCore.build/Debug/SingleThreadCore_SingleThreadCore-b.build/ja.lproj/Localizable.strings (in target 'SingleThreadCore_SingleThreadCore' from project 'SingleThreadCore')
    cd /Users/vardy/dev/alanvardy-var-1014-lower-deployment-targets-from-ios-187watchos-265-to-the/SingleThreadCore
    builtin-copyStrings --validate --outputencoding UTF-16 --outfilename Localizable.strings --outdir /Users/vardy/dev/alanvardy-var-1014-lower-deployment-targets-from-ios-187watchos-265-to-the/DerivedData/Build/Products/Debug/SingleThreadCore_SingleThreadCore.bundle/Contents/Resources/ja.lproj -- /Users/vardy/dev/alanvardy-var-1014-lower-deployment-targets-from-ios-187watchos-265-to-the/DerivedData/Build/Intermediates.noindex/SingleThreadCore.build/Debug/SingleThreadCore_SingleThreadCore-b.build/ja.lproj/Localizable.strings
/Users/vardy/dev/alanvardy-var-1014-lower-deployment-targets-from-ios-187watchos-265-to-the/DerivedData/Build/Intermediates.noindex/SingleThreadCore.build/Debug/SingleThreadCore_SingleThreadCore-b.build/ja.lproj/Localizable.strings:1:1: note: detected encoding of input file as Unicode (UTF-8) (in target 'SingleThreadCore_SingleThreadCore' from project 'SingleThreadCore')

CopyStringsFile /Users/vardy/dev/alanvardy-var-1014-lower-deployment-targets-from-ios-187watchos-265-to-the/DerivedData/Build/Products/Debug/SingleThreadCore_SingleThreadCore.bundle/Contents/Resources/fr.lproj/Localizable.strings /Users/vardy/dev/alanvardy-var-1014-lower-deployment-targets-from-ios-187watchos-265-to-the/DerivedData/Build/Intermediates.noindex/SingleThreadCore.build/Debug/SingleThreadCore_SingleThreadCore-b.build/fr.lproj/Localizable.strings (in target 'SingleThreadCore_SingleThreadCore' from project 'SingleThreadCore')
    cd /Users/vardy/dev/alanvardy-var-1014-lower-deployment-targets-from-ios-187watchos-265-to-the/SingleThreadCore
    builtin-copyStrings --validate --outputencoding UTF-16 --outfilename Localizable.strings --outdir /Users/vardy/dev/alanvardy-var-1014-lower-deployment-targets-from-ios-187watchos-265-to-the/DerivedData/Build/Products/Debug/SingleThreadCore_SingleThreadCore.bundle/Contents/Resources/fr.lproj -- /Users/vardy/dev/alanvardy-var-1014-lower-deployment-targets-from-ios-187watchos-265-to-the/DerivedData/Build/Intermediates.noindex/SingleThreadCore.build/Debug/SingleThreadCore_SingleThreadCore-b.build/fr.lproj/Localizable.strings
/Users/vardy/dev/alanvardy-var-1014-lower-deployment-targets-from-ios-187watchos-265-to-the/DerivedData/Build/Intermediates.noindex/SingleThreadCore.build/Debug/SingleThreadCore_SingleThreadCore-b.build/fr.lproj/Localizable.strings:1:1: note: detected encoding of input file as Unicode (UTF-8) (in target 'SingleThreadCore_SingleThreadCore' from project 'SingleThreadCore')

CopyStringsFile /Users/vardy/dev/alanvardy-var-1014-lower-deployment-targets-from-ios-187watchos-265-to-the/DerivedData/Build/Products/Debug/SingleThreadCore_SingleThreadCore.bundle/Contents/Resources/fr.lproj/Localizable.stringsdict /Users/vardy/dev/alanvardy-var-1014-lower-deployment-targets-from-ios-187watchos-265-to-the/DerivedData/Build/Intermediates.noindex/SingleThreadCore.build/Debug/SingleThreadCore_SingleThreadCore-b.build/fr.lproj/Localizable.stringsdict (in target 'SingleThreadCore_SingleThreadCore' from project 'SingleThreadCore')
    cd /Users/vardy/dev/alanvardy-var-1014-lower-deployment-targets-from-ios-187watchos-265-to-the/SingleThreadCore
    builtin-copyStrings --validate --outputencoding UTF-16 --outfilename Localizable.stringsdict --outdir /Users/vardy/dev/alanvardy-var-1014-lower-deployment-targets-from-ios-187watchos-265-to-the/DerivedData/Build/Products/Debug/SingleThreadCore_SingleThreadCore.bundle/Contents/Resources/fr.lproj -- /Users/vardy/dev/alanvardy-var-1014-lower-deployment-targets-from-ios-187watchos-265-to-the/DerivedData/Build/Intermediates.noindex/SingleThreadCore.build/Debug/SingleThreadCore_SingleThreadCore-b.build/fr.lproj/Localizable.stringsdict
/Users/vardy/dev/alanvardy-var-1014-lower-deployment-targets-from-ios-187watchos-265-to-the/DerivedData/Build/Intermediates.noindex/SingleThreadCore.build/Debug/SingleThreadCore_SingleThreadCore-b.build/fr.lproj/Localizable.stringsdict:1:1: note: detected encoding of input file as Unicode (UTF-8) (in target 'SingleThreadCore_SingleThreadCore' from project 'SingleThreadCore')

CopyStringsFile /Users/vardy/dev/alanvardy-var-1014-lower-deployment-targets-from-ios-187watchos-265-to-the/DerivedData/Build/Products/Debug/SingleThreadCore_SingleThreadCore.bundle/Contents/Resources/es.lproj/Localizable.stringsdict /Users/vardy/dev/alanvardy-var-1014-lower-deployment-targets-from-ios-187watchos-265-to-the/DerivedData/Build/Intermediates.noindex/SingleThreadCore.build/Debug/SingleThreadCore_SingleThreadCore-b.build/es.lproj/Localizable.stringsdict (in target 'SingleThreadCore_SingleThreadCore' from project 'SingleThreadCore')
    cd /Users/vardy/dev/alanvardy-var-1014-lower-deployment-targets-from-ios-187watchos-265-to-the/SingleThreadCore
    builtin-copyStrings --validate --outputencoding UTF-16 --outfilename Localizable.stringsdict --outdir /Users/vardy/dev/alanvardy-var-1014-lower-deployment-targets-from-ios-187watchos-265-to-the/DerivedData/Build/Products/Debug/SingleThreadCore_SingleThreadCore.bundle/Contents/Resources/es.lproj -- /Users/vardy/dev/alanvardy-var-1014-lower-deployment-targets-from-ios-187watchos-265-to-the/DerivedData/Build/Intermediates.noindex/SingleThreadCore.build/Debug/SingleThreadCore_SingleThreadCore-b.build/es.lproj/Localizable.stringsdict
/Users/vardy/dev/alanvardy-var-1014-lower-deployment-targets-from-ios-187watchos-265-to-the/DerivedData/Build/Intermediates.noindex/SingleThreadCore.build/Debug/SingleThreadCore_SingleThreadCore-b.build/es.lproj/Localizable.stringsdict:1:1: note: detected encoding of input file as Unicode (UTF-8) (in target 'SingleThreadCore_SingleThreadCore' from project 'SingleThreadCore')

CopyStringsFile /Users/vardy/dev/alanvardy-var-1014-lower-deployment-targets-from-ios-187watchos-265-to-the/DerivedData/Build/Products/Debug/SingleThreadCore_SingleThreadCore.bundle/Contents/Resources/es.lproj/Localizable.strings /Users/vardy/dev/alanvardy-var-1014-lower-deployment-targets-from-ios-187watchos-265-to-the/DerivedData/Build/Intermediates.noindex/SingleThreadCore.build/Debug/SingleThreadCore_SingleThreadCore-b.build/es.lproj/Localizable.strings (in target 'SingleThreadCore_SingleThreadCore' from project 'SingleThreadCore')
    cd /Users/vardy/dev/alanvardy-var-1014-lower-deployment-targets-from-ios-187watchos-265-to-the/SingleThreadCore
    builtin-copyStrings --validate --outputencoding UTF-16 --outfilename Localizable.strings --outdir /Users/vardy/dev/alanvardy-var-1014-lower-deployment-targets-from-ios-187watchos-265-to-the/DerivedData/Build/Products/Debug/SingleThreadCore_SingleThreadCore.bundle/Contents/Resources/es.lproj -- /Users/vardy/dev/alanvardy-var-1014-lower-deployment-targets-from-ios-187watchos-265-to-the/DerivedData/Build/Intermediates.noindex/SingleThreadCore.build/Debug/SingleThreadCore_SingleThreadCore-b.build/es.lproj/Localizable.strings
/Users/vardy/dev/alanvardy-var-1014-lower-deployment-targets-from-ios-187watchos-265-to-the/DerivedData/Build/Intermediates.noindex/SingleThreadCore.build/Debug/SingleThreadCore_SingleThreadCore-b.build/es.lproj/Localizable.strings:1:1: note: detected encoding of input file as Unicode (UTF-8) (in target 'SingleThreadCore_SingleThreadCore' from project 'SingleThreadCore')

CopyStringsFile /Users/vardy/dev/alanvardy-var-1014-lower-deployment-targets-from-ios-187watchos-265-to-the/DerivedData/Build/Products/Debug/SingleThreadCore_SingleThreadCore.bundle/Contents/Resources/en.lproj/Localizable.strings /Users/vardy/dev/alanvardy-var-1014-lower-deployment-targets-from-ios-187watchos-265-to-the/DerivedData/Build/Intermediates.noindex/SingleThreadCore.build/Debug/SingleThreadCore_SingleThreadCore-b.build/en.lproj/Localizable.strings (in target 'SingleThreadCore_SingleThreadCore' from project 'SingleThreadCore')
    cd /Users/vardy/dev/alanvardy-var-1014-lower-deployment-targets-from-ios-187watchos-265-to-the/SingleThreadCore
    builtin-copyStrings --validate --outputencoding UTF-16 --outfilename Localizable.strings --outdir /Users/vardy/dev/alanvardy-var-1014-lower-deployment-targets-from-ios-187watchos-265-to-the/DerivedData/Build/Products/Debug/SingleThreadCore_SingleThreadCore.bundle/Contents/Resources/en.lproj -- /Users/vardy/dev/alanvardy-var-1014-lower-deployment-targets-from-ios-187watchos-265-to-the/DerivedData/Build/Intermediates.noindex/SingleThreadCore.build/Debug/SingleThreadCore_SingleThreadCore-b.build/en.lproj/Localizable.strings
/Users/vardy/dev/alanvardy-var-1014-lower-deployment-targets-from-ios-187watchos-265-to-the/DerivedData/Build/Intermediates.noindex/SingleThreadCore.build/Debug/SingleThreadCore_SingleThreadCore-b.build/en.lproj/Localizable.strings:1:1: note: detected encoding of input file as Unicode (UTF-8) (in target 'SingleThreadCore_SingleThreadCore' from project 'SingleThreadCore')

CopyStringsFile /Users/vardy/dev/alanvardy-var-1014-lower-deployment-targets-from-ios-187watchos-265-to-the/DerivedData/Build/Products/Debug/SingleThreadCore_SingleThreadCore.bundle/Contents/Resources/en.lproj/Localizable.stringsdict /Users/vardy/dev/alanvardy-var-1014-lower-deployment-targets-from-ios-187watchos-265-to-the/DerivedData/Build/Intermediates.noindex/SingleThreadCore.build/Debug/SingleThreadCore_SingleThreadCore-b.build/en.lproj/Localizable.stringsdict (in target 'SingleThreadCore_SingleThreadCore' from project 'SingleThreadCore')
    cd /Users/vardy/dev/alanvardy-var-1014-lower-deployment-targets-from-ios-187watchos-265-to-the/SingleThreadCore
    builtin-copyStrings --validate --outputencoding UTF-16 --outfilename Localizable.stringsdict --outdir /Users/vardy/dev/alanvardy-var-1014-lower-deployment-targets-from-ios-187watchos-265-to-the/DerivedData/Build/Products/Debug/SingleThreadCore_SingleThreadCore.bundle/Contents/Resources/en.lproj -- /Users/vardy/dev/alanvardy-var-1014-lower-deployment-targets-from-ios-187watchos-265-to-the/DerivedData/Build/Intermediates.noindex/SingleThreadCore.build/Debug/SingleThreadCore_SingleThreadCore-b.build/en.lproj/Localizable.stringsdict
/Users/vardy/dev/alanvardy-var-1014-lower-deployment-targets-from-ios-187watchos-265-to-the/DerivedData/Build/Intermediates.noindex/SingleThreadCore.build/Debug/SingleThreadCore_SingleThreadCore-b.build/en.lproj/Localizable.stringsdict:1:1: note: detected encoding of input file as Unicode (UTF-8) (in target 'SingleThreadCore_SingleThreadCore' from project 'SingleThreadCore')

CopyStringsFile /Users/vardy/dev/alanvardy-var-1014-lower-deployment-targets-from-ios-187watchos-265-to-the/DerivedData/Build/Products/Debug/SingleThreadCore_SingleThreadCore.bundle/Contents/Resources/de.lproj/Localizable.strings /Users/vardy/dev/alanvardy-var-1014-lower-deployment-targets-from-ios-187watchos-265-to-the/DerivedData/Build/Intermediates.noindex/SingleThreadCore.build/Debug/SingleThreadCore_SingleThreadCore-b.build/de.lproj/Localizable.strings (in target 'SingleThreadCore_SingleThreadCore' from project 'SingleThreadCore')
    cd /Users/vardy/dev/alanvardy-var-1014-lower-deployment-targets-from-ios-187watchos-265-to-the/SingleThreadCore
    builtin-copyStrings --validate --outputencoding UTF-16 --outfilename Localizable.strings --outdir /Users/vardy/dev/alanvardy-var-1014-lower-deployment-targets-from-ios-187watchos-265-to-the/DerivedData/Build/Products/Debug/SingleThreadCore_SingleThreadCore.bundle/Contents/Resources/de.lproj -- /Users/vardy/dev/alanvardy-var-1014-lower-deployment-targets-from-ios-187watchos-265-to-the/DerivedData/Build/Intermediates.noindex/SingleThreadCore.build/Debug/SingleThreadCore_SingleThreadCore-b.build/de.lproj/Localizable.strings
/Users/vardy/dev/alanvardy-var-1014-lower-deployment-targets-from-ios-187watchos-265-to-the/DerivedData/Build/Intermediates.noindex/SingleThreadCore.build/Debug/SingleThreadCore_SingleThreadCore-b.build/de.lproj/Localizable.strings:1:1: note: detected encoding of input file as Unicode (UTF-8) (in target 'SingleThreadCore_SingleThreadCore' from project 'SingleThreadCore')

CopyStringsFile /Users/vardy/dev/alanvardy-var-1014-lower-deployment-targets-from-ios-187watchos-265-to-the/DerivedData/Build/Products/Debug/SingleThreadCore_SingleThreadCore.bundle/Contents/Resources/de.lproj/Localizable.stringsdict /Users/vardy/dev/alanvardy-var-1014-lower-deployment-targets-from-ios-187watchos-265-to-the/DerivedData/Build/Intermediates.noindex/SingleThreadCore.build/Debug/SingleThreadCore_SingleThreadCore-b.build/de.lproj/Localizable.stringsdict (in target 'SingleThreadCore_SingleThreadCore' from project 'SingleThreadCore')
    cd /Users/vardy/dev/alanvardy-var-1014-lower-deployment-targets-from-ios-187watchos-265-to-the/SingleThreadCore
    builtin-copyStrings --validate --outputencoding UTF-16 --outfilename Localizable.stringsdict --outdir /Users/vardy/dev/alanvardy-var-1014-lower-deployment-targets-from-ios-187watchos-265-to-the/DerivedData/Build/Products/Debug/SingleThreadCore_SingleThreadCore.bundle/Contents/Resources/de.lproj -- /Users/vardy/dev/alanvardy-var-1014-lower-deployment-targets-from-ios-187watchos-265-to-the/DerivedData/Build/Intermediates.noindex/SingleThreadCore.build/Debug/SingleThreadCore_SingleThreadCore-b.build/de.lproj/Localizable.stringsdict
/Users/vardy/dev/alanvardy-var-1014-lower-deployment-targets-from-ios-187watchos-265-to-the/DerivedData/Build/Intermediates.noindex/SingleThreadCore.build/Debug/SingleThreadCore_SingleThreadCore-b.build/de.lproj/Localizable.stringsdict:1:1: note: detected encoding of input file as Unicode (UTF-8) (in target 'SingleThreadCore_SingleThreadCore' from project 'SingleThreadCore')

RegisterExecutionPolicyException /Users/vardy/dev/alanvardy-var-1014-lower-deployment-targets-from-ios-187watchos-265-to-the/DerivedData/Build/Products/Debug-watchos/SingleThreadCore_SingleThreadCore.bundle (in target 'SingleThreadCore_SingleThreadCore' from project 'SingleThreadCore')
    cd /Users/vardy/dev/alanvardy-var-1014-lower-deployment-targets-from-ios-187watchos-265-to-the/SingleThreadCore
    builtin-RegisterExecutionPolicyException /Users/vardy/dev/alanvardy-var-1014-lower-deployment-targets-from-ios-187watchos-265-to-the/DerivedData/Build/Products/Debug-watchos/SingleThreadCore_SingleThreadCore.bundle

RegisterExecutionPolicyException /Users/vardy/dev/alanvardy-var-1014-lower-deployment-targets-from-ios-187watchos-265-to-the/DerivedData/Build/Products/Debug/SingleThreadCore_SingleThreadCore.bundle (in target 'SingleThreadCore_SingleThreadCore' from project 'SingleThreadCore')
    cd /Users/vardy/dev/alanvardy-var-1014-lower-deployment-targets-from-ios-187watchos-265-to-the/SingleThreadCore
    builtin-RegisterExecutionPolicyException /Users/vardy/dev/alanvardy-var-1014-lower-deployment-targets-from-ios-187watchos-265-to-the/DerivedData/Build/Products/Debug/SingleThreadCore_SingleThreadCore.bundle

Touch /Users/vardy/dev/alanvardy-var-1014-lower-deployment-targets-from-ios-187watchos-265-to-the/DerivedData/Build/Products/Debug/SingleThreadCore_SingleThreadCore.bundle (in target 'SingleThreadCore_SingleThreadCore' from project 'SingleThreadCore')
    cd /Users/vardy/dev/alanvardy-var-1014-lower-deployment-targets-from-ios-187watchos-265-to-the/SingleThreadCore
    /usr/bin/touch -c /Users/vardy/dev/alanvardy-var-1014-lower-deployment-targets-from-ios-187watchos-265-to-the/DerivedData/Build/Products/Debug/SingleThreadCore_SingleThreadCore.bundle

Touch /Users/vardy/dev/alanvardy-var-1014-lower-deployment-targets-from-ios-187watchos-265-to-the/DerivedData/Build/Products/Debug-watchos/SingleThreadCore_SingleThreadCore.bundle (in target 'SingleThreadCore_SingleThreadCore' from project 'SingleThreadCore')
    cd /Users/vardy/dev/alanvardy-var-1014-lower-deployment-targets-from-ios-187watchos-265-to-the/SingleThreadCore
    /usr/bin/touch -c /Users/vardy/dev/alanvardy-var-1014-lower-deployment-targets-from-ios-187watchos-265-to-the/DerivedData/Build/Products/Debug-watchos/SingleThreadCore_SingleThreadCore.bundle

SwiftDriver SingleThreadCore normal arm64 com.apple.xcode.tools.swift.compiler (in target 'SingleThreadCore' from project 'SingleThreadCore')
    cd /Users/vardy/dev/alanvardy-var-1014-lower-deployment-targets-from-ios-187watchos-265-to-the/SingleThread.xcodeproj
    builtin-SwiftDriver -- /Applications/Xcode.app/Contents/Developer/Toolchains/XcodeDefault.xctoolchain/usr/bin/swiftc -parse-as-library -module-name SingleThreadCore -Onone @/Users/vardy/dev/alanvardy-var-1014-lower-deployment-targets-from-ios-187watchos-265-to-the/DerivedData/Build/Intermediates.noindex/SingleThreadCore.build/Debug-watchos/SingleThreadCore-t.build/Objects-normal/arm64/SingleThreadCore.SwiftFileList -DSWIFT_PACKAGE -DDEBUG -DSWIFT_MODULE_RESOURCE_BUNDLE_AVAILABLE -DXcode -plugin-path /Applications/Xcode.app/Contents/Developer/Toolchains/XcodeDefault.xctoolchain/usr/lib/swift/host/plugins/testing -enable-experimental-feature DebugDescriptionMacro -sdk /Applications/Xcode.app/Contents/Developer/Platforms/WatchOS.platform/Developer/SDKs/WatchOS27.0.sdk -target arm64-apple-watchos11.0 -g -module-cache-path /Users/vardy/dev/alanvardy-var-1014-lower-deployment-targets-from-ios-187watchos-265-to-the/DerivedData/ModuleCache.noindex -Xfrontend -serialize-debugging-options -profile-coverage-mapping -profile-generate -enable-testing -index-store-path /Users/vardy/dev/alanvardy-var-1014-lower-deployment-targets-from-ios-187watchos-265-to-the/DerivedData/Index.noindex/DataStore -Xcc -D_LIBCPP_HARDENING_MODE\=_LIBCPP_HARDENING_MODE_DEBUG -swift-version 6 -I /Users/vardy/dev/alanvardy-var-1014-lower-deployment-targets-from-ios-187watchos-265-to-the/DerivedData/Build/Products/Debug-watchos -Isystem /Applications/Xcode.app/Contents/Developer/Platforms/WatchOS.platform/Developer/usr/lib -F /Users/vardy/dev/alanvardy-var-1014-lower-deployment-targets-from-ios-187watchos-265-to-the/DerivedData/Build/Products/Debug-watchos -F /Applications/Xcode.app/Contents/Developer/Platforms/WatchOS.platform/Developer/Library/Frameworks -F /Applications/Xcode.app/Contents/Developer/Platforms/WatchOS.platform/Developer/SDKs/WatchOS27.0.sdk/Developer/Library/Frameworks -c -j12 -enable-batch-mode -incremental -Xcc -ivfsstatcache -Xcc /Users/vardy/dev/alanvardy-var-1014-lower-deployment-targets-from-ios-187watchos-265-to-the/DerivedData/SDKStatCaches.noindex/watchos27.0-24R360-84ee5e44e35145daf7706869e872e73f.sdkstatcache -output-file-map /Users/vardy/dev/alanvardy-var-1014-lower-deployment-targets-from-ios-187watchos-265-to-the/DerivedData/Build/Intermediates.noindex/SingleThreadCore.build/Debug-watchos/SingleThreadCore-t.build/Objects-normal/arm64/SingleThreadCore-OutputFileMap.json -save-temps -no-color-diagnostics -explicit-module-build -module-cache-path /Users/vardy/dev/alanvardy-var-1014-lower-deployment-targets-from-ios-187watchos-265-to-the/DerivedData/Build/Intermediates.noindex/SwiftExplicitPrecompiledModules -clang-scanner-module-cache-path /Users/vardy/dev/alanvardy-var-1014-lower-deployment-targets-from-ios-187watchos-265-to-the/DerivedData/ModuleCache.noindex -sdk-module-cache-path /Users/vardy/dev/alanvardy-var-1014-lower-deployment-targets-from-ios-187watchos-265-to-the/DerivedData/SDKExplicitPrecompiledModules -emit-dependencies -emit-module -emit-module-path /Users/vardy/dev/alanvardy-var-1014-lower-deployment-targets-from-ios-187watchos-265-to-the/DerivedData/Build/Intermediates.noindex/SingleThreadCore.build/Debug-watchos/SingleThreadCore-t.build/Objects-normal/arm64/SingleThreadCore.swiftmodule -serialize-diagnostics -dependency-scan-serialize-diagnostics-path /Users/vardy/dev/alanvardy-var-1014-lower-deployment-targets-from-ios-187watchos-265-to-the/DerivedData/Build/Intermediates.noindex/SingleThreadCore.build/Debug-watchos/SingleThreadCore-t.build/Objects-normal/arm64/SingleThreadCore-dependency-scan.dia -validate-clang-modules-once -clang-build-session-file /Users/vardy/dev/alanvardy-var-1014-lower-deployment-targets-from-ios-187watchos-265-to-the/DerivedData/ModuleCache.noindex/Session.modulevalidation -Xcc -fmodules-prune-interval\=86400 -Xcc -fmodules-prune-after\=345600 -package-name singlethreadcore -emit-const-values -const-gather-protocols-list /Users/vardy/dev/alanvardy-var-1014-lower-deployment-targets-from-ios-187watchos-265-to-the/DerivedData/Build/Intermediates.noindex/SingleThreadCore.build/Debug-watchos/SingleThreadCore-t.build/Objects-normal/arm64/SingleThreadCore_const_extract_protocols.json -Xcc -I/Users/vardy/dev/alanvardy-var-1014-lower-deployment-targets-from-ios-187watchos-265-to-the/DerivedData/Build/Products/Debug-watchos/include -Xcc -I/Users/vardy/dev/alanvardy-var-1014-lower-deployment-targets-from-ios-187watchos-265-to-the/DerivedData/Build/Intermediates.noindex/SingleThreadCore.build/Debug-watchos/SingleThreadCore-t.build/DerivedSources-normal/arm64 -Xcc -I/Users/vardy/dev/alanvardy-var-1014-lower-deployment-targets-from-ios-187watchos-265-to-the/DerivedData/Build/Intermediates.noindex/SingleThreadCore.build/Debug-watchos/SingleThreadCore-t.build/DerivedSources/arm64 -Xcc -I/Users/vardy/dev/alanvardy-var-1014-lower-deployment-targets-from-ios-187watchos-265-to-the/DerivedData/Build/Intermediates.noindex/SingleThreadCore.build/Debug-watchos/SingleThreadCore-t.build/DerivedSources -Xcc -DSWIFT_PACKAGE -Xcc -DDEBUG\=1 -emit-objc-header -emit-objc-header-path /Users/vardy/dev/alanvardy-var-1014-lower-deployment-targets-from-ios-187watchos-265-to-the/DerivedData/Build/Intermediates.noindex/SingleThreadCore.build/Debug-watchos/SingleThreadCore-t.build/Objects-normal/arm64/SingleThreadCore-Swift.h -working-directory /Users/vardy/dev/alanvardy-var-1014-lower-deployment-targets-from-ios-187watchos-265-to-the/SingleThread.xcodeproj -experimental-emit-module-separately -disable-cmo

SwiftDriver SingleThreadCore normal arm64_32 com.apple.xcode.tools.swift.compiler (in target 'SingleThreadCore' from project 'SingleThreadCore')
    cd /Users/vardy/dev/alanvardy-var-1014-lower-deployment-targets-from-ios-187watchos-265-to-the/SingleThread.xcodeproj
    builtin-SwiftDriver -- /Applications/Xcode.app/Contents/Developer/Toolchains/XcodeDefault.xctoolchain/usr/bin/swiftc -parse-as-library -module-name SingleThreadCore -Onone @/Users/vardy/dev/alanvardy-var-1014-lower-deployment-targets-from-ios-187watchos-265-to-the/DerivedData/Build/Intermediates.noindex/SingleThreadCore.build/Debug-watchos/SingleThreadCore-t.build/Objects-normal/arm64_32/SingleThreadCore.SwiftFileList -DSWIFT_PACKAGE -DDEBUG -DSWIFT_MODULE_RESOURCE_BUNDLE_AVAILABLE -DXcode -plugin-path /Applications/Xcode.app/Contents/Developer/Toolchains/XcodeDefault.xctoolchain/usr/lib/swift/host/plugins/testing -enable-experimental-feature DebugDescriptionMacro -sdk /Applications/Xcode.app/Contents/Developer/Platforms/WatchOS.platform/Developer/SDKs/WatchOS27.0.sdk -target arm64_32-apple-watchos11.0 -g -module-cache-path /Users/vardy/dev/alanvardy-var-1014-lower-deployment-targets-from-ios-187watchos-265-to-the/DerivedData/ModuleCache.noindex -Xfrontend -serialize-debugging-options -profile-coverage-mapping -profile-generate -enable-testing -index-store-path /Users/vardy/dev/alanvardy-var-1014-lower-deployment-targets-from-ios-187watchos-265-to-the/DerivedData/Index.noindex/DataStore -Xcc -D_LIBCPP_HARDENING_MODE\=_LIBCPP_HARDENING_MODE_DEBUG -swift-version 6 -I /Users/vardy/dev/alanvardy-var-1014-lower-deployment-targets-from-ios-187watchos-265-to-the/DerivedData/Build/Products/Debug-watchos -Isystem /Applications/Xcode.app/Contents/Developer/Platforms/WatchOS.platform/Developer/usr/lib -F /Users/vardy/dev/alanvardy-var-1014-lower-deployment-targets-from-ios-187watchos-265-to-the/DerivedData/Build/Products/Debug-watchos -F /Applications/Xcode.app/Contents/Developer/Platforms/WatchOS.platform/Developer/Library/Frameworks -F /Applications/Xcode.app/Contents/Developer/Platforms/WatchOS.platform/Developer/SDKs/WatchOS27.0.sdk/Developer/Library/Frameworks -c -j12 -enable-batch-mode -incremental -Xcc -ivfsstatcache -Xcc /Users/vardy/dev/alanvardy-var-1014-lower-deployment-targets-from-ios-187watchos-265-to-the/DerivedData/SDKStatCaches.noindex/watchos27.0-24R360-84ee5e44e35145daf7706869e872e73f.sdkstatcache -output-file-map /Users/vardy/dev/alanvardy-var-1014-lower-deployment-targets-from-ios-187watchos-265-to-the/DerivedData/Build/Intermediates.noindex/SingleThreadCore.build/Debug-watchos/SingleThreadCore-t.build/Objects-normal/arm64_32/SingleThreadCore-OutputFileMap.json -save-temps -no-color-diagnostics -explicit-module-build -module-cache-path /Users/vardy/dev/alanvardy-var-1014-lower-deployment-targets-from-ios-187watchos-265-to-the/DerivedData/Build/Intermediates.noindex/SwiftExplicitPrecompiledModules -clang-scanner-module-cache-path /Users/vardy/dev/alanvardy-var-1014-lower-deployment-targets-from-ios-187watchos-265-to-the/DerivedData/ModuleCache.noindex -sdk-module-cache-path /Users/vardy/dev/alanvardy-var-1014-lower-deployment-targets-from-ios-187watchos-265-to-the/DerivedData/SDKExplicitPrecompiledModules -emit-dependencies -emit-module -emit-module-path /Users/vardy/dev/alanvardy-var-1014-lower-deployment-targets-from-ios-187watchos-265-to-the/DerivedData/Build/Intermediates.noindex/SingleThreadCore.build/Debug-watchos/SingleThreadCore-t.build/Objects-normal/arm64_32/SingleThreadCore.swiftmodule -serialize-diagnostics -dependency-scan-serialize-diagnostics-path /Users/vardy/dev/alanvardy-var-1014-lower-deployment-targets-from-ios-187watchos-265-to-the/DerivedData/Build/Intermediates.noindex/SingleThreadCore.build/Debug-watchos/SingleThreadCore-t.build/Objects-normal/arm64_32/SingleThreadCore-dependency-scan.dia -validate-clang-modules-once -clang-build-session-file /Users/vardy/dev/alanvardy-var-1014-lower-deployment-targets-from-ios-187watchos-265-to-the/DerivedData/ModuleCache.noindex/Session.modulevalidation -Xcc -fmodules-prune-interval\=86400 -Xcc -fmodules-prune-after\=345600 -package-name singlethreadcore -emit-const-values -const-gather-protocols-list /Users/vardy/dev/alanvardy-var-1014-lower-deployment-targets-from-ios-187watchos-265-to-the/DerivedData/Build/Intermediates.noindex/SingleThreadCore.build/Debug-watchos/SingleThreadCore-t.build/Objects-normal/arm64_32/SingleThreadCore_const_extract_protocols.json -Xcc -I/Users/vardy/dev/alanvardy-var-1014-lower-deployment-targets-from-ios-187watchos-265-to-the/DerivedData/Build/Products/Debug-watchos/include -Xcc -I/Users/vardy/dev/alanvardy-var-1014-lower-deployment-targets-from-ios-187watchos-265-to-the/DerivedData/Build/Intermediates.noindex/SingleThreadCore.build/Debug-watchos/SingleThreadCore-t.build/DerivedSources-normal/arm64_32 -Xcc -I/Users/vardy/dev/alanvardy-var-1014-lower-deployment-targets-from-ios-187watchos-265-to-the/DerivedData/Build/Intermediates.noindex/SingleThreadCore.build/Debug-watchos/SingleThreadCore-t.build/DerivedSources/arm64_32 -Xcc -I/Users/vardy/dev/alanvardy-var-1014-lower-deployment-targets-from-ios-187watchos-265-to-the/DerivedData/Build/Intermediates.noindex/SingleThreadCore.build/Debug-watchos/SingleThreadCore-t.build/DerivedSources -Xcc -DSWIFT_PACKAGE -Xcc -DDEBUG\=1 -emit-objc-header -emit-objc-header-path /Users/vardy/dev/alanvardy-var-1014-lower-deployment-targets-from-ios-187watchos-265-to-the/DerivedData/Build/Intermediates.noindex/SingleThreadCore.build/Debug-watchos/SingleThreadCore-t.build/Objects-normal/arm64_32/SingleThreadCore-Swift.h -working-directory /Users/vardy/dev/alanvardy-var-1014-lower-deployment-targets-from-ios-187watchos-265-to-the/SingleThread.xcodeproj -experimental-emit-module-separately -disable-cmo

SwiftExplicitDependencyGeneratePcm arm64 /Users/vardy/dev/alanvardy-var-1014-lower-deployment-targets-from-ios-187watchos-265-to-the/DerivedData/SDKExplicitPrecompiledModules/_SwiftConcurrencyShims-DRZ63USZ7PWFFIJB5LQCGCZ4C.pcm

SwiftExplicitDependencyGeneratePcm arm64 /Users/vardy/dev/alanvardy-var-1014-lower-deployment-targets-from-ios-187watchos-265-to-the/DerivedData/SDKExplicitPrecompiledModules/_AvailabilityInternal-4DXZVSS98M4NR555PIZDGVDXU.pcm

SwiftExplicitDependencyGeneratePcm arm64 /Users/vardy/dev/alanvardy-var-1014-lower-deployment-targets-from-ios-187watchos-265-to-the/DerivedData/SDKExplicitPrecompiledModules/ptrcheck-6GK5T4ZDHKIFWRJWPKH5VN94F.pcm

SwiftExplicitDependencyGeneratePcm arm64 /Users/vardy/dev/alanvardy-var-1014-lower-deployment-targets-from-ios-187watchos-265-to-the/DerivedData/SDKExplicitPrecompiledModules/_Builtin_stdarg-7X0BZN2D7SRNPDF46EVGYBZ45.pcm

SwiftExplicitDependencyGeneratePcm arm64 /Users/vardy/dev/alanvardy-var-1014-lower-deployment-targets-from-ios-187watchos-265-to-the/DerivedData/SDKExplicitPrecompiledModules/_Builtin_float-AOW3I3YMMPLFFOZS2O9U27HWF.pcm

SwiftExplicitDependencyGeneratePcm arm64_32 /Users/vardy/dev/alanvardy-var-1014-lower-deployment-targets-from-ios-187watchos-265-to-the/DerivedData/SDKExplicitPrecompiledModules/DeveloperToolsSupport-BARCWV14IRJQQT04F5LTUGLSM.pcm

SwiftExplicitDependencyGeneratePcm arm64 /Users/vardy/dev/alanvardy-var-1014-lower-deployment-targets-from-ios-187watchos-265-to-the/DerivedData/SDKExplicitPrecompiledModules/SwiftShims-6WSCUQ5IG88ZFRH04004AXL2X.pcm

SwiftExplicitDependencyGeneratePcm arm64 /Users/vardy/dev/alanvardy-var-1014-lower-deployment-targets-from-ios-187watchos-265-to-the/DerivedData/SDKExplicitPrecompiledModules/_Builtin_stddef-BCUH3A0YP4K5KZSX2BM50BD0S.pcm

SwiftExplicitDependencyGeneratePcm arm64 /Users/vardy/dev/alanvardy-var-1014-lower-deployment-targets-from-ios-187watchos-265-to-the/DerivedData/SDKExplicitPrecompiledModules/DeveloperToolsSupport-BQIJJSIYUX9HJ0GRSGFRP68ZA.pcm

SwiftExplicitDependencyGeneratePcm arm64 /Users/vardy/dev/alanvardy-var-1014-lower-deployment-targets-from-ios-187watchos-265-to-the/DerivedData/SDKExplicitPrecompiledModules/ptrauth-F0M9GNOAZTW2H1Z4LCHESQWDY.pcm

SwiftExplicitDependencyGeneratePcm arm64_32 /Users/vardy/dev/alanvardy-var-1014-lower-deployment-targets-from-ios-187watchos-265-to-the/DerivedData/SDKExplicitPrecompiledModules/_AvailabilityInternal-D4469GC7VGZM3AXOW6O8G40P3.pcm

SwiftExplicitDependencyGeneratePcm arm64_32 /Users/vardy/dev/alanvardy-var-1014-lower-deployment-targets-from-ios-187watchos-265-to-the/DerivedData/SDKExplicitPrecompiledModules/ptrcheck-7GCZLX7ZRDE1KX06SW3IF8DEH.pcm

SwiftExplicitDependencyGeneratePcm arm64_32 /Users/vardy/dev/alanvardy-var-1014-lower-deployment-targets-from-ios-187watchos-265-to-the/DerivedData/SDKExplicitPrecompiledModules/_Builtin_float-B0J9CDZXEPR2GM8VH62WVEIFE.pcm

SwiftExplicitDependencyGeneratePcm arm64_32 /Users/vardy/dev/alanvardy-var-1014-lower-deployment-targets-from-ios-187watchos-265-to-the/DerivedData/SDKExplicitPrecompiledModules/ptrauth-8FZLNHE10KZV4I3DVRU0SCLP1.pcm

SwiftExplicitDependencyGeneratePcm arm64_32 /Users/vardy/dev/alanvardy-var-1014-lower-deployment-targets-from-ios-187watchos-265-to-the/DerivedData/SDKExplicitPrecompiledModules/_Builtin_stdbool-8UBKR1QT7MO13481PHQ0H00FW.pcm

SwiftExplicitDependencyGeneratePcm arm64 /Users/vardy/dev/alanvardy-var-1014-lower-deployment-targets-from-ios-187watchos-265-to-the/DerivedData/SDKExplicitPrecompiledModules/_Builtin_stdbool-ERQSDBWTLF98QGW4E2MD22DYE.pcm

SwiftExplicitDependencyGeneratePcm arm64_32 /Users/vardy/dev/alanvardy-var-1014-lower-deployment-targets-from-ios-187watchos-265-to-the/DerivedData/SDKExplicitPrecompiledModules/_SwiftConcurrencyShims-5SA8UEFSQNH1YX2FC211K3WHB.pcm

SwiftExplicitDependencyGeneratePcm arm64_32 /Users/vardy/dev/alanvardy-var-1014-lower-deployment-targets-from-ios-187watchos-265-to-the/DerivedData/SDKExplicitPrecompiledModules/_Builtin_stddef-2JL0PJMXG8JOGOBDBQRUIV2OC.pcm

SwiftExplicitDependencyGeneratePcm arm64_32 /Users/vardy/dev/alanvardy-var-1014-lower-deployment-targets-from-ios-187watchos-265-to-the/DerivedData/SDKExplicitPrecompiledModules/_Builtin_stdarg-DZMIBARWEPMLVMU9PNJGPP0VO.pcm

SwiftExplicitDependencyGeneratePcm arm64_32 /Users/vardy/dev/alanvardy-var-1014-lower-deployment-targets-from-ios-187watchos-265-to-the/DerivedData/SDKExplicitPrecompiledModules/SwiftShims-8LU4Z12K9EKKYDE7J1WC7J49Y.pcm

SwiftExplicitDependencyGeneratePcm arm64 /Users/vardy/dev/alanvardy-var-1014-lower-deployment-targets-from-ios-187watchos-265-to-the/DerivedData/SDKExplicitPrecompiledModules/_DarwinFoundation1-BYEH0A8IOFMHP6OKT366UQTQU.pcm

SwiftExplicitDependencyGeneratePcm arm64_32 /Users/vardy/dev/alanvardy-var-1014-lower-deployment-targets-from-ios-187watchos-265-to-the/DerivedData/SDKExplicitPrecompiledModules/_DarwinFoundation1-8OH0FRFWAAFRBDWJ8J35P3LH9.pcm

SwiftExplicitDependencyGeneratePcm arm64 /Users/vardy/dev/alanvardy-var-1014-lower-deployment-targets-from-ios-187watchos-265-to-the/DerivedData/SDKExplicitPrecompiledModules/ExtensionFoundation-4K39GM62PL2T0CY96RQJKBTCL.pcm

SwiftExplicitDependencyGeneratePcm arm64 /Users/vardy/dev/alanvardy-var-1014-lower-deployment-targets-from-ios-187watchos-265-to-the/DerivedData/SDKExplicitPrecompiledModules/_DarwinFoundation2-6HO2W62GROMAC6FEIG14WL451.pcm

SwiftExplicitDependencyGeneratePcm arm64 /Users/vardy/dev/alanvardy-var-1014-lower-deployment-targets-from-ios-187watchos-265-to-the/DerivedData/SDKExplicitPrecompiledModules/_Builtin_limits-9S3E3CZNN1D9L6DKHC5OAD95Y.pcm

SwiftExplicitDependencyGeneratePcm arm64_32 /Users/vardy/dev/alanvardy-var-1014-lower-deployment-targets-from-ios-187watchos-265-to-the/DerivedData/SDKExplicitPrecompiledModules/ExtensionFoundation-3FH89R6X37FY1MVBHZX2GC4G1.pcm

SwiftExplicitDependencyGeneratePcm arm64_32 /Users/vardy/dev/alanvardy-var-1014-lower-deployment-targets-from-ios-187watchos-265-to-the/DerivedData/SDKExplicitPrecompiledModules/_Builtin_limits-DBNXC4UCGO76AMMRHSACCKR97.pcm

SwiftExplicitDependencyGeneratePcm arm64_32 /Users/vardy/dev/alanvardy-var-1014-lower-deployment-targets-from-ios-187watchos-265-to-the/DerivedData/SDKExplicitPrecompiledModules/_DarwinFoundation2-CU17GTA4P8WPNW39DAI0O5GE9.pcm

SwiftExplicitDependencyGeneratePcm arm64 /Users/vardy/dev/alanvardy-var-1014-lower-deployment-targets-from-ios-187watchos-265-to-the/DerivedData/SDKExplicitPrecompiledModules/_Builtin_stdint-8N1J6Y7C4RRZ7VKQOIPQ4KM78.pcm

SwiftExplicitDependencyGeneratePcm arm64 /Users/vardy/dev/alanvardy-var-1014-lower-deployment-targets-from-ios-187watchos-265-to-the/DerivedData/SDKExplicitPrecompiledModules/string_h-U89VOTJEAAXDD8DOJQXP52TO.pcm

SwiftExplicitDependencyGeneratePcm arm64 /Users/vardy/dev/alanvardy-var-1014-lower-deployment-targets-from-ios-187watchos-265-to-the/DerivedData/SDKExplicitPrecompiledModules/sys_types-9X470AF62RAEM3BNF76IPIA16.pcm

SwiftExplicitDependencyGeneratePcm arm64 /Users/vardy/dev/alanvardy-var-1014-lower-deployment-targets-from-ios-187watchos-265-to-the/DerivedData/SDKExplicitPrecompiledModules/_Builtin_tgmath-9X95N5LSA7QABOUUJIPYCNBFK.pcm

SwiftExplicitDependencyGeneratePcm arm64 /Users/vardy/dev/alanvardy-var-1014-lower-deployment-targets-from-ios-187watchos-265-to-the/DerivedData/SDKExplicitPrecompiledModules/_Builtin_intrinsics-8FZ62QGP9MWQCQDGB903KZ0J9.pcm

SwiftExplicitDependencyGeneratePcm arm64 /Users/vardy/dev/alanvardy-var-1014-lower-deployment-targets-from-ios-187watchos-265-to-the/DerivedData/SDKExplicitPrecompiledModules/_DarwinFoundation3-9MVAV4Q5445XE9WE489B1C72Y.pcm

SwiftExplicitDependencyGeneratePcm arm64 /Users/vardy/dev/alanvardy-var-1014-lower-deployment-targets-from-ios-187watchos-265-to-the/DerivedData/SDKExplicitPrecompiledModules/_Builtin_stdatomic-4EN1I6CTOCZ4U7D7CVH2NQJ98.pcm

SwiftExplicitDependencyGeneratePcm arm64_32 /Users/vardy/dev/alanvardy-var-1014-lower-deployment-targets-from-ios-187watchos-265-to-the/DerivedData/SDKExplicitPrecompiledModules/_Builtin_tgmath-8YTNKZOW8W0YSGRL437OMGO5C.pcm

SwiftExplicitDependencyGeneratePcm arm64_32 /Users/vardy/dev/alanvardy-var-1014-lower-deployment-targets-from-ios-187watchos-265-to-the/DerivedData/SDKExplicitPrecompiledModules/string_h-EEJG4LS396LEPBL0OP2JZR0UD.pcm

SwiftExplicitDependencyGeneratePcm arm64_32 /Users/vardy/dev/alanvardy-var-1014-lower-deployment-targets-from-ios-187watchos-265-to-the/DerivedData/SDKExplicitPrecompiledModules/sys_types-CTUMIDH46N0819KAI2K3O10Z3.pcm

SwiftExplicitDependencyGeneratePcm arm64_32 /Users/vardy/dev/alanvardy-var-1014-lower-deployment-targets-from-ios-187watchos-265-to-the/DerivedData/SDKExplicitPrecompiledModules/_Builtin_stdint-V7H0PXYYAVQ0TEKOL4S7PDG2.pcm

SwiftExplicitDependencyGeneratePcm arm64_32 /Users/vardy/dev/alanvardy-var-1014-lower-deployment-targets-from-ios-187watchos-265-to-the/DerivedData/SDKExplicitPrecompiledModules/_Builtin_intrinsics-2MW6LT2BQ7RD8SIHGAGVHQG9L.pcm

SwiftExplicitDependencyGeneratePcm arm64_32 /Users/vardy/dev/alanvardy-var-1014-lower-deployment-targets-from-ios-187watchos-265-to-the/DerivedData/SDKExplicitPrecompiledModules/_DarwinFoundation3-2MVHBXW0P011UL9M4FO8KWU4N.pcm

SwiftExplicitDependencyGeneratePcm arm64_32 /Users/vardy/dev/alanvardy-var-1014-lower-deployment-targets-from-ios-187watchos-265-to-the/DerivedData/SDKExplicitPrecompiledModules/_Builtin_stdatomic-CVBZ7K0I2VX1GANLIWRX6EHHF.pcm

SwiftExplicitDependencyGeneratePcm arm64 /Users/vardy/dev/alanvardy-var-1014-lower-deployment-targets-from-ios-187watchos-265-to-the/DerivedData/SDKExplicitPrecompiledModules/_Builtin_inttypes-7G3I1ZKSHP40726QPKZYKN6AR.pcm

SwiftExplicitDependencyGeneratePcm arm64 /Users/vardy/dev/alanvardy-var-1014-lower-deployment-targets-from-ios-187watchos-265-to-the/DerivedData/SDKExplicitPrecompiledModules/Darwin-7X2XKIXYB5WS59WAGKVN511BN.pcm

SwiftExplicitDependencyGeneratePcm arm64_32 /Users/vardy/dev/alanvardy-var-1014-lower-deployment-targets-from-ios-187watchos-265-to-the/DerivedData/SDKExplicitPrecompiledModules/_Builtin_inttypes-BKVS2Y7E21J6KVCE3EVK9EDAC.pcm

SwiftExplicitDependencyGeneratePcm arm64 /Users/vardy/dev/alanvardy-var-1014-lower-deployment-targets-from-ios-187watchos-265-to-the/DerivedData/SDKExplicitPrecompiledModules/simd-90LPDZ42PP0S0OW45R2CMTLZB.pcm

SwiftExplicitDependencyGeneratePcm arm64_32 /Users/vardy/dev/alanvardy-var-1014-lower-deployment-targets-from-ios-187watchos-265-to-the/DerivedData/SDKExplicitPrecompiledModules/Darwin-DMAANBQRLYQ7UG42AVZXIM1HS.pcm

SwiftExplicitDependencyGeneratePcm arm64_32 /Users/vardy/dev/alanvardy-var-1014-lower-deployment-targets-from-ios-187watchos-265-to-the/DerivedData/SDKExplicitPrecompiledModules/simd-EWQ7T9ZHTGTYTNFEOA4K3G496.pcm

SwiftExplicitDependencyGeneratePcm arm64 /Users/vardy/dev/alanvardy-var-1014-lower-deployment-targets-from-ios-187watchos-265-to-the/DerivedData/SDKExplicitPrecompiledModules/ObjectiveC-9HO96AGBECVD79J5LVIYF98U9.pcm

SwiftExplicitDependencyGeneratePcm arm64 /Users/vardy/dev/alanvardy-var-1014-lower-deployment-targets-from-ios-187watchos-265-to-the/DerivedData/SDKExplicitPrecompiledModules/MachO-F1H4LHI187WFZAIMXTPA1ZI7J.pcm

SwiftExplicitDependencyGeneratePcm arm64_32 /Users/vardy/dev/alanvardy-var-1014-lower-deployment-targets-from-ios-187watchos-265-to-the/DerivedData/SDKExplicitPrecompiledModules/ObjectiveC-C1RLALXP82D9Y3JMDELOGBIBJ.pcm

SwiftExplicitDependencyGeneratePcm arm64_32 /Users/vardy/dev/alanvardy-var-1014-lower-deployment-targets-from-ios-187watchos-265-to-the/DerivedData/SDKExplicitPrecompiledModules/MachO-CTFDFZKOQZ12LKEOVPF530YEQ.pcm

SwiftExplicitDependencyGeneratePcm arm64 /Users/vardy/dev/alanvardy-var-1014-lower-deployment-targets-from-ios-187watchos-265-to-the/DerivedData/SDKExplicitPrecompiledModules/os_object-8L4B8VZEHSVZO7RQCU3C92T7R.pcm

SwiftExplicitDependencyGeneratePcm arm64 /Users/vardy/dev/alanvardy-var-1014-lower-deployment-targets-from-ios-187watchos-265-to-the/DerivedData/SDKExplicitPrecompiledModules/os_workgroup-DHIODJ2M0PLUA6DHGFBLJ6P19.pcm

SwiftExplicitDependencyGeneratePcm arm64_32 /Users/vardy/dev/alanvardy-var-1014-lower-deployment-targets-from-ios-187watchos-265-to-the/DerivedData/SDKExplicitPrecompiledModules/os_object-1DO6PYS6KCREKQUEX17XIMZE.pcm

SwiftExplicitDependencyGeneratePcm arm64 /Users/vardy/dev/alanvardy-var-1014-lower-deployment-targets-from-ios-187watchos-265-to-the/DerivedData/SDKExplicitPrecompiledModules/Spatial-2DTKFI0MEZV92ZIM7PKPED84S.pcm

SwiftExplicitDependencyGeneratePcm arm64 /Users/vardy/dev/alanvardy-var-1014-lower-deployment-targets-from-ios-187watchos-265-to-the/DerivedData/SDKExplicitPrecompiledModules/Dispatch-8OSS8942WCBN6M9BVIUYEPD21.pcm

SwiftExplicitDependencyGeneratePcm arm64_32 /Users/vardy/dev/alanvardy-var-1014-lower-deployment-targets-from-ios-187watchos-265-to-the/DerivedData/SDKExplicitPrecompiledModules/os_workgroup-IXG9L7ZYTHAJIBA1G3CSUTS.pcm

SwiftExplicitDependencyGeneratePcm arm64_32 /Users/vardy/dev/alanvardy-var-1014-lower-deployment-targets-from-ios-187watchos-265-to-the/DerivedData/SDKExplicitPrecompiledModules/Spatial-CH26JY61CDZW6SWQ48OK1BQGA.pcm

SwiftExplicitDependencyGeneratePcm arm64_32 /Users/vardy/dev/alanvardy-var-1014-lower-deployment-targets-from-ios-187watchos-265-to-the/DerivedData/SDKExplicitPrecompiledModules/Dispatch-4HTPVUBYPP4X7GAEWAUQL0BEM.pcm

SwiftExplicitDependencyGeneratePcm arm64 /Users/vardy/dev/alanvardy-var-1014-lower-deployment-targets-from-ios-187watchos-265-to-the/DerivedData/SDKExplicitPrecompiledModules/XPC-XE2N7E4DSNBAZUSJYGW5YWB.pcm

SwiftExplicitDependencyGeneratePcm arm64 /Users/vardy/dev/alanvardy-var-1014-lower-deployment-targets-from-ios-187watchos-265-to-the/DerivedData/SDKExplicitPrecompiledModules/dnssd-4H7AU33KMBSM4CWBF5OVOF8OO.pcm

SwiftExplicitDependencyGeneratePcm arm64 /Users/vardy/dev/alanvardy-var-1014-lower-deployment-targets-from-ios-187watchos-265-to-the/DerivedData/SDKExplicitPrecompiledModules/CoreFoundation-67E03MNNXPCZF2R6Y1OJYLT20.pcm

SwiftDriver SingleThreadCore normal arm64 com.apple.xcode.tools.swift.compiler (in target 'SingleThreadCore' from project 'SingleThreadCore')
    cd /Users/vardy/dev/alanvardy-var-1014-lower-deployment-targets-from-ios-187watchos-265-to-the/SingleThread.xcodeproj
    builtin-SwiftDriver -- /Applications/Xcode.app/Contents/Developer/Toolchains/XcodeDefault.xctoolchain/usr/bin/swiftc -parse-as-library -module-name SingleThreadCore -Onone @/Users/vardy/dev/alanvardy-var-1014-lower-deployment-targets-from-ios-187watchos-265-to-the/DerivedData/Build/Intermediates.noindex/SingleThreadCore.build/Debug/SingleThreadCore-t.build/Objects-normal/arm64/SingleThreadCore.SwiftFileList -DSWIFT_PACKAGE -DDEBUG -DSWIFT_MODULE_RESOURCE_BUNDLE_AVAILABLE -DXcode -plugin-path /Applications/Xcode.app/Contents/Developer/Toolchains/XcodeDefault.xctoolchain/usr/lib/swift/host/plugins/testing -enable-experimental-feature DebugDescriptionMacro -sdk /Applications/Xcode.app/Contents/Developer/Platforms/MacOSX.platform/Developer/SDKs/MacOSX27.0.sdk -target arm64-apple-macos26.5 -g -module-cache-path /Users/vardy/dev/alanvardy-var-1014-lower-deployment-targets-from-ios-187watchos-265-to-the/DerivedData/ModuleCache.noindex -Xfrontend -serialize-debugging-options -profile-coverage-mapping -profile-generate -enable-testing -index-store-path /Users/vardy/dev/alanvardy-var-1014-lower-deployment-targets-from-ios-187watchos-265-to-the/DerivedData/Index.noindex/DataStore -Xcc -D_LIBCPP_HARDENING_MODE\=_LIBCPP_HARDENING_MODE_DEBUG -swift-version 6 -I /Users/vardy/dev/alanvardy-var-1014-lower-deployment-targets-from-ios-187watchos-265-to-the/DerivedData/Build/Products/Debug -Isystem /Applications/Xcode.app/Contents/Developer/Platforms/MacOSX.platform/Developer/usr/lib -F /Users/vardy/dev/alanvardy-var-1014-lower-deployment-targets-from-ios-187watchos-265-to-the/DerivedData/Build/Products/Debug -F /Applications/Xcode.app/Contents/Developer/Platforms/MacOSX.platform/Developer/Library/Frameworks -c -j12 -enable-batch-mode -incremental -Xcc -ivfsstatcache -Xcc /Users/vardy/dev/alanvardy-var-1014-lower-deployment-targets-from-ios-187watchos-265-to-the/DerivedData/SDKStatCaches.noindex/macosx27.0-26A425-7231f6df4def33e022ae2eb8f782df1a.sdkstatcache -output-file-map /Users/vardy/dev/alanvardy-var-1014-lower-deployment-targets-from-ios-187watchos-265-to-the/DerivedData/Build/Intermediates.noindex/SingleThreadCore.build/Debug/SingleThreadCore-t.build/Objects-normal/arm64/SingleThreadCore-OutputFileMap.json -save-temps -no-color-diagnostics -explicit-module-build -module-cache-path /Users/vardy/dev/alanvardy-var-1014-lower-deployment-targets-from-ios-187watchos-265-to-the/DerivedData/Build/Intermediates.noindex/SwiftExplicitPrecompiledModules -clang-scanner-module-cache-path /Users/vardy/dev/alanvardy-var-1014-lower-deployment-targets-from-ios-187watchos-265-to-the/DerivedData/ModuleCache.noindex -sdk-module-cache-path /Users/vardy/dev/alanvardy-var-1014-lower-deployment-targets-from-ios-187watchos-265-to-the/DerivedData/SDKExplicitPrecompiledModules -emit-dependencies -emit-module -emit-module-path /Users/vardy/dev/alanvardy-var-1014-lower-deployment-targets-from-ios-187watchos-265-to-the/DerivedData/Build/Intermediates.noindex/SingleThreadCore.build/Debug/SingleThreadCore-t.build/Objects-normal/arm64/SingleThreadCore.swiftmodule -serialize-diagnostics -dependency-scan-serialize-diagnostics-path /Users/vardy/dev/alanvardy-var-1014-lower-deployment-targets-from-ios-187watchos-265-to-the/DerivedData/Build/Intermediates.noindex/SingleThreadCore.build/Debug/SingleThreadCore-t.build/Objects-normal/arm64/SingleThreadCore-dependency-scan.dia -validate-clang-modules-once -clang-build-session-file /Users/vardy/dev/alanvardy-var-1014-lower-deployment-targets-from-ios-187watchos-265-to-the/DerivedData/ModuleCache.noindex/Session.modulevalidation -Xcc -fmodules-prune-interval\=86400 -Xcc -fmodules-prune-after\=345600 -package-name singlethreadcore -emit-const-values -const-gather-protocols-list /Users/vardy/dev/alanvardy-var-1014-lower-deployment-targets-from-ios-187watchos-265-to-the/DerivedData/Build/Intermediates.noindex/SingleThreadCore.build/Debug/SingleThreadCore-t.build/Objects-normal/arm64/SingleThreadCore_const_extract_protocols.json -Xcc -I/Users/vardy/dev/alanvardy-var-1014-lower-deployment-targets-from-ios-187watchos-265-to-the/DerivedData/Build/Products/Debug/include -Xcc -I/Users/vardy/dev/alanvardy-var-1014-lower-deployment-targets-from-ios-187watchos-265-to-the/DerivedData/Build/Intermediates.noindex/SingleThreadCore.build/Debug/SingleThreadCore-t.build/DerivedSources-normal/arm64 -Xcc -I/Users/vardy/dev/alanvardy-var-1014-lower-deployment-targets-from-ios-187watchos-265-to-the/DerivedData/Build/Intermediates.noindex/SingleThreadCore.build/Debug/SingleThreadCore-t.build/DerivedSources/arm64 -Xcc -I/Users/vardy/dev/alanvardy-var-1014-lower-deployment-targets-from-ios-187watchos-265-to-the/DerivedData/Build/Intermediates.noindex/SingleThreadCore.build/Debug/SingleThreadCore-t.build/DerivedSources -Xcc -DSWIFT_PACKAGE -Xcc -DDEBUG\=1 -emit-objc-header -emit-objc-header-path /Users/vardy/dev/alanvardy-var-1014-lower-deployment-targets-from-ios-187watchos-265-to-the/DerivedData/Build/Intermediates.noindex/SingleThreadCore.build/Debug/SingleThreadCore-t.build/Objects-normal/arm64/SingleThreadCore-Swift.h -working-directory /Users/vardy/dev/alanvardy-var-1014-lower-deployment-targets-from-ios-187watchos-265-to-the/SingleThread.xcodeproj -experimental-emit-module-separately -disable-cmo

SwiftExplicitDependencyGeneratePcm arm64_32 /Users/vardy/dev/alanvardy-var-1014-lower-deployment-targets-from-ios-187watchos-265-to-the/DerivedData/SDKExplicitPrecompiledModules/XPC-1UFWCP9DXCNWE8AAGCY4IGBDQ.pcm

SwiftExplicitDependencyGeneratePcm arm64_32 /Users/vardy/dev/alanvardy-var-1014-lower-deployment-targets-from-ios-187watchos-265-to-the/DerivedData/SDKExplicitPrecompiledModules/CoreFoundation-F5550TCHI1WONPRSRVO8IY9M1.pcm

SwiftExplicitDependencyGeneratePcm arm64_32 /Users/vardy/dev/alanvardy-var-1014-lower-deployment-targets-from-ios-187watchos-265-to-the/DerivedData/SDKExplicitPrecompiledModules/dnssd-DKGYRCH18V71511NDMW54HIMW.pcm

SwiftExplicitDependencyGeneratePcm arm64 /Users/vardy/dev/alanvardy-var-1014-lower-deployment-targets-from-ios-187watchos-265-to-the/DerivedData/SDKExplicitPrecompiledModules/os-3UXD50IWILRSCSR5J6G6T5NF3.pcm

SwiftExplicitDependencyGeneratePcm arm64 /Users/vardy/dev/alanvardy-var-1014-lower-deployment-targets-from-ios-187watchos-265-to-the/DerivedData/SDKExplicitPrecompiledModules/CoreAudioTypes-APS53DDP8EF8A7YGAB5R6WCNW.pcm

SwiftExplicitDependencyGeneratePcm arm64 /Users/vardy/dev/alanvardy-var-1014-lower-deployment-targets-from-ios-187watchos-265-to-the/DerivedData/SDKExplicitPrecompiledModules/CoreGraphics-CLFCHKSK7H8IUCLDGYGP8E6N2.pcm

SwiftExplicitDependencyGeneratePcm arm64 /Users/vardy/dev/alanvardy-var-1014-lower-deployment-targets-from-ios-187watchos-265-to-the/DerivedData/SDKExplicitPrecompiledModules/Security-9LOK1Y5Z8UA4BZAFWDFNNI3D1.pcm

SwiftExplicitDependencyGeneratePcm arm64_32 /Users/vardy/dev/alanvardy-var-1014-lower-deployment-targets-from-ios-187watchos-265-to-the/DerivedData/SDKExplicitPrecompiledModules/os-8WTXMD7LO21V92TBNOBPO9AAS.pcm

SwiftExplicitDependencyGeneratePcm arm64_32 /Users/vardy/dev/alanvardy-var-1014-lower-deployment-targets-from-ios-187watchos-265-to-the/DerivedData/SDKExplicitPrecompiledModules/CoreGraphics-419QAJ203BOSMUDA1ZM1XI19X.pcm

SwiftExplicitDependencyGeneratePcm arm64_32 /Users/vardy/dev/alanvardy-var-1014-lower-deployment-targets-from-ios-187watchos-265-to-the/DerivedData/SDKExplicitPrecompiledModules/Security-4EFLIHTY8OYRBY3MLV1D54EAT.pcm

SwiftExplicitDependencyGeneratePcm arm64_32 /Users/vardy/dev/alanvardy-var-1014-lower-deployment-targets-from-ios-187watchos-265-to-the/DerivedData/SDKExplicitPrecompiledModules/CoreAudioTypes-8Y5PUT9W5TPSP9IBOWTQL81UK.pcm

SwiftExplicitDependencyGeneratePcm arm64 /Users/vardy/dev/alanvardy-var-1014-lower-deployment-targets-from-ios-187watchos-265-to-the/DerivedData/SDKExplicitPrecompiledModules/CoreAudio-82H4XSQYBGWG48AFMP0BNZCP.pcm

SwiftExplicitDependencyGeneratePcm arm64 /Users/vardy/dev/alanvardy-var-1014-lower-deployment-targets-from-ios-187watchos-265-to-the/DerivedData/SDKExplicitPrecompiledModules/Foundation-74GFXSU1Q3429Q5FWYSILO3S6.pcm

SwiftExplicitDependencyGeneratePcm arm64 /Users/vardy/dev/alanvardy-var-1014-lower-deployment-targets-from-ios-187watchos-265-to-the/DerivedData/SDKExplicitPrecompiledModules/ImageIO-AIIB7KDT8QDROIF8ZTGZ3G9E.pcm

SwiftExplicitDependencyGeneratePcm arm64 /Users/vardy/dev/alanvardy-var-1014-lower-deployment-targets-from-ios-187watchos-265-to-the/DerivedData/SDKExplicitPrecompiledModules/CoreVideo-2E3MOOCVSB025MFAFRYKJVTH5.pcm

SwiftExplicitDependencyGeneratePcm arm64 /Users/vardy/dev/alanvardy-var-1014-lower-deployment-targets-from-ios-187watchos-265-to-the/DerivedData/SDKExplicitPrecompiledModules/CoreText-3CIM77QHV0ZY1RRM3AWSI7FU7.pcm

SwiftExplicitDependencyGeneratePcm arm64_32 /Users/vardy/dev/alanvardy-var-1014-lower-deployment-targets-from-ios-187watchos-265-to-the/DerivedData/SDKExplicitPrecompiledModules/CoreAudio-EZB77R8X14LVQKLA1BI8QU3IH.pcm

SwiftExplicitDependencyGeneratePcm arm64_32 /Users/vardy/dev/alanvardy-var-1014-lower-deployment-targets-from-ios-187watchos-265-to-the/DerivedData/SDKExplicitPrecompiledModules/Foundation-BX2AJEKP2QVI6ALAIO12AVAVE.pcm

SwiftExplicitDependencyGeneratePcm arm64_32 /Users/vardy/dev/alanvardy-var-1014-lower-deployment-targets-from-ios-187watchos-265-to-the/DerivedData/SDKExplicitPrecompiledModules/ImageIO-46TWES3669MU04GSSUOEYGRY2.pcm

SwiftExplicitDependencyGeneratePcm arm64_32 /Users/vardy/dev/alanvardy-var-1014-lower-deployment-targets-from-ios-187watchos-265-to-the/DerivedData/SDKExplicitPrecompiledModules/CoreVideo-AOC6A6I5YYBIZCGPFK7ODQ8D5.pcm

SwiftExplicitDependencyGeneratePcm arm64_32 /Users/vardy/dev/alanvardy-var-1014-lower-deployment-targets-from-ios-187watchos-265-to-the/DerivedData/SDKExplicitPrecompiledModules/CoreText-EM37XD9O8XCP0TG2JOWNE7XWL.pcm

SwiftExplicitDependencyGeneratePcm arm64 /Users/vardy/dev/alanvardy-var-1014-lower-deployment-targets-from-ios-187watchos-265-to-the/DerivedData/SDKExplicitPrecompiledModules/CoreMedia-A72G9Z3COI18UNJN38SUEVA6Y.pcm

SwiftExplicitDependencyGeneratePcm arm64_32 /Users/vardy/dev/alanvardy-var-1014-lower-deployment-targets-from-ios-187watchos-265-to-the/DerivedData/SDKExplicitPrecompiledModules/CoreMedia-4QZ9EBOKM7I4N2LEL3PVOZFUD.pcm

SwiftExplicitDependencyGeneratePcm arm64 /Users/vardy/dev/alanvardy-var-1014-lower-deployment-targets-from-ios-187watchos-265-to-the/DerivedData/SDKExplicitPrecompiledModules/UIUtilities-857P51XVD0V3HT5VTPB70P3GK.pcm

SwiftExplicitDependencyGeneratePcm arm64 /Users/vardy/dev/alanvardy-var-1014-lower-deployment-targets-from-ios-187watchos-265-to-the/DerivedData/SDKExplicitPrecompiledModules/DataDetection-2DP4O8PVX9XFO3VNENG8F88HM.pcm

SwiftExplicitDependencyGeneratePcm arm64 /Users/vardy/dev/alanvardy-var-1014-lower-deployment-targets-from-ios-187watchos-265-to-the/DerivedData/SDKExplicitPrecompiledModules/SceneKit-6TP429XLH8WPELJ24GFKNK5VK.pcm

SwiftExplicitDependencyGeneratePcm arm64 /Users/vardy/dev/alanvardy-var-1014-lower-deployment-targets-from-ios-187watchos-265-to-the/DerivedData/SDKExplicitPrecompiledModules/CoreML-BYA9Y7C3VX8ISTYB6E9EGVSTS.pcm

SwiftExplicitDependencyGeneratePcm arm64 /Users/vardy/dev/alanvardy-var-1014-lower-deployment-targets-from-ios-187watchos-265-to-the/DerivedData/SDKExplicitPrecompiledModules/StoreKit-9GKW9WQP66QGN3HQ9TSG9RO23.pcm

SwiftExplicitDependencyGeneratePcm arm64 /Users/vardy/dev/alanvardy-var-1014-lower-deployment-targets-from-ios-187watchos-265-to-the/DerivedData/SDKExplicitPrecompiledModules/Accessibility-5BOAQ20AU3YPTSU9ASMVCXX8J.pcm

SwiftExplicitDependencyGeneratePcm arm64 /Users/vardy/dev/alanvardy-var-1014-lower-deployment-targets-from-ios-187watchos-265-to-the/DerivedData/SDKExplicitPrecompiledModules/Symbols-EE5W91FR73ZLRZBKQZ48NMQ3T.pcm

SwiftExplicitDependencyGeneratePcm arm64 /Users/vardy/dev/alanvardy-var-1014-lower-deployment-targets-from-ios-187watchos-265-to-the/DerivedData/SDKExplicitPrecompiledModules/UniformTypeIdentifiers-EXSGF6VH0X1TIJ6U4IKWPF4HJ.pcm

SwiftExplicitDependencyGeneratePcm arm64 /Users/vardy/dev/alanvardy-var-1014-lower-deployment-targets-from-ios-187watchos-265-to-the/DerivedData/SDKExplicitPrecompiledModules/CoreTransferable-ELATR5KE4GI2UNYSB8PAV1EFD.pcm

SwiftExplicitDependencyGeneratePcm arm64 /Users/vardy/dev/alanvardy-var-1014-lower-deployment-targets-from-ios-187watchos-265-to-the/DerivedData/SDKExplicitPrecompiledModules/_LocationEssentials-D1R7Z0M8R77DJLTVBYZORGQMJ.pcm

SwiftExplicitDependencyGeneratePcm arm64 /Users/vardy/dev/alanvardy-var-1014-lower-deployment-targets-from-ios-187watchos-265-to-the/DerivedData/SDKExplicitPrecompiledModules/AppIntents-40EQP9ABKRIOY8XJGYJ0VWN9K.pcm

SwiftExplicitDependencyGeneratePcm arm64_32 /Users/vardy/dev/alanvardy-var-1014-lower-deployment-targets-from-ios-187watchos-265-to-the/DerivedData/SDKExplicitPrecompiledModules/CoreML-OM72J5C6TT093FKGFQ7NV4ME.pcm

SwiftExplicitDependencyGeneratePcm arm64_32 /Users/vardy/dev/alanvardy-var-1014-lower-deployment-targets-from-ios-187watchos-265-to-the/DerivedData/SDKExplicitPrecompiledModules/CoreData-CP1B553P25X2RQ3WM3G58WRHH.pcm

SwiftExplicitDependencyGeneratePcm arm64_32 /Users/vardy/dev/alanvardy-var-1014-lower-deployment-targets-from-ios-187watchos-265-to-the/DerivedData/SDKExplicitPrecompiledModules/UIUtilities-DJGEOQ7BSRY7O7XPI486KC06D.pcm

SwiftExplicitDependencyGeneratePcm arm64_32 /Users/vardy/dev/alanvardy-var-1014-lower-deployment-targets-from-ios-187watchos-265-to-the/DerivedData/SDKExplicitPrecompiledModules/AppIntents-79F9O3O7RTHBER0I73EE5JFXA.pcm

SwiftExplicitDependencyGeneratePcm arm64_32 /Users/vardy/dev/alanvardy-var-1014-lower-deployment-targets-from-ios-187watchos-265-to-the/DerivedData/SDKExplicitPrecompiledModules/_LocationEssentials-9P4E71FM1CIZZ67HHUSD79B2K.pcm

SwiftExplicitDependencyGeneratePcm arm64_32 /Users/vardy/dev/alanvardy-var-1014-lower-deployment-targets-from-ios-187watchos-265-to-the/DerivedData/SDKExplicitPrecompiledModules/QuartzCore-60YUJ26XZ2MABCOSZUQENIFPT.pcm

SwiftExplicitDependencyGeneratePcm arm64_32 /Users/vardy/dev/alanvardy-var-1014-lower-deployment-targets-from-ios-187watchos-265-to-the/DerivedData/SDKExplicitPrecompiledModules/WatchConnectivity-5W4JWSE21UFLW8MLBAPZTVNUC.pcm

SwiftExplicitDependencyGeneratePcm arm64 /Users/vardy/dev/alanvardy-var-1014-lower-deployment-targets-from-ios-187watchos-265-to-the/DerivedData/SDKExplicitPrecompiledModules/OSLog-F1CYO2ZRXUF8MB1E2JBW1QL1Q.pcm

SwiftExplicitDependencyGeneratePcm arm64 /Users/vardy/dev/alanvardy-var-1014-lower-deployment-targets-from-ios-187watchos-265-to-the/DerivedData/SDKExplicitPrecompiledModules/QuartzCore-CNZ6UF7G6CU5M5MKOG9ZMRO6J.pcm

SwiftExplicitDependencyGeneratePcm arm64_32 /Users/vardy/dev/alanvardy-var-1014-lower-deployment-targets-from-ios-187watchos-265-to-the/DerivedData/SDKExplicitPrecompiledModules/RelevanceKit-69XH5BEB4Z65B4CFLMSLWTO7Q.pcm

SwiftExplicitDependencyGeneratePcm arm64_32 /Users/vardy/dev/alanvardy-var-1014-lower-deployment-targets-from-ios-187watchos-265-to-the/DerivedData/SDKExplicitPrecompiledModules/Symbols-ECY01PR6BHXSKD6VOVED0LRMY.pcm

SwiftExplicitDependencyGeneratePcm arm64 /Users/vardy/dev/alanvardy-var-1014-lower-deployment-targets-from-ios-187watchos-265-to-the/DerivedData/SDKExplicitPrecompiledModules/UserNotifications-1G4P5IEBQV1O79FRWRFURJJAX.pcm

SwiftExplicitDependencyGeneratePcm arm64_32 /Users/vardy/dev/alanvardy-var-1014-lower-deployment-targets-from-ios-187watchos-265-to-the/DerivedData/SDKExplicitPrecompiledModules/LocalAuthentication-8Z8TU0KPNH57GIR6FT1POOANV.pcm

SwiftExplicitDependencyGeneratePcm arm64_32 /Users/vardy/dev/alanvardy-var-1014-lower-deployment-targets-from-ios-187watchos-265-to-the/DerivedData/SDKExplicitPrecompiledModules/AppIntentsTypeSupport-7NR265H3J48GOM4QNR77UVKI7.pcm

SwiftExplicitDependencyGeneratePcm arm64_32 /Users/vardy/dev/alanvardy-var-1014-lower-deployment-targets-from-ios-187watchos-265-to-the/DerivedData/SDKExplicitPrecompiledModules/CoreLocation-6CP7V3O2TG4QG13PMKR36D8TG.pcm

SwiftExplicitDependencyGeneratePcm arm64_32 /Users/vardy/dev/alanvardy-var-1014-lower-deployment-targets-from-ios-187watchos-265-to-the/DerivedData/SDKExplicitPrecompiledModules/DataDetection-5Q0UHTWNXSRP1K3FJ2BDN9G8I.pcm

SwiftExplicitDependencyGeneratePcm arm64 /Users/vardy/dev/alanvardy-var-1014-lower-deployment-targets-from-ios-187watchos-265-to-the/DerivedData/SDKExplicitPrecompiledModules/SwiftUICore-1FQPJ93VABJ24MBF1P4AB8MO5.pcm

SwiftExplicitDependencyGeneratePcm arm64_32 /Users/vardy/dev/alanvardy-var-1014-lower-deployment-targets-from-ios-187watchos-265-to-the/DerivedData/SDKExplicitPrecompiledModules/OSLog-DOP8E0RA97C4LKGS5TLZNYSB0.pcm

SwiftExplicitDependencyGeneratePcm arm64_32 /Users/vardy/dev/alanvardy-var-1014-lower-deployment-targets-from-ios-187watchos-265-to-the/DerivedData/SDKExplicitPrecompiledModules/SceneKit-3U41ALN7PM4U2F2PGHSW76B1Y.pcm

SwiftExplicitDependencyGeneratePcm arm64_32 /Users/vardy/dev/alanvardy-var-1014-lower-deployment-targets-from-ios-187watchos-265-to-the/DerivedData/SDKExplicitPrecompiledModules/StoreKit-3WSOLV5BUI8MFWWDERTV8TH1M.pcm

SwiftExplicitDependencyGeneratePcm arm64_32 /Users/vardy/dev/alanvardy-var-1014-lower-deployment-targets-from-ios-187watchos-265-to-the/DerivedData/SDKExplicitPrecompiledModules/UniformTypeIdentifiers-DSCMXRQBNOCD7FTCNMMY0ORK8.pcm

SwiftExplicitDependencyGeneratePcm arm64 /Users/vardy/dev/alanvardy-var-1014-lower-deployment-targets-from-ios-187watchos-265-to-the/DerivedData/SDKExplicitPrecompiledModules/WatchConnectivity-1BBGB3RFAZHIE59DYXZTRF1RS.pcm

SwiftExplicitDependencyGeneratePcm arm64 /Users/vardy/dev/alanvardy-var-1014-lower-deployment-targets-from-ios-187watchos-265-to-the/DerivedData/SDKExplicitPrecompiledModules/AppIntentsTypeSupport-7TIKUF9HXDP9W4TEJ17700JVE.pcm

SwiftExplicitDependencyGeneratePcm arm64 /Users/vardy/dev/alanvardy-var-1014-lower-deployment-targets-from-ios-187watchos-265-to-the/DerivedData/SDKExplicitPrecompiledModules/CoreData-EEOQ4QNBE9LNK8YPEPNC3628H.pcm

SwiftExplicitDependencyGeneratePcm arm64_32 /Users/vardy/dev/alanvardy-var-1014-lower-deployment-targets-from-ios-187watchos-265-to-the/DerivedData/SDKExplicitPrecompiledModules/CoreTransferable-RRBV8A84SVH8CVNLISPBGEW5.pcm

SwiftExplicitDependencyGeneratePcm arm64_32 /Users/vardy/dev/alanvardy-var-1014-lower-deployment-targets-from-ios-187watchos-265-to-the/DerivedData/SDKExplicitPrecompiledModules/Accessibility-1C298HLUQ6PIY9XR4YA4WFI0O.pcm

SwiftExplicitDependencyGeneratePcm arm64 /Users/vardy/dev/alanvardy-var-1014-lower-deployment-targets-from-ios-187watchos-265-to-the/DerivedData/SDKExplicitPrecompiledModules/CoreLocation-47V71ISOQ0PFS83HE2QLMB09E.pcm

SwiftExplicitDependencyGeneratePcm arm64_32 /Users/vardy/dev/alanvardy-var-1014-lower-deployment-targets-from-ios-187watchos-265-to-the/DerivedData/SDKExplicitPrecompiledModules/EventKit-4AT8QPYJ87P52ZUOBDLFQT4W8.pcm

SwiftExplicitDependencyGeneratePcm arm64_32 /Users/vardy/dev/alanvardy-var-1014-lower-deployment-targets-from-ios-187watchos-265-to-the/DerivedData/SDKExplicitPrecompiledModules/CoreMotion-2MJEUZT1F7FH10XOZ50TRPZT.pcm

SwiftExplicitDependencyGeneratePcm arm64 /Users/vardy/dev/alanvardy-var-1014-lower-deployment-targets-from-ios-187watchos-265-to-the/DerivedData/SDKExplicitPrecompiledModules/Network-68RCU93N6GK67AJ9GXPGW1K1M.pcm

SwiftExplicitDependencyGeneratePcm arm64_32 /Users/vardy/dev/alanvardy-var-1014-lower-deployment-targets-from-ios-187watchos-265-to-the/DerivedData/SDKExplicitPrecompiledModules/UserNotifications-2958YMVLVF1GFJ5QD4D74KJEZ.pcm

SwiftExplicitDependencyGeneratePcm arm64 /Users/vardy/dev/alanvardy-var-1014-lower-deployment-targets-from-ios-187watchos-265-to-the/DerivedData/SDKExplicitPrecompiledModules/LocalAuthentication-8D6DLN4IHCZS09Q8E9F1VA98M.pcm

SwiftExplicitDependencyGeneratePcm arm64_32 /Users/vardy/dev/alanvardy-var-1014-lower-deployment-targets-from-ios-187watchos-265-to-the/DerivedData/SDKExplicitPrecompiledModules/SwiftUICore-50WEK4QDF19J4IDQ1LT7SM6XY.pcm

SwiftExplicitDependencyGeneratePcm arm64_32 /Users/vardy/dev/alanvardy-var-1014-lower-deployment-targets-from-ios-187watchos-265-to-the/DerivedData/SDKExplicitPrecompiledModules/Network-AO096BCX4VND3NEIQZ1OSN6XH.pcm

SwiftExplicitDependencyGeneratePcm arm64 /Users/vardy/dev/alanvardy-var-1014-lower-deployment-targets-from-ios-187watchos-265-to-the/DerivedData/SDKExplicitPrecompiledModules/RelevanceKit-A4YJQFRV5DPU8YWEWW77WAMTR.pcm

SwiftExplicitDependencyGeneratePcm arm64 /Users/vardy/dev/alanvardy-var-1014-lower-deployment-targets-from-ios-187watchos-265-to-the/DerivedData/SDKExplicitPrecompiledModules/EventKit-2J1CHR8ZYA250WF3Y60USYBT3.pcm

SwiftExplicitDependencyGeneratePcm arm64 /Users/vardy/dev/alanvardy-var-1014-lower-deployment-targets-from-ios-187watchos-265-to-the/DerivedData/SDKExplicitPrecompiledModules/CoreMotion-9VN4FSUO5CHIRO397XO8Q0N.pcm

SwiftExplicitDependencyGeneratePcm arm64_32 /Users/vardy/dev/alanvardy-var-1014-lower-deployment-targets-from-ios-187watchos-265-to-the/DerivedData/SDKExplicitPrecompiledModules/UIKit-9WSRIROABQ0EA040I1LEJ86NN.pcm

SwiftExplicitDependencyGeneratePcm arm64 /Users/vardy/dev/alanvardy-var-1014-lower-deployment-targets-from-ios-187watchos-265-to-the/DerivedData/SDKExplicitPrecompiledModules/_SwiftConcurrencyShims-45ACZ1WUQOXFSKK4UT83G2S0.pcm

SwiftExplicitDependencyGeneratePcm arm64 /Users/vardy/dev/alanvardy-var-1014-lower-deployment-targets-from-ios-187watchos-265-to-the/DerivedData/SDKExplicitPrecompiledModules/SwiftShims-BC4NCMUDLFLYYG8I8ZDDJ7X5L.pcm

SwiftExplicitDependencyGeneratePcm arm64 /Users/vardy/dev/alanvardy-var-1014-lower-deployment-targets-from-ios-187watchos-265-to-the/DerivedData/SDKExplicitPrecompiledModules/_Builtin_stddef-46W0ULLGG16MXLXTRDQTX998J.pcm

SwiftExplicitDependencyGeneratePcm arm64 /Users/vardy/dev/alanvardy-var-1014-lower-deployment-targets-from-ios-187watchos-265-to-the/DerivedData/SDKExplicitPrecompiledModules/_Builtin_stdbool-43A00JP1BYQA48484HAEDHLJ7.pcm

SwiftExplicitDependencyGeneratePcm arm64 /Users/vardy/dev/alanvardy-var-1014-lower-deployment-targets-from-ios-187watchos-265-to-the/DerivedData/SDKExplicitPrecompiledModules/_Builtin_stdarg-49PO3U7243WJR4BOTZ7OQHQJ8.pcm

SwiftExplicitDependencyGeneratePcm arm64 /Users/vardy/dev/alanvardy-var-1014-lower-deployment-targets-from-ios-187watchos-265-to-the/DerivedData/SDKExplicitPrecompiledModules/_Builtin_float-4ES84D9DD15QP38VIUSIPBIME.pcm

SwiftExplicitDependencyGeneratePcm arm64 /Users/vardy/dev/alanvardy-var-1014-lower-deployment-targets-from-ios-187watchos-265-to-the/DerivedData/SDKExplicitPrecompiledModules/ptrauth-DGJSLN66LA14SLLTRTH8AQAT9.pcm

SwiftExplicitDependencyGeneratePcm arm64 /Users/vardy/dev/alanvardy-var-1014-lower-deployment-targets-from-ios-187watchos-265-to-the/DerivedData/SDKExplicitPrecompiledModules/ptrcheck-59F4H5UXULITIJ07KFXOIBPB4.pcm

SwiftExplicitDependencyGeneratePcm arm64 /Users/vardy/dev/alanvardy-var-1014-lower-deployment-targets-from-ios-187watchos-265-to-the/DerivedData/SDKExplicitPrecompiledModules/_AvailabilityInternal-5EWQY17GKZIPAZEG7BUG8SYT3.pcm

SwiftExplicitDependencyGeneratePcm arm64 /Users/vardy/dev/alanvardy-var-1014-lower-deployment-targets-from-ios-187watchos-265-to-the/DerivedData/SDKExplicitPrecompiledModules/DeveloperToolsSupport-DGKL8M05KEKUT9VDC8532FE9R.pcm

SwiftExplicitDependencyGeneratePcm arm64 /Users/vardy/dev/alanvardy-var-1014-lower-deployment-targets-from-ios-187watchos-265-to-the/DerivedData/SDKExplicitPrecompiledModules/UIKit-69LLPS7RGNJQ514BE5F7N1W3Z.pcm

SwiftExplicitDependencyGeneratePcm arm64 /Users/vardy/dev/alanvardy-var-1014-lower-deployment-targets-from-ios-187watchos-265-to-the/DerivedData/SDKExplicitPrecompiledModules/_DarwinFoundation1-48POV52W91Z9ZAEC2NKPWQPEU.pcm

SwiftExplicitDependencyGeneratePcm arm64 /Users/vardy/dev/alanvardy-var-1014-lower-deployment-targets-from-ios-187watchos-265-to-the/DerivedData/SDKExplicitPrecompiledModules/ExtensionFoundation-90MZIG0HEXKN31VRH46FDB5ZG.pcm

SwiftExplicitDependencyGeneratePcm arm64 /Users/vardy/dev/alanvardy-var-1014-lower-deployment-targets-from-ios-187watchos-265-to-the/DerivedData/SDKExplicitPrecompiledModules/_Builtin_limits-43DJ0V9BKHHKQURBNRUWIEDWU.pcm

SwiftExplicitDependencyGeneratePcm arm64 /Users/vardy/dev/alanvardy-var-1014-lower-deployment-targets-from-ios-187watchos-265-to-the/DerivedData/SDKExplicitPrecompiledModules/_DarwinFoundation2-2OGBIGK97942UQ8UGSZOY8CUP.pcm

SwiftExplicitDependencyGeneratePcm arm64 /Users/vardy/dev/alanvardy-var-1014-lower-deployment-targets-from-ios-187watchos-265-to-the/DerivedData/SDKExplicitPrecompiledModules/_Builtin_tgmath-8FXQDXT3COSHZA67W9RI62CHL.pcm

SwiftExplicitDependencyGeneratePcm arm64 /Users/vardy/dev/alanvardy-var-1014-lower-deployment-targets-from-ios-187watchos-265-to-the/DerivedData/SDKExplicitPrecompiledModules/sys_types-910VJUA4FP9WGGFKJK4ZJNL5N.pcm

SwiftExplicitDependencyGeneratePcm arm64 /Users/vardy/dev/alanvardy-var-1014-lower-deployment-targets-from-ios-187watchos-265-to-the/DerivedData/SDKExplicitPrecompiledModules/string_h-6V974GJHXO6SRX967XSQWKFUS.pcm

SwiftExplicitDependencyGeneratePcm arm64 /Users/vardy/dev/alanvardy-var-1014-lower-deployment-targets-from-ios-187watchos-265-to-the/DerivedData/SDKExplicitPrecompiledModules/_Builtin_stdint-5BVRE2PPDYJC7HOK00QS0HXDG.pcm

SwiftExplicitDependencyGeneratePcm arm64 /Users/vardy/dev/alanvardy-var-1014-lower-deployment-targets-from-ios-187watchos-265-to-the/DerivedData/SDKExplicitPrecompiledModules/_DarwinFoundation3-324KKL5SQ38RIQX3C3QQRSVIB.pcm

SwiftExplicitDependencyGeneratePcm arm64 /Users/vardy/dev/alanvardy-var-1014-lower-deployment-targets-from-ios-187watchos-265-to-the/DerivedData/SDKExplicitPrecompiledModules/_Builtin_stdatomic-85FZ1VHSE35KQPCHINB6F7URQ.pcm

SwiftExplicitDependencyGeneratePcm arm64 /Users/vardy/dev/alanvardy-var-1014-lower-deployment-targets-from-ios-187watchos-265-to-the/DerivedData/SDKExplicitPrecompiledModules/_Builtin_intrinsics-7SGOEH0MIMOYFIUBDRP1WR6VS.pcm

SwiftExplicitDependencyGeneratePcm arm64 /Users/vardy/dev/alanvardy-var-1014-lower-deployment-targets-from-ios-187watchos-265-to-the/DerivedData/SDKExplicitPrecompiledModules/libDER-F1VHJTXDVMF2Q0TX4YICUOSAD.pcm

SwiftExplicitDependencyGeneratePcm arm64 /Users/vardy/dev/alanvardy-var-1014-lower-deployment-targets-from-ios-187watchos-265-to-the/DerivedData/SDKExplicitPrecompiledModules/_Builtin_inttypes-81Z8YTKPEDXO54DZ4TWPYIUMC.pcm

SwiftExplicitDependencyGeneratePcm arm64 /Users/vardy/dev/alanvardy-var-1014-lower-deployment-targets-from-ios-187watchos-265-to-the/DerivedData/SDKExplicitPrecompiledModules/Darwin-EF2XMWSLVADM08RUD33ZL3449.pcm

SwiftExplicitDependencyGeneratePcm arm64_32 /Users/vardy/dev/alanvardy-var-1014-lower-deployment-targets-from-ios-187watchos-265-to-the/DerivedData/SDKExplicitPrecompiledModules/MapKit-ALGIKUX5THRFOZCKMPXRO7332.pcm

SwiftExplicitDependencyGeneratePcm arm64_32 /Users/vardy/dev/alanvardy-var-1014-lower-deployment-targets-from-ios-187watchos-265-to-the/DerivedData/SDKExplicitPrecompiledModules/HomeKit-5F1ELLYFM9J51ZS2ICSE467VS.pcm

SwiftExplicitDependencyGeneratePcm arm64 /Users/vardy/dev/alanvardy-var-1014-lower-deployment-targets-from-ios-187watchos-265-to-the/DerivedData/SDKExplicitPrecompiledModules/simd-8GLCJQXDW1RHN3939V9VRM2CS.pcm

SwiftExplicitDependencyGeneratePcm arm64 /Users/vardy/dev/alanvardy-var-1014-lower-deployment-targets-from-ios-187watchos-265-to-the/DerivedData/SDKExplicitPrecompiledModules/MapKit-B3PD9I8MMX5SFDWKL07U5FDU0.pcm

SwiftExplicitDependencyGeneratePcm arm64 /Users/vardy/dev/alanvardy-var-1014-lower-deployment-targets-from-ios-187watchos-265-to-the/DerivedData/SDKExplicitPrecompiledModules/HomeKit-CQRUR93LS94YUS2EUTDAL30RW.pcm

SwiftExplicitDependencyGeneratePcm arm64_32 /Users/vardy/dev/alanvardy-var-1014-lower-deployment-targets-from-ios-187watchos-265-to-the/DerivedData/SDKExplicitPrecompiledModules/WatchKit-EVAP2KQT37DHJXB8Z2793TIN0.pcm

SwiftExplicitDependencyGeneratePcm arm64 /Users/vardy/dev/alanvardy-var-1014-lower-deployment-targets-from-ios-187watchos-265-to-the/DerivedData/SDKExplicitPrecompiledModules/WatchKit-7LCR2NCGKCY4G8ACVHDBRGRBZ.pcm

SwiftExplicitDependencyGeneratePcm arm64_32 /Users/vardy/dev/alanvardy-var-1014-lower-deployment-targets-from-ios-187watchos-265-to-the/DerivedData/SDKExplicitPrecompiledModules/SwiftUI-EHQNDZQD6FIZOIPNNX8DMYFVT.pcm

SwiftCompile normal arm64_32 Compiling\ ResumptionGate.swift,\ SkipCountStore.swift,\ SkippedReminderSyncService.swift /Users/vardy/dev/alanvardy-var-1014-lower-deployment-targets-from-ios-187watchos-265-to-the/SingleThreadCore/Sources/SingleThreadCore/ResumptionGate.swift /Users/vardy/dev/alanvardy-var-1014-lower-deployment-targets-from-ios-187watchos-265-to-the/SingleThreadCore/Sources/SingleThreadCore/SkipCountStore.swift /Users/vardy/dev/alanvardy-var-1014-lower-deployment-targets-from-ios-187watchos-265-to-the/SingleThreadCore/Sources/SingleThreadCore/SkippedReminderSyncService.swift (in target 'SingleThreadCore' from project 'SingleThreadCore')

SwiftCompile normal arm64_32 /Users/vardy/dev/alanvardy-var-1014-lower-deployment-targets-from-ios-187watchos-265-to-the/SingleThreadCore/Sources/SingleThreadCore/ResumptionGate.swift (in target 'SingleThreadCore' from project 'SingleThreadCore')
    cd /Users/vardy/dev/alanvardy-var-1014-lower-deployment-targets-from-ios-187watchos-265-to-the/SingleThread.xcodeproj
    builtin-SwiftPerFileCompile ResumptionGate.swift

SwiftCompile normal arm64_32 /Users/vardy/dev/alanvardy-var-1014-lower-deployment-targets-from-ios-187watchos-265-to-the/SingleThreadCore/Sources/SingleThreadCore/SkipCountStore.swift (in target 'SingleThreadCore' from project 'SingleThreadCore')
    cd /Users/vardy/dev/alanvardy-var-1014-lower-deployment-targets-from-ios-187watchos-265-to-the/SingleThread.xcodeproj
    builtin-SwiftPerFileCompile SkipCountStore.swift

SwiftCompile normal arm64_32 /Users/vardy/dev/alanvardy-var-1014-lower-deployment-targets-from-ios-187watchos-265-to-the/SingleThreadCore/Sources/SingleThreadCore/SkippedReminderSyncService.swift (in target 'SingleThreadCore' from project 'SingleThreadCore')
    cd /Users/vardy/dev/alanvardy-var-1014-lower-deployment-targets-from-ios-187watchos-265-to-the/SingleThread.xcodeproj
    builtin-SwiftPerFileCompile SkippedReminderSyncService.swift

/Users/vardy/dev/alanvardy-var-1014-lower-deployment-targets-from-ios-187watchos-265-to-the/SingleThreadCore/Sources/SingleThreadCore/SkippedReminderSyncService.swift:28:40: warning: comparing non-optional value of type 'WCSessionUserInfoTransfer' to 'nil' always returns true
 26 |         @discardableResult
 27 |         public func queueUserInfo(_ userInfo: [String: Any]) -> Bool {
 28 |             transferUserInfo(userInfo) != nil
    |                                        `- warning: comparing non-optional value of type 'WCSessionUserInfoTransfer' to 'nil' always returns true
 29 |         }
 30 |     }
SwiftCompile normal arm64_32 Compiling\ UITestingSeed.swift,\ UndoStore.swift,\ UserNotificationCentering.swift /Users/vardy/dev/alanvardy-var-1014-lower-deployment-targets-from-ios-187watchos-265-to-the/SingleThreadCore/Sources/SingleThreadCore/UITestingSeed.swift /Users/vardy/dev/alanvardy-var-1014-lower-deployment-targets-from-ios-187watchos-265-to-the/SingleThreadCore/Sources/SingleThreadCore/UndoStore.swift /Users/vardy/dev/alanvardy-var-1014-lower-deployment-targets-from-ios-187watchos-265-to-the/SingleThreadCore/Sources/SingleThreadCore/UserNotificationCentering.swift (in target 'SingleThreadCore' from project 'SingleThreadCore')

SwiftCompile normal arm64_32 /Users/vardy/dev/alanvardy-var-1014-lower-deployment-targets-from-ios-187watchos-265-to-the/SingleThreadCore/Sources/SingleThreadCore/UITestingSeed.swift (in target 'SingleThreadCore' from project 'SingleThreadCore')
    cd /Users/vardy/dev/alanvardy-var-1014-lower-deployment-targets-from-ios-187watchos-265-to-the/SingleThread.xcodeproj
    builtin-SwiftPerFileCompile UITestingSeed.swift

SwiftCompile normal arm64_32 /Users/vardy/dev/alanvardy-var-1014-lower-deployment-targets-from-ios-187watchos-265-to-the/SingleThreadCore/Sources/SingleThreadCore/UndoStore.swift (in target 'SingleThreadCore' from project 'SingleThreadCore')
    cd /Users/vardy/dev/alanvardy-var-1014-lower-deployment-targets-from-ios-187watchos-265-to-the/SingleThread.xcodeproj
    builtin-SwiftPerFileCompile UndoStore.swift

SwiftCompile normal arm64_32 /Users/vardy/dev/alanvardy-var-1014-lower-deployment-targets-from-ios-187watchos-265-to-the/SingleThreadCore/Sources/SingleThreadCore/UserNotificationCentering.swift (in target 'SingleThreadCore' from project 'SingleThreadCore')
    cd /Users/vardy/dev/alanvardy-var-1014-lower-deployment-targets-from-ios-187watchos-265-to-the/SingleThread.xcodeproj
    builtin-SwiftPerFileCompile UserNotificationCentering.swift

SwiftCompile normal arm64_32 Compiling\ SortOption.swift,\ StaleReminderRechecker.swift,\ TranscriptionAccumulator.swift /Users/vardy/dev/alanvardy-var-1014-lower-deployment-targets-from-ios-187watchos-265-to-the/SingleThreadCore/Sources/SingleThreadCore/SortOption.swift /Users/vardy/dev/alanvardy-var-1014-lower-deployment-targets-from-ios-187watchos-265-to-the/SingleThreadCore/Sources/SingleThreadCore/StaleReminderRechecker.swift /Users/vardy/dev/alanvardy-var-1014-lower-deployment-targets-from-ios-187watchos-265-to-the/SingleThreadCore/Sources/SingleThreadCore/TranscriptionAccumulator.swift (in target 'SingleThreadCore' from project 'SingleThreadCore')

SwiftCompile normal arm64_32 /Users/vardy/dev/alanvardy-var-1014-lower-deployment-targets-from-ios-187watchos-265-to-the/SingleThreadCore/Sources/SingleThreadCore/SortOption.swift (in target 'SingleThreadCore' from project 'SingleThreadCore')
    cd /Users/vardy/dev/alanvardy-var-1014-lower-deployment-targets-from-ios-187watchos-265-to-the/SingleThread.xcodeproj
    builtin-SwiftPerFileCompile SortOption.swift

SwiftCompile normal arm64_32 /Users/vardy/dev/alanvardy-var-1014-lower-deployment-targets-from-ios-187watchos-265-to-the/SingleThreadCore/Sources/SingleThreadCore/StaleReminderRechecker.swift (in target 'SingleThreadCore' from project 'SingleThreadCore')
    cd /Users/vardy/dev/alanvardy-var-1014-lower-deployment-targets-from-ios-187watchos-265-to-the/SingleThread.xcodeproj
    builtin-SwiftPerFileCompile StaleReminderRechecker.swift

SwiftCompile normal arm64_32 /Users/vardy/dev/alanvardy-var-1014-lower-deployment-targets-from-ios-187watchos-265-to-the/SingleThreadCore/Sources/SingleThreadCore/TranscriptionAccumulator.swift (in target 'SingleThreadCore' from project 'SingleThreadCore')
    cd /Users/vardy/dev/alanvardy-var-1014-lower-deployment-targets-from-ios-187watchos-265-to-the/SingleThread.xcodeproj
    builtin-SwiftPerFileCompile TranscriptionAccumulator.swift

SwiftCompile normal arm64_32 Compiling\ MinimumDisplayDuration.swift,\ NotificationPreference.swift,\ NotificationScheduler.swift,\ OrientationPreference.swift /Users/vardy/dev/alanvardy-var-1014-lower-deployment-targets-from-ios-187watchos-265-to-the/SingleThreadCore/Sources/SingleThreadCore/MinimumDisplayDuration.swift /Users/vardy/dev/alanvardy-var-1014-lower-deployment-targets-from-ios-187watchos-265-to-the/SingleThreadCore/Sources/SingleThreadCore/NotificationPreference.swift /Users/vardy/dev/alanvardy-var-1014-lower-deployment-targets-from-ios-187watchos-265-to-the/SingleThreadCore/Sources/SingleThreadCore/NotificationScheduler.swift /Users/vardy/dev/alanvardy-var-1014-lower-deployment-targets-from-ios-187watchos-265-to-the/SingleThreadCore/Sources/SingleThreadCore/OrientationPreference.swift (in target 'SingleThreadCore' from project 'SingleThreadCore')

SwiftCompile normal arm64_32 /Users/vardy/dev/alanvardy-var-1014-lower-deployment-targets-from-ios-187watchos-265-to-the/SingleThreadCore/Sources/SingleThreadCore/MinimumDisplayDuration.swift (in target 'SingleThreadCore' from project 'SingleThreadCore')
    cd /Users/vardy/dev/alanvardy-var-1014-lower-deployment-targets-from-ios-187watchos-265-to-the/SingleThread.xcodeproj
    builtin-SwiftPerFileCompile MinimumDisplayDuration.swift

SwiftCompile normal arm64_32 /Users/vardy/dev/alanvardy-var-1014-lower-deployment-targets-from-ios-187watchos-265-to-the/SingleThreadCore/Sources/SingleThreadCore/NotificationPreference.swift (in target 'SingleThreadCore' from project 'SingleThreadCore')
    cd /Users/vardy/dev/alanvardy-var-1014-lower-deployment-targets-from-ios-187watchos-265-to-the/SingleThread.xcodeproj
    builtin-SwiftPerFileCompile NotificationPreference.swift

SwiftCompile normal arm64_32 /Users/vardy/dev/alanvardy-var-1014-lower-deployment-targets-from-ios-187watchos-265-to-the/SingleThreadCore/Sources/SingleThreadCore/NotificationScheduler.swift (in target 'SingleThreadCore' from project 'SingleThreadCore')
    cd /Users/vardy/dev/alanvardy-var-1014-lower-deployment-targets-from-ios-187watchos-265-to-the/SingleThread.xcodeproj
    builtin-SwiftPerFileCompile NotificationScheduler.swift

SwiftCompile normal arm64_32 /Users/vardy/dev/alanvardy-var-1014-lower-deployment-targets-from-ios-187watchos-265-to-the/SingleThreadCore/Sources/SingleThreadCore/OrientationPreference.swift (in target 'SingleThreadCore' from project 'SingleThreadCore')
    cd /Users/vardy/dev/alanvardy-var-1014-lower-deployment-targets-from-ios-187watchos-265-to-the/SingleThread.xcodeproj
    builtin-SwiftPerFileCompile OrientationPreference.swift

SwiftCompile normal arm64_32 Compiling\ ExcludedListStore.swift,\ InMemoryEventStore.swift,\ ListContent.swift,\ LocalizedString+Shared.swift /Users/vardy/dev/alanvardy-var-1014-lower-deployment-targets-from-ios-187watchos-265-to-the/SingleThreadCore/Sources/SingleThreadCore/ExcludedListStore.swift /Users/vardy/dev/alanvardy-var-1014-lower-deployment-targets-from-ios-187watchos-265-to-the/SingleThreadCore/Sources/SingleThreadCore/InMemoryEventStore.swift /Users/vardy/dev/alanvardy-var-1014-lower-deployment-targets-from-ios-187watchos-265-to-the/SingleThreadCore/Sources/SingleThreadCore/ListContent.swift /Users/vardy/dev/alanvardy-var-1014-lower-deployment-targets-from-ios-187watchos-265-to-the/SingleThreadCore/Sources/SingleThreadCore/LocalizedString+Shared.swift (in target 'SingleThreadCore' from project 'SingleThreadCore')

SwiftCompile normal arm64_32 /Users/vardy/dev/alanvardy-var-1014-lower-deployment-targets-from-ios-187watchos-265-to-the/SingleThreadCore/Sources/SingleThreadCore/ExcludedListStore.swift (in target 'SingleThreadCore' from project 'SingleThreadCore')
    cd /Users/vardy/dev/alanvardy-var-1014-lower-deployment-targets-from-ios-187watchos-265-to-the/SingleThread.xcodeproj
    builtin-SwiftPerFileCompile ExcludedListStore.swift

SwiftCompile normal arm64_32 /Users/vardy/dev/alanvardy-var-1014-lower-deployment-targets-from-ios-187watchos-265-to-the/SingleThreadCore/Sources/SingleThreadCore/InMemoryEventStore.swift (in target 'SingleThreadCore' from project 'SingleThreadCore')
    cd /Users/vardy/dev/alanvardy-var-1014-lower-deployment-targets-from-ios-187watchos-265-to-the/SingleThread.xcodeproj
    builtin-SwiftPerFileCompile InMemoryEventStore.swift

SwiftCompile normal arm64_32 /Users/vardy/dev/alanvardy-var-1014-lower-deployment-targets-from-ios-187watchos-265-to-the/SingleThreadCore/Sources/SingleThreadCore/ListContent.swift (in target 'SingleThreadCore' from project 'SingleThreadCore')
    cd /Users/vardy/dev/alanvardy-var-1014-lower-deployment-targets-from-ios-187watchos-265-to-the/SingleThread.xcodeproj
    builtin-SwiftPerFileCompile ListContent.swift

SwiftCompile normal arm64_32 /Users/vardy/dev/alanvardy-var-1014-lower-deployment-targets-from-ios-187watchos-265-to-the/SingleThreadCore/Sources/SingleThreadCore/LocalizedString+Shared.swift (in target 'SingleThreadCore' from project 'SingleThreadCore')
    cd /Users/vardy/dev/alanvardy-var-1014-lower-deployment-targets-from-ios-187watchos-265-to-the/SingleThread.xcodeproj
    builtin-SwiftPerFileCompile LocalizedString+Shared.swift

SwiftCompile normal arm64_32 Compiling\ EntitlementState.swift,\ EntitlementStore.swift,\ EventKitStoring.swift,\ EventStoreChangedObserver.swift /Users/vardy/dev/alanvardy-var-1014-lower-deployment-targets-from-ios-187watchos-265-to-the/SingleThreadCore/Sources/SingleThreadCore/EntitlementState.swift /Users/vardy/dev/alanvardy-var-1014-lower-deployment-targets-from-ios-187watchos-265-to-the/SingleThreadCore/Sources/SingleThreadCore/EntitlementStore.swift /Users/vardy/dev/alanvardy-var-1014-lower-deployment-targets-from-ios-187watchos-265-to-the/SingleThreadCore/Sources/SingleThreadCore/EventKitStoring.swift /Users/vardy/dev/alanvardy-var-1014-lower-deployment-targets-from-ios-187watchos-265-to-the/SingleThreadCore/Sources/SingleThreadCore/EventStoreChangedObserver.swift (in target 'SingleThreadCore' from project 'SingleThreadCore')

SwiftCompile normal arm64_32 /Users/vardy/dev/alanvardy-var-1014-lower-deployment-targets-from-ios-187watchos-265-to-the/SingleThreadCore/Sources/SingleThreadCore/EntitlementState.swift (in target 'SingleThreadCore' from project 'SingleThreadCore')
    cd /Users/vardy/dev/alanvardy-var-1014-lower-deployment-targets-from-ios-187watchos-265-to-the/SingleThread.xcodeproj
    builtin-SwiftPerFileCompile EntitlementState.swift

SwiftCompile normal arm64_32 /Users/vardy/dev/alanvardy-var-1014-lower-deployment-targets-from-ios-187watchos-265-to-the/SingleThreadCore/Sources/SingleThreadCore/EntitlementStore.swift (in target 'SingleThreadCore' from project 'SingleThreadCore')
    cd /Users/vardy/dev/alanvardy-var-1014-lower-deployment-targets-from-ios-187watchos-265-to-the/SingleThread.xcodeproj
    builtin-SwiftPerFileCompile EntitlementStore.swift

SwiftCompile normal arm64_32 /Users/vardy/dev/alanvardy-var-1014-lower-deployment-targets-from-ios-187watchos-265-to-the/SingleThreadCore/Sources/SingleThreadCore/EventKitStoring.swift (in target 'SingleThreadCore' from project 'SingleThreadCore')
    cd /Users/vardy/dev/alanvardy-var-1014-lower-deployment-targets-from-ios-187watchos-265-to-the/SingleThread.xcodeproj
    builtin-SwiftPerFileCompile EventKitStoring.swift

SwiftCompile normal arm64_32 /Users/vardy/dev/alanvardy-var-1014-lower-deployment-targets-from-ios-187watchos-265-to-the/SingleThreadCore/Sources/SingleThreadCore/EventStoreChangedObserver.swift (in target 'SingleThreadCore' from project 'SingleThreadCore')
    cd /Users/vardy/dev/alanvardy-var-1014-lower-deployment-targets-from-ios-187watchos-265-to-the/SingleThread.xcodeproj
    builtin-SwiftPerFileCompile EventStoreChangedObserver.swift

/Users/vardy/dev/alanvardy-var-1014-lower-deployment-targets-from-ios-187watchos-265-to-the/SingleThreadCore/Sources/SingleThreadCore/EntitlementStore.swift:91:13: warning: 'nonisolated(unsafe)' has no effect on property 'observationTask', consider using 'nonisolated'
 89 |     /// task; the task captures `self` weakly and is only read/written on the
 90 |     /// main actor in normal operation.
 91 |     private nonisolated(unsafe) var observationTask: Task<Void, Never>?
    |             `- warning: 'nonisolated(unsafe)' has no effect on property 'observationTask', consider using 'nonisolated'
 92 | 
 93 |     private func observeTransactionUpdates() async {
SwiftCompile normal arm64_32 Compiling\ PendingCompletionLogic.swift,\ PendingCompletionStore.swift,\ PreferenceHolder.swift,\ ReminderDateFilter.swift /Users/vardy/dev/alanvardy-var-1014-lower-deployment-targets-from-ios-187watchos-265-to-the/SingleThreadCore/Sources/SingleThreadCore/PendingCompletionLogic.swift /Users/vardy/dev/alanvardy-var-1014-lower-deployment-targets-from-ios-187watchos-265-to-the/SingleThreadCore/Sources/SingleThreadCore/PendingCompletionStore.swift /Users/vardy/dev/alanvardy-var-1014-lower-deployment-targets-from-ios-187watchos-265-to-the/SingleThreadCore/Sources/SingleThreadCore/PreferenceHolder.swift /Users/vardy/dev/alanvardy-var-1014-lower-deployment-targets-from-ios-187watchos-265-to-the/SingleThreadCore/Sources/SingleThreadCore/ReminderDateFilter.swift (in target 'SingleThreadCore' from project 'SingleThreadCore')

SwiftCompile normal arm64_32 /Users/vardy/dev/alanvardy-var-1014-lower-deployment-targets-from-ios-187watchos-265-to-the/SingleThreadCore/Sources/SingleThreadCore/PendingCompletionLogic.swift (in target 'SingleThreadCore' from project 'SingleThreadCore')
    cd /Users/vardy/dev/alanvardy-var-1014-lower-deployment-targets-from-ios-187watchos-265-to-the/SingleThread.xcodeproj
    builtin-SwiftPerFileCompile PendingCompletionLogic.swift

SwiftCompile normal arm64_32 /Users/vardy/dev/alanvardy-var-1014-lower-deployment-targets-from-ios-187watchos-265-to-the/SingleThreadCore/Sources/SingleThreadCore/PendingCompletionStore.swift (in target 'SingleThreadCore' from project 'SingleThreadCore')
    cd /Users/vardy/dev/alanvardy-var-1014-lower-deployment-targets-from-ios-187watchos-265-to-the/SingleThread.xcodeproj
    builtin-SwiftPerFileCompile PendingCompletionStore.swift

SwiftCompile normal arm64_32 /Users/vardy/dev/alanvardy-var-1014-lower-deployment-targets-from-ios-187watchos-265-to-the/SingleThreadCore/Sources/SingleThreadCore/PreferenceHolder.swift (in target 'SingleThreadCore' from project 'SingleThreadCore')
    cd /Users/vardy/dev/alanvardy-var-1014-lower-deployment-targets-from-ios-187watchos-265-to-the/SingleThread.xcodeproj
    builtin-SwiftPerFileCompile PreferenceHolder.swift

SwiftCompile normal arm64_32 /Users/vardy/dev/alanvardy-var-1014-lower-deployment-targets-from-ios-187watchos-265-to-the/SingleThreadCore/Sources/SingleThreadCore/ReminderDateFilter.swift (in target 'SingleThreadCore' from project 'SingleThreadCore')
    cd /Users/vardy/dev/alanvardy-var-1014-lower-deployment-targets-from-ios-187watchos-265-to-the/SingleThread.xcodeproj
    builtin-SwiftPerFileCompile ReminderDateFilter.swift

SwiftCompile normal arm64_32 Compiling\ ReminderDeepLink.swift,\ ReminderDictationParser.swift,\ ReminderDisplay.swift,\ ReminderIntents.swift /Users/vardy/dev/alanvardy-var-1014-lower-deployment-targets-from-ios-187watchos-265-to-the/SingleThreadCore/Sources/SingleThreadCore/ReminderDeepLink.swift /Users/vardy/dev/alanvardy-var-1014-lower-deployment-targets-from-ios-187watchos-265-to-the/SingleThreadCore/Sources/SingleThreadCore/ReminderDictationParser.swift /Users/vardy/dev/alanvardy-var-1014-lower-deployment-targets-from-ios-187watchos-265-to-the/SingleThreadCore/Sources/SingleThreadCore/ReminderDisplay.swift /Users/vardy/dev/alanvardy-var-1014-lower-deployment-targets-from-ios-187watchos-265-to-the/SingleThreadCore/Sources/SingleThreadCore/ReminderIntents.swift (in target 'SingleThreadCore' from project 'SingleThreadCore')

SwiftCompile normal arm64_32 /Users/vardy/dev/alanvardy-var-1014-lower-deployment-targets-from-ios-187watchos-265-to-the/SingleThreadCore/Sources/SingleThreadCore/ReminderDeepLink.swift (in target 'SingleThreadCore' from project 'SingleThreadCore')
    cd /Users/vardy/dev/alanvardy-var-1014-lower-deployment-targets-from-ios-187watchos-265-to-the/SingleThread.xcodeproj
    builtin-SwiftPerFileCompile ReminderDeepLink.swift

SwiftCompile normal arm64_32 /Users/vardy/dev/alanvardy-var-1014-lower-deployment-targets-from-ios-187watchos-265-to-the/SingleThreadCore/Sources/SingleThreadCore/ReminderDictationParser.swift (in target 'SingleThreadCore' from project 'SingleThreadCore')
    cd /Users/vardy/dev/alanvardy-var-1014-lower-deployment-targets-from-ios-187watchos-265-to-the/SingleThread.xcodeproj
    builtin-SwiftPerFileCompile ReminderDictationParser.swift

SwiftCompile normal arm64_32 /Users/vardy/dev/alanvardy-var-1014-lower-deployment-targets-from-ios-187watchos-265-to-the/SingleThreadCore/Sources/SingleThreadCore/ReminderDisplay.swift (in target 'SingleThreadCore' from project 'SingleThreadCore')
    cd /Users/vardy/dev/alanvardy-var-1014-lower-deployment-targets-from-ios-187watchos-265-to-the/SingleThread.xcodeproj
    builtin-SwiftPerFileCompile ReminderDisplay.swift

SwiftCompile normal arm64_32 /Users/vardy/dev/alanvardy-var-1014-lower-deployment-targets-from-ios-187watchos-265-to-the/SingleThreadCore/Sources/SingleThreadCore/ReminderIntents.swift (in target 'SingleThreadCore' from project 'SingleThreadCore')
    cd /Users/vardy/dev/alanvardy-var-1014-lower-deployment-targets-from-ios-187watchos-265-to-the/SingleThread.xcodeproj
    builtin-SwiftPerFileCompile ReminderIntents.swift

SwiftEmitModule normal arm64_32 Emitting\ module\ for\ SingleThreadCore (in target 'SingleThreadCore' from project 'SingleThreadCore')
/Users/vardy/dev/alanvardy-var-1014-lower-deployment-targets-from-ios-187watchos-265-to-the/SingleThreadCore/Sources/SingleThreadCore/EntitlementStore.swift:91:13: warning: 'nonisolated(unsafe)' has no effect on property 'observationTask', consider using 'nonisolated'
 89 |     /// task; the task captures `self` weakly and is only read/written on the
 90 |     /// main actor in normal operation.
 91 |     private nonisolated(unsafe) var observationTask: Task<Void, Never>?
    |             `- warning: 'nonisolated(unsafe)' has no effect on property 'observationTask', consider using 'nonisolated'
 92 | 
 93 |     private func observeTransactionUpdates() async {

SwiftCompile normal arm64_32 (in target 'SingleThreadCore' from project 'SingleThreadCore')
    cd /Users/vardy/dev/alanvardy-var-1014-lower-deployment-targets-from-ios-187watchos-265-to-the/SingleThread.xcodeproj
    

SwiftCompile normal arm64_32 Compiling\ CompletionCounterStore.swift,\ CompletionGlow.swift,\ CompletionMomentumOverlay.swift,\ DailyCompletionStore.swift /Users/vardy/dev/alanvardy-var-1014-lower-deployment-targets-from-ios-187watchos-265-to-the/SingleThreadCore/Sources/SingleThreadCore/CompletionCounterStore.swift /Users/vardy/dev/alanvardy-var-1014-lower-deployment-targets-from-ios-187watchos-265-to-the/SingleThreadCore/Sources/SingleThreadCore/CompletionGlow.swift /Users/vardy/dev/alanvardy-var-1014-lower-deployment-targets-from-ios-187watchos-265-to-the/SingleThreadCore/Sources/SingleThreadCore/CompletionMomentumOverlay.swift /Users/vardy/dev/alanvardy-var-1014-lower-deployment-targets-from-ios-187watchos-265-to-the/SingleThreadCore/Sources/SingleThreadCore/DailyCompletionStore.swift (in target 'SingleThreadCore' from project 'SingleThreadCore')

SwiftCompile normal arm64_32 /Users/vardy/dev/alanvardy-var-1014-lower-deployment-targets-from-ios-187watchos-265-to-the/SingleThreadCore/Sources/SingleThreadCore/CompletionCounterStore.swift (in target 'SingleThreadCore' from project 'SingleThreadCore')
    cd /Users/vardy/dev/alanvardy-var-1014-lower-deployment-targets-from-ios-187watchos-265-to-the/SingleThread.xcodeproj
    builtin-SwiftPerFileCompile CompletionCounterStore.swift

SwiftCompile normal arm64_32 /Users/vardy/dev/alanvardy-var-1014-lower-deployment-targets-from-ios-187watchos-265-to-the/SingleThreadCore/Sources/SingleThreadCore/CompletionGlow.swift (in target 'SingleThreadCore' from project 'SingleThreadCore')
    cd /Users/vardy/dev/alanvardy-var-1014-lower-deployment-targets-from-ios-187watchos-265-to-the/SingleThread.xcodeproj
    builtin-SwiftPerFileCompile CompletionGlow.swift

SwiftCompile normal arm64_32 /Users/vardy/dev/alanvardy-var-1014-lower-deployment-targets-from-ios-187watchos-265-to-the/SingleThreadCore/Sources/SingleThreadCore/CompletionMomentumOverlay.swift (in target 'SingleThreadCore' from project 'SingleThreadCore')
    cd /Users/vardy/dev/alanvardy-var-1014-lower-deployment-targets-from-ios-187watchos-265-to-the/SingleThread.xcodeproj
    builtin-SwiftPerFileCompile CompletionMomentumOverlay.swift

SwiftCompile normal arm64_32 /Users/vardy/dev/alanvardy-var-1014-lower-deployment-targets-from-ios-187watchos-265-to-the/SingleThreadCore/Sources/SingleThreadCore/DailyCompletionStore.swift (in target 'SingleThreadCore' from project 'SingleThreadCore')
    cd /Users/vardy/dev/alanvardy-var-1014-lower-deployment-targets-from-ios-187watchos-265-to-the/SingleThread.xcodeproj
    builtin-SwiftPerFileCompile DailyCompletionStore.swift

SwiftExplicitDependencyGeneratePcm arm64 /Users/vardy/dev/alanvardy-var-1014-lower-deployment-targets-from-ios-187watchos-265-to-the/DerivedData/SDKExplicitPrecompiledModules/MachO-3C9Z9086VAAGVI1KAM97GQP8I.pcm

SwiftExplicitDependencyGeneratePcm arm64 /Users/vardy/dev/alanvardy-var-1014-lower-deployment-targets-from-ios-187watchos-265-to-the/DerivedData/SDKExplicitPrecompiledModules/SwiftUI-BSD168UXVRCNGK08HX297CKMW.pcm

SwiftExplicitDependencyGeneratePcm arm64 /Users/vardy/dev/alanvardy-var-1014-lower-deployment-targets-from-ios-187watchos-265-to-the/DerivedData/SDKExplicitPrecompiledModules/launch-1NXOCPCNFAYI1FTDS8WUAIUU1.pcm

SwiftEmitModule normal arm64 Emitting\ module\ for\ SingleThreadCore (in target 'SingleThreadCore' from project 'SingleThreadCore')
/Users/vardy/dev/alanvardy-var-1014-lower-deployment-targets-from-ios-187watchos-265-to-the/SingleThreadCore/Sources/SingleThreadCore/EntitlementStore.swift:91:13: warning: 'nonisolated(unsafe)' has no effect on property 'observationTask', consider using 'nonisolated'
 89 |     /// task; the task captures `self` weakly and is only read/written on the
 90 |     /// main actor in normal operation.
 91 |     private nonisolated(unsafe) var observationTask: Task<Void, Never>?
    |             `- warning: 'nonisolated(unsafe)' has no effect on property 'observationTask', consider using 'nonisolated'
 92 | 
 93 |     private func observeTransactionUpdates() async {

SwiftCompile normal arm64 (in target 'SingleThreadCore' from project 'SingleThreadCore')
    cd /Users/vardy/dev/alanvardy-var-1014-lower-deployment-targets-from-ios-187watchos-265-to-the/SingleThread.xcodeproj
    

SwiftExplicitDependencyGeneratePcm arm64 /Users/vardy/dev/alanvardy-var-1014-lower-deployment-targets-from-ios-187watchos-265-to-the/DerivedData/SDKExplicitPrecompiledModules/Spatial-EWVGLP201APLL45T4TH6ZEZ6O.pcm

SwiftExplicitDependencyGeneratePcm arm64 /Users/vardy/dev/alanvardy-var-1014-lower-deployment-targets-from-ios-187watchos-265-to-the/DerivedData/SDKExplicitPrecompiledModules/libkern-6Z7JW9BUO3FUXRDF3MONV4WW4.pcm

SwiftExplicitDependencyGeneratePcm arm64 /Users/vardy/dev/alanvardy-var-1014-lower-deployment-targets-from-ios-187watchos-265-to-the/DerivedData/SDKExplicitPrecompiledModules/ObjectiveC-76ONNYN0T26PCJXPWZDM275PO.pcm

SwiftExplicitDependencyGeneratePcm arm64 /Users/vardy/dev/alanvardy-var-1014-lower-deployment-targets-from-ios-187watchos-265-to-the/DerivedData/SDKExplicitPrecompiledModules/CUPS-BW9E71PKHPKV2HFBVEBBH96A3.pcm

SwiftExplicitDependencyGeneratePcm arm64 /Users/vardy/dev/alanvardy-var-1014-lower-deployment-targets-from-ios-187watchos-265-to-the/DerivedData/SDKExplicitPrecompiledModules/os_object-AZEUYA79KPR70OQ5E3VVXNW5H.pcm

SwiftCompile normal arm64 Compiling\ AppearanceModePreference.swift,\ BoolPreferenceKey.swift,\ BoolPreferenceStore.swift,\ CodeSpanFormatter.swift /Users/vardy/dev/alanvardy-var-1014-lower-deployment-targets-from-ios-187watchos-265-to-the/SingleThreadCore/Sources/SingleThreadCore/AppearanceModePreference.swift /Users/vardy/dev/alanvardy-var-1014-lower-deployment-targets-from-ios-187watchos-265-to-the/SingleThreadCore/Sources/SingleThreadCore/BoolPreferenceKey.swift /Users/vardy/dev/alanvardy-var-1014-lower-deployment-targets-from-ios-187watchos-265-to-the/SingleThreadCore/Sources/SingleThreadCore/BoolPreferenceStore.swift /Users/vardy/dev/alanvardy-var-1014-lower-deployment-targets-from-ios-187watchos-265-to-the/SingleThreadCore/Sources/SingleThreadCore/CodeSpanFormatter.swift (in target 'SingleThreadCore' from project 'SingleThreadCore')

SwiftCompile normal arm64 /Users/vardy/dev/alanvardy-var-1014-lower-deployment-targets-from-ios-187watchos-265-to-the/SingleThreadCore/Sources/SingleThreadCore/AppearanceModePreference.swift (in target 'SingleThreadCore' from project 'SingleThreadCore')
    cd /Users/vardy/dev/alanvardy-var-1014-lower-deployment-targets-from-ios-187watchos-265-to-the/SingleThread.xcodeproj
    builtin-SwiftPerFileCompile AppearanceModePreference.swift

SwiftCompile normal arm64 /Users/vardy/dev/alanvardy-var-1014-lower-deployment-targets-from-ios-187watchos-265-to-the/SingleThreadCore/Sources/SingleThreadCore/BoolPreferenceKey.swift (in target 'SingleThreadCore' from project 'SingleThreadCore')
    cd /Users/vardy/dev/alanvardy-var-1014-lower-deployment-targets-from-ios-187watchos-265-to-the/SingleThread.xcodeproj
    builtin-SwiftPerFileCompile BoolPreferenceKey.swift

SwiftCompile normal arm64 /Users/vardy/dev/alanvardy-var-1014-lower-deployment-targets-from-ios-187watchos-265-to-the/SingleThreadCore/Sources/SingleThreadCore/BoolPreferenceStore.swift (in target 'SingleThreadCore' from project 'SingleThreadCore')
    cd /Users/vardy/dev/alanvardy-var-1014-lower-deployment-targets-from-ios-187watchos-265-to-the/SingleThread.xcodeproj
    builtin-SwiftPerFileCompile BoolPreferenceStore.swift

SwiftCompile normal arm64 /Users/vardy/dev/alanvardy-var-1014-lower-deployment-targets-from-ios-187watchos-265-to-the/SingleThreadCore/Sources/SingleThreadCore/CodeSpanFormatter.swift (in target 'SingleThreadCore' from project 'SingleThreadCore')
    cd /Users/vardy/dev/alanvardy-var-1014-lower-deployment-targets-from-ios-187watchos-265-to-the/SingleThread.xcodeproj
    builtin-SwiftPerFileCompile CodeSpanFormatter.swift

SwiftExplicitDependencyGeneratePcm arm64 /Users/vardy/dev/alanvardy-var-1014-lower-deployment-targets-from-ios-187watchos-265-to-the/DerivedData/SDKExplicitPrecompiledModules/os_workgroup-7T3G2J753LCN59XUJ3JC7HSDM.pcm

SwiftDriverJobDiscovery normal arm64_32 Emitting module for SingleThreadCore (in target 'SingleThreadCore' from project 'SingleThreadCore')

SwiftDriver\ Compilation\ Requirements SingleThreadCore normal arm64_32 com.apple.xcode.tools.swift.compiler (in target 'SingleThreadCore' from project 'SingleThreadCore')
    cd /Users/vardy/dev/alanvardy-var-1014-lower-deployment-targets-from-ios-187watchos-265-to-the/SingleThread.xcodeproj
    builtin-Swift-Compilation-Requirements -- /Applications/Xcode.app/Contents/Developer/Toolchains/XcodeDefault.xctoolchain/usr/bin/swiftc -parse-as-library -module-name SingleThreadCore -Onone @/Users/vardy/dev/alanvardy-var-1014-lower-deployment-targets-from-ios-187watchos-265-to-the/DerivedData/Build/Intermediates.noindex/SingleThreadCore.build/Debug-watchos/SingleThreadCore-t.build/Objects-normal/arm64_32/SingleThreadCore.SwiftFileList -DSWIFT_PACKAGE -DDEBUG -DSWIFT_MODULE_RESOURCE_BUNDLE_AVAILABLE -DXcode -plugin-path /Applications/Xcode.app/Contents/Developer/Toolchains/XcodeDefault.xctoolchain/usr/lib/swift/host/plugins/testing -enable-experimental-feature DebugDescriptionMacro -sdk /Applications/Xcode.app/Contents/Developer/Platforms/WatchOS.platform/Developer/SDKs/WatchOS27.0.sdk -target arm64_32-apple-watchos11.0 -g -module-cache-path /Users/vardy/dev/alanvardy-var-1014-lower-deployment-targets-from-ios-187watchos-265-to-the/DerivedData/ModuleCache.noindex -Xfrontend -serialize-debugging-options -profile-coverage-mapping -profile-generate -enable-testing -index-store-path /Users/vardy/dev/alanvardy-var-1014-lower-deployment-targets-from-ios-187watchos-265-to-the/DerivedData/Index.noindex/DataStore -Xcc -D_LIBCPP_HARDENING_MODE\=_LIBCPP_HARDENING_MODE_DEBUG -swift-version 6 -I /Users/vardy/dev/alanvardy-var-1014-lower-deployment-targets-from-ios-187watchos-265-to-the/DerivedData/Build/Products/Debug-watchos -Isystem /Applications/Xcode.app/Contents/Developer/Platforms/WatchOS.platform/Developer/usr/lib -F /Users/vardy/dev/alanvardy-var-1014-lower-deployment-targets-from-ios-187watchos-265-to-the/DerivedData/Build/Products/Debug-watchos -F /Applications/Xcode.app/Contents/Developer/Platforms/WatchOS.platform/Developer/Library/Frameworks -F /Applications/Xcode.app/Contents/Developer/Platforms/WatchOS.platform/Developer/SDKs/WatchOS27.0.sdk/Developer/Library/Frameworks -c -j12 -enable-batch-mode -incremental -Xcc -ivfsstatcache -Xcc /Users/vardy/dev/alanvardy-var-1014-lower-deployment-targets-from-ios-187watchos-265-to-the/DerivedData/SDKStatCaches.noindex/watchos27.0-24R360-84ee5e44e35145daf7706869e872e73f.sdkstatcache -output-file-map /Users/vardy/dev/alanvardy-var-1014-lower-deployment-targets-from-ios-187watchos-265-to-the/DerivedData/Build/Intermediates.noindex/SingleThreadCore.build/Debug-watchos/SingleThreadCore-t.build/Objects-normal/arm64_32/SingleThreadCore-OutputFileMap.json -save-temps -no-color-diagnostics -explicit-module-build -module-cache-path /Users/vardy/dev/alanvardy-var-1014-lower-deployment-targets-from-ios-187watchos-265-to-the/DerivedData/Build/Intermediates.noindex/SwiftExplicitPrecompiledModules -clang-scanner-module-cache-path /Users/vardy/dev/alanvardy-var-1014-lower-deployment-targets-from-ios-187watchos-265-to-the/DerivedData/ModuleCache.noindex -sdk-module-cache-path /Users/vardy/dev/alanvardy-var-1014-lower-deployment-targets-from-ios-187watchos-265-to-the/DerivedData/SDKExplicitPrecompiledModules -emit-dependencies -emit-module -emit-module-path /Users/vardy/dev/alanvardy-var-1014-lower-deployment-targets-from-ios-187watchos-265-to-the/DerivedData/Build/Intermediates.noindex/SingleThreadCore.build/Debug-watchos/SingleThreadCore-t.build/Objects-normal/arm64_32/SingleThreadCore.swiftmodule -serialize-diagnostics -dependency-scan-serialize-diagnostics-path /Users/vardy/dev/alanvardy-var-1014-lower-deployment-targets-from-ios-187watchos-265-to-the/DerivedData/Build/Intermediates.noindex/SingleThreadCore.build/Debug-watchos/SingleThreadCore-t.build/Objects-normal/arm64_32/SingleThreadCore-dependency-scan.dia -validate-clang-modules-once -clang-build-session-file /Users/vardy/dev/alanvardy-var-1014-lower-deployment-targets-from-ios-187watchos-265-to-the/DerivedData/ModuleCache.noindex/Session.modulevalidation -Xcc -fmodules-prune-interval\=86400 -Xcc -fmodules-prune-after\=345600 -package-name singlethreadcore -emit-const-values -const-gather-protocols-list /Users/vardy/dev/alanvardy-var-1014-lower-deployment-targets-from-ios-187watchos-265-to-the/DerivedData/Build/Intermediates.noindex/SingleThreadCore.build/Debug-watchos/SingleThreadCore-t.build/Objects-normal/arm64_32/SingleThreadCore_const_extract_protocols.json -Xcc -I/Users/vardy/dev/alanvardy-var-1014-lower-deployment-targets-from-ios-187watchos-265-to-the/DerivedData/Build/Products/Debug-watchos/include -Xcc -I/Users/vardy/dev/alanvardy-var-1014-lower-deployment-targets-from-ios-187watchos-265-to-the/DerivedData/Build/Intermediates.noindex/SingleThreadCore.build/Debug-watchos/SingleThreadCore-t.build/DerivedSources-normal/arm64_32 -Xcc -I/Users/vardy/dev/alanvardy-var-1014-lower-deployment-targets-from-ios-187watchos-265-to-the/DerivedData/Build/Intermediates.noindex/SingleThreadCore.build/Debug-watchos/SingleThreadCore-t.build/DerivedSources/arm64_32 -Xcc -I/Users/vardy/dev/alanvardy-var-1014-lower-deployment-targets-from-ios-187watchos-265-to-the/DerivedData/Build/Intermediates.noindex/SingleThreadCore.build/Debug-watchos/SingleThreadCore-t.build/DerivedSources -Xcc -DSWIFT_PACKAGE -Xcc -DDEBUG\=1 -emit-objc-header -emit-objc-header-path /Users/vardy/dev/alanvardy-var-1014-lower-deployment-targets-from-ios-187watchos-265-to-the/DerivedData/Build/Intermediates.noindex/SingleThreadCore.build/Debug-watchos/SingleThreadCore-t.build/Objects-normal/arm64_32/SingleThreadCore-Swift.h -working-directory /Users/vardy/dev/alanvardy-var-1014-lower-deployment-targets-from-ios-187watchos-265-to-the/SingleThread.xcodeproj -experimental-emit-module-separately -disable-cmo

SwiftExplicitDependencyGeneratePcm arm64 /Users/vardy/dev/alanvardy-var-1014-lower-deployment-targets-from-ios-187watchos-265-to-the/DerivedData/SDKExplicitPrecompiledModules/Dispatch-I1LDL0EA0B4UFM4JDBU4GMW0.pcm

Copy /Users/vardy/dev/alanvardy-var-1014-lower-deployment-targets-from-ios-187watchos-265-to-the/DerivedData/Build/Products/Debug-watchos/SingleThreadCore.swiftmodule/arm64_32-apple-watchos.swiftmodule /Users/vardy/dev/alanvardy-var-1014-lower-deployment-targets-from-ios-187watchos-265-to-the/DerivedData/Build/Intermediates.noindex/SingleThreadCore.build/Debug-watchos/SingleThreadCore-t.build/Objects-normal/arm64_32/SingleThreadCore.swiftmodule (in target 'SingleThreadCore' from project 'SingleThreadCore')
    cd /Users/vardy/dev/alanvardy-var-1014-lower-deployment-targets-from-ios-187watchos-265-to-the/SingleThreadCore
    builtin-copy -exclude .DS_Store -exclude CVS -exclude .svn -exclude .git -exclude .hg -resolve-src-symlinks -rename /Users/vardy/dev/alanvardy-var-1014-lower-deployment-targets-from-ios-187watchos-265-to-the/DerivedData/Build/Intermediates.noindex/SingleThreadCore.build/Debug-watchos/SingleThreadCore-t.build/Objects-normal/arm64_32/SingleThreadCore.swiftmodule /Users/vardy/dev/alanvardy-var-1014-lower-deployment-targets-from-ios-187watchos-265-to-the/DerivedData/Build/Products/Debug-watchos/SingleThreadCore.swiftmodule/arm64_32-apple-watchos.swiftmodule

SwiftDriverJobDiscovery normal arm64 Emitting module for SingleThreadCore (in target 'SingleThreadCore' from project 'SingleThreadCore')

SwiftDriver\ Compilation\ Requirements SingleThreadCore normal arm64 com.apple.xcode.tools.swift.compiler (in target 'SingleThreadCore' from project 'SingleThreadCore')
    cd /Users/vardy/dev/alanvardy-var-1014-lower-deployment-targets-from-ios-187watchos-265-to-the/SingleThread.xcodeproj
    builtin-Swift-Compilation-Requirements -- /Applications/Xcode.app/Contents/Developer/Toolchains/XcodeDefault.xctoolchain/usr/bin/swiftc -parse-as-library -module-name SingleThreadCore -Onone @/Users/vardy/dev/alanvardy-var-1014-lower-deployment-targets-from-ios-187watchos-265-to-the/DerivedData/Build/Intermediates.noindex/SingleThreadCore.build/Debug-watchos/SingleThreadCore-t.build/Objects-normal/arm64/SingleThreadCore.SwiftFileList -DSWIFT_PACKAGE -DDEBUG -DSWIFT_MODULE_RESOURCE_BUNDLE_AVAILABLE -DXcode -plugin-path /Applications/Xcode.app/Contents/Developer/Toolchains/XcodeDefault.xctoolchain/usr/lib/swift/host/plugins/testing -enable-experimental-feature DebugDescriptionMacro -sdk /Applications/Xcode.app/Contents/Developer/Platforms/WatchOS.platform/Developer/SDKs/WatchOS27.0.sdk -target arm64-apple-watchos11.0 -g -module-cache-path /Users/vardy/dev/alanvardy-var-1014-lower-deployment-targets-from-ios-187watchos-265-to-the/DerivedData/ModuleCache.noindex -Xfrontend -serialize-debugging-options -profile-coverage-mapping -profile-generate -enable-testing -index-store-path /Users/vardy/dev/alanvardy-var-1014-lower-deployment-targets-from-ios-187watchos-265-to-the/DerivedData/Index.noindex/DataStore -Xcc -D_LIBCPP_HARDENING_MODE\=_LIBCPP_HARDENING_MODE_DEBUG -swift-version 6 -I /Users/vardy/dev/alanvardy-var-1014-lower-deployment-targets-from-ios-187watchos-265-to-the/DerivedData/Build/Products/Debug-watchos -Isystem /Applications/Xcode.app/Contents/Developer/Platforms/WatchOS.platform/Developer/usr/lib -F /Users/vardy/dev/alanvardy-var-1014-lower-deployment-targets-from-ios-187watchos-265-to-the/DerivedData/Build/Products/Debug-watchos -F /Applications/Xcode.app/Contents/Developer/Platforms/WatchOS.platform/Developer/Library/Frameworks -F /Applications/Xcode.app/Contents/Developer/Platforms/WatchOS.platform/Developer/SDKs/WatchOS27.0.sdk/Developer/Library/Frameworks -c -j12 -enable-batch-mode -incremental -Xcc -ivfsstatcache -Xcc /Users/vardy/dev/alanvardy-var-1014-lower-deployment-targets-from-ios-187watchos-265-to-the/DerivedData/SDKStatCaches.noindex/watchos27.0-24R360-84ee5e44e35145daf7706869e872e73f.sdkstatcache -output-file-map /Users/vardy/dev/alanvardy-var-1014-lower-deployment-targets-from-ios-187watchos-265-to-the/DerivedData/Build/Intermediates.noindex/SingleThreadCore.build/Debug-watchos/SingleThreadCore-t.build/Objects-normal/arm64/SingleThreadCore-OutputFileMap.json -save-temps -no-color-diagnostics -explicit-module-build -module-cache-path /Users/vardy/dev/alanvardy-var-1014-lower-deployment-targets-from-ios-187watchos-265-to-the/DerivedData/Build/Intermediates.noindex/SwiftExplicitPrecompiledModules -clang-scanner-module-cache-path /Users/vardy/dev/alanvardy-var-1014-lower-deployment-targets-from-ios-187watchos-265-to-the/DerivedData/ModuleCache.noindex -sdk-module-cache-path /Users/vardy/dev/alanvardy-var-1014-lower-deployment-targets-from-ios-187watchos-265-to-the/DerivedData/SDKExplicitPrecompiledModules -emit-dependencies -emit-module -emit-module-path /Users/vardy/dev/alanvardy-var-1014-lower-deployment-targets-from-ios-187watchos-265-to-the/DerivedData/Build/Intermediates.noindex/SingleThreadCore.build/Debug-watchos/SingleThreadCore-t.build/Objects-normal/arm64/SingleThreadCore.swiftmodule -serialize-diagnostics -dependency-scan-serialize-diagnostics-path /Users/vardy/dev/alanvardy-var-1014-lower-deployment-targets-from-ios-187watchos-265-to-the/DerivedData/Build/Intermediates.noindex/SingleThreadCore.build/Debug-watchos/SingleThreadCore-t.build/Objects-normal/arm64/SingleThreadCore-dependency-scan.dia -validate-clang-modules-once -clang-build-session-file /Users/vardy/dev/alanvardy-var-1014-lower-deployment-targets-from-ios-187watchos-265-to-the/DerivedData/ModuleCache.noindex/Session.modulevalidation -Xcc -fmodules-prune-interval\=86400 -Xcc -fmodules-prune-after\=345600 -package-name singlethreadcore -emit-const-values -const-gather-protocols-list /Users/vardy/dev/alanvardy-var-1014-lower-deployment-targets-from-ios-187watchos-265-to-the/DerivedData/Build/Intermediates.noindex/SingleThreadCore.build/Debug-watchos/SingleThreadCore-t.build/Objects-normal/arm64/SingleThreadCore_const_extract_protocols.json -Xcc -I/Users/vardy/dev/alanvardy-var-1014-lower-deployment-targets-from-ios-187watchos-265-to-the/DerivedData/Build/Products/Debug-watchos/include -Xcc -I/Users/vardy/dev/alanvardy-var-1014-lower-deployment-targets-from-ios-187watchos-265-to-the/DerivedData/Build/Intermediates.noindex/SingleThreadCore.build/Debug-watchos/SingleThreadCore-t.build/DerivedSources-normal/arm64 -Xcc -I/Users/vardy/dev/alanvardy-var-1014-lower-deployment-targets-from-ios-187watchos-265-to-the/DerivedData/Build/Intermediates.noindex/SingleThreadCore.build/Debug-watchos/SingleThreadCore-t.build/DerivedSources/arm64 -Xcc -I/Users/vardy/dev/alanvardy-var-1014-lower-deployment-targets-from-ios-187watchos-265-to-the/DerivedData/Build/Intermediates.noindex/SingleThreadCore.build/Debug-watchos/SingleThreadCore-t.build/DerivedSources -Xcc -DSWIFT_PACKAGE -Xcc -DDEBUG\=1 -emit-objc-header -emit-objc-header-path /Users/vardy/dev/alanvardy-var-1014-lower-deployment-targets-from-ios-187watchos-265-to-the/DerivedData/Build/Intermediates.noindex/SingleThreadCore.build/Debug-watchos/SingleThreadCore-t.build/Objects-normal/arm64/SingleThreadCore-Swift.h -working-directory /Users/vardy/dev/alanvardy-var-1014-lower-deployment-targets-from-ios-187watchos-265-to-the/SingleThread.xcodeproj -experimental-emit-module-separately -disable-cmo

Copy /Users/vardy/dev/alanvardy-var-1014-lower-deployment-targets-from-ios-187watchos-265-to-the/DerivedData/Build/Products/Debug-watchos/SingleThreadCore.swiftmodule/arm64_32-apple-watchos.swiftdoc /Users/vardy/dev/alanvardy-var-1014-lower-deployment-targets-from-ios-187watchos-265-to-the/DerivedData/Build/Intermediates.noindex/SingleThreadCore.build/Debug-watchos/SingleThreadCore-t.build/Objects-normal/arm64_32/SingleThreadCore.swiftdoc (in target 'SingleThreadCore' from project 'SingleThreadCore')
    cd /Users/vardy/dev/alanvardy-var-1014-lower-deployment-targets-from-ios-187watchos-265-to-the/SingleThreadCore
    builtin-copy -exclude .DS_Store -exclude CVS -exclude .svn -exclude .git -exclude .hg -resolve-src-symlinks -rename /Users/vardy/dev/alanvardy-var-1014-lower-deployment-targets-from-ios-187watchos-265-to-the/DerivedData/Build/Intermediates.noindex/SingleThreadCore.build/Debug-watchos/SingleThreadCore-t.build/Objects-normal/arm64_32/SingleThreadCore.swiftdoc /Users/vardy/dev/alanvardy-var-1014-lower-deployment-targets-from-ios-187watchos-265-to-the/DerivedData/Build/Products/Debug-watchos/SingleThreadCore.swiftmodule/arm64_32-apple-watchos.swiftdoc

Copy /Users/vardy/dev/alanvardy-var-1014-lower-deployment-targets-from-ios-187watchos-265-to-the/DerivedData/Build/Products/Debug-watchos/SingleThreadCore.swiftmodule/arm64_32-apple-watchos.abi.json /Users/vardy/dev/alanvardy-var-1014-lower-deployment-targets-from-ios-187watchos-265-to-the/DerivedData/Build/Intermediates.noindex/SingleThreadCore.build/Debug-watchos/SingleThreadCore-t.build/Objects-normal/arm64_32/SingleThreadCore.abi.json (in target 'SingleThreadCore' from project 'SingleThreadCore')
    cd /Users/vardy/dev/alanvardy-var-1014-lower-deployment-targets-from-ios-187watchos-265-to-the/SingleThreadCore
    builtin-copy -exclude .DS_Store -exclude CVS -exclude .svn -exclude .git -exclude .hg -resolve-src-symlinks -rename /Users/vardy/dev/alanvardy-var-1014-lower-deployment-targets-from-ios-187watchos-265-to-the/DerivedData/Build/Intermediates.noindex/SingleThreadCore.build/Debug-watchos/SingleThreadCore-t.build/Objects-normal/arm64_32/SingleThreadCore.abi.json /Users/vardy/dev/alanvardy-var-1014-lower-deployment-targets-from-ios-187watchos-265-to-the/DerivedData/Build/Products/Debug-watchos/SingleThreadCore.swiftmodule/arm64_32-apple-watchos.abi.json

SwiftMergeGeneratedHeaders /Users/vardy/dev/alanvardy-var-1014-lower-deployment-targets-from-ios-187watchos-265-to-the/DerivedData/Build/Intermediates.noindex/GeneratedModuleMaps-watchos/SingleThreadCore-Swift.h /Users/vardy/dev/alanvardy-var-1014-lower-deployment-targets-from-ios-187watchos-265-to-the/DerivedData/Build/Intermediates.noindex/SingleThreadCore.build/Debug-watchos/SingleThreadCore-t.build/Objects-normal/arm64/SingleThreadCore-Swift.h /Users/vardy/dev/alanvardy-var-1014-lower-deployment-targets-from-ios-187watchos-265-to-the/DerivedData/Build/Intermediates.noindex/SingleThreadCore.build/Debug-watchos/SingleThreadCore-t.build/Objects-normal/arm64_32/SingleThreadCore-Swift.h (in target 'SingleThreadCore' from project 'SingleThreadCore')
    cd /Users/vardy/dev/alanvardy-var-1014-lower-deployment-targets-from-ios-187watchos-265-to-the/SingleThreadCore
    builtin-swiftHeaderTool -arch arm64 /Users/vardy/dev/alanvardy-var-1014-lower-deployment-targets-from-ios-187watchos-265-to-the/DerivedData/Build/Intermediates.noindex/SingleThreadCore.build/Debug-watchos/SingleThreadCore-t.build/Objects-normal/arm64/SingleThreadCore-Swift.h -arch arm64_32 /Users/vardy/dev/alanvardy-var-1014-lower-deployment-targets-from-ios-187watchos-265-to-the/DerivedData/Build/Intermediates.noindex/SingleThreadCore.build/Debug-watchos/SingleThreadCore-t.build/Objects-normal/arm64_32/SingleThreadCore-Swift.h -o /Users/vardy/dev/alanvardy-var-1014-lower-deployment-targets-from-ios-187watchos-265-to-the/DerivedData/Build/Intermediates.noindex/GeneratedModuleMaps-watchos/SingleThreadCore-Swift.h

Copy /Users/vardy/dev/alanvardy-var-1014-lower-deployment-targets-from-ios-187watchos-265-to-the/DerivedData/Build/Products/Debug-watchos/SingleThreadCore.swiftmodule/arm64-apple-watchos.swiftmodule /Users/vardy/dev/alanvardy-var-1014-lower-deployment-targets-from-ios-187watchos-265-to-the/DerivedData/Build/Intermediates.noindex/SingleThreadCore.build/Debug-watchos/SingleThreadCore-t.build/Objects-normal/arm64/SingleThreadCore.swiftmodule (in target 'SingleThreadCore' from project 'SingleThreadCore')
    cd /Users/vardy/dev/alanvardy-var-1014-lower-deployment-targets-from-ios-187watchos-265-to-the/SingleThreadCore
    builtin-copy -exclude .DS_Store -exclude CVS -exclude .svn -exclude .git -exclude .hg -resolve-src-symlinks -rename /Users/vardy/dev/alanvardy-var-1014-lower-deployment-targets-from-ios-187watchos-265-to-the/DerivedData/Build/Intermediates.noindex/SingleThreadCore.build/Debug-watchos/SingleThreadCore-t.build/Objects-normal/arm64/SingleThreadCore.swiftmodule /Users/vardy/dev/alanvardy-var-1014-lower-deployment-targets-from-ios-187watchos-265-to-the/DerivedData/Build/Products/Debug-watchos/SingleThreadCore.swiftmodule/arm64-apple-watchos.swiftmodule

Copy /Users/vardy/dev/alanvardy-var-1014-lower-deployment-targets-from-ios-187watchos-265-to-the/DerivedData/Build/Products/Debug-watchos/SingleThreadCore.swiftmodule/arm64-apple-watchos.swiftdoc /Users/vardy/dev/alanvardy-var-1014-lower-deployment-targets-from-ios-187watchos-265-to-the/DerivedData/Build/Intermediates.noindex/SingleThreadCore.build/Debug-watchos/SingleThreadCore-t.build/Objects-normal/arm64/SingleThreadCore.swiftdoc (in target 'SingleThreadCore' from project 'SingleThreadCore')
    cd /Users/vardy/dev/alanvardy-var-1014-lower-deployment-targets-from-ios-187watchos-265-to-the/SingleThreadCore
    builtin-copy -exclude .DS_Store -exclude CVS -exclude .svn -exclude .git -exclude .hg -resolve-src-symlinks -rename /Users/vardy/dev/alanvardy-var-1014-lower-deployment-targets-from-ios-187watchos-265-to-the/DerivedData/Build/Intermediates.noindex/SingleThreadCore.build/Debug-watchos/SingleThreadCore-t.build/Objects-normal/arm64/SingleThreadCore.swiftdoc /Users/vardy/dev/alanvardy-var-1014-lower-deployment-targets-from-ios-187watchos-265-to-the/DerivedData/Build/Products/Debug-watchos/SingleThreadCore.swiftmodule/arm64-apple-watchos.swiftdoc

Copy /Users/vardy/dev/alanvardy-var-1014-lower-deployment-targets-from-ios-187watchos-265-to-the/DerivedData/Build/Products/Debug-watchos/SingleThreadCore.swiftmodule/arm64-apple-watchos.abi.json /Users/vardy/dev/alanvardy-var-1014-lower-deployment-targets-from-ios-187watchos-265-to-the/DerivedData/Build/Intermediates.noindex/SingleThreadCore.build/Debug-watchos/SingleThreadCore-t.build/Objects-normal/arm64/SingleThreadCore.abi.json (in target 'SingleThreadCore' from project 'SingleThreadCore')
    cd /Users/vardy/dev/alanvardy-var-1014-lower-deployment-targets-from-ios-187watchos-265-to-the/SingleThreadCore
    builtin-copy -exclude .DS_Store -exclude CVS -exclude .svn -exclude .git -exclude .hg -resolve-src-symlinks -rename /Users/vardy/dev/alanvardy-var-1014-lower-deployment-targets-from-ios-187watchos-265-to-the/DerivedData/Build/Intermediates.noindex/SingleThreadCore.build/Debug-watchos/SingleThreadCore-t.build/Objects-normal/arm64/SingleThreadCore.abi.json /Users/vardy/dev/alanvardy-var-1014-lower-deployment-targets-from-ios-187watchos-265-to-the/DerivedData/Build/Products/Debug-watchos/SingleThreadCore.swiftmodule/arm64-apple-watchos.abi.json

Copy /Users/vardy/dev/alanvardy-var-1014-lower-deployment-targets-from-ios-187watchos-265-to-the/DerivedData/Build/Products/Debug-watchos/SingleThreadCore.swiftmodule/Project/arm64_32-apple-watchos.swiftsourceinfo /Users/vardy/dev/alanvardy-var-1014-lower-deployment-targets-from-ios-187watchos-265-to-the/DerivedData/Build/Intermediates.noindex/SingleThreadCore.build/Debug-watchos/SingleThreadCore-t.build/Objects-normal/arm64_32/SingleThreadCore.swiftsourceinfo (in target 'SingleThreadCore' from project 'SingleThreadCore')
    cd /Users/vardy/dev/alanvardy-var-1014-lower-deployment-targets-from-ios-187watchos-265-to-the/SingleThreadCore
    builtin-copy -exclude .DS_Store -exclude CVS -exclude .svn -exclude .git -exclude .hg -resolve-src-symlinks -rename /Users/vardy/dev/alanvardy-var-1014-lower-deployment-targets-from-ios-187watchos-265-to-the/DerivedData/Build/Intermediates.noindex/SingleThreadCore.build/Debug-watchos/SingleThreadCore-t.build/Objects-normal/arm64_32/SingleThreadCore.swiftsourceinfo /Users/vardy/dev/alanvardy-var-1014-lower-deployment-targets-from-ios-187watchos-265-to-the/DerivedData/Build/Products/Debug-watchos/SingleThreadCore.swiftmodule/Project/arm64_32-apple-watchos.swiftsourceinfo

Copy /Users/vardy/dev/alanvardy-var-1014-lower-deployment-targets-from-ios-187watchos-265-to-the/DerivedData/Build/Products/Debug-watchos/SingleThreadCore.swiftmodule/Project/arm64-apple-watchos.swiftsourceinfo /Users/vardy/dev/alanvardy-var-1014-lower-deployment-targets-from-ios-187watchos-265-to-the/DerivedData/Build/Intermediates.noindex/SingleThreadCore.build/Debug-watchos/SingleThreadCore-t.build/Objects-normal/arm64/SingleThreadCore.swiftsourceinfo (in target 'SingleThreadCore' from project 'SingleThreadCore')
    cd /Users/vardy/dev/alanvardy-var-1014-lower-deployment-targets-from-ios-187watchos-265-to-the/SingleThreadCore
    builtin-copy -exclude .DS_Store -exclude CVS -exclude .svn -exclude .git -exclude .hg -resolve-src-symlinks -rename /Users/vardy/dev/alanvardy-var-1014-lower-deployment-targets-from-ios-187watchos-265-to-the/DerivedData/Build/Intermediates.noindex/SingleThreadCore.build/Debug-watchos/SingleThreadCore-t.build/Objects-normal/arm64/SingleThreadCore.swiftsourceinfo /Users/vardy/dev/alanvardy-var-1014-lower-deployment-targets-from-ios-187watchos-265-to-the/DerivedData/Build/Products/Debug-watchos/SingleThreadCore.swiftmodule/Project/arm64-apple-watchos.swiftsourceinfo

SwiftCompile normal arm64 Compiling\ EntitlementState.swift,\ EntitlementStore.swift,\ EventKitStoring.swift,\ EventStoreChangedObserver.swift /Users/vardy/dev/alanvardy-var-1014-lower-deployment-targets-from-ios-187watchos-265-to-the/SingleThreadCore/Sources/SingleThreadCore/EntitlementState.swift /Users/vardy/dev/alanvardy-var-1014-lower-deployment-targets-from-ios-187watchos-265-to-the/SingleThreadCore/Sources/SingleThreadCore/EntitlementStore.swift /Users/vardy/dev/alanvardy-var-1014-lower-deployment-targets-from-ios-187watchos-265-to-the/SingleThreadCore/Sources/SingleThreadCore/EventKitStoring.swift /Users/vardy/dev/alanvardy-var-1014-lower-deployment-targets-from-ios-187watchos-265-to-the/SingleThreadCore/Sources/SingleThreadCore/EventStoreChangedObserver.swift (in target 'SingleThreadCore' from project 'SingleThreadCore')
/Users/vardy/dev/alanvardy-var-1014-lower-deployment-targets-from-ios-187watchos-265-to-the/SingleThreadCore/Sources/SingleThreadCore/EntitlementStore.swift:91:13: warning: 'nonisolated(unsafe)' has no effect on property 'observationTask', consider using 'nonisolated'
 89 |     /// task; the task captures `self` weakly and is only read/written on the
 90 |     /// main actor in normal operation.
 91 |     private nonisolated(unsafe) var observationTask: Task<Void, Never>?
    |             `- warning: 'nonisolated(unsafe)' has no effect on property 'observationTask', consider using 'nonisolated'
 92 | 
 93 |     private func observeTransactionUpdates() async {

SwiftCompile normal arm64 /Users/vardy/dev/alanvardy-var-1014-lower-deployment-targets-from-ios-187watchos-265-to-the/SingleThreadCore/Sources/SingleThreadCore/EntitlementState.swift (in target 'SingleThreadCore' from project 'SingleThreadCore')
    cd /Users/vardy/dev/alanvardy-var-1014-lower-deployment-targets-from-ios-187watchos-265-to-the/SingleThread.xcodeproj
    builtin-SwiftPerFileCompile EntitlementState.swift

SwiftCompile normal arm64 /Users/vardy/dev/alanvardy-var-1014-lower-deployment-targets-from-ios-187watchos-265-to-the/SingleThreadCore/Sources/SingleThreadCore/EntitlementStore.swift (in target 'SingleThreadCore' from project 'SingleThreadCore')
    cd /Users/vardy/dev/alanvardy-var-1014-lower-deployment-targets-from-ios-187watchos-265-to-the/SingleThread.xcodeproj
    builtin-SwiftPerFileCompile EntitlementStore.swift

SwiftCompile normal arm64 /Users/vardy/dev/alanvardy-var-1014-lower-deployment-targets-from-ios-187watchos-265-to-the/SingleThreadCore/Sources/SingleThreadCore/EventKitStoring.swift (in target 'SingleThreadCore' from project 'SingleThreadCore')
    cd /Users/vardy/dev/alanvardy-var-1014-lower-deployment-targets-from-ios-187watchos-265-to-the/SingleThread.xcodeproj
    builtin-SwiftPerFileCompile EventKitStoring.swift

SwiftCompile normal arm64 /Users/vardy/dev/alanvardy-var-1014-lower-deployment-targets-from-ios-187watchos-265-to-the/SingleThreadCore/Sources/SingleThreadCore/EventStoreChangedObserver.swift (in target 'SingleThreadCore' from project 'SingleThreadCore')
    cd /Users/vardy/dev/alanvardy-var-1014-lower-deployment-targets-from-ios-187watchos-265-to-the/SingleThread.xcodeproj
    builtin-SwiftPerFileCompile EventStoreChangedObserver.swift

SwiftCompile normal arm64 Compiling\ ExcludedListStore.swift,\ InMemoryEventStore.swift,\ ListContent.swift,\ LocalizedString+Shared.swift /Users/vardy/dev/alanvardy-var-1014-lower-deployment-targets-from-ios-187watchos-265-to-the/SingleThreadCore/Sources/SingleThreadCore/ExcludedListStore.swift /Users/vardy/dev/alanvardy-var-1014-lower-deployment-targets-from-ios-187watchos-265-to-the/SingleThreadCore/Sources/SingleThreadCore/InMemoryEventStore.swift /Users/vardy/dev/alanvardy-var-1014-lower-deployment-targets-from-ios-187watchos-265-to-the/SingleThreadCore/Sources/SingleThreadCore/ListContent.swift /Users/vardy/dev/alanvardy-var-1014-lower-deployment-targets-from-ios-187watchos-265-to-the/SingleThreadCore/Sources/SingleThreadCore/LocalizedString+Shared.swift (in target 'SingleThreadCore' from project 'SingleThreadCore')

SwiftCompile normal arm64 /Users/vardy/dev/alanvardy-var-1014-lower-deployment-targets-from-ios-187watchos-265-to-the/SingleThreadCore/Sources/SingleThreadCore/ExcludedListStore.swift (in target 'SingleThreadCore' from project 'SingleThreadCore')
    cd /Users/vardy/dev/alanvardy-var-1014-lower-deployment-targets-from-ios-187watchos-265-to-the/SingleThread.xcodeproj
    builtin-SwiftPerFileCompile ExcludedListStore.swift

SwiftCompile normal arm64 /Users/vardy/dev/alanvardy-var-1014-lower-deployment-targets-from-ios-187watchos-265-to-the/SingleThreadCore/Sources/SingleThreadCore/InMemoryEventStore.swift (in target 'SingleThreadCore' from project 'SingleThreadCore')
    cd /Users/vardy/dev/alanvardy-var-1014-lower-deployment-targets-from-ios-187watchos-265-to-the/SingleThread.xcodeproj
    builtin-SwiftPerFileCompile InMemoryEventStore.swift

SwiftCompile normal arm64 /Users/vardy/dev/alanvardy-var-1014-lower-deployment-targets-from-ios-187watchos-265-to-the/SingleThreadCore/Sources/SingleThreadCore/ListContent.swift (in target 'SingleThreadCore' from project 'SingleThreadCore')
    cd /Users/vardy/dev/alanvardy-var-1014-lower-deployment-targets-from-ios-187watchos-265-to-the/SingleThread.xcodeproj
    builtin-SwiftPerFileCompile ListContent.swift

SwiftCompile normal arm64 /Users/vardy/dev/alanvardy-var-1014-lower-deployment-targets-from-ios-187watchos-265-to-the/SingleThreadCore/Sources/SingleThreadCore/LocalizedString+Shared.swift (in target 'SingleThreadCore' from project 'SingleThreadCore')
    cd /Users/vardy/dev/alanvardy-var-1014-lower-deployment-targets-from-ios-187watchos-265-to-the/SingleThread.xcodeproj
    builtin-SwiftPerFileCompile LocalizedString+Shared.swift

SwiftExplicitDependencyGeneratePcm arm64 /Users/vardy/dev/alanvardy-var-1014-lower-deployment-targets-from-ios-187watchos-265-to-the/DerivedData/SDKExplicitPrecompiledModules/CoreFoundation-9PIVU28HD2UE05B9XH0R6750S.pcm

SwiftDriverJobDiscovery normal arm64_32 Compiling ResumptionGate.swift, SkipCountStore.swift, SkippedReminderSyncService.swift (in target 'SingleThreadCore' from project 'SingleThreadCore')

SwiftExplicitDependencyGeneratePcm arm64 /Users/vardy/dev/alanvardy-var-1014-lower-deployment-targets-from-ios-187watchos-265-to-the/DerivedData/SDKExplicitPrecompiledModules/dnssd-VV5Q47HYU2HEJT6K5XYXFF3U.pcm

SwiftDriverJobDiscovery normal arm64_32 Compiling MinimumDisplayDuration.swift, NotificationPreference.swift, NotificationScheduler.swift, OrientationPreference.swift (in target 'SingleThreadCore' from project 'SingleThreadCore')

SwiftExplicitDependencyGeneratePcm arm64 /Users/vardy/dev/alanvardy-var-1014-lower-deployment-targets-from-ios-187watchos-265-to-the/DerivedData/SDKExplicitPrecompiledModules/XPC-3NGNGE3YHNWW1FHZ6NUBT713D.pcm

SwiftDriverJobDiscovery normal arm64_32 Compiling SortOption.swift, StaleReminderRechecker.swift, TranscriptionAccumulator.swift (in target 'SingleThreadCore' from project 'SingleThreadCore')

SwiftDriverJobDiscovery normal arm64_32 Compiling PendingCompletionLogic.swift, PendingCompletionStore.swift, PreferenceHolder.swift, ReminderDateFilter.swift (in target 'SingleThreadCore' from project 'SingleThreadCore')

SwiftCompile normal arm64 Compiling\ SortOption.swift,\ StaleReminderRechecker.swift,\ TranscriptionAccumulator.swift /Users/vardy/dev/alanvardy-var-1014-lower-deployment-targets-from-ios-187watchos-265-to-the/SingleThreadCore/Sources/SingleThreadCore/SortOption.swift /Users/vardy/dev/alanvardy-var-1014-lower-deployment-targets-from-ios-187watchos-265-to-the/SingleThreadCore/Sources/SingleThreadCore/StaleReminderRechecker.swift /Users/vardy/dev/alanvardy-var-1014-lower-deployment-targets-from-ios-187watchos-265-to-the/SingleThreadCore/Sources/SingleThreadCore/TranscriptionAccumulator.swift (in target 'SingleThreadCore' from project 'SingleThreadCore')

SwiftCompile normal arm64 /Users/vardy/dev/alanvardy-var-1014-lower-deployment-targets-from-ios-187watchos-265-to-the/SingleThreadCore/Sources/SingleThreadCore/SortOption.swift (in target 'SingleThreadCore' from project 'SingleThreadCore')
    cd /Users/vardy/dev/alanvardy-var-1014-lower-deployment-targets-from-ios-187watchos-265-to-the/SingleThread.xcodeproj
    builtin-SwiftPerFileCompile SortOption.swift

SwiftCompile normal arm64 /Users/vardy/dev/alanvardy-var-1014-lower-deployment-targets-from-ios-187watchos-265-to-the/SingleThreadCore/Sources/SingleThreadCore/StaleReminderRechecker.swift (in target 'SingleThreadCore' from project 'SingleThreadCore')
    cd /Users/vardy/dev/alanvardy-var-1014-lower-deployment-targets-from-ios-187watchos-265-to-the/SingleThread.xcodeproj
    builtin-SwiftPerFileCompile StaleReminderRechecker.swift

SwiftCompile normal arm64 /Users/vardy/dev/alanvardy-var-1014-lower-deployment-targets-from-ios-187watchos-265-to-the/SingleThreadCore/Sources/SingleThreadCore/TranscriptionAccumulator.swift (in target 'SingleThreadCore' from project 'SingleThreadCore')
    cd /Users/vardy/dev/alanvardy-var-1014-lower-deployment-targets-from-ios-187watchos-265-to-the/SingleThread.xcodeproj
    builtin-SwiftPerFileCompile TranscriptionAccumulator.swift

SwiftCompile normal arm64 Compiling\ CompletionCounterStore.swift,\ CompletionGlow.swift,\ CompletionMomentumOverlay.swift,\ DailyCompletionStore.swift /Users/vardy/dev/alanvardy-var-1014-lower-deployment-targets-from-ios-187watchos-265-to-the/SingleThreadCore/Sources/SingleThreadCore/CompletionCounterStore.swift /Users/vardy/dev/alanvardy-var-1014-lower-deployment-targets-from-ios-187watchos-265-to-the/SingleThreadCore/Sources/SingleThreadCore/CompletionGlow.swift /Users/vardy/dev/alanvardy-var-1014-lower-deployment-targets-from-ios-187watchos-265-to-the/SingleThreadCore/Sources/SingleThreadCore/CompletionMomentumOverlay.swift /Users/vardy/dev/alanvardy-var-1014-lower-deployment-targets-from-ios-187watchos-265-to-the/SingleThreadCore/Sources/SingleThreadCore/DailyCompletionStore.swift (in target 'SingleThreadCore' from project 'SingleThreadCore')

SwiftCompile normal arm64 /Users/vardy/dev/alanvardy-var-1014-lower-deployment-targets-from-ios-187watchos-265-to-the/SingleThreadCore/Sources/SingleThreadCore/CompletionCounterStore.swift (in target 'SingleThreadCore' from project 'SingleThreadCore')
    cd /Users/vardy/dev/alanvardy-var-1014-lower-deployment-targets-from-ios-187watchos-265-to-the/SingleThread.xcodeproj
    builtin-SwiftPerFileCompile CompletionCounterStore.swift

SwiftCompile normal arm64 /Users/vardy/dev/alanvardy-var-1014-lower-deployment-targets-from-ios-187watchos-265-to-the/SingleThreadCore/Sources/SingleThreadCore/CompletionGlow.swift (in target 'SingleThreadCore' from project 'SingleThreadCore')
    cd /Users/vardy/dev/alanvardy-var-1014-lower-deployment-targets-from-ios-187watchos-265-to-the/SingleThread.xcodeproj
    builtin-SwiftPerFileCompile CompletionGlow.swift

SwiftCompile normal arm64 /Users/vardy/dev/alanvardy-var-1014-lower-deployment-targets-from-ios-187watchos-265-to-the/SingleThreadCore/Sources/SingleThreadCore/CompletionMomentumOverlay.swift (in target 'SingleThreadCore' from project 'SingleThreadCore')
    cd /Users/vardy/dev/alanvardy-var-1014-lower-deployment-targets-from-ios-187watchos-265-to-the/SingleThread.xcodeproj
    builtin-SwiftPerFileCompile CompletionMomentumOverlay.swift

SwiftCompile normal arm64 /Users/vardy/dev/alanvardy-var-1014-lower-deployment-targets-from-ios-187watchos-265-to-the/SingleThreadCore/Sources/SingleThreadCore/DailyCompletionStore.swift (in target 'SingleThreadCore' from project 'SingleThreadCore')
    cd /Users/vardy/dev/alanvardy-var-1014-lower-deployment-targets-from-ios-187watchos-265-to-the/SingleThread.xcodeproj
    builtin-SwiftPerFileCompile DailyCompletionStore.swift

SwiftDriverJobDiscovery normal arm64_32 Compiling UITestingSeed.swift, UndoStore.swift, UserNotificationCentering.swift (in target 'SingleThreadCore' from project 'SingleThreadCore')

SwiftDriverJobDiscovery normal arm64_32 Compiling ExcludedListStore.swift, InMemoryEventStore.swift, ListContent.swift, LocalizedString+Shared.swift (in target 'SingleThreadCore' from project 'SingleThreadCore')

SwiftCompile normal arm64 Compiling\ ReminderDeepLink.swift,\ ReminderDictationParser.swift,\ ReminderDisplay.swift,\ ReminderIntents.swift /Users/vardy/dev/alanvardy-var-1014-lower-deployment-targets-from-ios-187watchos-265-to-the/SingleThreadCore/Sources/SingleThreadCore/ReminderDeepLink.swift /Users/vardy/dev/alanvardy-var-1014-lower-deployment-targets-from-ios-187watchos-265-to-the/SingleThreadCore/Sources/SingleThreadCore/ReminderDictationParser.swift /Users/vardy/dev/alanvardy-var-1014-lower-deployment-targets-from-ios-187watchos-265-to-the/SingleThreadCore/Sources/SingleThreadCore/ReminderDisplay.swift /Users/vardy/dev/alanvardy-var-1014-lower-deployment-targets-from-ios-187watchos-265-to-the/SingleThreadCore/Sources/SingleThreadCore/ReminderIntents.swift (in target 'SingleThreadCore' from project 'SingleThreadCore')

SwiftCompile normal arm64 /Users/vardy/dev/alanvardy-var-1014-lower-deployment-targets-from-ios-187watchos-265-to-the/SingleThreadCore/Sources/SingleThreadCore/ReminderDeepLink.swift (in target 'SingleThreadCore' from project 'SingleThreadCore')
    cd /Users/vardy/dev/alanvardy-var-1014-lower-deployment-targets-from-ios-187watchos-265-to-the/SingleThread.xcodeproj
    builtin-SwiftPerFileCompile ReminderDeepLink.swift

SwiftCompile normal arm64 /Users/vardy/dev/alanvardy-var-1014-lower-deployment-targets-from-ios-187watchos-265-to-the/SingleThreadCore/Sources/SingleThreadCore/ReminderDictationParser.swift (in target 'SingleThreadCore' from project 'SingleThreadCore')
    cd /Users/vardy/dev/alanvardy-var-1014-lower-deployment-targets-from-ios-187watchos-265-to-the/SingleThread.xcodeproj
    builtin-SwiftPerFileCompile ReminderDictationParser.swift

SwiftCompile normal arm64 /Users/vardy/dev/alanvardy-var-1014-lower-deployment-targets-from-ios-187watchos-265-to-the/SingleThreadCore/Sources/SingleThreadCore/ReminderDisplay.swift (in target 'SingleThreadCore' from project 'SingleThreadCore')
    cd /Users/vardy/dev/alanvardy-var-1014-lower-deployment-targets-from-ios-187watchos-265-to-the/SingleThread.xcodeproj
    builtin-SwiftPerFileCompile ReminderDisplay.swift

SwiftCompile normal arm64 /Users/vardy/dev/alanvardy-var-1014-lower-deployment-targets-from-ios-187watchos-265-to-the/SingleThreadCore/Sources/SingleThreadCore/ReminderIntents.swift (in target 'SingleThreadCore' from project 'SingleThreadCore')
    cd /Users/vardy/dev/alanvardy-var-1014-lower-deployment-targets-from-ios-187watchos-265-to-the/SingleThread.xcodeproj
    builtin-SwiftPerFileCompile ReminderIntents.swift

SwiftCompile normal arm64 Compiling\ ReminderRecurrenceFormatter.swift,\ ReminderSkip.swift,\ ReminderSort.swift,\ ReminderStore.swift /Users/vardy/dev/alanvardy-var-1014-lower-deployment-targets-from-ios-187watchos-265-to-the/SingleThreadCore/Sources/SingleThreadCore/ReminderRecurrenceFormatter.swift /Users/vardy/dev/alanvardy-var-1014-lower-deployment-targets-from-ios-187watchos-265-to-the/SingleThreadCore/Sources/SingleThreadCore/ReminderSkip.swift /Users/vardy/dev/alanvardy-var-1014-lower-deployment-targets-from-ios-187watchos-265-to-the/SingleThreadCore/Sources/SingleThreadCore/ReminderSort.swift /Users/vardy/dev/alanvardy-var-1014-lower-deployment-targets-from-ios-187watchos-265-to-the/SingleThreadCore/Sources/SingleThreadCore/ReminderStore.swift (in target 'SingleThreadCore' from project 'SingleThreadCore')

SwiftCompile normal arm64 /Users/vardy/dev/alanvardy-var-1014-lower-deployment-targets-from-ios-187watchos-265-to-the/SingleThreadCore/Sources/SingleThreadCore/ReminderRecurrenceFormatter.swift (in target 'SingleThreadCore' from project 'SingleThreadCore')
    cd /Users/vardy/dev/alanvardy-var-1014-lower-deployment-targets-from-ios-187watchos-265-to-the/SingleThread.xcodeproj
    builtin-SwiftPerFileCompile ReminderRecurrenceFormatter.swift

SwiftCompile normal arm64 /Users/vardy/dev/alanvardy-var-1014-lower-deployment-targets-from-ios-187watchos-265-to-the/SingleThreadCore/Sources/SingleThreadCore/ReminderSkip.swift (in target 'SingleThreadCore' from project 'SingleThreadCore')
    cd /Users/vardy/dev/alanvardy-var-1014-lower-deployment-targets-from-ios-187watchos-265-to-the/SingleThread.xcodeproj
    builtin-SwiftPerFileCompile ReminderSkip.swift

SwiftCompile normal arm64 /Users/vardy/dev/alanvardy-var-1014-lower-deployment-targets-from-ios-187watchos-265-to-the/SingleThreadCore/Sources/SingleThreadCore/ReminderSort.swift (in target 'SingleThreadCore' from project 'SingleThreadCore')
    cd /Users/vardy/dev/alanvardy-var-1014-lower-deployment-targets-from-ios-187watchos-265-to-the/SingleThread.xcodeproj
    builtin-SwiftPerFileCompile ReminderSort.swift

SwiftCompile normal arm64 /Users/vardy/dev/alanvardy-var-1014-lower-deployment-targets-from-ios-187watchos-265-to-the/SingleThreadCore/Sources/SingleThreadCore/ReminderStore.swift (in target 'SingleThreadCore' from project 'SingleThreadCore')
    cd /Users/vardy/dev/alanvardy-var-1014-lower-deployment-targets-from-ios-187watchos-265-to-the/SingleThread.xcodeproj
    builtin-SwiftPerFileCompile ReminderStore.swift

SwiftExplicitDependencyGeneratePcm arm64 /Users/vardy/dev/alanvardy-var-1014-lower-deployment-targets-from-ios-187watchos-265-to-the/DerivedData/SDKExplicitPrecompiledModules/os-B2RKM32V077PC7ZMRJLYB2FF2.pcm

SwiftExplicitDependencyGeneratePcm arm64 /Users/vardy/dev/alanvardy-var-1014-lower-deployment-targets-from-ios-187watchos-265-to-the/DerivedData/SDKExplicitPrecompiledModules/ColorSync-9MVHOGI33S5FA6KNSP80S2RAK.pcm

SwiftExplicitDependencyGeneratePcm arm64 /Users/vardy/dev/alanvardy-var-1014-lower-deployment-targets-from-ios-187watchos-265-to-the/DerivedData/SDKExplicitPrecompiledModules/IOKit-3SUTRGZX60S198MJX4GYKY56O.pcm

SwiftDriverJobDiscovery normal arm64_32 Compiling CompletionCounterStore.swift, CompletionGlow.swift, CompletionMomentumOverlay.swift, DailyCompletionStore.swift (in target 'SingleThreadCore' from project 'SingleThreadCore')

SwiftExplicitDependencyGeneratePcm arm64 /Users/vardy/dev/alanvardy-var-1014-lower-deployment-targets-from-ios-187watchos-265-to-the/DerivedData/SDKExplicitPrecompiledModules/CFNetwork-ESW3L7JBLPNBWLU3MSWQ30LNX.pcm

SwiftExplicitDependencyGeneratePcm arm64 /Users/vardy/dev/alanvardy-var-1014-lower-deployment-targets-from-ios-187watchos-265-to-the/DerivedData/SDKExplicitPrecompiledModules/CoreAudioTypes-2M95G2F4A8NOAYAZE2EBRWBU0.pcm

SwiftExplicitDependencyGeneratePcm arm64 /Users/vardy/dev/alanvardy-var-1014-lower-deployment-targets-from-ios-187watchos-265-to-the/DerivedData/SDKExplicitPrecompiledModules/Security-ADXKZOG7VPUBTRLW1K8FV4PG1.pcm

SwiftCompile normal arm64_32 Compiling\ resource_bundle_accessor.swift,\ ActionMenuGate.swift,\ AppGroup.swift,\ AppInfo.swift /Users/vardy/dev/alanvardy-var-1014-lower-deployment-targets-from-ios-187watchos-265-to-the/DerivedData/Build/Intermediates.noindex/SingleThreadCore.build/Debug-watchos/SingleThreadCore-t.build/DerivedSources/resource_bundle_accessor.swift /Users/vardy/dev/alanvardy-var-1014-lower-deployment-targets-from-ios-187watchos-265-to-the/SingleThreadCore/Sources/SingleThreadCore/ActionMenuGate.swift /Users/vardy/dev/alanvardy-var-1014-lower-deployment-targets-from-ios-187watchos-265-to-the/SingleThreadCore/Sources/SingleThreadCore/AppGroup.swift /Users/vardy/dev/alanvardy-var-1014-lower-deployment-targets-from-ios-187watchos-265-to-the/SingleThreadCore/Sources/SingleThreadCore/AppInfo.swift (in target 'SingleThreadCore' from project 'SingleThreadCore')

SwiftCompile normal arm64_32 /Users/vardy/dev/alanvardy-var-1014-lower-deployment-targets-from-ios-187watchos-265-to-the/DerivedData/Build/Intermediates.noindex/SingleThreadCore.build/Debug-watchos/SingleThreadCore-t.build/DerivedSources/resource_bundle_accessor.swift (in target 'SingleThreadCore' from project 'SingleThreadCore')
    cd /Users/vardy/dev/alanvardy-var-1014-lower-deployment-targets-from-ios-187watchos-265-to-the/SingleThread.xcodeproj
    builtin-SwiftPerFileCompile resource_bundle_accessor.swift

SwiftCompile normal arm64_32 /Users/vardy/dev/alanvardy-var-1014-lower-deployment-targets-from-ios-187watchos-265-to-the/SingleThreadCore/Sources/SingleThreadCore/ActionMenuGate.swift (in target 'SingleThreadCore' from project 'SingleThreadCore')
    cd /Users/vardy/dev/alanvardy-var-1014-lower-deployment-targets-from-ios-187watchos-265-to-the/SingleThread.xcodeproj
    builtin-SwiftPerFileCompile ActionMenuGate.swift

SwiftCompile normal arm64_32 /Users/vardy/dev/alanvardy-var-1014-lower-deployment-targets-from-ios-187watchos-265-to-the/SingleThreadCore/Sources/SingleThreadCore/AppGroup.swift (in target 'SingleThreadCore' from project 'SingleThreadCore')
    cd /Users/vardy/dev/alanvardy-var-1014-lower-deployment-targets-from-ios-187watchos-265-to-the/SingleThread.xcodeproj
    builtin-SwiftPerFileCompile AppGroup.swift

SwiftCompile normal arm64_32 /Users/vardy/dev/alanvardy-var-1014-lower-deployment-targets-from-ios-187watchos-265-to-the/SingleThreadCore/Sources/SingleThreadCore/AppInfo.swift (in target 'SingleThreadCore' from project 'SingleThreadCore')
    cd /Users/vardy/dev/alanvardy-var-1014-lower-deployment-targets-from-ios-187watchos-265-to-the/SingleThread.xcodeproj
    builtin-SwiftPerFileCompile AppInfo.swift

SwiftCompile normal arm64 Compiling\ ResumptionGate.swift,\ SkipCountStore.swift,\ SkippedReminderSyncService.swift /Users/vardy/dev/alanvardy-var-1014-lower-deployment-targets-from-ios-187watchos-265-to-the/SingleThreadCore/Sources/SingleThreadCore/ResumptionGate.swift /Users/vardy/dev/alanvardy-var-1014-lower-deployment-targets-from-ios-187watchos-265-to-the/SingleThreadCore/Sources/SingleThreadCore/SkipCountStore.swift /Users/vardy/dev/alanvardy-var-1014-lower-deployment-targets-from-ios-187watchos-265-to-the/SingleThreadCore/Sources/SingleThreadCore/SkippedReminderSyncService.swift (in target 'SingleThreadCore' from project 'SingleThreadCore')
/Users/vardy/dev/alanvardy-var-1014-lower-deployment-targets-from-ios-187watchos-265-to-the/SingleThreadCore/Sources/SingleThreadCore/SkippedReminderSyncService.swift:28:40: warning: comparing non-optional value of type 'WCSessionUserInfoTransfer' to 'nil' always returns true
 26 |         @discardableResult
 27 |         public func queueUserInfo(_ userInfo: [String: Any]) -> Bool {
 28 |             transferUserInfo(userInfo) != nil
    |                                        `- warning: comparing non-optional value of type 'WCSessionUserInfoTransfer' to 'nil' always returns true
 29 |         }
 30 |     }

SwiftCompile normal arm64 /Users/vardy/dev/alanvardy-var-1014-lower-deployment-targets-from-ios-187watchos-265-to-the/SingleThreadCore/Sources/SingleThreadCore/ResumptionGate.swift (in target 'SingleThreadCore' from project 'SingleThreadCore')
    cd /Users/vardy/dev/alanvardy-var-1014-lower-deployment-targets-from-ios-187watchos-265-to-the/SingleThread.xcodeproj
    builtin-SwiftPerFileCompile ResumptionGate.swift

SwiftCompile normal arm64 /Users/vardy/dev/alanvardy-var-1014-lower-deployment-targets-from-ios-187watchos-265-to-the/SingleThreadCore/Sources/SingleThreadCore/SkipCountStore.swift (in target 'SingleThreadCore' from project 'SingleThreadCore')
    cd /Users/vardy/dev/alanvardy-var-1014-lower-deployment-targets-from-ios-187watchos-265-to-the/SingleThread.xcodeproj
    builtin-SwiftPerFileCompile SkipCountStore.swift

SwiftCompile normal arm64 /Users/vardy/dev/alanvardy-var-1014-lower-deployment-targets-from-ios-187watchos-265-to-the/SingleThreadCore/Sources/SingleThreadCore/SkippedReminderSyncService.swift (in target 'SingleThreadCore' from project 'SingleThreadCore')
    cd /Users/vardy/dev/alanvardy-var-1014-lower-deployment-targets-from-ios-187watchos-265-to-the/SingleThread.xcodeproj
    builtin-SwiftPerFileCompile SkippedReminderSyncService.swift

SwiftExplicitDependencyGeneratePcm arm64 /Users/vardy/dev/alanvardy-var-1014-lower-deployment-targets-from-ios-187watchos-265-to-the/DerivedData/SDKExplicitPrecompiledModules/DiskArbitration-BV7AIYV3V6W0E12YNGRYVPPSL.pcm

SwiftExplicitDependencyGeneratePcm arm64 /Users/vardy/dev/alanvardy-var-1014-lower-deployment-targets-from-ios-187watchos-265-to-the/DerivedData/SDKExplicitPrecompiledModules/CoreGraphics-E4BMTLU8XTDHCSLE9MCYBHZN2.pcm

SwiftDriverJobDiscovery normal arm64_32 Compiling resource_bundle_accessor.swift, ActionMenuGate.swift, AppGroup.swift, AppInfo.swift (in target 'SingleThreadCore' from project 'SingleThreadCore')

SwiftCompile normal arm64 Compiling\ MinimumDisplayDuration.swift,\ NotificationPreference.swift,\ NotificationScheduler.swift,\ OrientationPreference.swift /Users/vardy/dev/alanvardy-var-1014-lower-deployment-targets-from-ios-187watchos-265-to-the/SingleThreadCore/Sources/SingleThreadCore/MinimumDisplayDuration.swift /Users/vardy/dev/alanvardy-var-1014-lower-deployment-targets-from-ios-187watchos-265-to-the/SingleThreadCore/Sources/SingleThreadCore/NotificationPreference.swift /Users/vardy/dev/alanvardy-var-1014-lower-deployment-targets-from-ios-187watchos-265-to-the/SingleThreadCore/Sources/SingleThreadCore/NotificationScheduler.swift /Users/vardy/dev/alanvardy-var-1014-lower-deployment-targets-from-ios-187watchos-265-to-the/SingleThreadCore/Sources/SingleThreadCore/OrientationPreference.swift (in target 'SingleThreadCore' from project 'SingleThreadCore')

SwiftCompile normal arm64 /Users/vardy/dev/alanvardy-var-1014-lower-deployment-targets-from-ios-187watchos-265-to-the/SingleThreadCore/Sources/SingleThreadCore/MinimumDisplayDuration.swift (in target 'SingleThreadCore' from project 'SingleThreadCore')
    cd /Users/vardy/dev/alanvardy-var-1014-lower-deployment-targets-from-ios-187watchos-265-to-the/SingleThread.xcodeproj
    builtin-SwiftPerFileCompile MinimumDisplayDuration.swift

SwiftCompile normal arm64 /Users/vardy/dev/alanvardy-var-1014-lower-deployment-targets-from-ios-187watchos-265-to-the/SingleThreadCore/Sources/SingleThreadCore/NotificationPreference.swift (in target 'SingleThreadCore' from project 'SingleThreadCore')
    cd /Users/vardy/dev/alanvardy-var-1014-lower-deployment-targets-from-ios-187watchos-265-to-the/SingleThread.xcodeproj
    builtin-SwiftPerFileCompile NotificationPreference.swift

SwiftCompile normal arm64 /Users/vardy/dev/alanvardy-var-1014-lower-deployment-targets-from-ios-187watchos-265-to-the/SingleThreadCore/Sources/SingleThreadCore/NotificationScheduler.swift (in target 'SingleThreadCore' from project 'SingleThreadCore')
    cd /Users/vardy/dev/alanvardy-var-1014-lower-deployment-targets-from-ios-187watchos-265-to-the/SingleThread.xcodeproj
    builtin-SwiftPerFileCompile NotificationScheduler.swift

SwiftCompile normal arm64 /Users/vardy/dev/alanvardy-var-1014-lower-deployment-targets-from-ios-187watchos-265-to-the/SingleThreadCore/Sources/SingleThreadCore/OrientationPreference.swift (in target 'SingleThreadCore' from project 'SingleThreadCore')
    cd /Users/vardy/dev/alanvardy-var-1014-lower-deployment-targets-from-ios-187watchos-265-to-the/SingleThread.xcodeproj
    builtin-SwiftPerFileCompile OrientationPreference.swift

SwiftDriverJobDiscovery normal arm64_32 Compiling ReminderDeepLink.swift, ReminderDictationParser.swift, ReminderDisplay.swift, ReminderIntents.swift (in target 'SingleThreadCore' from project 'SingleThreadCore')

SwiftCompile normal arm64 Compiling\ PendingCompletionLogic.swift,\ PendingCompletionStore.swift,\ PreferenceHolder.swift,\ ReminderDateFilter.swift /Users/vardy/dev/alanvardy-var-1014-lower-deployment-targets-from-ios-187watchos-265-to-the/SingleThreadCore/Sources/SingleThreadCore/PendingCompletionLogic.swift /Users/vardy/dev/alanvardy-var-1014-lower-deployment-targets-from-ios-187watchos-265-to-the/SingleThreadCore/Sources/SingleThreadCore/PendingCompletionStore.swift /Users/vardy/dev/alanvardy-var-1014-lower-deployment-targets-from-ios-187watchos-265-to-the/SingleThreadCore/Sources/SingleThreadCore/PreferenceHolder.swift /Users/vardy/dev/alanvardy-var-1014-lower-deployment-targets-from-ios-187watchos-265-to-the/SingleThreadCore/Sources/SingleThreadCore/ReminderDateFilter.swift (in target 'SingleThreadCore' from project 'SingleThreadCore')

SwiftCompile normal arm64 /Users/vardy/dev/alanvardy-var-1014-lower-deployment-targets-from-ios-187watchos-265-to-the/SingleThreadCore/Sources/SingleThreadCore/PendingCompletionLogic.swift (in target 'SingleThreadCore' from project 'SingleThreadCore')
    cd /Users/vardy/dev/alanvardy-var-1014-lower-deployment-targets-from-ios-187watchos-265-to-the/SingleThread.xcodeproj
    builtin-SwiftPerFileCompile PendingCompletionLogic.swift

SwiftCompile normal arm64 /Users/vardy/dev/alanvardy-var-1014-lower-deployment-targets-from-ios-187watchos-265-to-the/SingleThreadCore/Sources/SingleThreadCore/PendingCompletionStore.swift (in target 'SingleThreadCore' from project 'SingleThreadCore')
    cd /Users/vardy/dev/alanvardy-var-1014-lower-deployment-targets-from-ios-187watchos-265-to-the/SingleThread.xcodeproj
    builtin-SwiftPerFileCompile PendingCompletionStore.swift

SwiftCompile normal arm64 /Users/vardy/dev/alanvardy-var-1014-lower-deployment-targets-from-ios-187watchos-265-to-the/SingleThreadCore/Sources/SingleThreadCore/PreferenceHolder.swift (in target 'SingleThreadCore' from project 'SingleThreadCore')
    cd /Users/vardy/dev/alanvardy-var-1014-lower-deployment-targets-from-ios-187watchos-265-to-the/SingleThread.xcodeproj
    builtin-SwiftPerFileCompile PreferenceHolder.swift

SwiftCompile normal arm64 /Users/vardy/dev/alanvardy-var-1014-lower-deployment-targets-from-ios-187watchos-265-to-the/SingleThreadCore/Sources/SingleThreadCore/ReminderDateFilter.swift (in target 'SingleThreadCore' from project 'SingleThreadCore')
    cd /Users/vardy/dev/alanvardy-var-1014-lower-deployment-targets-from-ios-187watchos-265-to-the/SingleThread.xcodeproj
    builtin-SwiftPerFileCompile ReminderDateFilter.swift

SwiftExplicitDependencyGeneratePcm arm64 /Users/vardy/dev/alanvardy-var-1014-lower-deployment-targets-from-ios-187watchos-265-to-the/DerivedData/SDKExplicitPrecompiledModules/CoreServices-2E3BIEPHI544LNXMNSOPKZUQU.pcm

SwiftExplicitDependencyGeneratePcm arm64 /Users/vardy/dev/alanvardy-var-1014-lower-deployment-targets-from-ios-187watchos-265-to-the/DerivedData/SDKExplicitPrecompiledModules/ImageIO-77N0JINH1V3LV147BU3OQV6WF.pcm

SwiftExplicitDependencyGeneratePcm arm64 /Users/vardy/dev/alanvardy-var-1014-lower-deployment-targets-from-ios-187watchos-265-to-the/DerivedData/SDKExplicitPrecompiledModules/Foundation-5AYG81MCS71UO0B0N0HQY51HL.pcm

SwiftDriverJobDiscovery normal arm64_32 Compiling EntitlementState.swift, EntitlementStore.swift, EventKitStoring.swift, EventStoreChangedObserver.swift (in target 'SingleThreadCore' from project 'SingleThreadCore')

SwiftExplicitDependencyGeneratePcm arm64 /Users/vardy/dev/alanvardy-var-1014-lower-deployment-targets-from-ios-187watchos-265-to-the/DerivedData/SDKExplicitPrecompiledModules/CoreText-A6HWD4WM26OQ6Y7ITD0PPRUPO.pcm

SwiftCompile normal arm64 Compiling\ UITestingSeed.swift,\ UndoStore.swift,\ UserNotificationCentering.swift /Users/vardy/dev/alanvardy-var-1014-lower-deployment-targets-from-ios-187watchos-265-to-the/SingleThreadCore/Sources/SingleThreadCore/UITestingSeed.swift /Users/vardy/dev/alanvardy-var-1014-lower-deployment-targets-from-ios-187watchos-265-to-the/SingleThreadCore/Sources/SingleThreadCore/UndoStore.swift /Users/vardy/dev/alanvardy-var-1014-lower-deployment-targets-from-ios-187watchos-265-to-the/SingleThreadCore/Sources/SingleThreadCore/UserNotificationCentering.swift (in target 'SingleThreadCore' from project 'SingleThreadCore')

SwiftCompile normal arm64 /Users/vardy/dev/alanvardy-var-1014-lower-deployment-targets-from-ios-187watchos-265-to-the/SingleThreadCore/Sources/SingleThreadCore/UITestingSeed.swift (in target 'SingleThreadCore' from project 'SingleThreadCore')
    cd /Users/vardy/dev/alanvardy-var-1014-lower-deployment-targets-from-ios-187watchos-265-to-the/SingleThread.xcodeproj
    builtin-SwiftPerFileCompile UITestingSeed.swift

SwiftCompile normal arm64 /Users/vardy/dev/alanvardy-var-1014-lower-deployment-targets-from-ios-187watchos-265-to-the/SingleThreadCore/Sources/SingleThreadCore/UndoStore.swift (in target 'SingleThreadCore' from project 'SingleThreadCore')
    cd /Users/vardy/dev/alanvardy-var-1014-lower-deployment-targets-from-ios-187watchos-265-to-the/SingleThread.xcodeproj
    builtin-SwiftPerFileCompile UndoStore.swift

SwiftCompile normal arm64 /Users/vardy/dev/alanvardy-var-1014-lower-deployment-targets-from-ios-187watchos-265-to-the/SingleThreadCore/Sources/SingleThreadCore/UserNotificationCentering.swift (in target 'SingleThreadCore' from project 'SingleThreadCore')
    cd /Users/vardy/dev/alanvardy-var-1014-lower-deployment-targets-from-ios-187watchos-265-to-the/SingleThread.xcodeproj
    builtin-SwiftPerFileCompile UserNotificationCentering.swift

SwiftDriverJobDiscovery normal arm64 Compiling SortOption.swift, StaleReminderRechecker.swift, TranscriptionAccumulator.swift (in target 'SingleThreadCore' from project 'SingleThreadCore')

SwiftCompile normal arm64_32 Compiling\ AppearanceModePreference.swift,\ BoolPreferenceKey.swift,\ BoolPreferenceStore.swift,\ CodeSpanFormatter.swift /Users/vardy/dev/alanvardy-var-1014-lower-deployment-targets-from-ios-187watchos-265-to-the/SingleThreadCore/Sources/SingleThreadCore/AppearanceModePreference.swift /Users/vardy/dev/alanvardy-var-1014-lower-deployment-targets-from-ios-187watchos-265-to-the/SingleThreadCore/Sources/SingleThreadCore/BoolPreferenceKey.swift /Users/vardy/dev/alanvardy-var-1014-lower-deployment-targets-from-ios-187watchos-265-to-the/SingleThreadCore/Sources/SingleThreadCore/BoolPreferenceStore.swift /Users/vardy/dev/alanvardy-var-1014-lower-deployment-targets-from-ios-187watchos-265-to-the/SingleThreadCore/Sources/SingleThreadCore/CodeSpanFormatter.swift (in target 'SingleThreadCore' from project 'SingleThreadCore')

SwiftCompile normal arm64_32 /Users/vardy/dev/alanvardy-var-1014-lower-deployment-targets-from-ios-187watchos-265-to-the/SingleThreadCore/Sources/SingleThreadCore/AppearanceModePreference.swift (in target 'SingleThreadCore' from project 'SingleThreadCore')
    cd /Users/vardy/dev/alanvardy-var-1014-lower-deployment-targets-from-ios-187watchos-265-to-the/SingleThread.xcodeproj
    builtin-SwiftPerFileCompile AppearanceModePreference.swift

SwiftCompile normal arm64_32 /Users/vardy/dev/alanvardy-var-1014-lower-deployment-targets-from-ios-187watchos-265-to-the/SingleThreadCore/Sources/SingleThreadCore/BoolPreferenceKey.swift (in target 'SingleThreadCore' from project 'SingleThreadCore')
    cd /Users/vardy/dev/alanvardy-var-1014-lower-deployment-targets-from-ios-187watchos-265-to-the/SingleThread.xcodeproj
    builtin-SwiftPerFileCompile BoolPreferenceKey.swift

SwiftCompile normal arm64_32 /Users/vardy/dev/alanvardy-var-1014-lower-deployment-targets-from-ios-187watchos-265-to-the/SingleThreadCore/Sources/SingleThreadCore/BoolPreferenceStore.swift (in target 'SingleThreadCore' from project 'SingleThreadCore')
    cd /Users/vardy/dev/alanvardy-var-1014-lower-deployment-targets-from-ios-187watchos-265-to-the/SingleThread.xcodeproj
    builtin-SwiftPerFileCompile BoolPreferenceStore.swift

SwiftCompile normal arm64_32 /Users/vardy/dev/alanvardy-var-1014-lower-deployment-targets-from-ios-187watchos-265-to-the/SingleThreadCore/Sources/SingleThreadCore/CodeSpanFormatter.swift (in target 'SingleThreadCore' from project 'SingleThreadCore')
    cd /Users/vardy/dev/alanvardy-var-1014-lower-deployment-targets-from-ios-187watchos-265-to-the/SingleThread.xcodeproj
    builtin-SwiftPerFileCompile CodeSpanFormatter.swift

SwiftDriverJobDiscovery normal arm64 Compiling CompletionCounterStore.swift, CompletionGlow.swift, CompletionMomentumOverlay.swift, DailyCompletionStore.swift (in target 'SingleThreadCore' from project 'SingleThreadCore')

SwiftCompile normal arm64_32 Compiling\ ReminderRecurrenceFormatter.swift,\ ReminderSkip.swift,\ ReminderSort.swift,\ ReminderStore.swift /Users/vardy/dev/alanvardy-var-1014-lower-deployment-targets-from-ios-187watchos-265-to-the/SingleThreadCore/Sources/SingleThreadCore/ReminderRecurrenceFormatter.swift /Users/vardy/dev/alanvardy-var-1014-lower-deployment-targets-from-ios-187watchos-265-to-the/SingleThreadCore/Sources/SingleThreadCore/ReminderSkip.swift /Users/vardy/dev/alanvardy-var-1014-lower-deployment-targets-from-ios-187watchos-265-to-the/SingleThreadCore/Sources/SingleThreadCore/ReminderSort.swift /Users/vardy/dev/alanvardy-var-1014-lower-deployment-targets-from-ios-187watchos-265-to-the/SingleThreadCore/Sources/SingleThreadCore/ReminderStore.swift (in target 'SingleThreadCore' from project 'SingleThreadCore')

SwiftCompile normal arm64_32 /Users/vardy/dev/alanvardy-var-1014-lower-deployment-targets-from-ios-187watchos-265-to-the/SingleThreadCore/Sources/SingleThreadCore/ReminderRecurrenceFormatter.swift (in target 'SingleThreadCore' from project 'SingleThreadCore')
    cd /Users/vardy/dev/alanvardy-var-1014-lower-deployment-targets-from-ios-187watchos-265-to-the/SingleThread.xcodeproj
    builtin-SwiftPerFileCompile ReminderRecurrenceFormatter.swift

SwiftCompile normal arm64_32 /Users/vardy/dev/alanvardy-var-1014-lower-deployment-targets-from-ios-187watchos-265-to-the/SingleThreadCore/Sources/SingleThreadCore/ReminderSkip.swift (in target 'SingleThreadCore' from project 'SingleThreadCore')
    cd /Users/vardy/dev/alanvardy-var-1014-lower-deployment-targets-from-ios-187watchos-265-to-the/SingleThread.xcodeproj
    builtin-SwiftPerFileCompile ReminderSkip.swift

SwiftCompile normal arm64_32 /Users/vardy/dev/alanvardy-var-1014-lower-deployment-targets-from-ios-187watchos-265-to-the/SingleThreadCore/Sources/SingleThreadCore/ReminderSort.swift (in target 'SingleThreadCore' from project 'SingleThreadCore')
    cd /Users/vardy/dev/alanvardy-var-1014-lower-deployment-targets-from-ios-187watchos-265-to-the/SingleThread.xcodeproj
    builtin-SwiftPerFileCompile ReminderSort.swift

SwiftCompile normal arm64_32 /Users/vardy/dev/alanvardy-var-1014-lower-deployment-targets-from-ios-187watchos-265-to-the/SingleThreadCore/Sources/SingleThreadCore/ReminderStore.swift (in target 'SingleThreadCore' from project 'SingleThreadCore')
    cd /Users/vardy/dev/alanvardy-var-1014-lower-deployment-targets-from-ios-187watchos-265-to-the/SingleThread.xcodeproj
    builtin-SwiftPerFileCompile ReminderStore.swift

SwiftDriverJobDiscovery normal arm64 Compiling ExcludedListStore.swift, InMemoryEventStore.swift, ListContent.swift, LocalizedString+Shared.swift (in target 'SingleThreadCore' from project 'SingleThreadCore')

SwiftCompile normal arm64 Compiling\ resource_bundle_accessor.swift,\ ActionMenuGate.swift,\ AppGroup.swift,\ AppInfo.swift /Users/vardy/dev/alanvardy-var-1014-lower-deployment-targets-from-ios-187watchos-265-to-the/DerivedData/Build/Intermediates.noindex/SingleThreadCore.build/Debug-watchos/SingleThreadCore-t.build/DerivedSources/resource_bundle_accessor.swift /Users/vardy/dev/alanvardy-var-1014-lower-deployment-targets-from-ios-187watchos-265-to-the/SingleThreadCore/Sources/SingleThreadCore/ActionMenuGate.swift /Users/vardy/dev/alanvardy-var-1014-lower-deployment-targets-from-ios-187watchos-265-to-the/SingleThreadCore/Sources/SingleThreadCore/AppGroup.swift /Users/vardy/dev/alanvardy-var-1014-lower-deployment-targets-from-ios-187watchos-265-to-the/SingleThreadCore/Sources/SingleThreadCore/AppInfo.swift (in target 'SingleThreadCore' from project 'SingleThreadCore')

SwiftCompile normal arm64 /Users/vardy/dev/alanvardy-var-1014-lower-deployment-targets-from-ios-187watchos-265-to-the/DerivedData/Build/Intermediates.noindex/SingleThreadCore.build/Debug-watchos/SingleThreadCore-t.build/DerivedSources/resource_bundle_accessor.swift (in target 'SingleThreadCore' from project 'SingleThreadCore')
    cd /Users/vardy/dev/alanvardy-var-1014-lower-deployment-targets-from-ios-187watchos-265-to-the/SingleThread.xcodeproj
    builtin-SwiftPerFileCompile resource_bundle_accessor.swift

SwiftCompile normal arm64 /Users/vardy/dev/alanvardy-var-1014-lower-deployment-targets-from-ios-187watchos-265-to-the/SingleThreadCore/Sources/SingleThreadCore/ActionMenuGate.swift (in target 'SingleThreadCore' from project 'SingleThreadCore')
    cd /Users/vardy/dev/alanvardy-var-1014-lower-deployment-targets-from-ios-187watchos-265-to-the/SingleThread.xcodeproj
    builtin-SwiftPerFileCompile ActionMenuGate.swift

SwiftCompile normal arm64 /Users/vardy/dev/alanvardy-var-1014-lower-deployment-targets-from-ios-187watchos-265-to-the/SingleThreadCore/Sources/SingleThreadCore/AppGroup.swift (in target 'SingleThreadCore' from project 'SingleThreadCore')
    cd /Users/vardy/dev/alanvardy-var-1014-lower-deployment-targets-from-ios-187watchos-265-to-the/SingleThread.xcodeproj
    builtin-SwiftPerFileCompile AppGroup.swift

SwiftCompile normal arm64 /Users/vardy/dev/alanvardy-var-1014-lower-deployment-targets-from-ios-187watchos-265-to-the/SingleThreadCore/Sources/SingleThreadCore/AppInfo.swift (in target 'SingleThreadCore' from project 'SingleThreadCore')
    cd /Users/vardy/dev/alanvardy-var-1014-lower-deployment-targets-from-ios-187watchos-265-to-the/SingleThread.xcodeproj
    builtin-SwiftPerFileCompile AppInfo.swift

SwiftDriverJobDiscovery normal arm64 Compiling PendingCompletionLogic.swift, PendingCompletionStore.swift, PreferenceHolder.swift, ReminderDateFilter.swift (in target 'SingleThreadCore' from project 'SingleThreadCore')

MkDir /Users/vardy/dev/alanvardy-var-1014-lower-deployment-targets-from-ios-187watchos-265-to-the/DerivedData/Build/Intermediates.noindex/SingleThread.build/Debug-watchos/SingleThreadWatch.build/assetcatalog_output/unthinned (in target 'SingleThreadWatch' from project 'SingleThread')
    cd /Users/vardy/dev/alanvardy-var-1014-lower-deployment-targets-from-ios-187watchos-265-to-the
    /bin/mkdir -p /Users/vardy/dev/alanvardy-var-1014-lower-deployment-targets-from-ios-187watchos-265-to-the/DerivedData/Build/Intermediates.noindex/SingleThread.build/Debug-watchos/SingleThreadWatch.build/assetcatalog_output/unthinned

MkDir /Users/vardy/dev/alanvardy-var-1014-lower-deployment-targets-from-ios-187watchos-265-to-the/DerivedData/Build/Intermediates.noindex/SingleThread.build/Debug-watchos/SingleThreadWatch.build/assetcatalog_output/thinned (in target 'SingleThreadWatch' from project 'SingleThread')
    cd /Users/vardy/dev/alanvardy-var-1014-lower-deployment-targets-from-ios-187watchos-265-to-the
    /bin/mkdir -p /Users/vardy/dev/alanvardy-var-1014-lower-deployment-targets-from-ios-187watchos-265-to-the/DerivedData/Build/Intermediates.noindex/SingleThread.build/Debug-watchos/SingleThreadWatch.build/assetcatalog_output/thinned

GenerateAssetSymbols /Users/vardy/dev/alanvardy-var-1014-lower-deployment-targets-from-ios-187watchos-265-to-the/SingleThreadWatch/Assets.xcassets (in target 'SingleThreadWatch' from project 'SingleThread')
    cd /Users/vardy/dev/alanvardy-var-1014-lower-deployment-targets-from-ios-187watchos-265-to-the
    /Applications/Xcode.app/Contents/Developer/usr/bin/actool /Users/vardy/dev/alanvardy-var-1014-lower-deployment-targets-from-ios-187watchos-265-to-the/SingleThreadWatch/Assets.xcassets --compile /Users/vardy/dev/alanvardy-var-1014-lower-deployment-targets-from-ios-187watchos-265-to-the/DerivedData/Build/Products/Debug-watchos/SingleThreadWatch.app --output-format human-readable-text --notices --warnings --export-dependency-info /Users/vardy/dev/alanvardy-var-1014-lower-deployment-targets-from-ios-187watchos-265-to-the/DerivedData/Build/Intermediates.noindex/SingleThread.build/Debug-watchos/SingleThreadWatch.build/assetcatalog_dependencies --output-partial-info-plist /Users/vardy/dev/alanvardy-var-1014-lower-deployment-targets-from-ios-187watchos-265-to-the/DerivedData/Build/Intermediates.noindex/SingleThread.build/Debug-watchos/SingleThreadWatch.build/assetcatalog_generated_info.plist --app-icon AppIcon --compress-pngs --enable-on-demand-resources YES --development-region en --target-device watch --minimum-deployment-target 11.0 --platform watchos --bundle-identifier app.alanvardy.SingleThread.watchkitapp --generate-swift-asset-symbols /Users/vardy/dev/alanvardy-var-1014-lower-deployment-targets-from-ios-187watchos-265-to-the/DerivedData/Build/Intermediates.noindex/SingleThread.build/Debug-watchos/SingleThreadWatch.build/DerivedSources/GeneratedAssetSymbols.swift --generate-objc-asset-symbols /Users/vardy/dev/alanvardy-var-1014-lower-deployment-targets-from-ios-187watchos-265-to-the/DerivedData/Build/Intermediates.noindex/SingleThread.build/Debug-watchos/SingleThreadWatch.build/DerivedSources/GeneratedAssetSymbols.h --generate-asset-symbol-index /Users/vardy/dev/alanvardy-var-1014-lower-deployment-targets-from-ios-187watchos-265-to-the/DerivedData/Build/Intermediates.noindex/SingleThread.build/Debug-watchos/SingleThreadWatch.build/DerivedSources/GeneratedAssetSymbols-Index.plist
/* com.apple.actool.compilation-results */
/Users/vardy/dev/alanvardy-var-1014-lower-deployment-targets-from-ios-187watchos-265-to-the/DerivedData/Build/Intermediates.noindex/SingleThread.build/Debug-watchos/SingleThreadWatch.build/DerivedSources/GeneratedAssetSymbols-Index.plist
/Users/vardy/dev/alanvardy-var-1014-lower-deployment-targets-from-ios-187watchos-265-to-the/DerivedData/Build/Intermediates.noindex/SingleThread.build/Debug-watchos/SingleThreadWatch.build/DerivedSources/GeneratedAssetSymbols.h
/Users/vardy/dev/alanvardy-var-1014-lower-deployment-targets-from-ios-187watchos-265-to-the/DerivedData/Build/Intermediates.noindex/SingleThread.build/Debug-watchos/SingleThreadWatch.build/DerivedSources/GeneratedAssetSymbols.swift


CompileAssetCatalogVariant thinned /Users/vardy/dev/alanvardy-var-1014-lower-deployment-targets-from-ios-187watchos-265-to-the/DerivedData/Build/Products/Debug-watchos/SingleThreadWatch.app /Users/vardy/dev/alanvardy-var-1014-lower-deployment-targets-from-ios-187watchos-265-to-the/SingleThreadWatch/Assets.xcassets (in target 'SingleThreadWatch' from project 'SingleThread')
    cd /Users/vardy/dev/alanvardy-var-1014-lower-deployment-targets-from-ios-187watchos-265-to-the
    /Applications/Xcode.app/Contents/Developer/usr/bin/actool /Users/vardy/dev/alanvardy-var-1014-lower-deployment-targets-from-ios-187watchos-265-to-the/SingleThreadWatch/Assets.xcassets --compile /Users/vardy/dev/alanvardy-var-1014-lower-deployment-targets-from-ios-187watchos-265-to-the/DerivedData/Build/Intermediates.noindex/SingleThread.build/Debug-watchos/SingleThreadWatch.build/assetcatalog_output/thinned --output-format human-readable-text --notices --warnings --export-dependency-info /Users/vardy/dev/alanvardy-var-1014-lower-deployment-targets-from-ios-187watchos-265-to-the/DerivedData/Build/Intermediates.noindex/SingleThread.build/Debug-watchos/SingleThreadWatch.build/assetcatalog_dependencies_thinned --output-partial-info-plist /Users/vardy/dev/alanvardy-var-1014-lower-deployment-targets-from-ios-187watchos-265-to-the/DerivedData/Build/Intermediates.noindex/SingleThread.build/Debug-watchos/SingleThreadWatch.build/assetcatalog_generated_info.plist_thinned --app-icon AppIcon --compress-pngs --enable-on-demand-resources YES --development-region en --target-device watch --minimum-deployment-target 11.0 --platform watchos
/* com.apple.actool.compilation-results */
/Users/vardy/dev/alanvardy-var-1014-lower-deployment-targets-from-ios-187watchos-265-to-the/DerivedData/Build/Intermediates.noindex/SingleThread.build/Debug-watchos/SingleThreadWatch.build/assetcatalog_generated_info.plist_thinned
/Users/vardy/dev/alanvardy-var-1014-lower-deployment-targets-from-ios-187watchos-265-to-the/DerivedData/Build/Intermediates.noindex/SingleThread.build/Debug-watchos/SingleThreadWatch.build/assetcatalog_output/thinned/Assets.car


SwiftDriverJobDiscovery normal arm64 Compiling resource_bundle_accessor.swift, ActionMenuGate.swift, AppGroup.swift, AppInfo.swift (in target 'SingleThreadCore' from project 'SingleThreadCore')

SwiftDriverJobDiscovery normal arm64 Compiling ReminderRecurrenceFormatter.swift, ReminderSkip.swift, ReminderSort.swift, ReminderStore.swift (in target 'SingleThreadCore' from project 'SingleThreadCore')

SwiftDriver SingleThreadWatch normal arm64 com.apple.xcode.tools.swift.compiler (in target 'SingleThreadWatch' from project 'SingleThread')
    cd /Users/vardy/dev/alanvardy-var-1014-lower-deployment-targets-from-ios-187watchos-265-to-the
    builtin-SwiftDriver -- /Applications/Xcode.app/Contents/Developer/Toolchains/XcodeDefault.xctoolchain/usr/bin/swiftc -module-name SingleThreadWatch -Onone @/Users/vardy/dev/alanvardy-var-1014-lower-deployment-targets-from-ios-187watchos-265-to-the/DerivedData/Build/Intermediates.noindex/SingleThread.build/Debug-watchos/SingleThreadWatch.build/Objects-normal/arm64/SingleThreadWatch.SwiftFileList -DDEBUG -default-isolation\=MainActor -enable-upcoming-feature InferIsolatedConformances -enable-upcoming-feature NonisolatedNonsendingByDefault -enable-experimental-feature DebugDescriptionMacro -sdk /Applications/Xcode.app/Contents/Developer/Platforms/WatchOS.platform/Developer/SDKs/WatchOS27.0.sdk -target arm64-apple-watchos11.0 -g -module-cache-path /Users/vardy/dev/alanvardy-var-1014-lower-deployment-targets-from-ios-187watchos-265-to-the/DerivedData/ModuleCache.noindex -Xfrontend -serialize-debugging-options -profile-coverage-mapping -profile-generate -enable-testing -warnings-as-errors -index-store-path /Users/vardy/dev/alanvardy-var-1014-lower-deployment-targets-from-ios-187watchos-265-to-the/DerivedData/Index.noindex/DataStore -Xcc -D_LIBCPP_HARDENING_MODE\=_LIBCPP_HARDENING_MODE_DEBUG -swift-version 6 -I /Users/vardy/dev/alanvardy-var-1014-lower-deployment-targets-from-ios-187watchos-265-to-the/DerivedData/Build/Products/Debug-watchos -F /Users/vardy/dev/alanvardy-var-1014-lower-deployment-targets-from-ios-187watchos-265-to-the/DerivedData/Build/Products/Debug-watchos/PackageFrameworks -F /Users/vardy/dev/alanvardy-var-1014-lower-deployment-targets-from-ios-187watchos-265-to-the/DerivedData/Build/Products/Debug-watchos -emit-localized-strings -emit-localized-strings-path /Users/vardy/dev/alanvardy-var-1014-lower-deployment-targets-from-ios-187watchos-265-to-the/DerivedData/Build/Intermediates.noindex/SingleThread.build/Debug-watchos/SingleThreadWatch.build/Objects-normal/arm64 -c -j12 -enable-batch-mode -incremental -Xcc -ivfsstatcache -Xcc /Users/vardy/dev/alanvardy-var-1014-lower-deployment-targets-from-ios-187watchos-265-to-the/DerivedData/SDKStatCaches.noindex/watchos27.0-24R360-84ee5e44e35145daf7706869e872e73f.sdkstatcache -output-file-map /Users/vardy/dev/alanvardy-var-1014-lower-deployment-targets-from-ios-187watchos-265-to-the/DerivedData/Build/Intermediates.noindex/SingleThread.build/Debug-watchos/SingleThreadWatch.build/Objects-normal/arm64/SingleThreadWatch-OutputFileMap.json -save-temps -no-color-diagnostics -explicit-module-build -module-cache-path /Users/vardy/dev/alanvardy-var-1014-lower-deployment-targets-from-ios-187watchos-265-to-the/DerivedData/Build/Intermediates.noindex/SwiftExplicitPrecompiledModules -clang-scanner-module-cache-path /Users/vardy/dev/alanvardy-var-1014-lower-deployment-targets-from-ios-187watchos-265-to-the/DerivedData/ModuleCache.noindex -sdk-module-cache-path /Users/vardy/dev/alanvardy-var-1014-lower-deployment-targets-from-ios-187watchos-265-to-the/DerivedData/SDKExplicitPrecompiledModules -emit-dependencies -emit-module -emit-module-path /Users/vardy/dev/alanvardy-var-1014-lower-deployment-targets-from-ios-187watchos-265-to-the/DerivedData/Build/Intermediates.noindex/SingleThread.build/Debug-watchos/SingleThreadWatch.build/Objects-normal/arm64/SingleThreadWatch.swiftmodule -serialize-diagnostics -dependency-scan-serialize-diagnostics-path /Users/vardy/dev/alanvardy-var-1014-lower-deployment-targets-from-ios-187watchos-265-to-the/DerivedData/Build/Intermediates.noindex/SingleThread.build/Debug-watchos/SingleThreadWatch.build/Objects-normal/arm64/SingleThreadWatch-dependency-scan.dia -validate-clang-modules-once -clang-build-session-file /Users/vardy/dev/alanvardy-var-1014-lower-deployment-targets-from-ios-187watchos-265-to-the/DerivedData/ModuleCache.noindex/Session.modulevalidation -Xcc -fmodules-prune-interval\=86400 -Xcc -fmodules-prune-after\=345600 -emit-const-values -const-gather-protocols-list /Users/vardy/dev/alanvardy-var-1014-lower-deployment-targets-from-ios-187watchos-265-to-the/DerivedData/Build/Intermediates.noindex/SingleThread.build/Debug-watchos/SingleThreadWatch.build/Objects-normal/arm64/SingleThreadWatch_const_extract_protocols.json -Xcc -iquote -Xcc /Users/vardy/dev/alanvardy-var-1014-lower-deployment-targets-from-ios-187watchos-265-to-the/DerivedData/Build/Intermediates.noindex/SingleThread.build/Debug-watchos/SingleThreadWatch.build/SingleThreadWatch-generated-files.hmap -Xcc -I/Users/vardy/dev/alanvardy-var-1014-lower-deployment-targets-from-ios-187watchos-265-to-the/DerivedData/Build/Intermediates.noindex/SingleThread.build/Debug-watchos/SingleThreadWatch.build/SingleThreadWatch-own-target-headers.hmap -Xcc -I/Users/vardy/dev/alanvardy-var-1014-lower-deployment-targets-from-ios-187watchos-265-to-the/DerivedData/Build/Intermediates.noindex/SingleThread.build/Debug-watchos/SingleThreadWatch.build/SingleThreadWatch-all-non-framework-target-headers.hmap -Xcc -ivfsoverlay -Xcc /Users/vardy/dev/alanvardy-var-1014-lower-deployment-targets-from-ios-187watchos-265-to-the/DerivedData/Build/Intermediates.noindex/SingleThread.build/Debug-watchos/SingleThread-33ec346c36bc7f11d2672a35e2382a55-VFS-watchos/all-product-headers.yaml -Xcc -iquote -Xcc /Users/vardy/dev/alanvardy-var-1014-lower-deployment-targets-from-ios-187watchos-265-to-the/DerivedData/Build/Intermediates.noindex/SingleThread.build/Debug-watchos/SingleThreadWatch.build/SingleThreadWatch-project-headers.hmap -Xcc -I/Users/vardy/dev/alanvardy-var-1014-lower-deployment-targets-from-ios-187watchos-265-to-the/DerivedData/Build/Products/Debug-watchos/include -Xcc -I/Users/vardy/dev/alanvardy-var-1014-lower-deployment-targets-from-ios-187watchos-265-to-the/DerivedData/Build/Intermediates.noindex/SingleThread.build/Debug-watchos/SingleThreadWatch.build/DerivedSources-normal/arm64 -Xcc -I/Users/vardy/dev/alanvardy-var-1014-lower-deployment-targets-from-ios-187watchos-265-to-the/DerivedData/Build/Intermediates.noindex/SingleThread.build/Debug-watchos/SingleThreadWatch.build/DerivedSources/arm64 -Xcc -I/Users/vardy/dev/alanvardy-var-1014-lower-deployment-targets-from-ios-187watchos-265-to-the/DerivedData/Build/Intermediates.noindex/SingleThread.build/Debug-watchos/SingleThreadWatch.build/DerivedSources -Xcc -DDEBUG\=1 -emit-objc-header -emit-objc-header-path /Users/vardy/dev/alanvardy-var-1014-lower-deployment-targets-from-ios-187watchos-265-to-the/DerivedData/Build/Intermediates.noindex/SingleThread.build/Debug-watchos/SingleThreadWatch.build/Objects-normal/arm64/SingleThreadWatch-Swift.h -working-directory /Users/vardy/dev/alanvardy-var-1014-lower-deployment-targets-from-ios-187watchos-265-to-the -experimental-emit-module-separately -disable-cmo

SwiftDriver SingleThreadWatch normal arm64_32 com.apple.xcode.tools.swift.compiler (in target 'SingleThreadWatch' from project 'SingleThread')
    cd /Users/vardy/dev/alanvardy-var-1014-lower-deployment-targets-from-ios-187watchos-265-to-the
    builtin-SwiftDriver -- /Applications/Xcode.app/Contents/Developer/Toolchains/XcodeDefault.xctoolchain/usr/bin/swiftc -module-name SingleThreadWatch -Onone @/Users/vardy/dev/alanvardy-var-1014-lower-deployment-targets-from-ios-187watchos-265-to-the/DerivedData/Build/Intermediates.noindex/SingleThread.build/Debug-watchos/SingleThreadWatch.build/Objects-normal/arm64_32/SingleThreadWatch.SwiftFileList -DDEBUG -default-isolation\=MainActor -enable-upcoming-feature InferIsolatedConformances -enable-upcoming-feature NonisolatedNonsendingByDefault -enable-experimental-feature DebugDescriptionMacro -sdk /Applications/Xcode.app/Contents/Developer/Platforms/WatchOS.platform/Developer/SDKs/WatchOS27.0.sdk -target arm64_32-apple-watchos11.0 -g -module-cache-path /Users/vardy/dev/alanvardy-var-1014-lower-deployment-targets-from-ios-187watchos-265-to-the/DerivedData/ModuleCache.noindex -Xfrontend -serialize-debugging-options -profile-coverage-mapping -profile-generate -enable-testing -warnings-as-errors -index-store-path /Users/vardy/dev/alanvardy-var-1014-lower-deployment-targets-from-ios-187watchos-265-to-the/DerivedData/Index.noindex/DataStore -Xcc -D_LIBCPP_HARDENING_MODE\=_LIBCPP_HARDENING_MODE_DEBUG -swift-version 6 -I /Users/vardy/dev/alanvardy-var-1014-lower-deployment-targets-from-ios-187watchos-265-to-the/DerivedData/Build/Products/Debug-watchos -F /Users/vardy/dev/alanvardy-var-1014-lower-deployment-targets-from-ios-187watchos-265-to-the/DerivedData/Build/Products/Debug-watchos/PackageFrameworks -F /Users/vardy/dev/alanvardy-var-1014-lower-deployment-targets-from-ios-187watchos-265-to-the/DerivedData/Build/Products/Debug-watchos -emit-localized-strings -emit-localized-strings-path /Users/vardy/dev/alanvardy-var-1014-lower-deployment-targets-from-ios-187watchos-265-to-the/DerivedData/Build/Intermediates.noindex/SingleThread.build/Debug-watchos/SingleThreadWatch.build/Objects-normal/arm64_32 -c -j12 -enable-batch-mode -incremental -Xcc -ivfsstatcache -Xcc /Users/vardy/dev/alanvardy-var-1014-lower-deployment-targets-from-ios-187watchos-265-to-the/DerivedData/SDKStatCaches.noindex/watchos27.0-24R360-84ee5e44e35145daf7706869e872e73f.sdkstatcache -output-file-map /Users/vardy/dev/alanvardy-var-1014-lower-deployment-targets-from-ios-187watchos-265-to-the/DerivedData/Build/Intermediates.noindex/SingleThread.build/Debug-watchos/SingleThreadWatch.build/Objects-normal/arm64_32/SingleThreadWatch-OutputFileMap.json -save-temps -no-color-diagnostics -explicit-module-build -module-cache-path /Users/vardy/dev/alanvardy-var-1014-lower-deployment-targets-from-ios-187watchos-265-to-the/DerivedData/Build/Intermediates.noindex/SwiftExplicitPrecompiledModules -clang-scanner-module-cache-path /Users/vardy/dev/alanvardy-var-1014-lower-deployment-targets-from-ios-187watchos-265-to-the/DerivedData/ModuleCache.noindex -sdk-module-cache-path /Users/vardy/dev/alanvardy-var-1014-lower-deployment-targets-from-ios-187watchos-265-to-the/DerivedData/SDKExplicitPrecompiledModules -emit-dependencies -emit-module -emit-module-path /Users/vardy/dev/alanvardy-var-1014-lower-deployment-targets-from-ios-187watchos-265-to-the/DerivedData/Build/Intermediates.noindex/SingleThread.build/Debug-watchos/SingleThreadWatch.build/Objects-normal/arm64_32/SingleThreadWatch.swiftmodule -serialize-diagnostics -dependency-scan-serialize-diagnostics-path /Users/vardy/dev/alanvardy-var-1014-lower-deployment-targets-from-ios-187watchos-265-to-the/DerivedData/Build/Intermediates.noindex/SingleThread.build/Debug-watchos/SingleThreadWatch.build/Objects-normal/arm64_32/SingleThreadWatch-dependency-scan.dia -validate-clang-modules-once -clang-build-session-file /Users/vardy/dev/alanvardy-var-1014-lower-deployment-targets-from-ios-187watchos-265-to-the/DerivedData/ModuleCache.noindex/Session.modulevalidation -Xcc -fmodules-prune-interval\=86400 -Xcc -fmodules-prune-after\=345600 -emit-const-values -const-gather-protocols-list /Users/vardy/dev/alanvardy-var-1014-lower-deployment-targets-from-ios-187watchos-265-to-the/DerivedData/Build/Intermediates.noindex/SingleThread.build/Debug-watchos/SingleThreadWatch.build/Objects-normal/arm64_32/SingleThreadWatch_const_extract_protocols.json -Xcc -iquote -Xcc /Users/vardy/dev/alanvardy-var-1014-lower-deployment-targets-from-ios-187watchos-265-to-the/DerivedData/Build/Intermediates.noindex/SingleThread.build/Debug-watchos/SingleThreadWatch.build/SingleThreadWatch-generated-files.hmap -Xcc -I/Users/vardy/dev/alanvardy-var-1014-lower-deployment-targets-from-ios-187watchos-265-to-the/DerivedData/Build/Intermediates.noindex/SingleThread.build/Debug-watchos/SingleThreadWatch.build/SingleThreadWatch-own-target-headers.hmap -Xcc -I/Users/vardy/dev/alanvardy-var-1014-lower-deployment-targets-from-ios-187watchos-265-to-the/DerivedData/Build/Intermediates.noindex/SingleThread.build/Debug-watchos/SingleThreadWatch.build/SingleThreadWatch-all-non-framework-target-headers.hmap -Xcc -ivfsoverlay -Xcc /Users/vardy/dev/alanvardy-var-1014-lower-deployment-targets-from-ios-187watchos-265-to-the/DerivedData/Build/Intermediates.noindex/SingleThread.build/Debug-watchos/SingleThread-33ec346c36bc7f11d2672a35e2382a55-VFS-watchos/all-product-headers.yaml -Xcc -iquote -Xcc /Users/vardy/dev/alanvardy-var-1014-lower-deployment-targets-from-ios-187watchos-265-to-the/DerivedData/Build/Intermediates.noindex/SingleThread.build/Debug-watchos/SingleThreadWatch.build/SingleThreadWatch-project-headers.hmap -Xcc -I/Users/vardy/dev/alanvardy-var-1014-lower-deployment-targets-from-ios-187watchos-265-to-the/DerivedData/Build/Products/Debug-watchos/include -Xcc -I/Users/vardy/dev/alanvardy-var-1014-lower-deployment-targets-from-ios-187watchos-265-to-the/DerivedData/Build/Intermediates.noindex/SingleThread.build/Debug-watchos/SingleThreadWatch.build/DerivedSources-normal/arm64_32 -Xcc -I/Users/vardy/dev/alanvardy-var-1014-lower-deployment-targets-from-ios-187watchos-265-to-the/DerivedData/Build/Intermediates.noindex/SingleThread.build/Debug-watchos/SingleThreadWatch.build/DerivedSources/arm64_32 -Xcc -I/Users/vardy/dev/alanvardy-var-1014-lower-deployment-targets-from-ios-187watchos-265-to-the/DerivedData/Build/Intermediates.noindex/SingleThread.build/Debug-watchos/SingleThreadWatch.build/DerivedSources -Xcc -DDEBUG\=1 -emit-objc-header -emit-objc-header-path /Users/vardy/dev/alanvardy-var-1014-lower-deployment-targets-from-ios-187watchos-265-to-the/DerivedData/Build/Intermediates.noindex/SingleThread.build/Debug-watchos/SingleThreadWatch.build/Objects-normal/arm64_32/SingleThreadWatch-Swift.h -working-directory /Users/vardy/dev/alanvardy-var-1014-lower-deployment-targets-from-ios-187watchos-265-to-the -experimental-emit-module-separately -disable-cmo

SwiftExplicitDependencyGeneratePcm arm64 /Users/vardy/dev/alanvardy-var-1014-lower-deployment-targets-from-ios-187watchos-265-to-the/DerivedData/SDKExplicitPrecompiledModules/OSLog-8PSJ85WUUPBR8AGFY7UFKO2TE.pcm

SwiftExplicitDependencyGeneratePcm arm64 /Users/vardy/dev/alanvardy-var-1014-lower-deployment-targets-from-ios-187watchos-265-to-the/DerivedData/SDKExplicitPrecompiledModules/LocalAuthentication-2VCINDQY3NGS73C24T8NL1PUE.pcm

SwiftDriverJobDiscovery normal arm64 Compiling ResumptionGate.swift, SkipCountStore.swift, SkippedReminderSyncService.swift (in target 'SingleThreadCore' from project 'SingleThreadCore')

SwiftExplicitDependencyGeneratePcm arm64 /Users/vardy/dev/alanvardy-var-1014-lower-deployment-targets-from-ios-187watchos-265-to-the/DerivedData/SDKExplicitPrecompiledModules/ApplicationServices-3PR41TR4644QOJHIU670D7L7N.pcm

SwiftDriverJobDiscovery normal arm64 Compiling MinimumDisplayDuration.swift, NotificationPreference.swift, NotificationScheduler.swift, OrientationPreference.swift (in target 'SingleThreadCore' from project 'SingleThreadCore')

SwiftExplicitDependencyGeneratePcm arm64 /Users/vardy/dev/alanvardy-var-1014-lower-deployment-targets-from-ios-187watchos-265-to-the/DerivedData/SDKExplicitPrecompiledModules/UniformTypeIdentifiers-2UVYSG3A8R9GUDCT6OJP9UB8R.pcm

SwiftDriverJobDiscovery normal arm64 Compiling UITestingSeed.swift, UndoStore.swift, UserNotificationCentering.swift (in target 'SingleThreadCore' from project 'SingleThreadCore')

SwiftExplicitDependencyGeneratePcm arm64 /Users/vardy/dev/alanvardy-var-1014-lower-deployment-targets-from-ios-187watchos-265-to-the/DerivedData/SDKExplicitPrecompiledModules/DataDetection-F2PMNKQLFXEV39C0QXEKLUL38.pcm

SwiftExplicitDependencyGeneratePcm arm64 /Users/vardy/dev/alanvardy-var-1014-lower-deployment-targets-from-ios-187watchos-265-to-the/DerivedData/SDKExplicitPrecompiledModules/AppIntents-8X0HUJ9JR2J2X2Y2FVXILT1X4.pcm

SwiftExplicitDependencyGeneratePcm arm64 /Users/vardy/dev/alanvardy-var-1014-lower-deployment-targets-from-ios-187watchos-265-to-the/DerivedData/SDKExplicitPrecompiledModules/CoreTransferable-70PIXMQT42NMOT584I8K97FDT.pcm

SwiftExplicitDependencyGeneratePcm arm64 /Users/vardy/dev/alanvardy-var-1014-lower-deployment-targets-from-ios-187watchos-265-to-the/DerivedData/SDKExplicitPrecompiledModules/CoreAudio-LL14XS0EOXSFGXP3C0ZHWLPF.pcm

SwiftExplicitDependencyGeneratePcm arm64 /Users/vardy/dev/alanvardy-var-1014-lower-deployment-targets-from-ios-187watchos-265-to-the/DerivedData/SDKExplicitPrecompiledModules/RelevanceKit-8AKQQJDBROUV5FYWI8BSY9WOQ.pcm

SwiftExplicitDependencyGeneratePcm arm64 /Users/vardy/dev/alanvardy-var-1014-lower-deployment-targets-from-ios-187watchos-265-to-the/DerivedData/SDKExplicitPrecompiledModules/AppIntentsTypeSupport-7V0SKNDJDDEZ6RDUDGFXPEI7R.pcm

SwiftExplicitDependencyGeneratePcm arm64 /Users/vardy/dev/alanvardy-var-1014-lower-deployment-targets-from-ios-187watchos-265-to-the/DerivedData/SDKExplicitPrecompiledModules/Network-3R05P0ZCPSMUW6EK8OE1S9ZT1.pcm

SwiftExplicitDependencyGeneratePcm arm64 /Users/vardy/dev/alanvardy-var-1014-lower-deployment-targets-from-ios-187watchos-265-to-the/DerivedData/SDKExplicitPrecompiledModules/Symbols-IB0PAPZRBHQPD9NCK5KFQ2.pcm

SwiftExplicitDependencyGeneratePcm arm64 /Users/vardy/dev/alanvardy-var-1014-lower-deployment-targets-from-ios-187watchos-265-to-the/DerivedData/SDKExplicitPrecompiledModules/_LocationEssentials-F3MHQB004V3J0FWJJMP0TTTW7.pcm

SwiftExplicitDependencyGeneratePcm arm64 /Users/vardy/dev/alanvardy-var-1014-lower-deployment-targets-from-ios-187watchos-265-to-the/DerivedData/SDKExplicitPrecompiledModules/BackgroundAssets-7Z7PJAU4WCMU4PGA5D2QJF1C4.pcm

SwiftExplicitDependencyGeneratePcm arm64 /Users/vardy/dev/alanvardy-var-1014-lower-deployment-targets-from-ios-187watchos-265-to-the/DerivedData/SDKExplicitPrecompiledModules/CoreData-3F4JAWX71DYS9BULZ79YB7LTV.pcm

SwiftExplicitDependencyGeneratePcm arm64 /Users/vardy/dev/alanvardy-var-1014-lower-deployment-targets-from-ios-187watchos-265-to-the/DerivedData/SDKExplicitPrecompiledModules/UserNotifications-C7Q9UGEWUR5WOGVPV3UYMYIGX.pcm

SwiftDriverJobDiscovery normal arm64 Compiling ReminderDeepLink.swift, ReminderDictationParser.swift, ReminderDisplay.swift, ReminderIntents.swift (in target 'SingleThreadCore' from project 'SingleThreadCore')

SwiftExplicitDependencyGeneratePcm arm64 /Users/vardy/dev/alanvardy-var-1014-lower-deployment-targets-from-ios-187watchos-265-to-the/DerivedData/SDKExplicitPrecompiledModules/CoreSpotlight-22R2ZLC6KXSNAB31KNNR8MS3O.pcm

SwiftExplicitDependencyGeneratePcm arm64 /Users/vardy/dev/alanvardy-var-1014-lower-deployment-targets-from-ios-187watchos-265-to-the/DerivedData/SDKExplicitPrecompiledModules/CoreLocation-8497IE8CC4O9KOR4XTIVW5OZ.pcm

SwiftExplicitDependencyGeneratePcm arm64 /Users/vardy/dev/alanvardy-var-1014-lower-deployment-targets-from-ios-187watchos-265-to-the/DerivedData/SDKExplicitPrecompiledModules/Accessibility-DS454XEN33NBW6LCEEEOV7258.pcm

SwiftExplicitDependencyGeneratePcm arm64 /Users/vardy/dev/alanvardy-var-1014-lower-deployment-targets-from-ios-187watchos-265-to-the/DerivedData/SDKExplicitPrecompiledModules/IOSurface-1CBH9WKZ2K1QUQFTEODR4ADE5.pcm

SwiftDriverJobDiscovery normal arm64 Compiling EntitlementState.swift, EntitlementStore.swift, EventKitStoring.swift, EventStoreChangedObserver.swift (in target 'SingleThreadCore' from project 'SingleThreadCore')

SwiftExplicitDependencyGeneratePcm arm64 /Users/vardy/dev/alanvardy-var-1014-lower-deployment-targets-from-ios-187watchos-265-to-the/DerivedData/SDKExplicitPrecompiledModules/Metal-RR9XBZFC5RSVFCB2T5MJJ5J8.pcm

SwiftExplicitDependencyGeneratePcm arm64 /Users/vardy/dev/alanvardy-var-1014-lower-deployment-targets-from-ios-187watchos-265-to-the/DerivedData/SDKExplicitPrecompiledModules/OpenGL-EF65WV6AJSOQC4RX77V7XZM17.pcm

SwiftExplicitDependencyGeneratePcm arm64 /Users/vardy/dev/alanvardy-var-1014-lower-deployment-targets-from-ios-187watchos-265-to-the/DerivedData/SDKExplicitPrecompiledModules/EventKit-7SRH80IVQS0M78RFUTW10JS3Q.pcm

LinkAssetCatalog /Users/vardy/dev/alanvardy-var-1014-lower-deployment-targets-from-ios-187watchos-265-to-the/SingleThreadWatch/Assets.xcassets (in target 'SingleThreadWatch' from project 'SingleThread')
    cd /Users/vardy/dev/alanvardy-var-1014-lower-deployment-targets-from-ios-187watchos-265-to-the
    builtin-linkAssetCatalog --thinned /Users/vardy/dev/alanvardy-var-1014-lower-deployment-targets-from-ios-187watchos-265-to-the/DerivedData/Build/Intermediates.noindex/SingleThread.build/Debug-watchos/SingleThreadWatch.build/assetcatalog_output/thinned --thinned-dependencies /Users/vardy/dev/alanvardy-var-1014-lower-deployment-targets-from-ios-187watchos-265-to-the/DerivedData/Build/Intermediates.noindex/SingleThread.build/Debug-watchos/SingleThreadWatch.build/assetcatalog_dependencies_thinned --thinned-info-plist-content /Users/vardy/dev/alanvardy-var-1014-lower-deployment-targets-from-ios-187watchos-265-to-the/DerivedData/Build/Intermediates.noindex/SingleThread.build/Debug-watchos/SingleThreadWatch.build/assetcatalog_generated_info.plist_thinned --unthinned /Users/vardy/dev/alanvardy-var-1014-lower-deployment-targets-from-ios-187watchos-265-to-the/DerivedData/Build/Intermediates.noindex/SingleThread.build/Debug-watchos/SingleThreadWatch.build/assetcatalog_output/unthinned --unthinned-dependencies /Users/vardy/dev/alanvardy-var-1014-lower-deployment-targets-from-ios-187watchos-265-to-the/DerivedData/Build/Intermediates.noindex/SingleThread.build/Debug-watchos/SingleThreadWatch.build/assetcatalog_dependencies_unthinned --unthinned-info-plist-content /Users/vardy/dev/alanvardy-var-1014-lower-deployment-targets-from-ios-187watchos-265-to-the/DerivedData/Build/Intermediates.noindex/SingleThread.build/Debug-watchos/SingleThreadWatch.build/assetcatalog_generated_info.plist_unthinned --output /Users/vardy/dev/alanvardy-var-1014-lower-deployment-targets-from-ios-187watchos-265-to-the/DerivedData/Build/Products/Debug-watchos/SingleThreadWatch.app --plist-output /Users/vardy/dev/alanvardy-var-1014-lower-deployment-targets-from-ios-187watchos-265-to-the/DerivedData/Build/Intermediates.noindex/SingleThread.build/Debug-watchos/SingleThreadWatch.build/assetcatalog_generated_info.plist
note: Emplaced /Users/vardy/dev/alanvardy-var-1014-lower-deployment-targets-from-ios-187watchos-265-to-the/DerivedData/Build/Products/Debug-watchos/SingleThreadWatch.app/Assets.car (in target 'SingleThreadWatch' from project 'SingleThread')

SwiftExplicitDependencyGeneratePcm arm64_32 /Users/vardy/dev/alanvardy-var-1014-lower-deployment-targets-from-ios-187watchos-265-to-the/DerivedData/SDKExplicitPrecompiledModules/DeveloperToolsSupport-4B8V7CIWMRNC3J2IWCAA7XLF9.pcm

SwiftExplicitDependencyGeneratePcm arm64_32 /Users/vardy/dev/alanvardy-var-1014-lower-deployment-targets-from-ios-187watchos-265-to-the/DerivedData/SDKExplicitPrecompiledModules/ptrcheck-4PNSVB2CIAQLJSVU1QL50R80T.pcm

SwiftExplicitDependencyGeneratePcm arm64_32 /Users/vardy/dev/alanvardy-var-1014-lower-deployment-targets-from-ios-187watchos-265-to-the/DerivedData/SDKExplicitPrecompiledModules/SwiftShims-AHZCA3KRO58YVMS4QK4XZH9XJ.pcm

SwiftExplicitDependencyGeneratePcm arm64_32 /Users/vardy/dev/alanvardy-var-1014-lower-deployment-targets-from-ios-187watchos-265-to-the/DerivedData/SDKExplicitPrecompiledModules/ptrauth-6B7TVB79ZAK0INVVJ3GZRWH40.pcm

SwiftExplicitDependencyGeneratePcm arm64_32 /Users/vardy/dev/alanvardy-var-1014-lower-deployment-targets-from-ios-187watchos-265-to-the/DerivedData/SDKExplicitPrecompiledModules/_Builtin_stdarg-58HISN8RZK6R9TILEDYLH217B.pcm

SwiftExplicitDependencyGeneratePcm arm64_32 /Users/vardy/dev/alanvardy-var-1014-lower-deployment-targets-from-ios-187watchos-265-to-the/DerivedData/SDKExplicitPrecompiledModules/_AvailabilityInternal-CCLSJKQXJH839AT555XLRT9OF.pcm

SwiftExplicitDependencyGeneratePcm arm64_32 /Users/vardy/dev/alanvardy-var-1014-lower-deployment-targets-from-ios-187watchos-265-to-the/DerivedData/SDKExplicitPrecompiledModules/_Builtin_stdbool-26LKLZG7R45NUXJD3237IPFVQ.pcm

SwiftDriverJobDiscovery normal arm64 Compiling AppearanceModePreference.swift, BoolPreferenceKey.swift, BoolPreferenceStore.swift, CodeSpanFormatter.swift (in target 'SingleThreadCore' from project 'SingleThreadCore')

SwiftExplicitDependencyGeneratePcm arm64_32 /Users/vardy/dev/alanvardy-var-1014-lower-deployment-targets-from-ios-187watchos-265-to-the/DerivedData/SDKExplicitPrecompiledModules/_SwiftConcurrencyShims-6FAJIBSZNHIDWUZ22P8MQQ1L5.pcm

SwiftExplicitDependencyGeneratePcm arm64 /Users/vardy/dev/alanvardy-var-1014-lower-deployment-targets-from-ios-187watchos-265-to-the/DerivedData/SDKExplicitPrecompiledModules/_SwiftConcurrencyShims-5DE7OD85AJW724C6K2HJK41XX.pcm

SwiftExplicitDependencyGeneratePcm arm64 /Users/vardy/dev/alanvardy-var-1014-lower-deployment-targets-from-ios-187watchos-265-to-the/DerivedData/SDKExplicitPrecompiledModules/DeveloperToolsSupport-G93E6XXRMBY3BULH7UH1ZDAW.pcm

SwiftExplicitDependencyGeneratePcm arm64 /Users/vardy/dev/alanvardy-var-1014-lower-deployment-targets-from-ios-187watchos-265-to-the/DerivedData/SDKExplicitPrecompiledModules/_AvailabilityInternal-2GTLSUTBX18THTC5YM237RW1D.pcm

SwiftExplicitDependencyGeneratePcm arm64 /Users/vardy/dev/alanvardy-var-1014-lower-deployment-targets-from-ios-187watchos-265-to-the/DerivedData/SDKExplicitPrecompiledModules/ptrcheck-2CW7NKC7GWCOES0500T2H3RCA.pcm

SwiftExplicitDependencyGeneratePcm arm64 /Users/vardy/dev/alanvardy-var-1014-lower-deployment-targets-from-ios-187watchos-265-to-the/DerivedData/SDKExplicitPrecompiledModules/SwiftShims-354JY7C0TCGVF0FQ9LE06V9TY.pcm

SwiftExplicitDependencyGeneratePcm arm64_32 /Users/vardy/dev/alanvardy-var-1014-lower-deployment-targets-from-ios-187watchos-265-to-the/DerivedData/SDKExplicitPrecompiledModules/_Builtin_float-2WRPQE2ELY4E1ALWP5HY1BXBC.pcm

SwiftExplicitDependencyGeneratePcm arm64_32 /Users/vardy/dev/alanvardy-var-1014-lower-deployment-targets-from-ios-187watchos-265-to-the/DerivedData/SDKExplicitPrecompiledModules/_Builtin_stddef-8KRNF1IU7C49AD69YE8ZQ0N4H.pcm

SwiftExplicitDependencyGeneratePcm arm64 /Users/vardy/dev/alanvardy-var-1014-lower-deployment-targets-from-ios-187watchos-265-to-the/DerivedData/SDKExplicitPrecompiledModules/_Builtin_float-6NUZ5437ILF59PYBIPQTABHC8.pcm

SwiftExplicitDependencyGeneratePcm arm64 /Users/vardy/dev/alanvardy-var-1014-lower-deployment-targets-from-ios-187watchos-265-to-the/DerivedData/SDKExplicitPrecompiledModules/_Builtin_stddef-7AZQVY2UYNU1MIPA08UA7SI2S.pcm

SwiftExplicitDependencyGeneratePcm arm64 /Users/vardy/dev/alanvardy-var-1014-lower-deployment-targets-from-ios-187watchos-265-to-the/DerivedData/SDKExplicitPrecompiledModules/ptrauth-7ZKB6X49K6N0DEQJJ69TL0K2J.pcm

SwiftExplicitDependencyGeneratePcm arm64 /Users/vardy/dev/alanvardy-var-1014-lower-deployment-targets-from-ios-187watchos-265-to-the/DerivedData/SDKExplicitPrecompiledModules/_Builtin_stdarg-5OXTJLAIHQD5XY9IA3V8XXPIV.pcm

SwiftExplicitDependencyGeneratePcm arm64 /Users/vardy/dev/alanvardy-var-1014-lower-deployment-targets-from-ios-187watchos-265-to-the/DerivedData/SDKExplicitPrecompiledModules/_Builtin_stdbool-6OIBR7T292F1IDL6QJS6PF9FN.pcm

SwiftDriver\ Compilation SingleThreadCore normal arm64 com.apple.xcode.tools.swift.compiler (in target 'SingleThreadCore' from project 'SingleThreadCore')
    cd /Users/vardy/dev/alanvardy-var-1014-lower-deployment-targets-from-ios-187watchos-265-to-the/SingleThread.xcodeproj
    builtin-Swift-Compilation -- /Applications/Xcode.app/Contents/Developer/Toolchains/XcodeDefault.xctoolchain/usr/bin/swiftc -parse-as-library -module-name SingleThreadCore -Onone @/Users/vardy/dev/alanvardy-var-1014-lower-deployment-targets-from-ios-187watchos-265-to-the/DerivedData/Build/Intermediates.noindex/SingleThreadCore.build/Debug-watchos/SingleThreadCore-t.build/Objects-normal/arm64/SingleThreadCore.SwiftFileList -DSWIFT_PACKAGE -DDEBUG -DSWIFT_MODULE_RESOURCE_BUNDLE_AVAILABLE -DXcode -plugin-path /Applications/Xcode.app/Contents/Developer/Toolchains/XcodeDefault.xctoolchain/usr/lib/swift/host/plugins/testing -enable-experimental-feature DebugDescriptionMacro -sdk /Applications/Xcode.app/Contents/Developer/Platforms/WatchOS.platform/Developer/SDKs/WatchOS27.0.sdk -target arm64-apple-watchos11.0 -g -module-cache-path /Users/vardy/dev/alanvardy-var-1014-lower-deployment-targets-from-ios-187watchos-265-to-the/DerivedData/ModuleCache.noindex -Xfrontend -serialize-debugging-options -profile-coverage-mapping -profile-generate -enable-testing -index-store-path /Users/vardy/dev/alanvardy-var-1014-lower-deployment-targets-from-ios-187watchos-265-to-the/DerivedData/Index.noindex/DataStore -Xcc -D_LIBCPP_HARDENING_MODE\=_LIBCPP_HARDENING_MODE_DEBUG -swift-version 6 -I /Users/vardy/dev/alanvardy-var-1014-lower-deployment-targets-from-ios-187watchos-265-to-the/DerivedData/Build/Products/Debug-watchos -Isystem /Applications/Xcode.app/Contents/Developer/Platforms/WatchOS.platform/Developer/usr/lib -F /Users/vardy/dev/alanvardy-var-1014-lower-deployment-targets-from-ios-187watchos-265-to-the/DerivedData/Build/Products/Debug-watchos -F /Applications/Xcode.app/Contents/Developer/Platforms/WatchOS.platform/Developer/Library/Frameworks -F /Applications/Xcode.app/Contents/Developer/Platforms/WatchOS.platform/Developer/SDKs/WatchOS27.0.sdk/Developer/Library/Frameworks -c -j12 -enable-batch-mode -incremental -Xcc -ivfsstatcache -Xcc /Users/vardy/dev/alanvardy-var-1014-lower-deployment-targets-from-ios-187watchos-265-to-the/DerivedData/SDKStatCaches.noindex/watchos27.0-24R360-84ee5e44e35145daf7706869e872e73f.sdkstatcache -output-file-map /Users/vardy/dev/alanvardy-var-1014-lower-deployment-targets-from-ios-187watchos-265-to-the/DerivedData/Build/Intermediates.noindex/SingleThreadCore.build/Debug-watchos/SingleThreadCore-t.build/Objects-normal/arm64/SingleThreadCore-OutputFileMap.json -save-temps -no-color-diagnostics -explicit-module-build -module-cache-path /Users/vardy/dev/alanvardy-var-1014-lower-deployment-targets-from-ios-187watchos-265-to-the/DerivedData/Build/Intermediates.noindex/SwiftExplicitPrecompiledModules -clang-scanner-module-cache-path /Users/vardy/dev/alanvardy-var-1014-lower-deployment-targets-from-ios-187watchos-265-to-the/DerivedData/ModuleCache.noindex -sdk-module-cache-path /Users/vardy/dev/alanvardy-var-1014-lower-deployment-targets-from-ios-187watchos-265-to-the/DerivedData/SDKExplicitPrecompiledModules -emit-dependencies -emit-module -emit-module-path /Users/vardy/dev/alanvardy-var-1014-lower-deployment-targets-from-ios-187watchos-265-to-the/DerivedData/Build/Intermediates.noindex/SingleThreadCore.build/Debug-watchos/SingleThreadCore-t.build/Objects-normal/arm64/SingleThreadCore.swiftmodule -serialize-diagnostics -dependency-scan-serialize-diagnostics-path /Users/vardy/dev/alanvardy-var-1014-lower-deployment-targets-from-ios-187watchos-265-to-the/DerivedData/Build/Intermediates.noindex/SingleThreadCore.build/Debug-watchos/SingleThreadCore-t.build/Objects-normal/arm64/SingleThreadCore-dependency-scan.dia -validate-clang-modules-once -clang-build-session-file /Users/vardy/dev/alanvardy-var-1014-lower-deployment-targets-from-ios-187watchos-265-to-the/DerivedData/ModuleCache.noindex/Session.modulevalidation -Xcc -fmodules-prune-interval\=86400 -Xcc -fmodules-prune-after\=345600 -package-name singlethreadcore -emit-const-values -const-gather-protocols-list /Users/vardy/dev/alanvardy-var-1014-lower-deployment-targets-from-ios-187watchos-265-to-the/DerivedData/Build/Intermediates.noindex/SingleThreadCore.build/Debug-watchos/SingleThreadCore-t.build/Objects-normal/arm64/SingleThreadCore_const_extract_protocols.json -Xcc -I/Users/vardy/dev/alanvardy-var-1014-lower-deployment-targets-from-ios-187watchos-265-to-the/DerivedData/Build/Products/Debug-watchos/include -Xcc -I/Users/vardy/dev/alanvardy-var-1014-lower-deployment-targets-from-ios-187watchos-265-to-the/DerivedData/Build/Intermediates.noindex/SingleThreadCore.build/Debug-watchos/SingleThreadCore-t.build/DerivedSources-normal/arm64 -Xcc -I/Users/vardy/dev/alanvardy-var-1014-lower-deployment-targets-from-ios-187watchos-265-to-the/DerivedData/Build/Intermediates.noindex/SingleThreadCore.build/Debug-watchos/SingleThreadCore-t.build/DerivedSources/arm64 -Xcc -I/Users/vardy/dev/alanvardy-var-1014-lower-deployment-targets-from-ios-187watchos-265-to-the/DerivedData/Build/Intermediates.noindex/SingleThreadCore.build/Debug-watchos/SingleThreadCore-t.build/DerivedSources -Xcc -DSWIFT_PACKAGE -Xcc -DDEBUG\=1 -emit-objc-header -emit-objc-header-path /Users/vardy/dev/alanvardy-var-1014-lower-deployment-targets-from-ios-187watchos-265-to-the/DerivedData/Build/Intermediates.noindex/SingleThreadCore.build/Debug-watchos/SingleThreadCore-t.build/Objects-normal/arm64/SingleThreadCore-Swift.h -working-directory /Users/vardy/dev/alanvardy-var-1014-lower-deployment-targets-from-ios-187watchos-265-to-the/SingleThread.xcodeproj -experimental-emit-module-separately -disable-cmo

Ld /Users/vardy/dev/alanvardy-var-1014-lower-deployment-targets-from-ios-187watchos-265-to-the/DerivedData/Build/Intermediates.noindex/SingleThreadCore.build/Debug-watchos/SingleThreadCore-t.build/Objects-normal/arm64/Binary/SingleThreadCore.o normal arm64 (in target 'SingleThreadCore' from project 'SingleThreadCore')
    cd /Users/vardy/dev/alanvardy-var-1014-lower-deployment-targets-from-ios-187watchos-265-to-the/SingleThreadCore
    /Applications/Xcode.app/Contents/Developer/Toolchains/XcodeDefault.xctoolchain/usr/bin/clang -Xlinker -reproducible -target arm64-apple-watchos11.0 -r -isysroot /Applications/Xcode.app/Contents/Developer/Platforms/WatchOS.platform/Developer/SDKs/WatchOS27.0.sdk -O0 -Xlinker -no_warn_duplicate_libraries -F/Users/vardy/dev/alanvardy-var-1014-lower-deployment-targets-from-ios-187watchos-265-to-the/DerivedData/Build/Intermediates.noindex/EagerLinkingTBDs/Debug-watchos -F/Users/vardy/dev/alanvardy-var-1014-lower-deployment-targets-from-ios-187watchos-265-to-the/DerivedData/Build/Products/Debug-watchos -iframework /Applications/Xcode.app/Contents/Developer/Platforms/WatchOS.platform/Developer/Library/Frameworks -iframework /Applications/Xcode.app/Contents/Developer/Platforms/WatchOS.platform/Developer/SDKs/WatchOS27.0.sdk/Developer/Library/Frameworks -filelist /Users/vardy/dev/alanvardy-var-1014-lower-deployment-targets-from-ios-187watchos-265-to-the/DerivedData/Build/Intermediates.noindex/SingleThreadCore.build/Debug-watchos/SingleThreadCore-t.build/Objects-normal/arm64/SingleThreadCore.LinkFileList -nostdlib -Xlinker -object_path_lto -Xlinker /Users/vardy/dev/alanvardy-var-1014-lower-deployment-targets-from-ios-187watchos-265-to-the/DerivedData/Build/Intermediates.noindex/SingleThreadCore.build/Debug-watchos/SingleThreadCore-t.build/Objects-normal/arm64/SingleThreadCore_lto.o -Xlinker -no_deduplicate -Xlinker -debug_variant -Xlinker -dependency_info -Xlinker /Users/vardy/dev/alanvardy-var-1014-lower-deployment-targets-from-ios-187watchos-265-to-the/DerivedData/Build/Intermediates.noindex/SingleThreadCore.build/Debug-watchos/SingleThreadCore-t.build/Objects-normal/arm64/SingleThreadCore_dependency_info.dat -fobjc-link-runtime -L/Applications/Xcode.app/Contents/Developer/Toolchains/XcodeDefault.xctoolchain/usr/lib/swift/watchos -L/usr/lib/swift -Xlinker -add_ast_path -Xlinker /Users/vardy/dev/alanvardy-var-1014-lower-deployment-targets-from-ios-187watchos-265-to-the/DerivedData/Build/Intermediates.noindex/SingleThreadCore.build/Debug-watchos/SingleThreadCore-t.build/Objects-normal/arm64/SingleThreadCore.swiftmodule -o /Users/vardy/dev/alanvardy-var-1014-lower-deployment-targets-from-ios-187watchos-265-to-the/DerivedData/Build/Intermediates.noindex/SingleThreadCore.build/Debug-watchos/SingleThreadCore-t.build/Objects-normal/arm64/Binary/SingleThreadCore.o

SwiftExplicitDependencyGeneratePcm arm64_32 /Users/vardy/dev/alanvardy-var-1014-lower-deployment-targets-from-ios-187watchos-265-to-the/DerivedData/SDKExplicitPrecompiledModules/_DarwinFoundation1-177NIC3UNP8SAIRZQOD6EI024.pcm

SwiftExplicitDependencyGeneratePcm arm64 /Users/vardy/dev/alanvardy-var-1014-lower-deployment-targets-from-ios-187watchos-265-to-the/DerivedData/SDKExplicitPrecompiledModules/_DarwinFoundation1-9FQL0H8EV0LHYTLG7IIC63ZQK.pcm

SwiftExplicitDependencyGeneratePcm arm64_32 /Users/vardy/dev/alanvardy-var-1014-lower-deployment-targets-from-ios-187watchos-265-to-the/DerivedData/SDKExplicitPrecompiledModules/ExtensionFoundation-5NK4JLKDR9P5HFDA66AI8CRK.pcm

SwiftExplicitDependencyGeneratePcm arm64_32 /Users/vardy/dev/alanvardy-var-1014-lower-deployment-targets-from-ios-187watchos-265-to-the/DerivedData/SDKExplicitPrecompiledModules/_DarwinFoundation2-8X5RRHZRICR1ML7YVCBGEZPUX.pcm

SwiftExplicitDependencyGeneratePcm arm64_32 /Users/vardy/dev/alanvardy-var-1014-lower-deployment-targets-from-ios-187watchos-265-to-the/DerivedData/SDKExplicitPrecompiledModules/_Builtin_limits-8HDK9ABVUC2U7944N6FCY59XI.pcm

SwiftDriverJobDiscovery normal arm64_32 Compiling AppearanceModePreference.swift, BoolPreferenceKey.swift, BoolPreferenceStore.swift, CodeSpanFormatter.swift (in target 'SingleThreadCore' from project 'SingleThreadCore')

SwiftExplicitDependencyGeneratePcm arm64 /Users/vardy/dev/alanvardy-var-1014-lower-deployment-targets-from-ios-187watchos-265-to-the/DerivedData/SDKExplicitPrecompiledModules/_DarwinFoundation2-8QIRJITYJKAXNH6GGF6QGKYM5.pcm

SwiftExplicitDependencyGeneratePcm arm64 /Users/vardy/dev/alanvardy-var-1014-lower-deployment-targets-from-ios-187watchos-265-to-the/DerivedData/SDKExplicitPrecompiledModules/_Builtin_limits-CDDDUOVL8OH1RLOBUEU1QYNPL.pcm

SwiftExplicitDependencyGeneratePcm arm64 /Users/vardy/dev/alanvardy-var-1014-lower-deployment-targets-from-ios-187watchos-265-to-the/DerivedData/SDKExplicitPrecompiledModules/ExtensionFoundation-1Y1OD1WM43VWNUYAVNMW31CZ2.pcm

SwiftExplicitDependencyGeneratePcm arm64 /Users/vardy/dev/alanvardy-var-1014-lower-deployment-targets-from-ios-187watchos-265-to-the/DerivedData/SDKExplicitPrecompiledModules/CoreVideo-DCDL7X6JMAGICDI3CAQ69IXOH.pcm

SwiftExplicitDependencyGeneratePcm arm64_32 /Users/vardy/dev/alanvardy-var-1014-lower-deployment-targets-from-ios-187watchos-265-to-the/DerivedData/SDKExplicitPrecompiledModules/sys_types-2LAMCN1K6D8BT80F1FUU8ZKNE.pcm

SwiftExplicitDependencyGeneratePcm arm64_32 /Users/vardy/dev/alanvardy-var-1014-lower-deployment-targets-from-ios-187watchos-265-to-the/DerivedData/SDKExplicitPrecompiledModules/string_h-9GSW0IU20W5LRX7DUWN8GXVDN.pcm

SwiftExplicitDependencyGeneratePcm arm64_32 /Users/vardy/dev/alanvardy-var-1014-lower-deployment-targets-from-ios-187watchos-265-to-the/DerivedData/SDKExplicitPrecompiledModules/_Builtin_tgmath-1O5H454EC2GQK2S0W234KL3BZ.pcm

SwiftExplicitDependencyGeneratePcm arm64_32 /Users/vardy/dev/alanvardy-var-1014-lower-deployment-targets-from-ios-187watchos-265-to-the/DerivedData/SDKExplicitPrecompiledModules/_Builtin_stdint-B45PX138FSBPQ7NWOZWE9SLDJ.pcm

SwiftExplicitDependencyGeneratePcm arm64 /Users/vardy/dev/alanvardy-var-1014-lower-deployment-targets-from-ios-187watchos-265-to-the/DerivedData/SDKExplicitPrecompiledModules/sys_types-AFEA4TZ1FA7NFZNHX092MLDT4.pcm

SwiftExplicitDependencyGeneratePcm arm64 /Users/vardy/dev/alanvardy-var-1014-lower-deployment-targets-from-ios-187watchos-265-to-the/DerivedData/SDKExplicitPrecompiledModules/_Builtin_tgmath-2164YH829XAFBZRNR9ISQTYJU.pcm

SwiftExplicitDependencyGeneratePcm arm64 /Users/vardy/dev/alanvardy-var-1014-lower-deployment-targets-from-ios-187watchos-265-to-the/DerivedData/SDKExplicitPrecompiledModules/string_h-12DI5JO9XCII52W168F4XSZZB.pcm

SwiftExplicitDependencyGeneratePcm arm64 /Users/vardy/dev/alanvardy-var-1014-lower-deployment-targets-from-ios-187watchos-265-to-the/DerivedData/SDKExplicitPrecompiledModules/_Builtin_stdint-BNOX90SSEHFZP1FRGN37FUU51.pcm

SwiftExplicitDependencyGeneratePcm arm64 /Users/vardy/dev/alanvardy-var-1014-lower-deployment-targets-from-ios-187watchos-265-to-the/DerivedData/SDKExplicitPrecompiledModules/CoreImage-7FVH1ADQWXF9F8LJ6MQQKD207.pcm

SwiftExplicitDependencyGeneratePcm arm64 /Users/vardy/dev/alanvardy-var-1014-lower-deployment-targets-from-ios-187watchos-265-to-the/DerivedData/SDKExplicitPrecompiledModules/CoreML-6A6H657OEW0FS2ZV4QMVJHXR3.pcm

SwiftExplicitDependencyGeneratePcm arm64 /Users/vardy/dev/alanvardy-var-1014-lower-deployment-targets-from-ios-187watchos-265-to-the/DerivedData/SDKExplicitPrecompiledModules/QuartzCore-LXXCKVT4AQSOV2GNEH7EBCBZ.pcm

SwiftExplicitDependencyGeneratePcm arm64 /Users/vardy/dev/alanvardy-var-1014-lower-deployment-targets-from-ios-187watchos-265-to-the/DerivedData/SDKExplicitPrecompiledModules/CoreMedia-D0YREPM0SIM1Z0QIC7Z6PCI5F.pcm

SwiftExplicitDependencyGeneratePcm arm64_32 /Users/vardy/dev/alanvardy-var-1014-lower-deployment-targets-from-ios-187watchos-265-to-the/DerivedData/SDKExplicitPrecompiledModules/_DarwinFoundation3-43P5QKLNEBVGS5IIA5ZXTAXUI.pcm

SwiftExplicitDependencyGeneratePcm arm64_32 /Users/vardy/dev/alanvardy-var-1014-lower-deployment-targets-from-ios-187watchos-265-to-the/DerivedData/SDKExplicitPrecompiledModules/_Builtin_stdatomic-92P6OID2CJP489JPT9YQ07EG4.pcm

SwiftExplicitDependencyGeneratePcm arm64_32 /Users/vardy/dev/alanvardy-var-1014-lower-deployment-targets-from-ios-187watchos-265-to-the/DerivedData/SDKExplicitPrecompiledModules/_Builtin_intrinsics-32Z4Y1M3VM8PM6CCC3OO2OOKZ.pcm

SwiftExplicitDependencyGeneratePcm arm64 /Users/vardy/dev/alanvardy-var-1014-lower-deployment-targets-from-ios-187watchos-265-to-the/DerivedData/SDKExplicitPrecompiledModules/_Builtin_intrinsics-5IY9TD9L1U2HNT3X9VGURX84X.pcm

SwiftExplicitDependencyGeneratePcm arm64 /Users/vardy/dev/alanvardy-var-1014-lower-deployment-targets-from-ios-187watchos-265-to-the/DerivedData/SDKExplicitPrecompiledModules/_Builtin_stdatomic-BCEHFJSGANNPOAN2TZ2QS58FO.pcm

SwiftExplicitDependencyGeneratePcm arm64 /Users/vardy/dev/alanvardy-var-1014-lower-deployment-targets-from-ios-187watchos-265-to-the/DerivedData/SDKExplicitPrecompiledModules/_DarwinFoundation3-ANHOFXUNAPH5FZXA9786O1T2S.pcm

SwiftExplicitDependencyGeneratePcm arm64 /Users/vardy/dev/alanvardy-var-1014-lower-deployment-targets-from-ios-187watchos-265-to-the/DerivedData/SDKExplicitPrecompiledModules/SwiftUICore-D67RRQXD190ABNHQ8JFWE36F9.pcm

SwiftExplicitDependencyGeneratePcm arm64_32 /Users/vardy/dev/alanvardy-var-1014-lower-deployment-targets-from-ios-187watchos-265-to-the/DerivedData/SDKExplicitPrecompiledModules/_Builtin_inttypes-9LBUE2DEAJVDNGOXSCCTENECM.pcm

SwiftExplicitDependencyGeneratePcm arm64 /Users/vardy/dev/alanvardy-var-1014-lower-deployment-targets-from-ios-187watchos-265-to-the/DerivedData/SDKExplicitPrecompiledModules/_Builtin_inttypes-6ZG7XUVECW1ERJXSCU434788R.pcm

SwiftExplicitDependencyGeneratePcm arm64 /Users/vardy/dev/alanvardy-var-1014-lower-deployment-targets-from-ios-187watchos-265-to-the/DerivedData/SDKExplicitPrecompiledModules/AppKit-5E8APZP463FJUNKK9AXWKESYS.pcm

SwiftExplicitDependencyGeneratePcm arm64 /Users/vardy/dev/alanvardy-var-1014-lower-deployment-targets-from-ios-187watchos-265-to-the/DerivedData/SDKExplicitPrecompiledModules/Darwin-EEBRYO00FM11GFQS0P0SWVBPH.pcm

SwiftExplicitDependencyGeneratePcm arm64_32 /Users/vardy/dev/alanvardy-var-1014-lower-deployment-targets-from-ios-187watchos-265-to-the/DerivedData/SDKExplicitPrecompiledModules/Darwin-75WLG48MZU5673Y81F5KFKKDJ.pcm

SwiftExplicitDependencyGeneratePcm arm64_32 /Users/vardy/dev/alanvardy-var-1014-lower-deployment-targets-from-ios-187watchos-265-to-the/DerivedData/SDKExplicitPrecompiledModules/simd-AHAJ1JMTCYAPA5RL4SI2OQWRG.pcm

SwiftExplicitDependencyGeneratePcm arm64 /Users/vardy/dev/alanvardy-var-1014-lower-deployment-targets-from-ios-187watchos-265-to-the/DerivedData/SDKExplicitPrecompiledModules/simd-5OXYIQL9AJ1XB6TGTZW40ID69.pcm

SwiftDriverJobDiscovery normal arm64_32 Compiling ReminderRecurrenceFormatter.swift, ReminderSkip.swift, ReminderSort.swift, ReminderStore.swift (in target 'SingleThreadCore' from project 'SingleThreadCore')

SwiftDriver\ Compilation SingleThreadCore normal arm64_32 com.apple.xcode.tools.swift.compiler (in target 'SingleThreadCore' from project 'SingleThreadCore')
    cd /Users/vardy/dev/alanvardy-var-1014-lower-deployment-targets-from-ios-187watchos-265-to-the/SingleThread.xcodeproj
    builtin-Swift-Compilation -- /Applications/Xcode.app/Contents/Developer/Toolchains/XcodeDefault.xctoolchain/usr/bin/swiftc -parse-as-library -module-name SingleThreadCore -Onone @/Users/vardy/dev/alanvardy-var-1014-lower-deployment-targets-from-ios-187watchos-265-to-the/DerivedData/Build/Intermediates.noindex/SingleThreadCore.build/Debug-watchos/SingleThreadCore-t.build/Objects-normal/arm64_32/SingleThreadCore.SwiftFileList -DSWIFT_PACKAGE -DDEBUG -DSWIFT_MODULE_RESOURCE_BUNDLE_AVAILABLE -DXcode -plugin-path /Applications/Xcode.app/Contents/Developer/Toolchains/XcodeDefault.xctoolchain/usr/lib/swift/host/plugins/testing -enable-experimental-feature DebugDescriptionMacro -sdk /Applications/Xcode.app/Contents/Developer/Platforms/WatchOS.platform/Developer/SDKs/WatchOS27.0.sdk -target arm64_32-apple-watchos11.0 -g -module-cache-path /Users/vardy/dev/alanvardy-var-1014-lower-deployment-targets-from-ios-187watchos-265-to-the/DerivedData/ModuleCache.noindex -Xfrontend -serialize-debugging-options -profile-coverage-mapping -profile-generate -enable-testing -index-store-path /Users/vardy/dev/alanvardy-var-1014-lower-deployment-targets-from-ios-187watchos-265-to-the/DerivedData/Index.noindex/DataStore -Xcc -D_LIBCPP_HARDENING_MODE\=_LIBCPP_HARDENING_MODE_DEBUG -swift-version 6 -I /Users/vardy/dev/alanvardy-var-1014-lower-deployment-targets-from-ios-187watchos-265-to-the/DerivedData/Build/Products/Debug-watchos -Isystem /Applications/Xcode.app/Contents/Developer/Platforms/WatchOS.platform/Developer/usr/lib -F /Users/vardy/dev/alanvardy-var-1014-lower-deployment-targets-from-ios-187watchos-265-to-the/DerivedData/Build/Products/Debug-watchos -F /Applications/Xcode.app/Contents/Developer/Platforms/WatchOS.platform/Developer/Library/Frameworks -F /Applications/Xcode.app/Contents/Developer/Platforms/WatchOS.platform/Developer/SDKs/WatchOS27.0.sdk/Developer/Library/Frameworks -c -j12 -enable-batch-mode -incremental -Xcc -ivfsstatcache -Xcc /Users/vardy/dev/alanvardy-var-1014-lower-deployment-targets-from-ios-187watchos-265-to-the/DerivedData/SDKStatCaches.noindex/watchos27.0-24R360-84ee5e44e35145daf7706869e872e73f.sdkstatcache -output-file-map /Users/vardy/dev/alanvardy-var-1014-lower-deployment-targets-from-ios-187watchos-265-to-the/DerivedData/Build/Intermediates.noindex/SingleThreadCore.build/Debug-watchos/SingleThreadCore-t.build/Objects-normal/arm64_32/SingleThreadCore-OutputFileMap.json -save-temps -no-color-diagnostics -explicit-module-build -module-cache-path /Users/vardy/dev/alanvardy-var-1014-lower-deployment-targets-from-ios-187watchos-265-to-the/DerivedData/Build/Intermediates.noindex/SwiftExplicitPrecompiledModules -clang-scanner-module-cache-path /Users/vardy/dev/alanvardy-var-1014-lower-deployment-targets-from-ios-187watchos-265-to-the/DerivedData/ModuleCache.noindex -sdk-module-cache-path /Users/vardy/dev/alanvardy-var-1014-lower-deployment-targets-from-ios-187watchos-265-to-the/DerivedData/SDKExplicitPrecompiledModules -emit-dependencies -emit-module -emit-module-path /Users/vardy/dev/alanvardy-var-1014-lower-deployment-targets-from-ios-187watchos-265-to-the/DerivedData/Build/Intermediates.noindex/SingleThreadCore.build/Debug-watchos/SingleThreadCore-t.build/Objects-normal/arm64_32/SingleThreadCore.swiftmodule -serialize-diagnostics -dependency-scan-serialize-diagnostics-path /Users/vardy/dev/alanvardy-var-1014-lower-deployment-targets-from-ios-187watchos-265-to-the/DerivedData/Build/Intermediates.noindex/SingleThreadCore.build/Debug-watchos/SingleThreadCore-t.build/Objects-normal/arm64_32/SingleThreadCore-dependency-scan.dia -validate-clang-modules-once -clang-build-session-file /Users/vardy/dev/alanvardy-var-1014-lower-deployment-targets-from-ios-187watchos-265-to-the/DerivedData/ModuleCache.noindex/Session.modulevalidation -Xcc -fmodules-prune-interval\=86400 -Xcc -fmodules-prune-after\=345600 -package-name singlethreadcore -emit-const-values -const-gather-protocols-list /Users/vardy/dev/alanvardy-var-1014-lower-deployment-targets-from-ios-187watchos-265-to-the/DerivedData/Build/Intermediates.noindex/SingleThreadCore.build/Debug-watchos/SingleThreadCore-t.build/Objects-normal/arm64_32/SingleThreadCore_const_extract_protocols.json -Xcc -I/Users/vardy/dev/alanvardy-var-1014-lower-deployment-targets-from-ios-187watchos-265-to-the/DerivedData/Build/Products/Debug-watchos/include -Xcc -I/Users/vardy/dev/alanvardy-var-1014-lower-deployment-targets-from-ios-187watchos-265-to-the/DerivedData/Build/Intermediates.noindex/SingleThreadCore.build/Debug-watchos/SingleThreadCore-t.build/DerivedSources-normal/arm64_32 -Xcc -I/Users/vardy/dev/alanvardy-var-1014-lower-deployment-targets-from-ios-187watchos-265-to-the/DerivedData/Build/Intermediates.noindex/SingleThreadCore.build/Debug-watchos/SingleThreadCore-t.build/DerivedSources/arm64_32 -Xcc -I/Users/vardy/dev/alanvardy-var-1014-lower-deployment-targets-from-ios-187watchos-265-to-the/DerivedData/Build/Intermediates.noindex/SingleThreadCore.build/Debug-watchos/SingleThreadCore-t.build/DerivedSources -Xcc -DSWIFT_PACKAGE -Xcc -DDEBUG\=1 -emit-objc-header -emit-objc-header-path /Users/vardy/dev/alanvardy-var-1014-lower-deployment-targets-from-ios-187watchos-265-to-the/DerivedData/Build/Intermediates.noindex/SingleThreadCore.build/Debug-watchos/SingleThreadCore-t.build/Objects-normal/arm64_32/SingleThreadCore-Swift.h -working-directory /Users/vardy/dev/alanvardy-var-1014-lower-deployment-targets-from-ios-187watchos-265-to-the/SingleThread.xcodeproj -experimental-emit-module-separately -disable-cmo

Ld /Users/vardy/dev/alanvardy-var-1014-lower-deployment-targets-from-ios-187watchos-265-to-the/DerivedData/Build/Intermediates.noindex/SingleThreadCore.build/Debug-watchos/SingleThreadCore-t.build/Objects-normal/arm64_32/Binary/SingleThreadCore.o normal arm64_32 (in target 'SingleThreadCore' from project 'SingleThreadCore')
    cd /Users/vardy/dev/alanvardy-var-1014-lower-deployment-targets-from-ios-187watchos-265-to-the/SingleThreadCore
    /Applications/Xcode.app/Contents/Developer/Toolchains/XcodeDefault.xctoolchain/usr/bin/clang -Xlinker -reproducible -target arm64_32-apple-watchos11.0 -r -isysroot /Applications/Xcode.app/Contents/Developer/Platforms/WatchOS.platform/Developer/SDKs/WatchOS27.0.sdk -O0 -Xlinker -no_warn_duplicate_libraries -F/Users/vardy/dev/alanvardy-var-1014-lower-deployment-targets-from-ios-187watchos-265-to-the/DerivedData/Build/Intermediates.noindex/EagerLinkingTBDs/Debug-watchos -F/Users/vardy/dev/alanvardy-var-1014-lower-deployment-targets-from-ios-187watchos-265-to-the/DerivedData/Build/Products/Debug-watchos -iframework /Applications/Xcode.app/Contents/Developer/Platforms/WatchOS.platform/Developer/Library/Frameworks -iframework /Applications/Xcode.app/Contents/Developer/Platforms/WatchOS.platform/Developer/SDKs/WatchOS27.0.sdk/Developer/Library/Frameworks -filelist /Users/vardy/dev/alanvardy-var-1014-lower-deployment-targets-from-ios-187watchos-265-to-the/DerivedData/Build/Intermediates.noindex/SingleThreadCore.build/Debug-watchos/SingleThreadCore-t.build/Objects-normal/arm64_32/SingleThreadCore.LinkFileList -nostdlib -Xlinker -object_path_lto -Xlinker /Users/vardy/dev/alanvardy-var-1014-lower-deployment-targets-from-ios-187watchos-265-to-the/DerivedData/Build/Intermediates.noindex/SingleThreadCore.build/Debug-watchos/SingleThreadCore-t.build/Objects-normal/arm64_32/SingleThreadCore_lto.o -Xlinker -no_deduplicate -Xlinker -debug_variant -Xlinker -dependency_info -Xlinker /Users/vardy/dev/alanvardy-var-1014-lower-deployment-targets-from-ios-187watchos-265-to-the/DerivedData/Build/Intermediates.noindex/SingleThreadCore.build/Debug-watchos/SingleThreadCore-t.build/Objects-normal/arm64_32/SingleThreadCore_dependency_info.dat -fobjc-link-runtime -L/Applications/Xcode.app/Contents/Developer/Toolchains/XcodeDefault.xctoolchain/usr/lib/swift/watchos -L/usr/lib/swift -Xlinker -add_ast_path -Xlinker /Users/vardy/dev/alanvardy-var-1014-lower-deployment-targets-from-ios-187watchos-265-to-the/DerivedData/Build/Intermediates.noindex/SingleThreadCore.build/Debug-watchos/SingleThreadCore-t.build/Objects-normal/arm64_32/SingleThreadCore.swiftmodule -o /Users/vardy/dev/alanvardy-var-1014-lower-deployment-targets-from-ios-187watchos-265-to-the/DerivedData/Build/Intermediates.noindex/SingleThreadCore.build/Debug-watchos/SingleThreadCore-t.build/Objects-normal/arm64_32/Binary/SingleThreadCore.o

CreateUniversalBinary /Users/vardy/dev/alanvardy-var-1014-lower-deployment-targets-from-ios-187watchos-265-to-the/DerivedData/Build/Products/Debug-watchos/SingleThreadCore.o normal arm64\ arm64_32 (in target 'SingleThreadCore' from project 'SingleThreadCore')
    cd /Users/vardy/dev/alanvardy-var-1014-lower-deployment-targets-from-ios-187watchos-265-to-the/SingleThreadCore
    /Applications/Xcode.app/Contents/Developer/Toolchains/XcodeDefault.xctoolchain/usr/bin/lipo -create /Users/vardy/dev/alanvardy-var-1014-lower-deployment-targets-from-ios-187watchos-265-to-the/DerivedData/Build/Intermediates.noindex/SingleThreadCore.build/Debug-watchos/SingleThreadCore-t.build/Objects-normal/arm64/Binary/SingleThreadCore.o /Users/vardy/dev/alanvardy-var-1014-lower-deployment-targets-from-ios-187watchos-265-to-the/DerivedData/Build/Intermediates.noindex/SingleThreadCore.build/Debug-watchos/SingleThreadCore-t.build/Objects-normal/arm64_32/Binary/SingleThreadCore.o -output /Users/vardy/dev/alanvardy-var-1014-lower-deployment-targets-from-ios-187watchos-265-to-the/DerivedData/Build/Products/Debug-watchos/SingleThreadCore.o

ExtractAppIntentsMetadata (in target 'SingleThreadCore' from project 'SingleThreadCore')
    cd /Users/vardy/dev/alanvardy-var-1014-lower-deployment-targets-from-ios-187watchos-265-to-the/SingleThreadCore
    /Applications/Xcode.app/Contents/Developer/Toolchains/XcodeDefault.xctoolchain/usr/bin/appintentsmetadataprocessor --toolchain-dir /Applications/Xcode.app/Contents/Developer/Toolchains/XcodeDefault.xctoolchain --module-name SingleThreadCore --sdk-root /Applications/Xcode.app/Contents/Developer/Platforms/WatchOS.platform/Developer/SDKs/WatchOS27.0.sdk --xcode-version 27A266a --platform-family watchOS --deployment-target 11.0 --bundle-identifier singlethreadcore.SingleThreadCore --output /Users/vardy/dev/alanvardy-var-1014-lower-deployment-targets-from-ios-187watchos-265-to-the/DerivedData/Build/Products/Debug-watchos/SingleThreadCore.appintents --target-triple arm64-apple-watchos11.0 --target-triple arm64_32-apple-watchos11.0 --binary-file /Users/vardy/dev/alanvardy-var-1014-lower-deployment-targets-from-ios-187watchos-265-to-the/DerivedData/Build/Products/Debug-watchos/SingleThreadCore.o --dependency-file /Users/vardy/dev/alanvardy-var-1014-lower-deployment-targets-from-ios-187watchos-265-to-the/DerivedData/Build/Intermediates.noindex/SingleThreadCore.build/Debug-watchos/SingleThreadCore-t.build/Objects-normal/arm64/SingleThreadCore_dependency_info.dat --dependency-file /Users/vardy/dev/alanvardy-var-1014-lower-deployment-targets-from-ios-187watchos-265-to-the/DerivedData/Build/Intermediates.noindex/SingleThreadCore.build/Debug-watchos/SingleThreadCore-t.build/Objects-normal/arm64_32/SingleThreadCore_dependency_info.dat --stringsdata-file /Users/vardy/dev/alanvardy-var-1014-lower-deployment-targets-from-ios-187watchos-265-to-the/DerivedData/Build/Intermediates.noindex/SingleThreadCore.build/Debug-watchos/SingleThreadCore-t.build/Objects-normal/arm64/ExtractedAppShortcutsMetadata.stringsdata --stringsdata-file /Users/vardy/dev/alanvardy-var-1014-lower-deployment-targets-from-ios-187watchos-265-to-the/DerivedData/Build/Intermediates.noindex/SingleThreadCore.build/Debug-watchos/SingleThreadCore-t.build/Objects-normal/arm64_32/ExtractedAppShortcutsMetadata.stringsdata --source-file-list /Users/vardy/dev/alanvardy-var-1014-lower-deployment-targets-from-ios-187watchos-265-to-the/DerivedData/Build/Intermediates.noindex/SingleThreadCore.build/Debug-watchos/SingleThreadCore-t.build/Objects-normal/arm64/SingleThreadCore.SwiftFileList --source-file-list /Users/vardy/dev/alanvardy-var-1014-lower-deployment-targets-from-ios-187watchos-265-to-the/DerivedData/Build/Intermediates.noindex/SingleThreadCore.build/Debug-watchos/SingleThreadCore-t.build/Objects-normal/arm64_32/SingleThreadCore.SwiftFileList --metadata-file-list /Users/vardy/dev/alanvardy-var-1014-lower-deployment-targets-from-ios-187watchos-265-to-the/DerivedData/Build/Intermediates.noindex/SingleThreadCore.build/Debug-watchos/SingleThreadCore-t.build/SingleThreadCore.DependencyMetadataFileList --static-metadata-file-list /Users/vardy/dev/alanvardy-var-1014-lower-deployment-targets-from-ios-187watchos-265-to-the/DerivedData/Build/Intermediates.noindex/SingleThreadCore.build/Debug-watchos/SingleThreadCore-t.build/SingleThreadCore.DependencyStaticMetadataFileList --swift-const-vals-list /Users/vardy/dev/alanvardy-var-1014-lower-deployment-targets-from-ios-187watchos-265-to-the/DerivedData/Build/Intermediates.noindex/SingleThreadCore.build/Debug-watchos/SingleThreadCore-t.build/Objects-normal/arm64/SingleThreadCore.SwiftConstValuesFileList --swift-const-vals-list /Users/vardy/dev/alanvardy-var-1014-lower-deployment-targets-from-ios-187watchos-265-to-the/DerivedData/Build/Intermediates.noindex/SingleThreadCore.build/Debug-watchos/SingleThreadCore-t.build/Objects-normal/arm64_32/SingleThreadCore.SwiftConstValuesFileList --force --compile-time-extraction --deployment-aware-processing --no-app-shortcuts-localization
2026-09-15 19:21:20.112 appintentsmetadataprocessor[43427:15850739] Starting appintentsmetadataprocessor export
2026-09-15 19:21:20.188 appintentsmetadataprocessor[43427:15850739] Writing Metadata.appintents
2026-09-15 19:21:20.188 appintentsmetadataprocessor[43427:15850739] Metadata root: /Users/vardy/dev/alanvardy-var-1014-lower-deployment-targets-from-ios-187watchos-265-to-the/DerivedData/Build/Products/Debug-watchos/SingleThreadCore.appintents/Metadata.appintents

ProcessInfoPlistFile /Users/vardy/dev/alanvardy-var-1014-lower-deployment-targets-from-ios-187watchos-265-to-the/DerivedData/Build/Products/Debug-watchos/PackageFrameworks/SingleThreadCore_38C46E065536DF53_PackageProduct.framework/Info.plist /Users/vardy/dev/alanvardy-var-1014-lower-deployment-targets-from-ios-187watchos-265-to-the/DerivedData/Build/Intermediates.noindex/SingleThreadCore.build/Debug-watchos/SingleThreadCore-product-t.build/empty-SingleThreadCore_38C46E065536DF53_PackageProduct.plist (in target 'SingleThreadCoredynamic-product' from project 'SingleThreadCore')
    cd /Users/vardy/dev/alanvardy-var-1014-lower-deployment-targets-from-ios-187watchos-265-to-the/SingleThreadCore
    builtin-infoPlistUtility /Users/vardy/dev/alanvardy-var-1014-lower-deployment-targets-from-ios-187watchos-265-to-the/DerivedData/Build/Intermediates.noindex/SingleThreadCore.build/Debug-watchos/SingleThreadCore-product-t.build/empty-SingleThreadCore_38C46E065536DF53_PackageProduct.plist -producttype com.apple.product-type.framework -expandbuildsettings -format binary -platform watchos -o /Users/vardy/dev/alanvardy-var-1014-lower-deployment-targets-from-ios-187watchos-265-to-the/DerivedData/Build/Products/Debug-watchos/PackageFrameworks/SingleThreadCore_38C46E065536DF53_PackageProduct.framework/Info.plist

CpResource /Users/vardy/dev/alanvardy-var-1014-lower-deployment-targets-from-ios-187watchos-265-to-the/DerivedData/Build/Products/Debug-watchos/PackageFrameworks/SingleThreadCore_38C46E065536DF53_PackageProduct.framework/SingleThreadCore_SingleThreadCore.bundle /Users/vardy/dev/alanvardy-var-1014-lower-deployment-targets-from-ios-187watchos-265-to-the/DerivedData/Build/Products/Debug-watchos/SingleThreadCore_SingleThreadCore.bundle (in target 'SingleThreadCoredynamic-product' from project 'SingleThreadCore')
    cd /Users/vardy/dev/alanvardy-var-1014-lower-deployment-targets-from-ios-187watchos-265-to-the/SingleThreadCore
    builtin-copy -exclude .DS_Store -exclude CVS -exclude .svn -exclude .git -exclude .hg -resolve-src-symlinks /Users/vardy/dev/alanvardy-var-1014-lower-deployment-targets-from-ios-187watchos-265-to-the/DerivedData/Build/Products/Debug-watchos/SingleThreadCore_SingleThreadCore.bundle /Users/vardy/dev/alanvardy-var-1014-lower-deployment-targets-from-ios-187watchos-265-to-the/DerivedData/Build/Products/Debug-watchos/PackageFrameworks/SingleThreadCore_38C46E065536DF53_PackageProduct.framework

Ld /Users/vardy/dev/alanvardy-var-1014-lower-deployment-targets-from-ios-187watchos-265-to-the/DerivedData/Build/Intermediates.noindex/SingleThreadCore.build/Debug-watchos/SingleThreadCore-product-t.build/Objects-normal/arm64_32/Binary/SingleThreadCore_38C46E065536DF53_PackageProduct normal arm64_32 (in target 'SingleThreadCoredynamic-product' from project 'SingleThreadCore')
    cd /Users/vardy/dev/alanvardy-var-1014-lower-deployment-targets-from-ios-187watchos-265-to-the/SingleThreadCore
    /Applications/Xcode.app/Contents/Developer/Toolchains/XcodeDefault.xctoolchain/usr/bin/swiftc -Xlinker -reproducible -target arm64_32-apple-watchos11.0 -emit-library -sdk /Applications/Xcode.app/Contents/Developer/Platforms/WatchOS.platform/Developer/SDKs/WatchOS27.0.sdk -Xlinker -no_warn_duplicate_libraries -L/Users/vardy/dev/alanvardy-var-1014-lower-deployment-targets-from-ios-187watchos-265-to-the/DerivedData/Build/Intermediates.noindex/EagerLinkingTBDs/Debug-watchos -L/Users/vardy/dev/alanvardy-var-1014-lower-deployment-targets-from-ios-187watchos-265-to-the/DerivedData/Build/Products/Debug-watchos -L/Applications/Xcode.app/Contents/Developer/Platforms/WatchOS.platform/Developer/usr/lib -F/Users/vardy/dev/alanvardy-var-1014-lower-deployment-targets-from-ios-187watchos-265-to-the/DerivedData/Build/Intermediates.noindex/EagerLinkingTBDs/Debug-watchos -F/Users/vardy/dev/alanvardy-var-1014-lower-deployment-targets-from-ios-187watchos-265-to-the/DerivedData/Build/Products/Debug-watchos/PackageFrameworks -F/Users/vardy/dev/alanvardy-var-1014-lower-deployment-targets-from-ios-187watchos-265-to-the/DerivedData/Build/Products/Debug-watchos -Fsystem /Applications/Xcode.app/Contents/Developer/Platforms/WatchOS.platform/Developer/Library/Frameworks -Fsystem /Applications/Xcode.app/Contents/Developer/Platforms/WatchOS.platform/Developer/SDKs/WatchOS27.0.sdk/Developer/Library/Frameworks @/Users/vardy/dev/alanvardy-var-1014-lower-deployment-targets-from-ios-187watchos-265-to-the/DerivedData/Build/Intermediates.noindex/SingleThreadCore.build/Debug-watchos/SingleThreadCore-product-t.build/Objects-normal/arm64_32/SingleThreadCore_38C46E065536DF53_PackageProduct.LinkFileList -Xclang-linker -install_name -Xclang-linker @rpath/SingleThreadCore_38C46E065536DF53_PackageProduct.framework/SingleThreadCore_38C46E065536DF53_PackageProduct -Xlinker -rpath -Xlinker /usr/lib/swift -Xlinker -rpath -Xlinker @loader_path -Xlinker -rpath -Xlinker /Users/vardy/dev/alanvardy-var-1014-lower-deployment-targets-from-ios-187watchos-265-to-the/DerivedData/Build/Products/Debug-watchos/PackageFrameworks -Xlinker -dead_strip -Xlinker -object_path_lto -Xlinker /Users/vardy/dev/alanvardy-var-1014-lower-deployment-targets-from-ios-187watchos-265-to-the/DerivedData/Build/Intermediates.noindex/SingleThreadCore.build/Debug-watchos/SingleThreadCore-product-t.build/Objects-normal/arm64_32/SingleThreadCore_38C46E065536DF53_PackageProduct_lto.o -Xclang-linker -rdynamic -Xlinker -no_deduplicate -Xlinker -debug_variant -Xlinker -dependency_info -Xlinker /Users/vardy/dev/alanvardy-var-1014-lower-deployment-targets-from-ios-187watchos-265-to-the/DerivedData/Build/Intermediates.noindex/SingleThreadCore.build/Debug-watchos/SingleThreadCore-product-t.build/Objects-normal/arm64_32/SingleThreadCore_38C46E065536DF53_PackageProduct_dependency_info.dat -link-objc-runtime -profile-generate -L/Applications/Xcode.app/Contents/Developer/Toolchains/XcodeDefault.xctoolchain/usr/lib/swift/watchos -L/usr/lib/swift -o /Users/vardy/dev/alanvardy-var-1014-lower-deployment-targets-from-ios-187watchos-265-to-the/DerivedData/Build/Intermediates.noindex/SingleThreadCore.build/Debug-watchos/SingleThreadCore-product-t.build/Objects-normal/arm64_32/Binary/SingleThreadCore_38C46E065536DF53_PackageProduct -no-stdlib-rpath

Ld /Users/vardy/dev/alanvardy-var-1014-lower-deployment-targets-from-ios-187watchos-265-to-the/DerivedData/Build/Intermediates.noindex/SingleThreadCore.build/Debug-watchos/SingleThreadCore-product-t.build/Objects-normal/arm64/Binary/SingleThreadCore_38C46E065536DF53_PackageProduct normal arm64 (in target 'SingleThreadCoredynamic-product' from project 'SingleThreadCore')
    cd /Users/vardy/dev/alanvardy-var-1014-lower-deployment-targets-from-ios-187watchos-265-to-the/SingleThreadCore
    /Applications/Xcode.app/Contents/Developer/Toolchains/XcodeDefault.xctoolchain/usr/bin/swiftc -Xlinker -reproducible -target arm64-apple-watchos11.0 -emit-library -sdk /Applications/Xcode.app/Contents/Developer/Platforms/WatchOS.platform/Developer/SDKs/WatchOS27.0.sdk -Xlinker -no_warn_duplicate_libraries -L/Users/vardy/dev/alanvardy-var-1014-lower-deployment-targets-from-ios-187watchos-265-to-the/DerivedData/Build/Intermediates.noindex/EagerLinkingTBDs/Debug-watchos -L/Users/vardy/dev/alanvardy-var-1014-lower-deployment-targets-from-ios-187watchos-265-to-the/DerivedData/Build/Products/Debug-watchos -L/Applications/Xcode.app/Contents/Developer/Platforms/WatchOS.platform/Developer/usr/lib -F/Users/vardy/dev/alanvardy-var-1014-lower-deployment-targets-from-ios-187watchos-265-to-the/DerivedData/Build/Intermediates.noindex/EagerLinkingTBDs/Debug-watchos -F/Users/vardy/dev/alanvardy-var-1014-lower-deployment-targets-from-ios-187watchos-265-to-the/DerivedData/Build/Products/Debug-watchos/PackageFrameworks -F/Users/vardy/dev/alanvardy-var-1014-lower-deployment-targets-from-ios-187watchos-265-to-the/DerivedData/Build/Products/Debug-watchos -Fsystem /Applications/Xcode.app/Contents/Developer/Platforms/WatchOS.platform/Developer/Library/Frameworks -Fsystem /Applications/Xcode.app/Contents/Developer/Platforms/WatchOS.platform/Developer/SDKs/WatchOS27.0.sdk/Developer/Library/Frameworks @/Users/vardy/dev/alanvardy-var-1014-lower-deployment-targets-from-ios-187watchos-265-to-the/DerivedData/Build/Intermediates.noindex/SingleThreadCore.build/Debug-watchos/SingleThreadCore-product-t.build/Objects-normal/arm64/SingleThreadCore_38C46E065536DF53_PackageProduct.LinkFileList -Xclang-linker -install_name -Xclang-linker @rpath/SingleThreadCore_38C46E065536DF53_PackageProduct.framework/SingleThreadCore_38C46E065536DF53_PackageProduct -Xlinker -rpath -Xlinker /usr/lib/swift -Xlinker -rpath -Xlinker @loader_path -Xlinker -rpath -Xlinker /Users/vardy/dev/alanvardy-var-1014-lower-deployment-targets-from-ios-187watchos-265-to-the/DerivedData/Build/Products/Debug-watchos/PackageFrameworks -Xlinker -dead_strip -Xlinker -object_path_lto -Xlinker /Users/vardy/dev/alanvardy-var-1014-lower-deployment-targets-from-ios-187watchos-265-to-the/DerivedData/Build/Intermediates.noindex/SingleThreadCore.build/Debug-watchos/SingleThreadCore-product-t.build/Objects-normal/arm64/SingleThreadCore_38C46E065536DF53_PackageProduct_lto.o -Xclang-linker -rdynamic -Xlinker -no_deduplicate -Xlinker -debug_variant -Xlinker -dependency_info -Xlinker /Users/vardy/dev/alanvardy-var-1014-lower-deployment-targets-from-ios-187watchos-265-to-the/DerivedData/Build/Intermediates.noindex/SingleThreadCore.build/Debug-watchos/SingleThreadCore-product-t.build/Objects-normal/arm64/SingleThreadCore_38C46E065536DF53_PackageProduct_dependency_info.dat -link-objc-runtime -profile-generate -L/Applications/Xcode.app/Contents/Developer/Toolchains/XcodeDefault.xctoolchain/usr/lib/swift/watchos -L/usr/lib/swift -o /Users/vardy/dev/alanvardy-var-1014-lower-deployment-targets-from-ios-187watchos-265-to-the/DerivedData/Build/Intermediates.noindex/SingleThreadCore.build/Debug-watchos/SingleThreadCore-product-t.build/Objects-normal/arm64/Binary/SingleThreadCore_38C46E065536DF53_PackageProduct -no-stdlib-rpath

SwiftExplicitDependencyGeneratePcm arm64_32 /Users/vardy/dev/alanvardy-var-1014-lower-deployment-targets-from-ios-187watchos-265-to-the/DerivedData/SDKExplicitPrecompiledModules/MachO-C15162S2EO41YGUJRFAJYWTG9.pcm

SwiftExplicitDependencyGeneratePcm arm64_32 /Users/vardy/dev/alanvardy-var-1014-lower-deployment-targets-from-ios-187watchos-265-to-the/DerivedData/SDKExplicitPrecompiledModules/ObjectiveC-C4XULYFABYRLL9OCI28G4B8SI.pcm

SwiftExplicitDependencyGeneratePcm arm64 /Users/vardy/dev/alanvardy-var-1014-lower-deployment-targets-from-ios-187watchos-265-to-the/DerivedData/SDKExplicitPrecompiledModules/MachO-BHK2D70GP2LVTSZLOH9WBFOEY.pcm

SwiftExplicitDependencyGeneratePcm arm64 /Users/vardy/dev/alanvardy-var-1014-lower-deployment-targets-from-ios-187watchos-265-to-the/DerivedData/SDKExplicitPrecompiledModules/ObjectiveC-DRV0FA0XZDKZTPD7YZ4VCG0M6.pcm

SwiftExplicitDependencyGeneratePcm arm64_32 /Users/vardy/dev/alanvardy-var-1014-lower-deployment-targets-from-ios-187watchos-265-to-the/DerivedData/SDKExplicitPrecompiledModules/os_object-DJ8FZY8UN5U7DQBQ6NCDI9E07.pcm

SwiftExplicitDependencyGeneratePcm arm64 /Users/vardy/dev/alanvardy-var-1014-lower-deployment-targets-from-ios-187watchos-265-to-the/DerivedData/SDKExplicitPrecompiledModules/os_object-6JUSWMDRT5HQB69FGA96L12SK.pcm

SwiftExplicitDependencyGeneratePcm arm64_32 /Users/vardy/dev/alanvardy-var-1014-lower-deployment-targets-from-ios-187watchos-265-to-the/DerivedData/SDKExplicitPrecompiledModules/os_workgroup-B1F2HOJOXQYF8HEM1BK0E2OA3.pcm

SwiftExplicitDependencyGeneratePcm arm64 /Users/vardy/dev/alanvardy-var-1014-lower-deployment-targets-from-ios-187watchos-265-to-the/DerivedData/SDKExplicitPrecompiledModules/os_workgroup-EEKUOES92KGHF7LLMRGWDWNN3.pcm

SwiftExplicitDependencyGeneratePcm arm64_32 /Users/vardy/dev/alanvardy-var-1014-lower-deployment-targets-from-ios-187watchos-265-to-the/DerivedData/SDKExplicitPrecompiledModules/Spatial-BQ4JVJS7STS5X2VMZ0JU6RKYZ.pcm

SwiftExplicitDependencyGeneratePcm arm64 /Users/vardy/dev/alanvardy-var-1014-lower-deployment-targets-from-ios-187watchos-265-to-the/DerivedData/SDKExplicitPrecompiledModules/Spatial-927425H6WIUZH9E1144TYFY88.pcm

SwiftExplicitDependencyGeneratePcm arm64_32 /Users/vardy/dev/alanvardy-var-1014-lower-deployment-targets-from-ios-187watchos-265-to-the/DerivedData/SDKExplicitPrecompiledModules/Dispatch-1VIFALJWB670IKVP2BNOK6IH5.pcm

SwiftExplicitDependencyGeneratePcm arm64 /Users/vardy/dev/alanvardy-var-1014-lower-deployment-targets-from-ios-187watchos-265-to-the/DerivedData/SDKExplicitPrecompiledModules/Dispatch-H8TJZ7FE3UXYGNFRK9CYR2EW.pcm

SwiftExplicitDependencyGeneratePcm arm64_32 /Users/vardy/dev/alanvardy-var-1014-lower-deployment-targets-from-ios-187watchos-265-to-the/DerivedData/SDKExplicitPrecompiledModules/XPC-CFTSFBRA8ZIKSKLJ6SA54CZV5.pcm

SwiftExplicitDependencyGeneratePcm arm64_32 /Users/vardy/dev/alanvardy-var-1014-lower-deployment-targets-from-ios-187watchos-265-to-the/DerivedData/SDKExplicitPrecompiledModules/CoreFoundation-92VVQX44GCMHJLC4IEBCH6Q50.pcm

SwiftExplicitDependencyGeneratePcm arm64_32 /Users/vardy/dev/alanvardy-var-1014-lower-deployment-targets-from-ios-187watchos-265-to-the/DerivedData/SDKExplicitPrecompiledModules/dnssd-BCS2JAKKE7241ECPY6CH502D3.pcm

SwiftExplicitDependencyGeneratePcm arm64 /Users/vardy/dev/alanvardy-var-1014-lower-deployment-targets-from-ios-187watchos-265-to-the/DerivedData/SDKExplicitPrecompiledModules/XPC-4L6TFJ5XNHH8795Z4YX2IXM9S.pcm

SwiftExplicitDependencyGeneratePcm arm64 /Users/vardy/dev/alanvardy-var-1014-lower-deployment-targets-from-ios-187watchos-265-to-the/DerivedData/SDKExplicitPrecompiledModules/dnssd-D63ZEBMS8ZV5NZ7J78U50QHBI.pcm

SwiftExplicitDependencyGeneratePcm arm64 /Users/vardy/dev/alanvardy-var-1014-lower-deployment-targets-from-ios-187watchos-265-to-the/DerivedData/SDKExplicitPrecompiledModules/CoreFoundation-9WJU02XTWBUVDCMIOBA59TO28.pcm

SwiftExplicitDependencyGeneratePcm arm64 /Users/vardy/dev/alanvardy-var-1014-lower-deployment-targets-from-ios-187watchos-265-to-the/DerivedData/SDKExplicitPrecompiledModules/StoreKit-9066XJU7A1I96JH2RSCYWQ6OK.pcm

SwiftExplicitDependencyGeneratePcm arm64 /Users/vardy/dev/alanvardy-var-1014-lower-deployment-targets-from-ios-187watchos-265-to-the/DerivedData/SDKExplicitPrecompiledModules/SwiftUI-89VG1IXUD1HVQBER43HXLGBUY.pcm

SwiftExplicitDependencyGeneratePcm arm64_32 /Users/vardy/dev/alanvardy-var-1014-lower-deployment-targets-from-ios-187watchos-265-to-the/DerivedData/SDKExplicitPrecompiledModules/os-DRMF4LZ6QLEIOW29MZMY3NBY.pcm

SwiftExplicitDependencyGeneratePcm arm64 /Users/vardy/dev/alanvardy-var-1014-lower-deployment-targets-from-ios-187watchos-265-to-the/DerivedData/SDKExplicitPrecompiledModules/os-4Q8MY1VDBU03K2RS403GBTPYF.pcm

SwiftExplicitDependencyGeneratePcm arm64_32 /Users/vardy/dev/alanvardy-var-1014-lower-deployment-targets-from-ios-187watchos-265-to-the/DerivedData/SDKExplicitPrecompiledModules/Security-J5MFJAPE47Q4Y91JBZSZI5H6.pcm

SwiftExplicitDependencyGeneratePcm arm64_32 /Users/vardy/dev/alanvardy-var-1014-lower-deployment-targets-from-ios-187watchos-265-to-the/DerivedData/SDKExplicitPrecompiledModules/CoreGraphics-1OWSKZQQF00J6M5XI51UD015T.pcm

SwiftExplicitDependencyGeneratePcm arm64_32 /Users/vardy/dev/alanvardy-var-1014-lower-deployment-targets-from-ios-187watchos-265-to-the/DerivedData/SDKExplicitPrecompiledModules/CoreAudioTypes-BLSQYTDBKYY33CSWPYK8C1BQM.pcm

SwiftExplicitDependencyGeneratePcm arm64 /Users/vardy/dev/alanvardy-var-1014-lower-deployment-targets-from-ios-187watchos-265-to-the/DerivedData/SDKExplicitPrecompiledModules/CoreGraphics-E2JO6G8HCWB8ZMO2O6145PRSQ.pcm

SwiftExplicitDependencyGeneratePcm arm64 /Users/vardy/dev/alanvardy-var-1014-lower-deployment-targets-from-ios-187watchos-265-to-the/DerivedData/SDKExplicitPrecompiledModules/Security-2F4C24JM3QP216OLLJ92GY3ED.pcm

SwiftExplicitDependencyGeneratePcm arm64 /Users/vardy/dev/alanvardy-var-1014-lower-deployment-targets-from-ios-187watchos-265-to-the/DerivedData/SDKExplicitPrecompiledModules/CoreAudioTypes-8IX92MD4JT2UVYNTU3UZN8HMS.pcm

SwiftEmitModule normal arm64 Emitting\ module\ for\ SingleThreadCore (in target 'SingleThreadCore' from project 'SingleThreadCore')

SwiftCompile normal arm64 (in target 'SingleThreadCore' from project 'SingleThreadCore')
    cd /Users/vardy/dev/alanvardy-var-1014-lower-deployment-targets-from-ios-187watchos-265-to-the/SingleThread.xcodeproj
    

/Users/vardy/dev/alanvardy-var-1014-lower-deployment-targets-from-ios-187watchos-265-to-the/SingleThreadCore/Sources/SingleThreadCore/EntitlementStore.swift:91:13: warning: 'nonisolated(unsafe)' has no effect on property 'observationTask', consider using 'nonisolated'
 89 |     /// task; the task captures `self` weakly and is only read/written on the
 90 |     /// main actor in normal operation.
 91 |     private nonisolated(unsafe) var observationTask: Task<Void, Never>?
    |             `- warning: 'nonisolated(unsafe)' has no effect on property 'observationTask', consider using 'nonisolated'
 92 | 
 93 |     private func observeTransactionUpdates() async {
SwiftCompile normal arm64 Compiling\ SortOption.swift,\ StaleReminderRechecker.swift,\ TranscriptionAccumulator.swift /Users/vardy/dev/alanvardy-var-1014-lower-deployment-targets-from-ios-187watchos-265-to-the/SingleThreadCore/Sources/SingleThreadCore/SortOption.swift /Users/vardy/dev/alanvardy-var-1014-lower-deployment-targets-from-ios-187watchos-265-to-the/SingleThreadCore/Sources/SingleThreadCore/StaleReminderRechecker.swift /Users/vardy/dev/alanvardy-var-1014-lower-deployment-targets-from-ios-187watchos-265-to-the/SingleThreadCore/Sources/SingleThreadCore/TranscriptionAccumulator.swift (in target 'SingleThreadCore' from project 'SingleThreadCore')

SwiftCompile normal arm64 /Users/vardy/dev/alanvardy-var-1014-lower-deployment-targets-from-ios-187watchos-265-to-the/SingleThreadCore/Sources/SingleThreadCore/SortOption.swift (in target 'SingleThreadCore' from project 'SingleThreadCore')
    cd /Users/vardy/dev/alanvardy-var-1014-lower-deployment-targets-from-ios-187watchos-265-to-the/SingleThread.xcodeproj
    builtin-SwiftPerFileCompile SortOption.swift

SwiftCompile normal arm64 /Users/vardy/dev/alanvardy-var-1014-lower-deployment-targets-from-ios-187watchos-265-to-the/SingleThreadCore/Sources/SingleThreadCore/StaleReminderRechecker.swift (in target 'SingleThreadCore' from project 'SingleThreadCore')
    cd /Users/vardy/dev/alanvardy-var-1014-lower-deployment-targets-from-ios-187watchos-265-to-the/SingleThread.xcodeproj
    builtin-SwiftPerFileCompile StaleReminderRechecker.swift

SwiftCompile normal arm64 /Users/vardy/dev/alanvardy-var-1014-lower-deployment-targets-from-ios-187watchos-265-to-the/SingleThreadCore/Sources/SingleThreadCore/TranscriptionAccumulator.swift (in target 'SingleThreadCore' from project 'SingleThreadCore')
    cd /Users/vardy/dev/alanvardy-var-1014-lower-deployment-targets-from-ios-187watchos-265-to-the/SingleThread.xcodeproj
    builtin-SwiftPerFileCompile TranscriptionAccumulator.swift

SwiftCompile normal arm64 Compiling\ UITestingSeed.swift,\ UndoStore.swift,\ UserNotificationCentering.swift /Users/vardy/dev/alanvardy-var-1014-lower-deployment-targets-from-ios-187watchos-265-to-the/SingleThreadCore/Sources/SingleThreadCore/UITestingSeed.swift /Users/vardy/dev/alanvardy-var-1014-lower-deployment-targets-from-ios-187watchos-265-to-the/SingleThreadCore/Sources/SingleThreadCore/UndoStore.swift /Users/vardy/dev/alanvardy-var-1014-lower-deployment-targets-from-ios-187watchos-265-to-the/SingleThreadCore/Sources/SingleThreadCore/UserNotificationCentering.swift (in target 'SingleThreadCore' from project 'SingleThreadCore')

SwiftCompile normal arm64 /Users/vardy/dev/alanvardy-var-1014-lower-deployment-targets-from-ios-187watchos-265-to-the/SingleThreadCore/Sources/SingleThreadCore/UITestingSeed.swift (in target 'SingleThreadCore' from project 'SingleThreadCore')
    cd /Users/vardy/dev/alanvardy-var-1014-lower-deployment-targets-from-ios-187watchos-265-to-the/SingleThread.xcodeproj
    builtin-SwiftPerFileCompile UITestingSeed.swift

SwiftCompile normal arm64 /Users/vardy/dev/alanvardy-var-1014-lower-deployment-targets-from-ios-187watchos-265-to-the/SingleThreadCore/Sources/SingleThreadCore/UndoStore.swift (in target 'SingleThreadCore' from project 'SingleThreadCore')
    cd /Users/vardy/dev/alanvardy-var-1014-lower-deployment-targets-from-ios-187watchos-265-to-the/SingleThread.xcodeproj
    builtin-SwiftPerFileCompile UndoStore.swift

SwiftCompile normal arm64 /Users/vardy/dev/alanvardy-var-1014-lower-deployment-targets-from-ios-187watchos-265-to-the/SingleThreadCore/Sources/SingleThreadCore/UserNotificationCentering.swift (in target 'SingleThreadCore' from project 'SingleThreadCore')
    cd /Users/vardy/dev/alanvardy-var-1014-lower-deployment-targets-from-ios-187watchos-265-to-the/SingleThread.xcodeproj
    builtin-SwiftPerFileCompile UserNotificationCentering.swift

SwiftCompile normal arm64 Compiling\ resource_bundle_accessor.swift,\ ActionMenuGate.swift,\ AppGroup.swift,\ AppInfo.swift /Users/vardy/dev/alanvardy-var-1014-lower-deployment-targets-from-ios-187watchos-265-to-the/DerivedData/Build/Intermediates.noindex/SingleThreadCore.build/Debug/SingleThreadCore-t.build/DerivedSources/resource_bundle_accessor.swift /Users/vardy/dev/alanvardy-var-1014-lower-deployment-targets-from-ios-187watchos-265-to-the/SingleThreadCore/Sources/SingleThreadCore/ActionMenuGate.swift /Users/vardy/dev/alanvardy-var-1014-lower-deployment-targets-from-ios-187watchos-265-to-the/SingleThreadCore/Sources/SingleThreadCore/AppGroup.swift /Users/vardy/dev/alanvardy-var-1014-lower-deployment-targets-from-ios-187watchos-265-to-the/SingleThreadCore/Sources/SingleThreadCore/AppInfo.swift (in target 'SingleThreadCore' from project 'SingleThreadCore')

SwiftCompile normal arm64 /Users/vardy/dev/alanvardy-var-1014-lower-deployment-targets-from-ios-187watchos-265-to-the/DerivedData/Build/Intermediates.noindex/SingleThreadCore.build/Debug/SingleThreadCore-t.build/DerivedSources/resource_bundle_accessor.swift (in target 'SingleThreadCore' from project 'SingleThreadCore')
    cd /Users/vardy/dev/alanvardy-var-1014-lower-deployment-targets-from-ios-187watchos-265-to-the/SingleThread.xcodeproj
    builtin-SwiftPerFileCompile resource_bundle_accessor.swift

SwiftCompile normal arm64 /Users/vardy/dev/alanvardy-var-1014-lower-deployment-targets-from-ios-187watchos-265-to-the/SingleThreadCore/Sources/SingleThreadCore/ActionMenuGate.swift (in target 'SingleThreadCore' from project 'SingleThreadCore')
    cd /Users/vardy/dev/alanvardy-var-1014-lower-deployment-targets-from-ios-187watchos-265-to-the/SingleThread.xcodeproj
    builtin-SwiftPerFileCompile ActionMenuGate.swift

SwiftCompile normal arm64 /Users/vardy/dev/alanvardy-var-1014-lower-deployment-targets-from-ios-187watchos-265-to-the/SingleThreadCore/Sources/SingleThreadCore/AppGroup.swift (in target 'SingleThreadCore' from project 'SingleThreadCore')
    cd /Users/vardy/dev/alanvardy-var-1014-lower-deployment-targets-from-ios-187watchos-265-to-the/SingleThread.xcodeproj
    builtin-SwiftPerFileCompile AppGroup.swift

SwiftCompile normal arm64 /Users/vardy/dev/alanvardy-var-1014-lower-deployment-targets-from-ios-187watchos-265-to-the/SingleThreadCore/Sources/SingleThreadCore/AppInfo.swift (in target 'SingleThreadCore' from project 'SingleThreadCore')
    cd /Users/vardy/dev/alanvardy-var-1014-lower-deployment-targets-from-ios-187watchos-265-to-the/SingleThread.xcodeproj
    builtin-SwiftPerFileCompile AppInfo.swift

SwiftCompile normal arm64 Compiling\ MinimumDisplayDuration.swift,\ NotificationPreference.swift,\ NotificationScheduler.swift,\ OrientationPreference.swift /Users/vardy/dev/alanvardy-var-1014-lower-deployment-targets-from-ios-187watchos-265-to-the/SingleThreadCore/Sources/SingleThreadCore/MinimumDisplayDuration.swift /Users/vardy/dev/alanvardy-var-1014-lower-deployment-targets-from-ios-187watchos-265-to-the/SingleThreadCore/Sources/SingleThreadCore/NotificationPreference.swift /Users/vardy/dev/alanvardy-var-1014-lower-deployment-targets-from-ios-187watchos-265-to-the/SingleThreadCore/Sources/SingleThreadCore/NotificationScheduler.swift /Users/vardy/dev/alanvardy-var-1014-lower-deployment-targets-from-ios-187watchos-265-to-the/SingleThreadCore/Sources/SingleThreadCore/OrientationPreference.swift (in target 'SingleThreadCore' from project 'SingleThreadCore')

SwiftCompile normal arm64 /Users/vardy/dev/alanvardy-var-1014-lower-deployment-targets-from-ios-187watchos-265-to-the/SingleThreadCore/Sources/SingleThreadCore/MinimumDisplayDuration.swift (in target 'SingleThreadCore' from project 'SingleThreadCore')
    cd /Users/vardy/dev/alanvardy-var-1014-lower-deployment-targets-from-ios-187watchos-265-to-the/SingleThread.xcodeproj
    builtin-SwiftPerFileCompile MinimumDisplayDuration.swift

SwiftCompile normal arm64 /Users/vardy/dev/alanvardy-var-1014-lower-deployment-targets-from-ios-187watchos-265-to-the/SingleThreadCore/Sources/SingleThreadCore/NotificationPreference.swift (in target 'SingleThreadCore' from project 'SingleThreadCore')
    cd /Users/vardy/dev/alanvardy-var-1014-lower-deployment-targets-from-ios-187watchos-265-to-the/SingleThread.xcodeproj
    builtin-SwiftPerFileCompile NotificationPreference.swift

SwiftCompile normal arm64 /Users/vardy/dev/alanvardy-var-1014-lower-deployment-targets-from-ios-187watchos-265-to-the/SingleThreadCore/Sources/SingleThreadCore/NotificationScheduler.swift (in target 'SingleThreadCore' from project 'SingleThreadCore')
    cd /Users/vardy/dev/alanvardy-var-1014-lower-deployment-targets-from-ios-187watchos-265-to-the/SingleThread.xcodeproj
    builtin-SwiftPerFileCompile NotificationScheduler.swift

SwiftCompile normal arm64 /Users/vardy/dev/alanvardy-var-1014-lower-deployment-targets-from-ios-187watchos-265-to-the/SingleThreadCore/Sources/SingleThreadCore/OrientationPreference.swift (in target 'SingleThreadCore' from project 'SingleThreadCore')
    cd /Users/vardy/dev/alanvardy-var-1014-lower-deployment-targets-from-ios-187watchos-265-to-the/SingleThread.xcodeproj
    builtin-SwiftPerFileCompile OrientationPreference.swift

SwiftCompile normal arm64 Compiling\ ReminderDeepLink.swift,\ ReminderDictationParser.swift,\ ReminderDisplay.swift,\ ReminderIntents.swift /Users/vardy/dev/alanvardy-var-1014-lower-deployment-targets-from-ios-187watchos-265-to-the/SingleThreadCore/Sources/SingleThreadCore/ReminderDeepLink.swift /Users/vardy/dev/alanvardy-var-1014-lower-deployment-targets-from-ios-187watchos-265-to-the/SingleThreadCore/Sources/SingleThreadCore/ReminderDictationParser.swift /Users/vardy/dev/alanvardy-var-1014-lower-deployment-targets-from-ios-187watchos-265-to-the/SingleThreadCore/Sources/SingleThreadCore/ReminderDisplay.swift /Users/vardy/dev/alanvardy-var-1014-lower-deployment-targets-from-ios-187watchos-265-to-the/SingleThreadCore/Sources/SingleThreadCore/ReminderIntents.swift (in target 'SingleThreadCore' from project 'SingleThreadCore')

SwiftCompile normal arm64 /Users/vardy/dev/alanvardy-var-1014-lower-deployment-targets-from-ios-187watchos-265-to-the/SingleThreadCore/Sources/SingleThreadCore/ReminderDeepLink.swift (in target 'SingleThreadCore' from project 'SingleThreadCore')
    cd /Users/vardy/dev/alanvardy-var-1014-lower-deployment-targets-from-ios-187watchos-265-to-the/SingleThread.xcodeproj
    builtin-SwiftPerFileCompile ReminderDeepLink.swift

SwiftCompile normal arm64 /Users/vardy/dev/alanvardy-var-1014-lower-deployment-targets-from-ios-187watchos-265-to-the/SingleThreadCore/Sources/SingleThreadCore/ReminderDictationParser.swift (in target 'SingleThreadCore' from project 'SingleThreadCore')
    cd /Users/vardy/dev/alanvardy-var-1014-lower-deployment-targets-from-ios-187watchos-265-to-the/SingleThread.xcodeproj
    builtin-SwiftPerFileCompile ReminderDictationParser.swift

SwiftCompile normal arm64 /Users/vardy/dev/alanvardy-var-1014-lower-deployment-targets-from-ios-187watchos-265-to-the/SingleThreadCore/Sources/SingleThreadCore/ReminderDisplay.swift (in target 'SingleThreadCore' from project 'SingleThreadCore')
    cd /Users/vardy/dev/alanvardy-var-1014-lower-deployment-targets-from-ios-187watchos-265-to-the/SingleThread.xcodeproj
    builtin-SwiftPerFileCompile ReminderDisplay.swift

SwiftCompile normal arm64 /Users/vardy/dev/alanvardy-var-1014-lower-deployment-targets-from-ios-187watchos-265-to-the/SingleThreadCore/Sources/SingleThreadCore/ReminderIntents.swift (in target 'SingleThreadCore' from project 'SingleThreadCore')
    cd /Users/vardy/dev/alanvardy-var-1014-lower-deployment-targets-from-ios-187watchos-265-to-the/SingleThread.xcodeproj
    builtin-SwiftPerFileCompile ReminderIntents.swift

CreateUniversalBinary /Users/vardy/dev/alanvardy-var-1014-lower-deployment-targets-from-ios-187watchos-265-to-the/DerivedData/Build/Products/Debug-watchos/PackageFrameworks/SingleThreadCore_38C46E065536DF53_PackageProduct.framework/SingleThreadCore_38C46E065536DF53_PackageProduct normal arm64\ arm64_32 (in target 'SingleThreadCoredynamic-product' from project 'SingleThreadCore')
    cd /Users/vardy/dev/alanvardy-var-1014-lower-deployment-targets-from-ios-187watchos-265-to-the/SingleThreadCore
    /Applications/Xcode.app/Contents/Developer/Toolchains/XcodeDefault.xctoolchain/usr/bin/lipo -create /Users/vardy/dev/alanvardy-var-1014-lower-deployment-targets-from-ios-187watchos-265-to-the/DerivedData/Build/Intermediates.noindex/SingleThreadCore.build/Debug-watchos/SingleThreadCore-product-t.build/Objects-normal/arm64/Binary/SingleThreadCore_38C46E065536DF53_PackageProduct /Users/vardy/dev/alanvardy-var-1014-lower-deployment-targets-from-ios-187watchos-265-to-the/DerivedData/Build/Intermediates.noindex/SingleThreadCore.build/Debug-watchos/SingleThreadCore-product-t.build/Objects-normal/arm64_32/Binary/SingleThreadCore_38C46E065536DF53_PackageProduct -output /Users/vardy/dev/alanvardy-var-1014-lower-deployment-targets-from-ios-187watchos-265-to-the/DerivedData/Build/Products/Debug-watchos/PackageFrameworks/SingleThreadCore_38C46E065536DF53_PackageProduct.framework/SingleThreadCore_38C46E065536DF53_PackageProduct

SwiftExplicitDependencyGeneratePcm arm64_32 /Users/vardy/dev/alanvardy-var-1014-lower-deployment-targets-from-ios-187watchos-265-to-the/DerivedData/SDKExplicitPrecompiledModules/CoreAudio-AWG0ESHG8J4PLJOJU5F209ZZJ.pcm

SwiftCompile normal arm64 Compiling\ PendingCompletionLogic.swift,\ PendingCompletionStore.swift,\ PreferenceHolder.swift,\ ReminderDateFilter.swift /Users/vardy/dev/alanvardy-var-1014-lower-deployment-targets-from-ios-187watchos-265-to-the/SingleThreadCore/Sources/SingleThreadCore/PendingCompletionLogic.swift /Users/vardy/dev/alanvardy-var-1014-lower-deployment-targets-from-ios-187watchos-265-to-the/SingleThreadCore/Sources/SingleThreadCore/PendingCompletionStore.swift /Users/vardy/dev/alanvardy-var-1014-lower-deployment-targets-from-ios-187watchos-265-to-the/SingleThreadCore/Sources/SingleThreadCore/PreferenceHolder.swift /Users/vardy/dev/alanvardy-var-1014-lower-deployment-targets-from-ios-187watchos-265-to-the/SingleThreadCore/Sources/SingleThreadCore/ReminderDateFilter.swift (in target 'SingleThreadCore' from project 'SingleThreadCore')

SwiftCompile normal arm64 /Users/vardy/dev/alanvardy-var-1014-lower-deployment-targets-from-ios-187watchos-265-to-the/SingleThreadCore/Sources/SingleThreadCore/PendingCompletionLogic.swift (in target 'SingleThreadCore' from project 'SingleThreadCore')
    cd /Users/vardy/dev/alanvardy-var-1014-lower-deployment-targets-from-ios-187watchos-265-to-the/SingleThread.xcodeproj
    builtin-SwiftPerFileCompile PendingCompletionLogic.swift

SwiftCompile normal arm64 /Users/vardy/dev/alanvardy-var-1014-lower-deployment-targets-from-ios-187watchos-265-to-the/SingleThreadCore/Sources/SingleThreadCore/PendingCompletionStore.swift (in target 'SingleThreadCore' from project 'SingleThreadCore')
    cd /Users/vardy/dev/alanvardy-var-1014-lower-deployment-targets-from-ios-187watchos-265-to-the/SingleThread.xcodeproj
    builtin-SwiftPerFileCompile PendingCompletionStore.swift

SwiftCompile normal arm64 /Users/vardy/dev/alanvardy-var-1014-lower-deployment-targets-from-ios-187watchos-265-to-the/SingleThreadCore/Sources/SingleThreadCore/PreferenceHolder.swift (in target 'SingleThreadCore' from project 'SingleThreadCore')
    cd /Users/vardy/dev/alanvardy-var-1014-lower-deployment-targets-from-ios-187watchos-265-to-the/SingleThread.xcodeproj
    builtin-SwiftPerFileCompile PreferenceHolder.swift

SwiftCompile normal arm64 /Users/vardy/dev/alanvardy-var-1014-lower-deployment-targets-from-ios-187watchos-265-to-the/SingleThreadCore/Sources/SingleThreadCore/ReminderDateFilter.swift (in target 'SingleThreadCore' from project 'SingleThreadCore')
    cd /Users/vardy/dev/alanvardy-var-1014-lower-deployment-targets-from-ios-187watchos-265-to-the/SingleThread.xcodeproj
    builtin-SwiftPerFileCompile ReminderDateFilter.swift

SwiftExplicitDependencyGeneratePcm arm64 /Users/vardy/dev/alanvardy-var-1014-lower-deployment-targets-from-ios-187watchos-265-to-the/DerivedData/SDKExplicitPrecompiledModules/CoreAudio-BRM138VCUXMD6MWZTYWJ5CU29.pcm

SwiftExplicitDependencyGeneratePcm arm64_32 /Users/vardy/dev/alanvardy-var-1014-lower-deployment-targets-from-ios-187watchos-265-to-the/DerivedData/SDKExplicitPrecompiledModules/CoreText-2N3T7WXGONUB3BELSG39OMQW5.pcm

SwiftExplicitDependencyGeneratePcm arm64_32 /Users/vardy/dev/alanvardy-var-1014-lower-deployment-targets-from-ios-187watchos-265-to-the/DerivedData/SDKExplicitPrecompiledModules/ImageIO-9E78CA886WXWQIUOJDPHAI6JO.pcm

SwiftExplicitDependencyGeneratePcm arm64 /Users/vardy/dev/alanvardy-var-1014-lower-deployment-targets-from-ios-187watchos-265-to-the/DerivedData/SDKExplicitPrecompiledModules/Foundation-CU3GVFI7BOAQQX6N7D4KQPYTX.pcm

SwiftExplicitDependencyGeneratePcm arm64 /Users/vardy/dev/alanvardy-var-1014-lower-deployment-targets-from-ios-187watchos-265-to-the/DerivedData/SDKExplicitPrecompiledModules/CoreVideo-2K0KKVH0024K6B8WO5GQK71FO.pcm

SwiftExplicitDependencyGeneratePcm arm64 /Users/vardy/dev/alanvardy-var-1014-lower-deployment-targets-from-ios-187watchos-265-to-the/DerivedData/SDKExplicitPrecompiledModules/CoreText-29YQAYZAORWOOHVNDS9H8LOG7.pcm

SwiftExplicitDependencyGeneratePcm arm64 /Users/vardy/dev/alanvardy-var-1014-lower-deployment-targets-from-ios-187watchos-265-to-the/DerivedData/SDKExplicitPrecompiledModules/ImageIO-C3553HPU8V2BWKYAWUJ9ZMI5Q.pcm

SwiftExplicitDependencyGeneratePcm arm64_32 /Users/vardy/dev/alanvardy-var-1014-lower-deployment-targets-from-ios-187watchos-265-to-the/DerivedData/SDKExplicitPrecompiledModules/Foundation-BHD4NV27AD5T1NBNRF9GRR5A9.pcm

SwiftExplicitDependencyGeneratePcm arm64 /Users/vardy/dev/alanvardy-var-1014-lower-deployment-targets-from-ios-187watchos-265-to-the/DerivedData/SDKExplicitPrecompiledModules/CoreMedia-BXP7UQAMYHZG8056V1OQJO56Z.pcm

SwiftExplicitDependencyGeneratePcm arm64_32 /Users/vardy/dev/alanvardy-var-1014-lower-deployment-targets-from-ios-187watchos-265-to-the/DerivedData/SDKExplicitPrecompiledModules/CoreVideo-92UTXU5AVYQ68HUN3AXO0XVJC.pcm

SwiftCompile normal arm64 Compiling\ AppearanceModePreference.swift,\ BoolPreferenceKey.swift,\ BoolPreferenceStore.swift,\ CodeSpanFormatter.swift /Users/vardy/dev/alanvardy-var-1014-lower-deployment-targets-from-ios-187watchos-265-to-the/SingleThreadCore/Sources/SingleThreadCore/AppearanceModePreference.swift /Users/vardy/dev/alanvardy-var-1014-lower-deployment-targets-from-ios-187watchos-265-to-the/SingleThreadCore/Sources/SingleThreadCore/BoolPreferenceKey.swift /Users/vardy/dev/alanvardy-var-1014-lower-deployment-targets-from-ios-187watchos-265-to-the/SingleThreadCore/Sources/SingleThreadCore/BoolPreferenceStore.swift /Users/vardy/dev/alanvardy-var-1014-lower-deployment-targets-from-ios-187watchos-265-to-the/SingleThreadCore/Sources/SingleThreadCore/CodeSpanFormatter.swift (in target 'SingleThreadCore' from project 'SingleThreadCore')

SwiftCompile normal arm64 /Users/vardy/dev/alanvardy-var-1014-lower-deployment-targets-from-ios-187watchos-265-to-the/SingleThreadCore/Sources/SingleThreadCore/AppearanceModePreference.swift (in target 'SingleThreadCore' from project 'SingleThreadCore')
    cd /Users/vardy/dev/alanvardy-var-1014-lower-deployment-targets-from-ios-187watchos-265-to-the/SingleThread.xcodeproj
    builtin-SwiftPerFileCompile AppearanceModePreference.swift

SwiftCompile normal arm64 /Users/vardy/dev/alanvardy-var-1014-lower-deployment-targets-from-ios-187watchos-265-to-the/SingleThreadCore/Sources/SingleThreadCore/BoolPreferenceKey.swift (in target 'SingleThreadCore' from project 'SingleThreadCore')
    cd /Users/vardy/dev/alanvardy-var-1014-lower-deployment-targets-from-ios-187watchos-265-to-the/SingleThread.xcodeproj
    builtin-SwiftPerFileCompile BoolPreferenceKey.swift

SwiftCompile normal arm64 /Users/vardy/dev/alanvardy-var-1014-lower-deployment-targets-from-ios-187watchos-265-to-the/SingleThreadCore/Sources/SingleThreadCore/BoolPreferenceStore.swift (in target 'SingleThreadCore' from project 'SingleThreadCore')
    cd /Users/vardy/dev/alanvardy-var-1014-lower-deployment-targets-from-ios-187watchos-265-to-the/SingleThread.xcodeproj
    builtin-SwiftPerFileCompile BoolPreferenceStore.swift

SwiftCompile normal arm64 /Users/vardy/dev/alanvardy-var-1014-lower-deployment-targets-from-ios-187watchos-265-to-the/SingleThreadCore/Sources/SingleThreadCore/CodeSpanFormatter.swift (in target 'SingleThreadCore' from project 'SingleThreadCore')
    cd /Users/vardy/dev/alanvardy-var-1014-lower-deployment-targets-from-ios-187watchos-265-to-the/SingleThread.xcodeproj
    builtin-SwiftPerFileCompile CodeSpanFormatter.swift

SwiftCompile normal arm64 Compiling\ ResumptionGate.swift,\ SkipCountStore.swift,\ SkippedReminderSyncService.swift /Users/vardy/dev/alanvardy-var-1014-lower-deployment-targets-from-ios-187watchos-265-to-the/SingleThreadCore/Sources/SingleThreadCore/ResumptionGate.swift /Users/vardy/dev/alanvardy-var-1014-lower-deployment-targets-from-ios-187watchos-265-to-the/SingleThreadCore/Sources/SingleThreadCore/SkipCountStore.swift /Users/vardy/dev/alanvardy-var-1014-lower-deployment-targets-from-ios-187watchos-265-to-the/SingleThreadCore/Sources/SingleThreadCore/SkippedReminderSyncService.swift (in target 'SingleThreadCore' from project 'SingleThreadCore')

SwiftCompile normal arm64 /Users/vardy/dev/alanvardy-var-1014-lower-deployment-targets-from-ios-187watchos-265-to-the/SingleThreadCore/Sources/SingleThreadCore/ResumptionGate.swift (in target 'SingleThreadCore' from project 'SingleThreadCore')
    cd /Users/vardy/dev/alanvardy-var-1014-lower-deployment-targets-from-ios-187watchos-265-to-the/SingleThread.xcodeproj
    builtin-SwiftPerFileCompile ResumptionGate.swift

SwiftCompile normal arm64 /Users/vardy/dev/alanvardy-var-1014-lower-deployment-targets-from-ios-187watchos-265-to-the/SingleThreadCore/Sources/SingleThreadCore/SkipCountStore.swift (in target 'SingleThreadCore' from project 'SingleThreadCore')
    cd /Users/vardy/dev/alanvardy-var-1014-lower-deployment-targets-from-ios-187watchos-265-to-the/SingleThread.xcodeproj
    builtin-SwiftPerFileCompile SkipCountStore.swift

SwiftCompile normal arm64 /Users/vardy/dev/alanvardy-var-1014-lower-deployment-targets-from-ios-187watchos-265-to-the/SingleThreadCore/Sources/SingleThreadCore/SkippedReminderSyncService.swift (in target 'SingleThreadCore' from project 'SingleThreadCore')
    cd /Users/vardy/dev/alanvardy-var-1014-lower-deployment-targets-from-ios-187watchos-265-to-the/SingleThread.xcodeproj
    builtin-SwiftPerFileCompile SkippedReminderSyncService.swift

SwiftExplicitDependencyGeneratePcm arm64_32 /Users/vardy/dev/alanvardy-var-1014-lower-deployment-targets-from-ios-187watchos-265-to-the/DerivedData/SDKExplicitPrecompiledModules/CoreMedia-EJPB1E6VCKD1BKJEAV8N2BFXZ.pcm

SwiftCompile normal arm64 Compiling\ CompletionCounterStore.swift,\ CompletionGlow.swift,\ CompletionMomentumOverlay.swift,\ DailyCompletionStore.swift /Users/vardy/dev/alanvardy-var-1014-lower-deployment-targets-from-ios-187watchos-265-to-the/SingleThreadCore/Sources/SingleThreadCore/CompletionCounterStore.swift /Users/vardy/dev/alanvardy-var-1014-lower-deployment-targets-from-ios-187watchos-265-to-the/SingleThreadCore/Sources/SingleThreadCore/CompletionGlow.swift /Users/vardy/dev/alanvardy-var-1014-lower-deployment-targets-from-ios-187watchos-265-to-the/SingleThreadCore/Sources/SingleThreadCore/CompletionMomentumOverlay.swift /Users/vardy/dev/alanvardy-var-1014-lower-deployment-targets-from-ios-187watchos-265-to-the/SingleThreadCore/Sources/SingleThreadCore/DailyCompletionStore.swift (in target 'SingleThreadCore' from project 'SingleThreadCore')

SwiftCompile normal arm64 /Users/vardy/dev/alanvardy-var-1014-lower-deployment-targets-from-ios-187watchos-265-to-the/SingleThreadCore/Sources/SingleThreadCore/CompletionCounterStore.swift (in target 'SingleThreadCore' from project 'SingleThreadCore')
    cd /Users/vardy/dev/alanvardy-var-1014-lower-deployment-targets-from-ios-187watchos-265-to-the/SingleThread.xcodeproj
    builtin-SwiftPerFileCompile CompletionCounterStore.swift

SwiftCompile normal arm64 /Users/vardy/dev/alanvardy-var-1014-lower-deployment-targets-from-ios-187watchos-265-to-the/SingleThreadCore/Sources/SingleThreadCore/CompletionGlow.swift (in target 'SingleThreadCore' from project 'SingleThreadCore')
    cd /Users/vardy/dev/alanvardy-var-1014-lower-deployment-targets-from-ios-187watchos-265-to-the/SingleThread.xcodeproj
    builtin-SwiftPerFileCompile CompletionGlow.swift

SwiftCompile normal arm64 /Users/vardy/dev/alanvardy-var-1014-lower-deployment-targets-from-ios-187watchos-265-to-the/SingleThreadCore/Sources/SingleThreadCore/CompletionMomentumOverlay.swift (in target 'SingleThreadCore' from project 'SingleThreadCore')
    cd /Users/vardy/dev/alanvardy-var-1014-lower-deployment-targets-from-ios-187watchos-265-to-the/SingleThread.xcodeproj
    builtin-SwiftPerFileCompile CompletionMomentumOverlay.swift

SwiftCompile normal arm64 /Users/vardy/dev/alanvardy-var-1014-lower-deployment-targets-from-ios-187watchos-265-to-the/SingleThreadCore/Sources/SingleThreadCore/DailyCompletionStore.swift (in target 'SingleThreadCore' from project 'SingleThreadCore')
    cd /Users/vardy/dev/alanvardy-var-1014-lower-deployment-targets-from-ios-187watchos-265-to-the/SingleThread.xcodeproj
    builtin-SwiftPerFileCompile DailyCompletionStore.swift

SwiftCompile normal arm64 Compiling\ ReminderRecurrenceFormatter.swift,\ ReminderSkip.swift,\ ReminderSort.swift,\ ReminderStore.swift /Users/vardy/dev/alanvardy-var-1014-lower-deployment-targets-from-ios-187watchos-265-to-the/SingleThreadCore/Sources/SingleThreadCore/ReminderRecurrenceFormatter.swift /Users/vardy/dev/alanvardy-var-1014-lower-deployment-targets-from-ios-187watchos-265-to-the/SingleThreadCore/Sources/SingleThreadCore/ReminderSkip.swift /Users/vardy/dev/alanvardy-var-1014-lower-deployment-targets-from-ios-187watchos-265-to-the/SingleThreadCore/Sources/SingleThreadCore/ReminderSort.swift /Users/vardy/dev/alanvardy-var-1014-lower-deployment-targets-from-ios-187watchos-265-to-the/SingleThreadCore/Sources/SingleThreadCore/ReminderStore.swift (in target 'SingleThreadCore' from project 'SingleThreadCore')

SwiftCompile normal arm64 /Users/vardy/dev/alanvardy-var-1014-lower-deployment-targets-from-ios-187watchos-265-to-the/SingleThreadCore/Sources/SingleThreadCore/ReminderRecurrenceFormatter.swift (in target 'SingleThreadCore' from project 'SingleThreadCore')
    cd /Users/vardy/dev/alanvardy-var-1014-lower-deployment-targets-from-ios-187watchos-265-to-the/SingleThread.xcodeproj
    builtin-SwiftPerFileCompile ReminderRecurrenceFormatter.swift

SwiftCompile normal arm64 /Users/vardy/dev/alanvardy-var-1014-lower-deployment-targets-from-ios-187watchos-265-to-the/SingleThreadCore/Sources/SingleThreadCore/ReminderSkip.swift (in target 'SingleThreadCore' from project 'SingleThreadCore')
    cd /Users/vardy/dev/alanvardy-var-1014-lower-deployment-targets-from-ios-187watchos-265-to-the/SingleThread.xcodeproj
    builtin-SwiftPerFileCompile ReminderSkip.swift

SwiftCompile normal arm64 /Users/vardy/dev/alanvardy-var-1014-lower-deployment-targets-from-ios-187watchos-265-to-the/SingleThreadCore/Sources/SingleThreadCore/ReminderSort.swift (in target 'SingleThreadCore' from project 'SingleThreadCore')
    cd /Users/vardy/dev/alanvardy-var-1014-lower-deployment-targets-from-ios-187watchos-265-to-the/SingleThread.xcodeproj
    builtin-SwiftPerFileCompile ReminderSort.swift

SwiftCompile normal arm64 /Users/vardy/dev/alanvardy-var-1014-lower-deployment-targets-from-ios-187watchos-265-to-the/SingleThreadCore/Sources/SingleThreadCore/ReminderStore.swift (in target 'SingleThreadCore' from project 'SingleThreadCore')
    cd /Users/vardy/dev/alanvardy-var-1014-lower-deployment-targets-from-ios-187watchos-265-to-the/SingleThread.xcodeproj
    builtin-SwiftPerFileCompile ReminderStore.swift

SwiftExplicitDependencyGeneratePcm arm64 /Users/vardy/dev/alanvardy-var-1014-lower-deployment-targets-from-ios-187watchos-265-to-the/DerivedData/SDKExplicitPrecompiledModules/WatchConnectivity-5NG1DUSS7U54LN2M05GTI1YXE.pcm

SwiftExplicitDependencyGeneratePcm arm64 /Users/vardy/dev/alanvardy-var-1014-lower-deployment-targets-from-ios-187watchos-265-to-the/DerivedData/SDKExplicitPrecompiledModules/StoreKit-D9XONWWJUIVNMIMKUTKY8TWOL.pcm

SwiftExplicitDependencyGeneratePcm arm64_32 /Users/vardy/dev/alanvardy-var-1014-lower-deployment-targets-from-ios-187watchos-265-to-the/DerivedData/SDKExplicitPrecompiledModules/CoreTransferable-DS63EU87XNUM2K94AYBP1NOB4.pcm

SwiftExplicitDependencyGeneratePcm arm64_32 /Users/vardy/dev/alanvardy-var-1014-lower-deployment-targets-from-ios-187watchos-265-to-the/DerivedData/SDKExplicitPrecompiledModules/CoreML-ALC2PLOSRE6MOLA4TPHVB7GV7.pcm

SwiftExplicitDependencyGeneratePcm arm64_32 /Users/vardy/dev/alanvardy-var-1014-lower-deployment-targets-from-ios-187watchos-265-to-the/DerivedData/SDKExplicitPrecompiledModules/UserNotifications-3YH2JCES0D3BZITACQXOTBXKC.pcm

SwiftExplicitDependencyGeneratePcm arm64 /Users/vardy/dev/alanvardy-var-1014-lower-deployment-targets-from-ios-187watchos-265-to-the/DerivedData/SDKExplicitPrecompiledModules/UserNotifications-6H8GAUZ2X6QEEUDUEV9UVPFPQ.pcm

SwiftExplicitDependencyGeneratePcm arm64 /Users/vardy/dev/alanvardy-var-1014-lower-deployment-targets-from-ios-187watchos-265-to-the/DerivedData/SDKExplicitPrecompiledModules/CoreData-8ZBBI57ZFKIF6I6GVCWHIBSQB.pcm

SwiftDriverJobDiscovery normal arm64 Emitting module for SingleThreadCore (in target 'SingleThreadCore' from project 'SingleThreadCore')

SwiftDriver\ Compilation\ Requirements SingleThreadCore normal arm64 com.apple.xcode.tools.swift.compiler (in target 'SingleThreadCore' from project 'SingleThreadCore')
    cd /Users/vardy/dev/alanvardy-var-1014-lower-deployment-targets-from-ios-187watchos-265-to-the/SingleThread.xcodeproj
    builtin-Swift-Compilation-Requirements -- /Applications/Xcode.app/Contents/Developer/Toolchains/XcodeDefault.xctoolchain/usr/bin/swiftc -parse-as-library -module-name SingleThreadCore -Onone @/Users/vardy/dev/alanvardy-var-1014-lower-deployment-targets-from-ios-187watchos-265-to-the/DerivedData/Build/Intermediates.noindex/SingleThreadCore.build/Debug/SingleThreadCore-t.build/Objects-normal/arm64/SingleThreadCore.SwiftFileList -DSWIFT_PACKAGE -DDEBUG -DSWIFT_MODULE_RESOURCE_BUNDLE_AVAILABLE -DXcode -plugin-path /Applications/Xcode.app/Contents/Developer/Toolchains/XcodeDefault.xctoolchain/usr/lib/swift/host/plugins/testing -enable-experimental-feature DebugDescriptionMacro -sdk /Applications/Xcode.app/Contents/Developer/Platforms/MacOSX.platform/Developer/SDKs/MacOSX27.0.sdk -target arm64-apple-macos26.5 -g -module-cache-path /Users/vardy/dev/alanvardy-var-1014-lower-deployment-targets-from-ios-187watchos-265-to-the/DerivedData/ModuleCache.noindex -Xfrontend -serialize-debugging-options -profile-coverage-mapping -profile-generate -enable-testing -index-store-path /Users/vardy/dev/alanvardy-var-1014-lower-deployment-targets-from-ios-187watchos-265-to-the/DerivedData/Index.noindex/DataStore -Xcc -D_LIBCPP_HARDENING_MODE\=_LIBCPP_HARDENING_MODE_DEBUG -swift-version 6 -I /Users/vardy/dev/alanvardy-var-1014-lower-deployment-targets-from-ios-187watchos-265-to-the/DerivedData/Build/Products/Debug -Isystem /Applications/Xcode.app/Contents/Developer/Platforms/MacOSX.platform/Developer/usr/lib -F /Users/vardy/dev/alanvardy-var-1014-lower-deployment-targets-from-ios-187watchos-265-to-the/DerivedData/Build/Products/Debug -F /Applications/Xcode.app/Contents/Developer/Platforms/MacOSX.platform/Developer/Library/Frameworks -c -j12 -enable-batch-mode -incremental -Xcc -ivfsstatcache -Xcc /Users/vardy/dev/alanvardy-var-1014-lower-deployment-targets-from-ios-187watchos-265-to-the/DerivedData/SDKStatCaches.noindex/macosx27.0-26A425-7231f6df4def33e022ae2eb8f782df1a.sdkstatcache -output-file-map /Users/vardy/dev/alanvardy-var-1014-lower-deployment-targets-from-ios-187watchos-265-to-the/DerivedData/Build/Intermediates.noindex/SingleThreadCore.build/Debug/SingleThreadCore-t.build/Objects-normal/arm64/SingleThreadCore-OutputFileMap.json -save-temps -no-color-diagnostics -explicit-module-build -module-cache-path /Users/vardy/dev/alanvardy-var-1014-lower-deployment-targets-from-ios-187watchos-265-to-the/DerivedData/Build/Intermediates.noindex/SwiftExplicitPrecompiledModules -clang-scanner-module-cache-path /Users/vardy/dev/alanvardy-var-1014-lower-deployment-targets-from-ios-187watchos-265-to-the/DerivedData/ModuleCache.noindex -sdk-module-cache-path /Users/vardy/dev/alanvardy-var-1014-lower-deployment-targets-from-ios-187watchos-265-to-the/DerivedData/SDKExplicitPrecompiledModules -emit-dependencies -emit-module -emit-module-path /Users/vardy/dev/alanvardy-var-1014-lower-deployment-targets-from-ios-187watchos-265-to-the/DerivedData/Build/Intermediates.noindex/SingleThreadCore.build/Debug/SingleThreadCore-t.build/Objects-normal/arm64/SingleThreadCore.swiftmodule -serialize-diagnostics -dependency-scan-serialize-diagnostics-path /Users/vardy/dev/alanvardy-var-1014-lower-deployment-targets-from-ios-187watchos-265-to-the/DerivedData/Build/Intermediates.noindex/SingleThreadCore.build/Debug/SingleThreadCore-t.build/Objects-normal/arm64/SingleThreadCore-dependency-scan.dia -validate-clang-modules-once -clang-build-session-file /Users/vardy/dev/alanvardy-var-1014-lower-deployment-targets-from-ios-187watchos-265-to-the/DerivedData/ModuleCache.noindex/Session.modulevalidation -Xcc -fmodules-prune-interval\=86400 -Xcc -fmodules-prune-after\=345600 -package-name singlethreadcore -emit-const-values -const-gather-protocols-list /Users/vardy/dev/alanvardy-var-1014-lower-deployment-targets-from-ios-187watchos-265-to-the/DerivedData/Build/Intermediates.noindex/SingleThreadCore.build/Debug/SingleThreadCore-t.build/Objects-normal/arm64/SingleThreadCore_const_extract_protocols.json -Xcc -I/Users/vardy/dev/alanvardy-var-1014-lower-deployment-targets-from-ios-187watchos-265-to-the/DerivedData/Build/Products/Debug/include -Xcc -I/Users/vardy/dev/alanvardy-var-1014-lower-deployment-targets-from-ios-187watchos-265-to-the/DerivedData/Build/Intermediates.noindex/SingleThreadCore.build/Debug/SingleThreadCore-t.build/DerivedSources-normal/arm64 -Xcc -I/Users/vardy/dev/alanvardy-var-1014-lower-deployment-targets-from-ios-187watchos-265-to-the/DerivedData/Build/Intermediates.noindex/SingleThreadCore.build/Debug/SingleThreadCore-t.build/DerivedSources/arm64 -Xcc -I/Users/vardy/dev/alanvardy-var-1014-lower-deployment-targets-from-ios-187watchos-265-to-the/DerivedData/Build/Intermediates.noindex/SingleThreadCore.build/Debug/SingleThreadCore-t.build/DerivedSources -Xcc -DSWIFT_PACKAGE -Xcc -DDEBUG\=1 -emit-objc-header -emit-objc-header-path /Users/vardy/dev/alanvardy-var-1014-lower-deployment-targets-from-ios-187watchos-265-to-the/DerivedData/Build/Intermediates.noindex/SingleThreadCore.build/Debug/SingleThreadCore-t.build/Objects-normal/arm64/SingleThreadCore-Swift.h -working-directory /Users/vardy/dev/alanvardy-var-1014-lower-deployment-targets-from-ios-187watchos-265-to-the/SingleThread.xcodeproj -experimental-emit-module-separately -disable-cmo

SwiftExplicitDependencyGeneratePcm arm64 /Users/vardy/dev/alanvardy-var-1014-lower-deployment-targets-from-ios-187watchos-265-to-the/DerivedData/SDKExplicitPrecompiledModules/Accessibility-31FM82LNM1LHZXFEK023PKF32.pcm

SwiftMergeGeneratedHeaders /Users/vardy/dev/alanvardy-var-1014-lower-deployment-targets-from-ios-187watchos-265-to-the/DerivedData/Build/Intermediates.noindex/GeneratedModuleMaps/SingleThreadCore-Swift.h /Users/vardy/dev/alanvardy-var-1014-lower-deployment-targets-from-ios-187watchos-265-to-the/DerivedData/Build/Intermediates.noindex/SingleThreadCore.build/Debug/SingleThreadCore-t.build/Objects-normal/arm64/SingleThreadCore-Swift.h (in target 'SingleThreadCore' from project 'SingleThreadCore')
    cd /Users/vardy/dev/alanvardy-var-1014-lower-deployment-targets-from-ios-187watchos-265-to-the/SingleThreadCore
    builtin-swiftHeaderTool -arch arm64 /Users/vardy/dev/alanvardy-var-1014-lower-deployment-targets-from-ios-187watchos-265-to-the/DerivedData/Build/Intermediates.noindex/SingleThreadCore.build/Debug/SingleThreadCore-t.build/Objects-normal/arm64/SingleThreadCore-Swift.h -o /Users/vardy/dev/alanvardy-var-1014-lower-deployment-targets-from-ios-187watchos-265-to-the/DerivedData/Build/Intermediates.noindex/GeneratedModuleMaps/SingleThreadCore-Swift.h

Copy /Users/vardy/dev/alanvardy-var-1014-lower-deployment-targets-from-ios-187watchos-265-to-the/DerivedData/Build/Products/Debug/SingleThreadCore.swiftmodule/arm64-apple-macos.swiftmodule /Users/vardy/dev/alanvardy-var-1014-lower-deployment-targets-from-ios-187watchos-265-to-the/DerivedData/Build/Intermediates.noindex/SingleThreadCore.build/Debug/SingleThreadCore-t.build/Objects-normal/arm64/SingleThreadCore.swiftmodule (in target 'SingleThreadCore' from project 'SingleThreadCore')
    cd /Users/vardy/dev/alanvardy-var-1014-lower-deployment-targets-from-ios-187watchos-265-to-the/SingleThreadCore
    builtin-copy -exclude .DS_Store -exclude CVS -exclude .svn -exclude .git -exclude .hg -resolve-src-symlinks -rename /Users/vardy/dev/alanvardy-var-1014-lower-deployment-targets-from-ios-187watchos-265-to-the/DerivedData/Build/Intermediates.noindex/SingleThreadCore.build/Debug/SingleThreadCore-t.build/Objects-normal/arm64/SingleThreadCore.swiftmodule /Users/vardy/dev/alanvardy-var-1014-lower-deployment-targets-from-ios-187watchos-265-to-the/DerivedData/Build/Products/Debug/SingleThreadCore.swiftmodule/arm64-apple-macos.swiftmodule

Copy /Users/vardy/dev/alanvardy-var-1014-lower-deployment-targets-from-ios-187watchos-265-to-the/DerivedData/Build/Products/Debug/SingleThreadCore.swiftmodule/arm64-apple-macos.swiftdoc /Users/vardy/dev/alanvardy-var-1014-lower-deployment-targets-from-ios-187watchos-265-to-the/DerivedData/Build/Intermediates.noindex/SingleThreadCore.build/Debug/SingleThreadCore-t.build/Objects-normal/arm64/SingleThreadCore.swiftdoc (in target 'SingleThreadCore' from project 'SingleThreadCore')
    cd /Users/vardy/dev/alanvardy-var-1014-lower-deployment-targets-from-ios-187watchos-265-to-the/SingleThreadCore
    builtin-copy -exclude .DS_Store -exclude CVS -exclude .svn -exclude .git -exclude .hg -resolve-src-symlinks -rename /Users/vardy/dev/alanvardy-var-1014-lower-deployment-targets-from-ios-187watchos-265-to-the/DerivedData/Build/Intermediates.noindex/SingleThreadCore.build/Debug/SingleThreadCore-t.build/Objects-normal/arm64/SingleThreadCore.swiftdoc /Users/vardy/dev/alanvardy-var-1014-lower-deployment-targets-from-ios-187watchos-265-to-the/DerivedData/Build/Products/Debug/SingleThreadCore.swiftmodule/arm64-apple-macos.swiftdoc

Copy /Users/vardy/dev/alanvardy-var-1014-lower-deployment-targets-from-ios-187watchos-265-to-the/DerivedData/Build/Products/Debug/SingleThreadCore.swiftmodule/arm64-apple-macos.abi.json /Users/vardy/dev/alanvardy-var-1014-lower-deployment-targets-from-ios-187watchos-265-to-the/DerivedData/Build/Intermediates.noindex/SingleThreadCore.build/Debug/SingleThreadCore-t.build/Objects-normal/arm64/SingleThreadCore.abi.json (in target 'SingleThreadCore' from project 'SingleThreadCore')
    cd /Users/vardy/dev/alanvardy-var-1014-lower-deployment-targets-from-ios-187watchos-265-to-the/SingleThreadCore
    builtin-copy -exclude .DS_Store -exclude CVS -exclude .svn -exclude .git -exclude .hg -resolve-src-symlinks -rename /Users/vardy/dev/alanvardy-var-1014-lower-deployment-targets-from-ios-187watchos-265-to-the/DerivedData/Build/Intermediates.noindex/SingleThreadCore.build/Debug/SingleThreadCore-t.build/Objects-normal/arm64/SingleThreadCore.abi.json /Users/vardy/dev/alanvardy-var-1014-lower-deployment-targets-from-ios-187watchos-265-to-the/DerivedData/Build/Products/Debug/SingleThreadCore.swiftmodule/arm64-apple-macos.abi.json

Copy /Users/vardy/dev/alanvardy-var-1014-lower-deployment-targets-from-ios-187watchos-265-to-the/DerivedData/Build/Products/Debug/SingleThreadCore.swiftmodule/Project/arm64-apple-macos.swiftsourceinfo /Users/vardy/dev/alanvardy-var-1014-lower-deployment-targets-from-ios-187watchos-265-to-the/DerivedData/Build/Intermediates.noindex/SingleThreadCore.build/Debug/SingleThreadCore-t.build/Objects-normal/arm64/SingleThreadCore.swiftsourceinfo (in target 'SingleThreadCore' from project 'SingleThreadCore')
    cd /Users/vardy/dev/alanvardy-var-1014-lower-deployment-targets-from-ios-187watchos-265-to-the/SingleThreadCore
    builtin-copy -exclude .DS_Store -exclude CVS -exclude .svn -exclude .git -exclude .hg -resolve-src-symlinks -rename /Users/vardy/dev/alanvardy-var-1014-lower-deployment-targets-from-ios-187watchos-265-to-the/DerivedData/Build/Intermediates.noindex/SingleThreadCore.build/Debug/SingleThreadCore-t.build/Objects-normal/arm64/SingleThreadCore.swiftsourceinfo /Users/vardy/dev/alanvardy-var-1014-lower-deployment-targets-from-ios-187watchos-265-to-the/DerivedData/Build/Products/Debug/SingleThreadCore.swiftmodule/Project/arm64-apple-macos.swiftsourceinfo

SwiftExplicitDependencyGeneratePcm arm64_32 /Users/vardy/dev/alanvardy-var-1014-lower-deployment-targets-from-ios-187watchos-265-to-the/DerivedData/SDKExplicitPrecompiledModules/SceneKit-9BIDL3J9HJPNWWXAFV2CUXS2K.pcm

SwiftExplicitDependencyGeneratePcm arm64_32 /Users/vardy/dev/alanvardy-var-1014-lower-deployment-targets-from-ios-187watchos-265-to-the/DerivedData/SDKExplicitPrecompiledModules/AppIntentsTypeSupport-8KRTUG6JEAYZUWROZRZ8AMANU.pcm

SwiftExplicitDependencyGeneratePcm arm64 /Users/vardy/dev/alanvardy-var-1014-lower-deployment-targets-from-ios-187watchos-265-to-the/DerivedData/SDKExplicitPrecompiledModules/LocalAuthentication-9FRYTERS185YAJEPC1L3CTSKX.pcm

SwiftExplicitDependencyGeneratePcm arm64 /Users/vardy/dev/alanvardy-var-1014-lower-deployment-targets-from-ios-187watchos-265-to-the/DerivedData/SDKExplicitPrecompiledModules/_LocationEssentials-E30EA7SKJ44CPOSGS0QJ0J3LI.pcm

SwiftExplicitDependencyGeneratePcm arm64_32 /Users/vardy/dev/alanvardy-var-1014-lower-deployment-targets-from-ios-187watchos-265-to-the/DerivedData/SDKExplicitPrecompiledModules/RelevanceKit-780LGLNMC2DWERB0SK4XYRJ99.pcm

SwiftExplicitDependencyGeneratePcm arm64_32 /Users/vardy/dev/alanvardy-var-1014-lower-deployment-targets-from-ios-187watchos-265-to-the/DerivedData/SDKExplicitPrecompiledModules/DataDetection-1VNVPW9TCJ95QNRCI6S8GQN22.pcm

SwiftExplicitDependencyGeneratePcm arm64 /Users/vardy/dev/alanvardy-var-1014-lower-deployment-targets-from-ios-187watchos-265-to-the/DerivedData/SDKExplicitPrecompiledModules/RelevanceKit-3ABUZN1MWDF0R10YDFXMSY3JT.pcm

SwiftExplicitDependencyGeneratePcm arm64_32 /Users/vardy/dev/alanvardy-var-1014-lower-deployment-targets-from-ios-187watchos-265-to-the/DerivedData/SDKExplicitPrecompiledModules/LocalAuthentication-4BB9S1P8D6YD0FZZZKVD6K8XV.pcm

SwiftExplicitDependencyGeneratePcm arm64_32 /Users/vardy/dev/alanvardy-var-1014-lower-deployment-targets-from-ios-187watchos-265-to-the/DerivedData/SDKExplicitPrecompiledModules/UIUtilities-2J335K000LJYRZ6WDPVU1LQEW.pcm

SwiftExplicitDependencyGeneratePcm arm64 /Users/vardy/dev/alanvardy-var-1014-lower-deployment-targets-from-ios-187watchos-265-to-the/DerivedData/SDKExplicitPrecompiledModules/SceneKit-6JIN2DXOF02THF7H7UQ9PUM2F.pcm

SwiftExplicitDependencyGeneratePcm arm64_32 /Users/vardy/dev/alanvardy-var-1014-lower-deployment-targets-from-ios-187watchos-265-to-the/DerivedData/SDKExplicitPrecompiledModules/Network-C2BDUKKU9Q8QBZ2II4EPNQXJD.pcm

SwiftExplicitDependencyGeneratePcm arm64 /Users/vardy/dev/alanvardy-var-1014-lower-deployment-targets-from-ios-187watchos-265-to-the/DerivedData/SDKExplicitPrecompiledModules/DataDetection-AQZCHI32L4ZFOA5065ZQ267DA.pcm

SwiftExplicitDependencyGeneratePcm arm64_32 /Users/vardy/dev/alanvardy-var-1014-lower-deployment-targets-from-ios-187watchos-265-to-the/DerivedData/SDKExplicitPrecompiledModules/UniformTypeIdentifiers-IROWX3D7CBHLGOTZ4NGVO19N.pcm

SwiftExplicitDependencyGeneratePcm arm64 /Users/vardy/dev/alanvardy-var-1014-lower-deployment-targets-from-ios-187watchos-265-to-the/DerivedData/SDKExplicitPrecompiledModules/CoreLocation-1PFD5BT0LHS0X1J8IIFM0O20V.pcm

SwiftDriverJobDiscovery normal arm64 Compiling SortOption.swift, StaleReminderRechecker.swift, TranscriptionAccumulator.swift (in target 'SingleThreadCore' from project 'SingleThreadCore')

SwiftExplicitDependencyGeneratePcm arm64 /Users/vardy/dev/alanvardy-var-1014-lower-deployment-targets-from-ios-187watchos-265-to-the/DerivedData/SDKExplicitPrecompiledModules/AppIntentsTypeSupport-9BMJFBCKXAJRDZKEXZ20292FA.pcm

SwiftExplicitDependencyGeneratePcm arm64_32 /Users/vardy/dev/alanvardy-var-1014-lower-deployment-targets-from-ios-187watchos-265-to-the/DerivedData/SDKExplicitPrecompiledModules/QuartzCore-2EDK3WDSMUGRGUCRYWERNCA98.pcm

SwiftExplicitDependencyGeneratePcm arm64_32 /Users/vardy/dev/alanvardy-var-1014-lower-deployment-targets-from-ios-187watchos-265-to-the/DerivedData/SDKExplicitPrecompiledModules/_LocationEssentials-EW6KCPH6XX4V9HY2XEK05656X.pcm

SwiftDriverJobDiscovery normal arm64 Compiling resource_bundle_accessor.swift, ActionMenuGate.swift, AppGroup.swift, AppInfo.swift (in target 'SingleThreadCore' from project 'SingleThreadCore')

SwiftDriverJobDiscovery normal arm64 Compiling CompletionCounterStore.swift, CompletionGlow.swift, CompletionMomentumOverlay.swift, DailyCompletionStore.swift (in target 'SingleThreadCore' from project 'SingleThreadCore')

SwiftDriverJobDiscovery normal arm64 Compiling MinimumDisplayDuration.swift, NotificationPreference.swift, NotificationScheduler.swift, OrientationPreference.swift (in target 'SingleThreadCore' from project 'SingleThreadCore')

SwiftExplicitDependencyGeneratePcm arm64_32 /Users/vardy/dev/alanvardy-var-1014-lower-deployment-targets-from-ios-187watchos-265-to-the/DerivedData/SDKExplicitPrecompiledModules/WatchConnectivity-9WWL2ZEM2RHV095QI6PL7CN6X.pcm

SwiftDriverJobDiscovery normal arm64 Compiling ResumptionGate.swift, SkipCountStore.swift, SkippedReminderSyncService.swift (in target 'SingleThreadCore' from project 'SingleThreadCore')

SwiftExplicitDependencyGeneratePcm arm64 /Users/vardy/dev/alanvardy-var-1014-lower-deployment-targets-from-ios-187watchos-265-to-the/DerivedData/SDKExplicitPrecompiledModules/Network-P4DSKNQ7LR6BAVEKA8TK6X6C.pcm

SwiftExplicitDependencyGeneratePcm arm64 /Users/vardy/dev/alanvardy-var-1014-lower-deployment-targets-from-ios-187watchos-265-to-the/DerivedData/SDKExplicitPrecompiledModules/OSLog-DZUMWQXGJMGXN5TQ24YGHCM4.pcm

SwiftExplicitDependencyGeneratePcm arm64_32 /Users/vardy/dev/alanvardy-var-1014-lower-deployment-targets-from-ios-187watchos-265-to-the/DerivedData/SDKExplicitPrecompiledModules/OSLog-3D7KJCX72DJD7G6ZZHR9FV5AS.pcm

SwiftExplicitDependencyGeneratePcm arm64 /Users/vardy/dev/alanvardy-var-1014-lower-deployment-targets-from-ios-187watchos-265-to-the/DerivedData/SDKExplicitPrecompiledModules/CoreTransferable-4BVOP8CXVIZQCN59HQ81VZAIU.pcm

SwiftExplicitDependencyGeneratePcm arm64_32 /Users/vardy/dev/alanvardy-var-1014-lower-deployment-targets-from-ios-187watchos-265-to-the/DerivedData/SDKExplicitPrecompiledModules/CoreData-F2RJVMZWP9Z9JNL1ZU6OM0PK3.pcm

SwiftExplicitDependencyGeneratePcm arm64_32 /Users/vardy/dev/alanvardy-var-1014-lower-deployment-targets-from-ios-187watchos-265-to-the/DerivedData/SDKExplicitPrecompiledModules/Accessibility-1TLHBT8S36NZXCBXVDD1GA0XA.pcm

SwiftExplicitDependencyGeneratePcm arm64 /Users/vardy/dev/alanvardy-var-1014-lower-deployment-targets-from-ios-187watchos-265-to-the/DerivedData/SDKExplicitPrecompiledModules/CoreMotion-EUH4HEHAL6CUDCPOS7QT1AP5R.pcm

SwiftExplicitDependencyGeneratePcm arm64_32 /Users/vardy/dev/alanvardy-var-1014-lower-deployment-targets-from-ios-187watchos-265-to-the/DerivedData/SDKExplicitPrecompiledModules/SwiftUICore-8FUGW5Y67AJ96BTX0CRNTAI9I.pcm

SwiftExplicitDependencyGeneratePcm arm64 /Users/vardy/dev/alanvardy-var-1014-lower-deployment-targets-from-ios-187watchos-265-to-the/DerivedData/SDKExplicitPrecompiledModules/EventKit-2BWKNMJDX9XX69DEG7SUKA14O.pcm

SwiftExplicitDependencyGeneratePcm arm64 /Users/vardy/dev/alanvardy-var-1014-lower-deployment-targets-from-ios-187watchos-265-to-the/DerivedData/SDKExplicitPrecompiledModules/Symbols-9CYVP00BCEEGDJQK3F9OL13JN.pcm

SwiftExplicitDependencyGeneratePcm arm64 /Users/vardy/dev/alanvardy-var-1014-lower-deployment-targets-from-ios-187watchos-265-to-the/DerivedData/SDKExplicitPrecompiledModules/UniformTypeIdentifiers-5UKLA6QQUZK7HS48LXATSHCL9.pcm

SwiftExplicitDependencyGeneratePcm arm64_32 /Users/vardy/dev/alanvardy-var-1014-lower-deployment-targets-from-ios-187watchos-265-to-the/DerivedData/SDKExplicitPrecompiledModules/CoreLocation-BC9AZE4H718IFSH81OC5MJPTB.pcm

SwiftExplicitDependencyGeneratePcm arm64 /Users/vardy/dev/alanvardy-var-1014-lower-deployment-targets-from-ios-187watchos-265-to-the/DerivedData/SDKExplicitPrecompiledModules/CoreML-2NYVJ3LL0OU3RWAR3SSMXMYRF.pcm

SwiftExplicitDependencyGeneratePcm arm64 /Users/vardy/dev/alanvardy-var-1014-lower-deployment-targets-from-ios-187watchos-265-to-the/DerivedData/SDKExplicitPrecompiledModules/UIUtilities-BEU09WSECYI5Q0TPYHNFHZOY0.pcm

SwiftExplicitDependencyGeneratePcm arm64_32 /Users/vardy/dev/alanvardy-var-1014-lower-deployment-targets-from-ios-187watchos-265-to-the/DerivedData/SDKExplicitPrecompiledModules/Symbols-2QDIZQMBHPUW9VJP9TRTZVO0E.pcm

SwiftExplicitDependencyGeneratePcm arm64 /Users/vardy/dev/alanvardy-var-1014-lower-deployment-targets-from-ios-187watchos-265-to-the/DerivedData/SDKExplicitPrecompiledModules/QuartzCore-EGNOGU2T9C21OZ0OZE6ZS5SSQ.pcm

SwiftExplicitDependencyGeneratePcm arm64_32 /Users/vardy/dev/alanvardy-var-1014-lower-deployment-targets-from-ios-187watchos-265-to-the/DerivedData/SDKExplicitPrecompiledModules/AppIntents-827MWRQJUVAI5QAGG7SUR1EUQ.pcm

SwiftDriverJobDiscovery normal arm64 Compiling PendingCompletionLogic.swift, PendingCompletionStore.swift, PreferenceHolder.swift, ReminderDateFilter.swift (in target 'SingleThreadCore' from project 'SingleThreadCore')

SwiftExplicitDependencyGeneratePcm arm64_32 /Users/vardy/dev/alanvardy-var-1014-lower-deployment-targets-from-ios-187watchos-265-to-the/DerivedData/SDKExplicitPrecompiledModules/StoreKit-JFI225ELGDT3WDDE9UV4EZIE.pcm

SwiftExplicitDependencyGeneratePcm arm64 /Users/vardy/dev/alanvardy-var-1014-lower-deployment-targets-from-ios-187watchos-265-to-the/DerivedData/SDKExplicitPrecompiledModules/AppIntents-39I6BVUNGSL0S8JBBULRBR8TF.pcm

SwiftDriverJobDiscovery normal arm64 Compiling UITestingSeed.swift, UndoStore.swift, UserNotificationCentering.swift (in target 'SingleThreadCore' from project 'SingleThreadCore')

SwiftCompile normal arm64 Compiling\ ExcludedListStore.swift,\ InMemoryEventStore.swift,\ ListContent.swift,\ LocalizedString+Shared.swift /Users/vardy/dev/alanvardy-var-1014-lower-deployment-targets-from-ios-187watchos-265-to-the/SingleThreadCore/Sources/SingleThreadCore/ExcludedListStore.swift /Users/vardy/dev/alanvardy-var-1014-lower-deployment-targets-from-ios-187watchos-265-to-the/SingleThreadCore/Sources/SingleThreadCore/InMemoryEventStore.swift /Users/vardy/dev/alanvardy-var-1014-lower-deployment-targets-from-ios-187watchos-265-to-the/SingleThreadCore/Sources/SingleThreadCore/ListContent.swift /Users/vardy/dev/alanvardy-var-1014-lower-deployment-targets-from-ios-187watchos-265-to-the/SingleThreadCore/Sources/SingleThreadCore/LocalizedString+Shared.swift (in target 'SingleThreadCore' from project 'SingleThreadCore')

SwiftCompile normal arm64 /Users/vardy/dev/alanvardy-var-1014-lower-deployment-targets-from-ios-187watchos-265-to-the/SingleThreadCore/Sources/SingleThreadCore/ExcludedListStore.swift (in target 'SingleThreadCore' from project 'SingleThreadCore')
    cd /Users/vardy/dev/alanvardy-var-1014-lower-deployment-targets-from-ios-187watchos-265-to-the/SingleThread.xcodeproj
    builtin-SwiftPerFileCompile ExcludedListStore.swift

SwiftCompile normal arm64 /Users/vardy/dev/alanvardy-var-1014-lower-deployment-targets-from-ios-187watchos-265-to-the/SingleThreadCore/Sources/SingleThreadCore/InMemoryEventStore.swift (in target 'SingleThreadCore' from project 'SingleThreadCore')
    cd /Users/vardy/dev/alanvardy-var-1014-lower-deployment-targets-from-ios-187watchos-265-to-the/SingleThread.xcodeproj
    builtin-SwiftPerFileCompile InMemoryEventStore.swift

SwiftCompile normal arm64 /Users/vardy/dev/alanvardy-var-1014-lower-deployment-targets-from-ios-187watchos-265-to-the/SingleThreadCore/Sources/SingleThreadCore/ListContent.swift (in target 'SingleThreadCore' from project 'SingleThreadCore')
    cd /Users/vardy/dev/alanvardy-var-1014-lower-deployment-targets-from-ios-187watchos-265-to-the/SingleThread.xcodeproj
    builtin-SwiftPerFileCompile ListContent.swift

SwiftCompile normal arm64 /Users/vardy/dev/alanvardy-var-1014-lower-deployment-targets-from-ios-187watchos-265-to-the/SingleThreadCore/Sources/SingleThreadCore/LocalizedString+Shared.swift (in target 'SingleThreadCore' from project 'SingleThreadCore')
    cd /Users/vardy/dev/alanvardy-var-1014-lower-deployment-targets-from-ios-187watchos-265-to-the/SingleThread.xcodeproj
    builtin-SwiftPerFileCompile LocalizedString+Shared.swift

SwiftCompile normal arm64 Compiling\ EntitlementState.swift,\ EntitlementStore.swift,\ EventKitStoring.swift,\ EventStoreChangedObserver.swift /Users/vardy/dev/alanvardy-var-1014-lower-deployment-targets-from-ios-187watchos-265-to-the/SingleThreadCore/Sources/SingleThreadCore/EntitlementState.swift /Users/vardy/dev/alanvardy-var-1014-lower-deployment-targets-from-ios-187watchos-265-to-the/SingleThreadCore/Sources/SingleThreadCore/EntitlementStore.swift /Users/vardy/dev/alanvardy-var-1014-lower-deployment-targets-from-ios-187watchos-265-to-the/SingleThreadCore/Sources/SingleThreadCore/EventKitStoring.swift /Users/vardy/dev/alanvardy-var-1014-lower-deployment-targets-from-ios-187watchos-265-to-the/SingleThreadCore/Sources/SingleThreadCore/EventStoreChangedObserver.swift (in target 'SingleThreadCore' from project 'SingleThreadCore')

SwiftCompile normal arm64 /Users/vardy/dev/alanvardy-var-1014-lower-deployment-targets-from-ios-187watchos-265-to-the/SingleThreadCore/Sources/SingleThreadCore/EntitlementState.swift (in target 'SingleThreadCore' from project 'SingleThreadCore')
    cd /Users/vardy/dev/alanvardy-var-1014-lower-deployment-targets-from-ios-187watchos-265-to-the/SingleThread.xcodeproj
    builtin-SwiftPerFileCompile EntitlementState.swift

SwiftCompile normal arm64 /Users/vardy/dev/alanvardy-var-1014-lower-deployment-targets-from-ios-187watchos-265-to-the/SingleThreadCore/Sources/SingleThreadCore/EntitlementStore.swift (in target 'SingleThreadCore' from project 'SingleThreadCore')
    cd /Users/vardy/dev/alanvardy-var-1014-lower-deployment-targets-from-ios-187watchos-265-to-the/SingleThread.xcodeproj
    builtin-SwiftPerFileCompile EntitlementStore.swift

SwiftCompile normal arm64 /Users/vardy/dev/alanvardy-var-1014-lower-deployment-targets-from-ios-187watchos-265-to-the/SingleThreadCore/Sources/SingleThreadCore/EventKitStoring.swift (in target 'SingleThreadCore' from project 'SingleThreadCore')
    cd /Users/vardy/dev/alanvardy-var-1014-lower-deployment-targets-from-ios-187watchos-265-to-the/SingleThread.xcodeproj
    builtin-SwiftPerFileCompile EventKitStoring.swift

SwiftCompile normal arm64 /Users/vardy/dev/alanvardy-var-1014-lower-deployment-targets-from-ios-187watchos-265-to-the/SingleThreadCore/Sources/SingleThreadCore/EventStoreChangedObserver.swift (in target 'SingleThreadCore' from project 'SingleThreadCore')
    cd /Users/vardy/dev/alanvardy-var-1014-lower-deployment-targets-from-ios-187watchos-265-to-the/SingleThread.xcodeproj
    builtin-SwiftPerFileCompile EventStoreChangedObserver.swift

/Users/vardy/dev/alanvardy-var-1014-lower-deployment-targets-from-ios-187watchos-265-to-the/SingleThreadCore/Sources/SingleThreadCore/EntitlementStore.swift:91:13: warning: 'nonisolated(unsafe)' has no effect on property 'observationTask', consider using 'nonisolated'
 89 |     /// task; the task captures `self` weakly and is only read/written on the
 90 |     /// main actor in normal operation.
 91 |     private nonisolated(unsafe) var observationTask: Task<Void, Never>?
    |             `- warning: 'nonisolated(unsafe)' has no effect on property 'observationTask', consider using 'nonisolated'
 92 | 
 93 |     private func observeTransactionUpdates() async {
GenerateTAPI /Users/vardy/dev/alanvardy-var-1014-lower-deployment-targets-from-ios-187watchos-265-to-the/DerivedData/Build/Intermediates.noindex/EagerLinkingTBDs/Debug-watchos/SingleThreadCore_38C46E065536DF53_PackageProduct.framework/SingleThreadCore_38C46E065536DF53_PackageProduct.tbd (in target 'SingleThreadCoredynamic-product' from project 'SingleThreadCore')
    cd /Users/vardy/dev/alanvardy-var-1014-lower-deployment-targets-from-ios-187watchos-265-to-the/SingleThreadCore
    /Applications/Xcode.app/Contents/Developer/Toolchains/XcodeDefault.xctoolchain/usr/bin/tapi stubify -isysroot /Applications/Xcode.app/Contents/Developer/Platforms/WatchOS.platform/Developer/SDKs/WatchOS27.0.sdk -F/Users/vardy/dev/alanvardy-var-1014-lower-deployment-targets-from-ios-187watchos-265-to-the/DerivedData/Build/Products/Debug-watchos/PackageFrameworks -F/Users/vardy/dev/alanvardy-var-1014-lower-deployment-targets-from-ios-187watchos-265-to-the/DerivedData/Build/Products/Debug-watchos -iframework /Applications/Xcode.app/Contents/Developer/Platforms/WatchOS.platform/Developer/Library/Frameworks -iframework /Applications/Xcode.app/Contents/Developer/Platforms/WatchOS.platform/Developer/SDKs/WatchOS27.0.sdk/Developer/Library/Frameworks -L/Users/vardy/dev/alanvardy-var-1014-lower-deployment-targets-from-ios-187watchos-265-to-the/DerivedData/Build/Products/Debug-watchos -L/Applications/Xcode.app/Contents/Developer/Platforms/WatchOS.platform/Developer/usr/lib /Users/vardy/dev/alanvardy-var-1014-lower-deployment-targets-from-ios-187watchos-265-to-the/DerivedData/Build/Products/Debug-watchos/PackageFrameworks/SingleThreadCore_38C46E065536DF53_PackageProduct.framework/SingleThreadCore_38C46E065536DF53_PackageProduct -o /Users/vardy/dev/alanvardy-var-1014-lower-deployment-targets-from-ios-187watchos-265-to-the/DerivedData/Build/Intermediates.noindex/EagerLinkingTBDs/Debug-watchos/SingleThreadCore_38C46E065536DF53_PackageProduct.framework/SingleThreadCore_38C46E065536DF53_PackageProduct.tbd

MkDir /Users/vardy/dev/alanvardy-var-1014-lower-deployment-targets-from-ios-187watchos-265-to-the/DerivedData/Build/Intermediates.noindex/SingleThread.build/Debug/SingleThread.build/assetcatalog_output/unthinned (in target 'SingleThread' from project 'SingleThread')
    cd /Users/vardy/dev/alanvardy-var-1014-lower-deployment-targets-from-ios-187watchos-265-to-the
    /bin/mkdir -p /Users/vardy/dev/alanvardy-var-1014-lower-deployment-targets-from-ios-187watchos-265-to-the/DerivedData/Build/Intermediates.noindex/SingleThread.build/Debug/SingleThread.build/assetcatalog_output/unthinned

MkDir /Users/vardy/dev/alanvardy-var-1014-lower-deployment-targets-from-ios-187watchos-265-to-the/DerivedData/Build/Intermediates.noindex/SingleThread.build/Debug/SingleThread.build/assetcatalog_output/thinned (in target 'SingleThread' from project 'SingleThread')
    cd /Users/vardy/dev/alanvardy-var-1014-lower-deployment-targets-from-ios-187watchos-265-to-the
    /bin/mkdir -p /Users/vardy/dev/alanvardy-var-1014-lower-deployment-targets-from-ios-187watchos-265-to-the/DerivedData/Build/Intermediates.noindex/SingleThread.build/Debug/SingleThread.build/assetcatalog_output/thinned

GenerateAssetSymbols /Users/vardy/dev/alanvardy-var-1014-lower-deployment-targets-from-ios-187watchos-265-to-the/SingleThread/Assets.xcassets (in target 'SingleThread' from project 'SingleThread')
    cd /Users/vardy/dev/alanvardy-var-1014-lower-deployment-targets-from-ios-187watchos-265-to-the
    /Applications/Xcode.app/Contents/Developer/usr/bin/actool /Users/vardy/dev/alanvardy-var-1014-lower-deployment-targets-from-ios-187watchos-265-to-the/SingleThread/Assets.xcassets --compile /Users/vardy/dev/alanvardy-var-1014-lower-deployment-targets-from-ios-187watchos-265-to-the/DerivedData/Build/Products/Debug/SingleThread.app/Contents/Resources --output-format human-readable-text --notices --warnings --export-dependency-info /Users/vardy/dev/alanvardy-var-1014-lower-deployment-targets-from-ios-187watchos-265-to-the/DerivedData/Build/Intermediates.noindex/SingleThread.build/Debug/SingleThread.build/assetcatalog_dependencies --output-partial-info-plist /Users/vardy/dev/alanvardy-var-1014-lower-deployment-targets-from-ios-187watchos-265-to-the/DerivedData/Build/Intermediates.noindex/SingleThread.build/Debug/SingleThread.build/assetcatalog_generated_info.plist --app-icon AppIcon --accent-color AccentColor --enable-on-demand-resources NO --development-region en --target-device mac --minimum-deployment-target 26.5 --platform macosx --bundle-identifier app.alanvardy.SingleThread --generate-swift-asset-symbols /Users/vardy/dev/alanvardy-var-1014-lower-deployment-targets-from-ios-187watchos-265-to-the/DerivedData/Build/Intermediates.noindex/SingleThread.build/Debug/SingleThread.build/DerivedSources/GeneratedAssetSymbols.swift --generate-objc-asset-symbols /Users/vardy/dev/alanvardy-var-1014-lower-deployment-targets-from-ios-187watchos-265-to-the/DerivedData/Build/Intermediates.noindex/SingleThread.build/Debug/SingleThread.build/DerivedSources/GeneratedAssetSymbols.h --generate-asset-symbol-index /Users/vardy/dev/alanvardy-var-1014-lower-deployment-targets-from-ios-187watchos-265-to-the/DerivedData/Build/Intermediates.noindex/SingleThread.build/Debug/SingleThread.build/DerivedSources/GeneratedAssetSymbols-Index.plist
/* com.apple.actool.compilation-results */
/Users/vardy/dev/alanvardy-var-1014-lower-deployment-targets-from-ios-187watchos-265-to-the/DerivedData/Build/Intermediates.noindex/SingleThread.build/Debug/SingleThread.build/DerivedSources/GeneratedAssetSymbols-Index.plist
/Users/vardy/dev/alanvardy-var-1014-lower-deployment-targets-from-ios-187watchos-265-to-the/DerivedData/Build/Intermediates.noindex/SingleThread.build/Debug/SingleThread.build/DerivedSources/GeneratedAssetSymbols.h
/Users/vardy/dev/alanvardy-var-1014-lower-deployment-targets-from-ios-187watchos-265-to-the/DerivedData/Build/Intermediates.noindex/SingleThread.build/Debug/SingleThread.build/DerivedSources/GeneratedAssetSymbols.swift


CompileAssetCatalogVariant thinned /Users/vardy/dev/alanvardy-var-1014-lower-deployment-targets-from-ios-187watchos-265-to-the/DerivedData/Build/Products/Debug/SingleThread.app/Contents/Resources /Users/vardy/dev/alanvardy-var-1014-lower-deployment-targets-from-ios-187watchos-265-to-the/SingleThread/Assets.xcassets (in target 'SingleThread' from project 'SingleThread')
    cd /Users/vardy/dev/alanvardy-var-1014-lower-deployment-targets-from-ios-187watchos-265-to-the
    /Applications/Xcode.app/Contents/Developer/usr/bin/actool /Users/vardy/dev/alanvardy-var-1014-lower-deployment-targets-from-ios-187watchos-265-to-the/SingleThread/Assets.xcassets --compile /Users/vardy/dev/alanvardy-var-1014-lower-deployment-targets-from-ios-187watchos-265-to-the/DerivedData/Build/Intermediates.noindex/SingleThread.build/Debug/SingleThread.build/assetcatalog_output/thinned --output-format human-readable-text --notices --warnings --export-dependency-info /Users/vardy/dev/alanvardy-var-1014-lower-deployment-targets-from-ios-187watchos-265-to-the/DerivedData/Build/Intermediates.noindex/SingleThread.build/Debug/SingleThread.build/assetcatalog_dependencies_thinned --output-partial-info-plist /Users/vardy/dev/alanvardy-var-1014-lower-deployment-targets-from-ios-187watchos-265-to-the/DerivedData/Build/Intermediates.noindex/SingleThread.build/Debug/SingleThread.build/assetcatalog_generated_info.plist_thinned --app-icon AppIcon --accent-color AccentColor --enable-on-demand-resources NO --development-region en --target-device mac --minimum-deployment-target 26.5 --platform macosx
/* com.apple.actool.compilation-results */
/Users/vardy/dev/alanvardy-var-1014-lower-deployment-targets-from-ios-187watchos-265-to-the/DerivedData/Build/Intermediates.noindex/SingleThread.build/Debug/SingleThread.build/assetcatalog_generated_info.plist_thinned


RegisterExecutionPolicyException /Users/vardy/dev/alanvardy-var-1014-lower-deployment-targets-from-ios-187watchos-265-to-the/DerivedData/Build/Products/Debug-watchos/PackageFrameworks/SingleThreadCore_38C46E065536DF53_PackageProduct.framework (in target 'SingleThreadCoredynamic-product' from project 'SingleThreadCore')
    cd /Users/vardy/dev/alanvardy-var-1014-lower-deployment-targets-from-ios-187watchos-265-to-the/SingleThreadCore
    builtin-RegisterExecutionPolicyException /Users/vardy/dev/alanvardy-var-1014-lower-deployment-targets-from-ios-187watchos-265-to-the/DerivedData/Build/Products/Debug-watchos/PackageFrameworks/SingleThreadCore_38C46E065536DF53_PackageProduct.framework

Touch /Users/vardy/dev/alanvardy-var-1014-lower-deployment-targets-from-ios-187watchos-265-to-the/DerivedData/Build/Products/Debug-watchos/PackageFrameworks/SingleThreadCore_38C46E065536DF53_PackageProduct.framework (in target 'SingleThreadCoredynamic-product' from project 'SingleThreadCore')
    cd /Users/vardy/dev/alanvardy-var-1014-lower-deployment-targets-from-ios-187watchos-265-to-the/SingleThreadCore
    /usr/bin/touch -c /Users/vardy/dev/alanvardy-var-1014-lower-deployment-targets-from-ios-187watchos-265-to-the/DerivedData/Build/Products/Debug-watchos/PackageFrameworks/SingleThreadCore_38C46E065536DF53_PackageProduct.framework

SwiftExplicitDependencyGeneratePcm arm64_32 /Users/vardy/dev/alanvardy-var-1014-lower-deployment-targets-from-ios-187watchos-265-to-the/DerivedData/SDKExplicitPrecompiledModules/EventKit-4KSQMVIXFZU9NU5EO8SUIPYDL.pcm

SwiftExplicitDependencyGeneratePcm arm64_32 /Users/vardy/dev/alanvardy-var-1014-lower-deployment-targets-from-ios-187watchos-265-to-the/DerivedData/SDKExplicitPrecompiledModules/CoreMotion-8L6CL1O4CNKOMYA3DHTNKHN1Q.pcm

LinkAssetCatalog /Users/vardy/dev/alanvardy-var-1014-lower-deployment-targets-from-ios-187watchos-265-to-the/SingleThread/Assets.xcassets (in target 'SingleThread' from project 'SingleThread')
    cd /Users/vardy/dev/alanvardy-var-1014-lower-deployment-targets-from-ios-187watchos-265-to-the
    builtin-linkAssetCatalog --thinned /Users/vardy/dev/alanvardy-var-1014-lower-deployment-targets-from-ios-187watchos-265-to-the/DerivedData/Build/Intermediates.noindex/SingleThread.build/Debug/SingleThread.build/assetcatalog_output/thinned --thinned-dependencies /Users/vardy/dev/alanvardy-var-1014-lower-deployment-targets-from-ios-187watchos-265-to-the/DerivedData/Build/Intermediates.noindex/SingleThread.build/Debug/SingleThread.build/assetcatalog_dependencies_thinned --thinned-info-plist-content /Users/vardy/dev/alanvardy-var-1014-lower-deployment-targets-from-ios-187watchos-265-to-the/DerivedData/Build/Intermediates.noindex/SingleThread.build/Debug/SingleThread.build/assetcatalog_generated_info.plist_thinned --unthinned /Users/vardy/dev/alanvardy-var-1014-lower-deployment-targets-from-ios-187watchos-265-to-the/DerivedData/Build/Intermediates.noindex/SingleThread.build/Debug/SingleThread.build/assetcatalog_output/unthinned --unthinned-dependencies /Users/vardy/dev/alanvardy-var-1014-lower-deployment-targets-from-ios-187watchos-265-to-the/DerivedData/Build/Intermediates.noindex/SingleThread.build/Debug/SingleThread.build/assetcatalog_dependencies_unthinned --unthinned-info-plist-content /Users/vardy/dev/alanvardy-var-1014-lower-deployment-targets-from-ios-187watchos-265-to-the/DerivedData/Build/Intermediates.noindex/SingleThread.build/Debug/SingleThread.build/assetcatalog_generated_info.plist_unthinned --output /Users/vardy/dev/alanvardy-var-1014-lower-deployment-targets-from-ios-187watchos-265-to-the/DerivedData/Build/Products/Debug/SingleThread.app/Contents/Resources --plist-output /Users/vardy/dev/alanvardy-var-1014-lower-deployment-targets-from-ios-187watchos-265-to-the/DerivedData/Build/Intermediates.noindex/SingleThread.build/Debug/SingleThread.build/assetcatalog_generated_info.plist

CopyStringsFile /Users/vardy/dev/alanvardy-var-1014-lower-deployment-targets-from-ios-187watchos-265-to-the/DerivedData/Build/Products/Debug-watchos/SingleThreadWatch.app/ja.lproj/InfoPlist.strings /Users/vardy/dev/alanvardy-var-1014-lower-deployment-targets-from-ios-187watchos-265-to-the/SingleThreadWatch/ja.lproj/InfoPlist.strings (in target 'SingleThreadWatch' from project 'SingleThread')
    cd /Users/vardy/dev/alanvardy-var-1014-lower-deployment-targets-from-ios-187watchos-265-to-the
    builtin-copyStrings --validate --outputencoding binary --outfilename InfoPlist.strings --outdir /Users/vardy/dev/alanvardy-var-1014-lower-deployment-targets-from-ios-187watchos-265-to-the/DerivedData/Build/Products/Debug-watchos/SingleThreadWatch.app/ja.lproj -- /Users/vardy/dev/alanvardy-var-1014-lower-deployment-targets-from-ios-187watchos-265-to-the/SingleThreadWatch/ja.lproj/InfoPlist.strings
/Users/vardy/dev/alanvardy-var-1014-lower-deployment-targets-from-ios-187watchos-265-to-the/SingleThreadWatch/ja.lproj/InfoPlist.strings:1:1: note: detected encoding of input file as Unicode (UTF-8) (in target 'SingleThreadWatch' from project 'SingleThread')

CopyStringsFile /Users/vardy/dev/alanvardy-var-1014-lower-deployment-targets-from-ios-187watchos-265-to-the/DerivedData/Build/Products/Debug-watchos/SingleThreadWatch.app/zh-Hans.lproj/InfoPlist.strings /Users/vardy/dev/alanvardy-var-1014-lower-deployment-targets-from-ios-187watchos-265-to-the/SingleThreadWatch/zh-Hans.lproj/InfoPlist.strings (in target 'SingleThreadWatch' from project 'SingleThread')
    cd /Users/vardy/dev/alanvardy-var-1014-lower-deployment-targets-from-ios-187watchos-265-to-the
    builtin-copyStrings --validate --outputencoding binary --outfilename InfoPlist.strings --outdir /Users/vardy/dev/alanvardy-var-1014-lower-deployment-targets-from-ios-187watchos-265-to-the/DerivedData/Build/Products/Debug-watchos/SingleThreadWatch.app/zh-Hans.lproj -- /Users/vardy/dev/alanvardy-var-1014-lower-deployment-targets-from-ios-187watchos-265-to-the/SingleThreadWatch/zh-Hans.lproj/InfoPlist.strings
/Users/vardy/dev/alanvardy-var-1014-lower-deployment-targets-from-ios-187watchos-265-to-the/SingleThreadWatch/zh-Hans.lproj/InfoPlist.strings:1:1: note: detected encoding of input file as Unicode (UTF-8) (in target 'SingleThreadWatch' from project 'SingleThread')

Ld /Users/vardy/dev/alanvardy-var-1014-lower-deployment-targets-from-ios-187watchos-265-to-the/DerivedData/Build/Intermediates.noindex/SingleThread.build/Debug-watchos/SingleThreadWatch.build/Objects-normal/arm64_32/Binary/__preview.dylib normal arm64_32 (in target 'SingleThreadWatch' from project 'SingleThread')
    cd /Users/vardy/dev/alanvardy-var-1014-lower-deployment-targets-from-ios-187watchos-265-to-the
    /Applications/Xcode.app/Contents/Developer/Toolchains/XcodeDefault.xctoolchain/usr/bin/clang -Xlinker -reproducible -target arm64_32-apple-watchos11.0 -dynamiclib -isysroot /Applications/Xcode.app/Contents/Developer/Platforms/WatchOS.platform/Developer/SDKs/WatchOS27.0.sdk -O0 -Xlinker -no_warn_duplicate_libraries -L/Users/vardy/dev/alanvardy-var-1014-lower-deployment-targets-from-ios-187watchos-265-to-the/DerivedData/Build/Products/Debug-watchos -F/Users/vardy/dev/alanvardy-var-1014-lower-deployment-targets-from-ios-187watchos-265-to-the/DerivedData/Build/Products/Debug-watchos/PackageFrameworks -F/Users/vardy/dev/alanvardy-var-1014-lower-deployment-targets-from-ios-187watchos-265-to-the/DerivedData/Build/Products/Debug-watchos -install_name @rpath/SingleThreadWatch.debug.dylib -Xlinker -dead_strip -rdynamic -Xlinker -no_deduplicate -Xlinker -debug_variant -Xlinker -dependency_info -Xlinker /Users/vardy/dev/alanvardy-var-1014-lower-deployment-targets-from-ios-187watchos-265-to-the/DerivedData/Build/Intermediates.noindex/SingleThread.build/Debug-watchos/SingleThreadWatch.build/Objects-normal/arm64_32/SingleThreadWatch_dependency_info.dat -o /Users/vardy/dev/alanvardy-var-1014-lower-deployment-targets-from-ios-187watchos-265-to-the/DerivedData/Build/Intermediates.noindex/SingleThread.build/Debug-watchos/SingleThreadWatch.build/Objects-normal/arm64_32/Binary/__preview.dylib

Ld /Users/vardy/dev/alanvardy-var-1014-lower-deployment-targets-from-ios-187watchos-265-to-the/DerivedData/Build/Intermediates.noindex/SingleThread.build/Debug-watchos/SingleThreadWatch.build/Objects-normal/arm64/Binary/__preview.dylib normal arm64 (in target 'SingleThreadWatch' from project 'SingleThread')
    cd /Users/vardy/dev/alanvardy-var-1014-lower-deployment-targets-from-ios-187watchos-265-to-the
    /Applications/Xcode.app/Contents/Developer/Toolchains/XcodeDefault.xctoolchain/usr/bin/clang -Xlinker -reproducible -target arm64-apple-watchos11.0 -dynamiclib -isysroot /Applications/Xcode.app/Contents/Developer/Platforms/WatchOS.platform/Developer/SDKs/WatchOS27.0.sdk -O0 -Xlinker -no_warn_duplicate_libraries -L/Users/vardy/dev/alanvardy-var-1014-lower-deployment-targets-from-ios-187watchos-265-to-the/DerivedData/Build/Products/Debug-watchos -F/Users/vardy/dev/alanvardy-var-1014-lower-deployment-targets-from-ios-187watchos-265-to-the/DerivedData/Build/Products/Debug-watchos/PackageFrameworks -F/Users/vardy/dev/alanvardy-var-1014-lower-deployment-targets-from-ios-187watchos-265-to-the/DerivedData/Build/Products/Debug-watchos -install_name @rpath/SingleThreadWatch.debug.dylib -Xlinker -dead_strip -rdynamic -Xlinker -no_deduplicate -Xlinker -debug_variant -Xlinker -dependency_info -Xlinker /Users/vardy/dev/alanvardy-var-1014-lower-deployment-targets-from-ios-187watchos-265-to-the/DerivedData/Build/Intermediates.noindex/SingleThread.build/Debug-watchos/SingleThreadWatch.build/Objects-normal/arm64/SingleThreadWatch_dependency_info.dat -o /Users/vardy/dev/alanvardy-var-1014-lower-deployment-targets-from-ios-187watchos-265-to-the/DerivedData/Build/Intermediates.noindex/SingleThread.build/Debug-watchos/SingleThreadWatch.build/Objects-normal/arm64/Binary/__preview.dylib

SwiftDriver SingleThread normal arm64 com.apple.xcode.tools.swift.compiler (in target 'SingleThread' from project 'SingleThread')
    cd /Users/vardy/dev/alanvardy-var-1014-lower-deployment-targets-from-ios-187watchos-265-to-the
    builtin-SwiftDriver -- /Applications/Xcode.app/Contents/Developer/Toolchains/XcodeDefault.xctoolchain/usr/bin/swiftc -module-name SingleThread -Onone @/Users/vardy/dev/alanvardy-var-1014-lower-deployment-targets-from-ios-187watchos-265-to-the/DerivedData/Build/Intermediates.noindex/SingleThread.build/Debug/SingleThread.build/Objects-normal/arm64/SingleThread.SwiftFileList -DDEBUG -default-isolation\=MainActor -enable-upcoming-feature MemberImportVisibility -enable-upcoming-feature InferIsolatedConformances -enable-upcoming-feature NonisolatedNonsendingByDefault -enable-experimental-feature DebugDescriptionMacro -sdk /Applications/Xcode.app/Contents/Developer/Platforms/MacOSX.platform/Developer/SDKs/MacOSX27.0.sdk -target arm64-apple-macos26.5 -g -module-cache-path /Users/vardy/dev/alanvardy-var-1014-lower-deployment-targets-from-ios-187watchos-265-to-the/DerivedData/ModuleCache.noindex -Xfrontend -serialize-debugging-options -profile-coverage-mapping -profile-generate -enable-testing -warnings-as-errors -index-store-path /Users/vardy/dev/alanvardy-var-1014-lower-deployment-targets-from-ios-187watchos-265-to-the/DerivedData/Index.noindex/DataStore -Xcc -D_LIBCPP_HARDENING_MODE\=_LIBCPP_HARDENING_MODE_DEBUG -swift-version 6 -I /Users/vardy/dev/alanvardy-var-1014-lower-deployment-targets-from-ios-187watchos-265-to-the/DerivedData/Build/Products/Debug -F /Users/vardy/dev/alanvardy-var-1014-lower-deployment-targets-from-ios-187watchos-265-to-the/DerivedData/Build/Products/Debug/PackageFrameworks -F /Users/vardy/dev/alanvardy-var-1014-lower-deployment-targets-from-ios-187watchos-265-to-the/DerivedData/Build/Products/Debug -emit-localized-strings -emit-localized-strings-path /Users/vardy/dev/alanvardy-var-1014-lower-deployment-targets-from-ios-187watchos-265-to-the/DerivedData/Build/Intermediates.noindex/SingleThread.build/Debug/SingleThread.build/Objects-normal/arm64 -c -j12 -enable-batch-mode -incremental -Xcc -ivfsstatcache -Xcc /Users/vardy/dev/alanvardy-var-1014-lower-deployment-targets-from-ios-187watchos-265-to-the/DerivedData/SDKStatCaches.noindex/macosx27.0-26A425-7231f6df4def33e022ae2eb8f782df1a.sdkstatcache -output-file-map /Users/vardy/dev/alanvardy-var-1014-lower-deployment-targets-from-ios-187watchos-265-to-the/DerivedData/Build/Intermediates.noindex/SingleThread.build/Debug/SingleThread.build/Objects-normal/arm64/SingleThread-OutputFileMap.json -save-temps -no-color-diagnostics -explicit-module-build -module-cache-path /Users/vardy/dev/alanvardy-var-1014-lower-deployment-targets-from-ios-187watchos-265-to-the/DerivedData/Build/Intermediates.noindex/SwiftExplicitPrecompiledModules -clang-scanner-module-cache-path /Users/vardy/dev/alanvardy-var-1014-lower-deployment-targets-from-ios-187watchos-265-to-the/DerivedData/ModuleCache.noindex -sdk-module-cache-path /Users/vardy/dev/alanvardy-var-1014-lower-deployment-targets-from-ios-187watchos-265-to-the/DerivedData/SDKExplicitPrecompiledModules -emit-dependencies -emit-module -emit-module-path /Users/vardy/dev/alanvardy-var-1014-lower-deployment-targets-from-ios-187watchos-265-to-the/DerivedData/Build/Intermediates.noindex/SingleThread.build/Debug/SingleThread.build/Objects-normal/arm64/SingleThread.swiftmodule -serialize-diagnostics -dependency-scan-serialize-diagnostics-path /Users/vardy/dev/alanvardy-var-1014-lower-deployment-targets-from-ios-187watchos-265-to-the/DerivedData/Build/Intermediates.noindex/SingleThread.build/Debug/SingleThread.build/Objects-normal/arm64/SingleThread-dependency-scan.dia -validate-clang-modules-once -clang-build-session-file /Users/vardy/dev/alanvardy-var-1014-lower-deployment-targets-from-ios-187watchos-265-to-the/DerivedData/ModuleCache.noindex/Session.modulevalidation -Xcc -fmodules-prune-interval\=86400 -Xcc -fmodules-prune-after\=345600 -emit-const-values -const-gather-protocols-list /Users/vardy/dev/alanvardy-var-1014-lower-deployment-targets-from-ios-187watchos-265-to-the/DerivedData/Build/Intermediates.noindex/SingleThread.build/Debug/SingleThread.build/Objects-normal/arm64/SingleThread_const_extract_protocols.json -Xcc -iquote -Xcc /Users/vardy/dev/alanvardy-var-1014-lower-deployment-targets-from-ios-187watchos-265-to-the/DerivedData/Build/Intermediates.noindex/SingleThread.build/Debug/SingleThread.build/SingleThread-generated-files.hmap -Xcc -I/Users/vardy/dev/alanvardy-var-1014-lower-deployment-targets-from-ios-187watchos-265-to-the/DerivedData/Build/Intermediates.noindex/SingleThread.build/Debug/SingleThread.build/SingleThread-own-target-headers.hmap -Xcc -I/Users/vardy/dev/alanvardy-var-1014-lower-deployment-targets-from-ios-187watchos-265-to-the/DerivedData/Build/Intermediates.noindex/SingleThread.build/Debug/SingleThread.build/SingleThread-all-non-framework-target-headers.hmap -Xcc -ivfsoverlay -Xcc /Users/vardy/dev/alanvardy-var-1014-lower-deployment-targets-from-ios-187watchos-265-to-the/DerivedData/Build/Intermediates.noindex/SingleThread.build/Debug/SingleThread-33ec346c36bc7f11d2672a35e2382a55-VFS/all-product-headers.yaml -Xcc -iquote -Xcc /Users/vardy/dev/alanvardy-var-1014-lower-deployment-targets-from-ios-187watchos-265-to-the/DerivedData/Build/Intermediates.noindex/SingleThread.build/Debug/SingleThread.build/SingleThread-project-headers.hmap -Xcc -I/Users/vardy/dev/alanvardy-var-1014-lower-deployment-targets-from-ios-187watchos-265-to-the/DerivedData/Build/Products/Debug/include -Xcc -I/Users/vardy/dev/alanvardy-var-1014-lower-deployment-targets-from-ios-187watchos-265-to-the/DerivedData/Build/Intermediates.noindex/SingleThread.build/Debug/SingleThread.build/DerivedSources-normal/arm64 -Xcc -I/Users/vardy/dev/alanvardy-var-1014-lower-deployment-targets-from-ios-187watchos-265-to-the/DerivedData/Build/Intermediates.noindex/SingleThread.build/Debug/SingleThread.build/DerivedSources/arm64 -Xcc -I/Users/vardy/dev/alanvardy-var-1014-lower-deployment-targets-from-ios-187watchos-265-to-the/DerivedData/Build/Intermediates.noindex/SingleThread.build/Debug/SingleThread.build/DerivedSources -Xcc -DDEBUG\=1 -emit-objc-header -emit-objc-header-path /Users/vardy/dev/alanvardy-var-1014-lower-deployment-targets-from-ios-187watchos-265-to-the/DerivedData/Build/Intermediates.noindex/SingleThread.build/Debug/SingleThread.build/Objects-normal/arm64/SingleThread-Swift.h -working-directory /Users/vardy/dev/alanvardy-var-1014-lower-deployment-targets-from-ios-187watchos-265-to-the -experimental-emit-module-separately -disable-cmo

CopyStringsFile /Users/vardy/dev/alanvardy-var-1014-lower-deployment-targets-from-ios-187watchos-265-to-the/DerivedData/Build/Products/Debug-watchos/SingleThreadWatch.app/fr.lproj/InfoPlist.strings /Users/vardy/dev/alanvardy-var-1014-lower-deployment-targets-from-ios-187watchos-265-to-the/SingleThreadWatch/fr.lproj/InfoPlist.strings (in target 'SingleThreadWatch' from project 'SingleThread')
    cd /Users/vardy/dev/alanvardy-var-1014-lower-deployment-targets-from-ios-187watchos-265-to-the
    builtin-copyStrings --validate --outputencoding binary --outfilename InfoPlist.strings --outdir /Users/vardy/dev/alanvardy-var-1014-lower-deployment-targets-from-ios-187watchos-265-to-the/DerivedData/Build/Products/Debug-watchos/SingleThreadWatch.app/fr.lproj -- /Users/vardy/dev/alanvardy-var-1014-lower-deployment-targets-from-ios-187watchos-265-to-the/SingleThreadWatch/fr.lproj/InfoPlist.strings
/Users/vardy/dev/alanvardy-var-1014-lower-deployment-targets-from-ios-187watchos-265-to-the/SingleThreadWatch/fr.lproj/InfoPlist.strings:1:1: note: detected encoding of input file as Unicode (UTF-8) (in target 'SingleThreadWatch' from project 'SingleThread')

CopyStringsFile /Users/vardy/dev/alanvardy-var-1014-lower-deployment-targets-from-ios-187watchos-265-to-the/DerivedData/Build/Products/Debug-watchos/SingleThreadWatch.app/es.lproj/InfoPlist.strings /Users/vardy/dev/alanvardy-var-1014-lower-deployment-targets-from-ios-187watchos-265-to-the/SingleThreadWatch/es.lproj/InfoPlist.strings (in target 'SingleThreadWatch' from project 'SingleThread')
    cd /Users/vardy/dev/alanvardy-var-1014-lower-deployment-targets-from-ios-187watchos-265-to-the
    builtin-copyStrings --validate --outputencoding binary --outfilename InfoPlist.strings --outdir /Users/vardy/dev/alanvardy-var-1014-lower-deployment-targets-from-ios-187watchos-265-to-the/DerivedData/Build/Products/Debug-watchos/SingleThreadWatch.app/es.lproj -- /Users/vardy/dev/alanvardy-var-1014-lower-deployment-targets-from-ios-187watchos-265-to-the/SingleThreadWatch/es.lproj/InfoPlist.strings
/Users/vardy/dev/alanvardy-var-1014-lower-deployment-targets-from-ios-187watchos-265-to-the/SingleThreadWatch/es.lproj/InfoPlist.strings:1:1: note: detected encoding of input file as Unicode (UTF-8) (in target 'SingleThreadWatch' from project 'SingleThread')

CopyStringsFile /Users/vardy/dev/alanvardy-var-1014-lower-deployment-targets-from-ios-187watchos-265-to-the/DerivedData/Build/Products/Debug-watchos/SingleThreadWatch.app/en.lproj/InfoPlist.strings /Users/vardy/dev/alanvardy-var-1014-lower-deployment-targets-from-ios-187watchos-265-to-the/SingleThreadWatch/en.lproj/InfoPlist.strings (in target 'SingleThreadWatch' from project 'SingleThread')
    cd /Users/vardy/dev/alanvardy-var-1014-lower-deployment-targets-from-ios-187watchos-265-to-the
    builtin-copyStrings --validate --outputencoding binary --outfilename InfoPlist.strings --outdir /Users/vardy/dev/alanvardy-var-1014-lower-deployment-targets-from-ios-187watchos-265-to-the/DerivedData/Build/Products/Debug-watchos/SingleThreadWatch.app/en.lproj -- /Users/vardy/dev/alanvardy-var-1014-lower-deployment-targets-from-ios-187watchos-265-to-the/SingleThreadWatch/en.lproj/InfoPlist.strings
/Users/vardy/dev/alanvardy-var-1014-lower-deployment-targets-from-ios-187watchos-265-to-the/SingleThreadWatch/en.lproj/InfoPlist.strings:1:1: note: detected encoding of input file as Unicode (UTF-8) (in target 'SingleThreadWatch' from project 'SingleThread')

CopyStringsFile /Users/vardy/dev/alanvardy-var-1014-lower-deployment-targets-from-ios-187watchos-265-to-the/DerivedData/Build/Products/Debug-watchos/SingleThreadWatch.app/de.lproj/InfoPlist.strings /Users/vardy/dev/alanvardy-var-1014-lower-deployment-targets-from-ios-187watchos-265-to-the/SingleThreadWatch/de.lproj/InfoPlist.strings (in target 'SingleThreadWatch' from project 'SingleThread')
    cd /Users/vardy/dev/alanvardy-var-1014-lower-deployment-targets-from-ios-187watchos-265-to-the
    builtin-copyStrings --validate --outputencoding binary --outfilename InfoPlist.strings --outdir /Users/vardy/dev/alanvardy-var-1014-lower-deployment-targets-from-ios-187watchos-265-to-the/DerivedData/Build/Products/Debug-watchos/SingleThreadWatch.app/de.lproj -- /Users/vardy/dev/alanvardy-var-1014-lower-deployment-targets-from-ios-187watchos-265-to-the/SingleThreadWatch/de.lproj/InfoPlist.strings
/Users/vardy/dev/alanvardy-var-1014-lower-deployment-targets-from-ios-187watchos-265-to-the/SingleThreadWatch/de.lproj/InfoPlist.strings:1:1: note: detected encoding of input file as Unicode (UTF-8) (in target 'SingleThreadWatch' from project 'SingleThread')

Copy /Users/vardy/dev/alanvardy-var-1014-lower-deployment-targets-from-ios-187watchos-265-to-the/DerivedData/Build/Products/Debug-watchos/SingleThreadWatch.app/SingleThreadCore_SingleThreadCore.bundle /Users/vardy/dev/alanvardy-var-1014-lower-deployment-targets-from-ios-187watchos-265-to-the/DerivedData/Build/Products/Debug-watchos/SingleThreadCore_SingleThreadCore.bundle (in target 'SingleThreadWatch' from project 'SingleThread')
    cd /Users/vardy/dev/alanvardy-var-1014-lower-deployment-targets-from-ios-187watchos-265-to-the
    builtin-copy -exclude .DS_Store -exclude CVS -exclude .svn -exclude .git -exclude .hg -resolve-src-symlinks /Users/vardy/dev/alanvardy-var-1014-lower-deployment-targets-from-ios-187watchos-265-to-the/DerivedData/Build/Products/Debug-watchos/SingleThreadCore_SingleThreadCore.bundle /Users/vardy/dev/alanvardy-var-1014-lower-deployment-targets-from-ios-187watchos-265-to-the/DerivedData/Build/Products/Debug-watchos/SingleThreadWatch.app

SwiftExplicitDependencyGeneratePcm arm64 /Users/vardy/dev/alanvardy-var-1014-lower-deployment-targets-from-ios-187watchos-265-to-the/DerivedData/SDKExplicitPrecompiledModules/SwiftUICore-6A1GQTTXF6LZMD16Y2622X7EZ.pcm

SwiftExplicitDependencyGeneratePcm arm64 /Users/vardy/dev/alanvardy-var-1014-lower-deployment-targets-from-ios-187watchos-265-to-the/DerivedData/SDKExplicitPrecompiledModules/UIKit-5FCTNHP6LBBZGIOIQTY8WAMA1.pcm

Copy /Users/vardy/dev/alanvardy-var-1014-lower-deployment-targets-from-ios-187watchos-265-to-the/DerivedData/Build/Products/Debug-watchos/SingleThreadWatch.app/Frameworks/SingleThreadCore_38C46E065536DF53_PackageProduct.framework /Users/vardy/dev/alanvardy-var-1014-lower-deployment-targets-from-ios-187watchos-265-to-the/DerivedData/Build/Products/Debug-watchos/PackageFrameworks/SingleThreadCore_38C46E065536DF53_PackageProduct.framework (in target 'SingleThreadWatch' from project 'SingleThread')
    cd /Users/vardy/dev/alanvardy-var-1014-lower-deployment-targets-from-ios-187watchos-265-to-the
    builtin-copy -exclude .DS_Store -exclude CVS -exclude .svn -exclude .git -exclude .hg -bitcode-strip all -bitcode-strip-tool /Applications/Xcode.app/Contents/Developer/Toolchains/XcodeDefault.xctoolchain/usr/bin/bitcode_strip -resolve-src-symlinks -remove-static-executable /Users/vardy/dev/alanvardy-var-1014-lower-deployment-targets-from-ios-187watchos-265-to-the/DerivedData/Build/Products/Debug-watchos/PackageFrameworks/SingleThreadCore_38C46E065536DF53_PackageProduct.framework /Users/vardy/dev/alanvardy-var-1014-lower-deployment-targets-from-ios-187watchos-265-to-the/DerivedData/Build/Products/Debug-watchos/SingleThreadWatch.app/Frameworks
/Applications/Xcode.app/Contents/Developer/Toolchains/XcodeDefault.xctoolchain/usr/bin/bitcode_strip /Users/vardy/dev/alanvardy-var-1014-lower-deployment-targets-from-ios-187watchos-265-to-the/DerivedData/Build/Products/Debug-watchos/PackageFrameworks/SingleThreadCore_38C46E065536DF53_PackageProduct.framework/SingleThreadCore_38C46E065536DF53_PackageProduct -r -o /Users/vardy/dev/alanvardy-var-1014-lower-deployment-targets-from-ios-187watchos-265-to-the/DerivedData/Build/Products/Debug-watchos/SingleThreadWatch.app/Frameworks/SingleThreadCore_38C46E065536DF53_PackageProduct.framework/SingleThreadCore_38C46E065536DF53_PackageProduct

CompileXCStrings /Users/vardy/dev/alanvardy-var-1014-lower-deployment-targets-from-ios-187watchos-265-to-the/DerivedData/Build/Intermediates.noindex/SingleThread.build/Debug-watchos/SingleThreadWatch.build/ /Users/vardy/dev/alanvardy-var-1014-lower-deployment-targets-from-ios-187watchos-265-to-the/SingleThreadWatch/Resources/Localizable.xcstrings (in target 'SingleThreadWatch' from project 'SingleThread')
    cd /Users/vardy/dev/alanvardy-var-1014-lower-deployment-targets-from-ios-187watchos-265-to-the
    /Applications/Xcode.app/Contents/Developer/usr/bin/xcstringstool compile --output-directory /Users/vardy/dev/alanvardy-var-1014-lower-deployment-targets-from-ios-187watchos-265-to-the/DerivedData/Build/Intermediates.noindex/SingleThread.build/Debug-watchos/SingleThreadWatch.build /Users/vardy/dev/alanvardy-var-1014-lower-deployment-targets-from-ios-187watchos-265-to-the/SingleThreadWatch/Resources/Localizable.xcstrings

CreateUniversalBinary /Users/vardy/dev/alanvardy-var-1014-lower-deployment-targets-from-ios-187watchos-265-to-the/DerivedData/Build/Products/Debug-watchos/SingleThreadWatch.app/__preview.dylib normal arm64\ arm64_32 (in target 'SingleThreadWatch' from project 'SingleThread')
    cd /Users/vardy/dev/alanvardy-var-1014-lower-deployment-targets-from-ios-187watchos-265-to-the
    /Applications/Xcode.app/Contents/Developer/Toolchains/XcodeDefault.xctoolchain/usr/bin/lipo -create /Users/vardy/dev/alanvardy-var-1014-lower-deployment-targets-from-ios-187watchos-265-to-the/DerivedData/Build/Intermediates.noindex/SingleThread.build/Debug-watchos/SingleThreadWatch.build/Objects-normal/arm64/Binary/__preview.dylib /Users/vardy/dev/alanvardy-var-1014-lower-deployment-targets-from-ios-187watchos-265-to-the/DerivedData/Build/Intermediates.noindex/SingleThread.build/Debug-watchos/SingleThreadWatch.build/Objects-normal/arm64_32/Binary/__preview.dylib -output /Users/vardy/dev/alanvardy-var-1014-lower-deployment-targets-from-ios-187watchos-265-to-the/DerivedData/Build/Products/Debug-watchos/SingleThreadWatch.app/__preview.dylib

CopyStringsFile /Users/vardy/dev/alanvardy-var-1014-lower-deployment-targets-from-ios-187watchos-265-to-the/DerivedData/Build/Products/Debug-watchos/SingleThreadWatch.app/zh-Hans.lproj/Localizable.strings /Users/vardy/dev/alanvardy-var-1014-lower-deployment-targets-from-ios-187watchos-265-to-the/DerivedData/Build/Intermediates.noindex/SingleThread.build/Debug-watchos/SingleThreadWatch.build/zh-Hans.lproj/Localizable.strings (in target 'SingleThreadWatch' from project 'SingleThread')
    cd /Users/vardy/dev/alanvardy-var-1014-lower-deployment-targets-from-ios-187watchos-265-to-the
    builtin-copyStrings --validate --outputencoding binary --outfilename Localizable.strings --outdir /Users/vardy/dev/alanvardy-var-1014-lower-deployment-targets-from-ios-187watchos-265-to-the/DerivedData/Build/Products/Debug-watchos/SingleThreadWatch.app/zh-Hans.lproj -- /Users/vardy/dev/alanvardy-var-1014-lower-deployment-targets-from-ios-187watchos-265-to-the/DerivedData/Build/Intermediates.noindex/SingleThread.build/Debug-watchos/SingleThreadWatch.build/zh-Hans.lproj/Localizable.strings
/Users/vardy/dev/alanvardy-var-1014-lower-deployment-targets-from-ios-187watchos-265-to-the/DerivedData/Build/Intermediates.noindex/SingleThread.build/Debug-watchos/SingleThreadWatch.build/zh-Hans.lproj/Localizable.strings:1:1: note: detected encoding of input file as Unicode (UTF-8) (in target 'SingleThreadWatch' from project 'SingleThread')

ProcessInfoPlistFile /Users/vardy/dev/alanvardy-var-1014-lower-deployment-targets-from-ios-187watchos-265-to-the/DerivedData/Build/Products/Debug-watchos/SingleThreadWatch.app/Info.plist /Users/vardy/dev/alanvardy-var-1014-lower-deployment-targets-from-ios-187watchos-265-to-the/DerivedData/Build/Intermediates.noindex/SingleThread.build/Debug-watchos/SingleThreadWatch.build/empty-SingleThreadWatch.plist (in target 'SingleThreadWatch' from project 'SingleThread')
    cd /Users/vardy/dev/alanvardy-var-1014-lower-deployment-targets-from-ios-187watchos-265-to-the
    builtin-infoPlistUtility /Users/vardy/dev/alanvardy-var-1014-lower-deployment-targets-from-ios-187watchos-265-to-the/DerivedData/Build/Intermediates.noindex/SingleThread.build/Debug-watchos/SingleThreadWatch.build/empty-SingleThreadWatch.plist -producttype com.apple.product-type.application -genpkginfo /Users/vardy/dev/alanvardy-var-1014-lower-deployment-targets-from-ios-187watchos-265-to-the/DerivedData/Build/Products/Debug-watchos/SingleThreadWatch.app/PkgInfo -expandbuildsettings -format binary -platform watchos -additionalcontentfile /Users/vardy/dev/alanvardy-var-1014-lower-deployment-targets-from-ios-187watchos-265-to-the/DerivedData/Build/Intermediates.noindex/SingleThread.build/Debug-watchos/SingleThreadWatch.build/assetcatalog_generated_info.plist -scanforprivacyfile /Users/vardy/dev/alanvardy-var-1014-lower-deployment-targets-from-ios-187watchos-265-to-the/DerivedData/Build/Products/Debug-watchos/SingleThreadWatch.app/Frameworks/SingleThreadCore_38C46E065536DF53_PackageProduct.framework -scanforprivacyfile /Users/vardy/dev/alanvardy-var-1014-lower-deployment-targets-from-ios-187watchos-265-to-the/DerivedData/Build/Products/Debug-watchos/SingleThreadWatch.app/SingleThreadCore_SingleThreadCore.bundle -o /Users/vardy/dev/alanvardy-var-1014-lower-deployment-targets-from-ios-187watchos-265-to-the/DerivedData/Build/Products/Debug-watchos/SingleThreadWatch.app/Info.plist

CopyStringsFile /Users/vardy/dev/alanvardy-var-1014-lower-deployment-targets-from-ios-187watchos-265-to-the/DerivedData/Build/Products/Debug-watchos/SingleThreadWatch.app/ja.lproj/Localizable.strings /Users/vardy/dev/alanvardy-var-1014-lower-deployment-targets-from-ios-187watchos-265-to-the/DerivedData/Build/Intermediates.noindex/SingleThread.build/Debug-watchos/SingleThreadWatch.build/ja.lproj/Localizable.strings (in target 'SingleThreadWatch' from project 'SingleThread')
    cd /Users/vardy/dev/alanvardy-var-1014-lower-deployment-targets-from-ios-187watchos-265-to-the
    builtin-copyStrings --validate --outputencoding binary --outfilename Localizable.strings --outdir /Users/vardy/dev/alanvardy-var-1014-lower-deployment-targets-from-ios-187watchos-265-to-the/DerivedData/Build/Products/Debug-watchos/SingleThreadWatch.app/ja.lproj -- /Users/vardy/dev/alanvardy-var-1014-lower-deployment-targets-from-ios-187watchos-265-to-the/DerivedData/Build/Intermediates.noindex/SingleThread.build/Debug-watchos/SingleThreadWatch.build/ja.lproj/Localizable.strings
/Users/vardy/dev/alanvardy-var-1014-lower-deployment-targets-from-ios-187watchos-265-to-the/DerivedData/Build/Intermediates.noindex/SingleThread.build/Debug-watchos/SingleThreadWatch.build/ja.lproj/Localizable.strings:1:1: note: detected encoding of input file as Unicode (UTF-8) (in target 'SingleThreadWatch' from project 'SingleThread')

CopyStringsFile /Users/vardy/dev/alanvardy-var-1014-lower-deployment-targets-from-ios-187watchos-265-to-the/DerivedData/Build/Products/Debug-watchos/SingleThreadWatch.app/fr.lproj/Localizable.strings /Users/vardy/dev/alanvardy-var-1014-lower-deployment-targets-from-ios-187watchos-265-to-the/DerivedData/Build/Intermediates.noindex/SingleThread.build/Debug-watchos/SingleThreadWatch.build/fr.lproj/Localizable.strings (in target 'SingleThreadWatch' from project 'SingleThread')
    cd /Users/vardy/dev/alanvardy-var-1014-lower-deployment-targets-from-ios-187watchos-265-to-the
    builtin-copyStrings --validate --outputencoding binary --outfilename Localizable.strings --outdir /Users/vardy/dev/alanvardy-var-1014-lower-deployment-targets-from-ios-187watchos-265-to-the/DerivedData/Build/Products/Debug-watchos/SingleThreadWatch.app/fr.lproj -- /Users/vardy/dev/alanvardy-var-1014-lower-deployment-targets-from-ios-187watchos-265-to-the/DerivedData/Build/Intermediates.noindex/SingleThread.build/Debug-watchos/SingleThreadWatch.build/fr.lproj/Localizable.strings
/Users/vardy/dev/alanvardy-var-1014-lower-deployment-targets-from-ios-187watchos-265-to-the/DerivedData/Build/Intermediates.noindex/SingleThread.build/Debug-watchos/SingleThreadWatch.build/fr.lproj/Localizable.strings:1:1: note: detected encoding of input file as Unicode (UTF-8) (in target 'SingleThreadWatch' from project 'SingleThread')

CopyStringsFile /Users/vardy/dev/alanvardy-var-1014-lower-deployment-targets-from-ios-187watchos-265-to-the/DerivedData/Build/Products/Debug-watchos/SingleThreadWatch.app/es.lproj/Localizable.strings /Users/vardy/dev/alanvardy-var-1014-lower-deployment-targets-from-ios-187watchos-265-to-the/DerivedData/Build/Intermediates.noindex/SingleThread.build/Debug-watchos/SingleThreadWatch.build/es.lproj/Localizable.strings (in target 'SingleThreadWatch' from project 'SingleThread')
    cd /Users/vardy/dev/alanvardy-var-1014-lower-deployment-targets-from-ios-187watchos-265-to-the
    builtin-copyStrings --validate --outputencoding binary --outfilename Localizable.strings --outdir /Users/vardy/dev/alanvardy-var-1014-lower-deployment-targets-from-ios-187watchos-265-to-the/DerivedData/Build/Products/Debug-watchos/SingleThreadWatch.app/es.lproj -- /Users/vardy/dev/alanvardy-var-1014-lower-deployment-targets-from-ios-187watchos-265-to-the/DerivedData/Build/Intermediates.noindex/SingleThread.build/Debug-watchos/SingleThreadWatch.build/es.lproj/Localizable.strings
/Users/vardy/dev/alanvardy-var-1014-lower-deployment-targets-from-ios-187watchos-265-to-the/DerivedData/Build/Intermediates.noindex/SingleThread.build/Debug-watchos/SingleThreadWatch.build/es.lproj/Localizable.strings:1:1: note: detected encoding of input file as Unicode (UTF-8) (in target 'SingleThreadWatch' from project 'SingleThread')

CopyStringsFile /Users/vardy/dev/alanvardy-var-1014-lower-deployment-targets-from-ios-187watchos-265-to-the/DerivedData/Build/Products/Debug-watchos/SingleThreadWatch.app/en.lproj/Localizable.strings /Users/vardy/dev/alanvardy-var-1014-lower-deployment-targets-from-ios-187watchos-265-to-the/DerivedData/Build/Intermediates.noindex/SingleThread.build/Debug-watchos/SingleThreadWatch.build/en.lproj/Localizable.strings (in target 'SingleThreadWatch' from project 'SingleThread')
    cd /Users/vardy/dev/alanvardy-var-1014-lower-deployment-targets-from-ios-187watchos-265-to-the
    builtin-copyStrings --validate --outputencoding binary --outfilename Localizable.strings --outdir /Users/vardy/dev/alanvardy-var-1014-lower-deployment-targets-from-ios-187watchos-265-to-the/DerivedData/Build/Products/Debug-watchos/SingleThreadWatch.app/en.lproj -- /Users/vardy/dev/alanvardy-var-1014-lower-deployment-targets-from-ios-187watchos-265-to-the/DerivedData/Build/Intermediates.noindex/SingleThread.build/Debug-watchos/SingleThreadWatch.build/en.lproj/Localizable.strings
/Users/vardy/dev/alanvardy-var-1014-lower-deployment-targets-from-ios-187watchos-265-to-the/DerivedData/Build/Intermediates.noindex/SingleThread.build/Debug-watchos/SingleThreadWatch.build/en.lproj/Localizable.strings:1:1: note: detected encoding of input file as Unicode (UTF-8) (in target 'SingleThreadWatch' from project 'SingleThread')

CopyStringsFile /Users/vardy/dev/alanvardy-var-1014-lower-deployment-targets-from-ios-187watchos-265-to-the/DerivedData/Build/Products/Debug-watchos/SingleThreadWatch.app/de.lproj/Localizable.strings /Users/vardy/dev/alanvardy-var-1014-lower-deployment-targets-from-ios-187watchos-265-to-the/DerivedData/Build/Intermediates.noindex/SingleThread.build/Debug-watchos/SingleThreadWatch.build/de.lproj/Localizable.strings (in target 'SingleThreadWatch' from project 'SingleThread')
    cd /Users/vardy/dev/alanvardy-var-1014-lower-deployment-targets-from-ios-187watchos-265-to-the
    builtin-copyStrings --validate --outputencoding binary --outfilename Localizable.strings --outdir /Users/vardy/dev/alanvardy-var-1014-lower-deployment-targets-from-ios-187watchos-265-to-the/DerivedData/Build/Products/Debug-watchos/SingleThreadWatch.app/de.lproj -- /Users/vardy/dev/alanvardy-var-1014-lower-deployment-targets-from-ios-187watchos-265-to-the/DerivedData/Build/Intermediates.noindex/SingleThread.build/Debug-watchos/SingleThreadWatch.build/de.lproj/Localizable.strings
/Users/vardy/dev/alanvardy-var-1014-lower-deployment-targets-from-ios-187watchos-265-to-the/DerivedData/Build/Intermediates.noindex/SingleThread.build/Debug-watchos/SingleThreadWatch.build/de.lproj/Localizable.strings:1:1: note: detected encoding of input file as Unicode (UTF-8) (in target 'SingleThreadWatch' from project 'SingleThread')

SwiftExplicitDependencyGeneratePcm arm64_32 /Users/vardy/dev/alanvardy-var-1014-lower-deployment-targets-from-ios-187watchos-265-to-the/DerivedData/SDKExplicitPrecompiledModules/UIKit-DR99517GTB3F9I7TGPKP17RE4.pcm

SwiftDriverJobDiscovery normal arm64 Compiling ReminderRecurrenceFormatter.swift, ReminderSkip.swift, ReminderSort.swift, ReminderStore.swift (in target 'SingleThreadCore' from project 'SingleThreadCore')

SwiftDriverJobDiscovery normal arm64 Compiling ExcludedListStore.swift, InMemoryEventStore.swift, ListContent.swift, LocalizedString+Shared.swift (in target 'SingleThreadCore' from project 'SingleThreadCore')

SwiftDriverJobDiscovery normal arm64 Compiling ReminderDeepLink.swift, ReminderDictationParser.swift, ReminderDisplay.swift, ReminderIntents.swift (in target 'SingleThreadCore' from project 'SingleThreadCore')

SwiftExplicitDependencyGeneratePcm arm64 /Users/vardy/dev/alanvardy-var-1014-lower-deployment-targets-from-ios-187watchos-265-to-the/DerivedData/SDKExplicitPrecompiledModules/MapKit-DVB4C8DILI97C3AUUA5SHLJ3V.pcm

SwiftExplicitDependencyGeneratePcm arm64 /Users/vardy/dev/alanvardy-var-1014-lower-deployment-targets-from-ios-187watchos-265-to-the/DerivedData/SDKExplicitPrecompiledModules/HomeKit-4ZX5TLKYP6RISI6V3FDY9K53I.pcm

SwiftExplicitDependencyGeneratePcm arm64_32 /Users/vardy/dev/alanvardy-var-1014-lower-deployment-targets-from-ios-187watchos-265-to-the/DerivedData/SDKExplicitPrecompiledModules/HomeKit-WFQ72IX565DZE1HAMOPJIBJ9.pcm

SwiftExplicitDependencyGeneratePcm arm64_32 /Users/vardy/dev/alanvardy-var-1014-lower-deployment-targets-from-ios-187watchos-265-to-the/DerivedData/SDKExplicitPrecompiledModules/MapKit-EY23DR0WXJRNB5A61NX3BBT5D.pcm

SwiftExplicitDependencyGeneratePcm arm64 /Users/vardy/dev/alanvardy-var-1014-lower-deployment-targets-from-ios-187watchos-265-to-the/DerivedData/SDKExplicitPrecompiledModules/_Builtin_stdbool-2TB5DEAOW26LVUW9SDUOR8G0E.pcm

SwiftExplicitDependencyGeneratePcm arm64 /Users/vardy/dev/alanvardy-var-1014-lower-deployment-targets-from-ios-187watchos-265-to-the/DerivedData/SDKExplicitPrecompiledModules/_Builtin_stddef-1EC6UA89VDACMBC69TA0W8XFM.pcm

SwiftExplicitDependencyGeneratePcm arm64 /Users/vardy/dev/alanvardy-var-1014-lower-deployment-targets-from-ios-187watchos-265-to-the/DerivedData/SDKExplicitPrecompiledModules/_AvailabilityInternal-DOGI3P6XWEZXCQA4US8JGLZEZ.pcm

SwiftExplicitDependencyGeneratePcm arm64 /Users/vardy/dev/alanvardy-var-1014-lower-deployment-targets-from-ios-187watchos-265-to-the/DerivedData/SDKExplicitPrecompiledModules/ptrauth-7ZGSPJDT0C9HC446GJY0U3RD0.pcm

SwiftExplicitDependencyGeneratePcm arm64 /Users/vardy/dev/alanvardy-var-1014-lower-deployment-targets-from-ios-187watchos-265-to-the/DerivedData/SDKExplicitPrecompiledModules/_StoreKit_SwiftUI-CQIRP0LDE8J47W4WFQVMWM3S3.pcm

SwiftExplicitDependencyGeneratePcm arm64 /Users/vardy/dev/alanvardy-var-1014-lower-deployment-targets-from-ios-187watchos-265-to-the/DerivedData/SDKExplicitPrecompiledModules/_Builtin_stdarg-B30VNJZ907LC6VRGI8ICEKCAG.pcm

SwiftExplicitDependencyGeneratePcm arm64 /Users/vardy/dev/alanvardy-var-1014-lower-deployment-targets-from-ios-187watchos-265-to-the/DerivedData/SDKExplicitPrecompiledModules/ptrcheck-4QAADHBT9W2PFJ045567B9FQF.pcm

SwiftExplicitDependencyGeneratePcm arm64 /Users/vardy/dev/alanvardy-var-1014-lower-deployment-targets-from-ios-187watchos-265-to-the/DerivedData/SDKExplicitPrecompiledModules/ActivityKit-93XD6JMFW3A9GNQ1QVH2RMG16.pcm

SwiftExplicitDependencyGeneratePcm arm64 /Users/vardy/dev/alanvardy-var-1014-lower-deployment-targets-from-ios-187watchos-265-to-the/DerivedData/SDKExplicitPrecompiledModules/WatchKit-7RLD3N0A7G5YACF1B4SO9JBDI.pcm

SwiftExplicitDependencyGeneratePcm arm64 /Users/vardy/dev/alanvardy-var-1014-lower-deployment-targets-from-ios-187watchos-265-to-the/DerivedData/SDKExplicitPrecompiledModules/DeveloperToolsSupport-CKBM3D5Q1GAK6TPWFJXHJEKQG.pcm

SwiftExplicitDependencyGeneratePcm arm64_32 /Users/vardy/dev/alanvardy-var-1014-lower-deployment-targets-from-ios-187watchos-265-to-the/DerivedData/SDKExplicitPrecompiledModules/WatchKit-9CYDI0GKYANQFO4I0N251PUG7.pcm

SwiftExplicitDependencyGeneratePcm arm64 /Users/vardy/dev/alanvardy-var-1014-lower-deployment-targets-from-ios-187watchos-265-to-the/DerivedData/SDKExplicitPrecompiledModules/SwiftShims-255V2VUR2NN6M05TU0XXVJ3DO.pcm

SwiftExplicitDependencyGeneratePcm arm64 /Users/vardy/dev/alanvardy-var-1014-lower-deployment-targets-from-ios-187watchos-265-to-the/DerivedData/SDKExplicitPrecompiledModules/_Builtin_float-6YA201UY0KSJUGJMGBUBNHQPQ.pcm

SwiftExplicitDependencyGeneratePcm arm64 /Users/vardy/dev/alanvardy-var-1014-lower-deployment-targets-from-ios-187watchos-265-to-the/DerivedData/SDKExplicitPrecompiledModules/_SwiftConcurrencyShims-AJ2LPTUHYFK4D198Z59OUT8QA.pcm

SwiftExplicitDependencyGeneratePcm arm64 /Users/vardy/dev/alanvardy-var-1014-lower-deployment-targets-from-ios-187watchos-265-to-the/DerivedData/SDKExplicitPrecompiledModules/_DarwinFoundation1-7TLD8VRMD5X9CM3FHGQFJYO3B.pcm

SwiftExplicitDependencyGeneratePcm arm64 /Users/vardy/dev/alanvardy-var-1014-lower-deployment-targets-from-ios-187watchos-265-to-the/DerivedData/SDKExplicitPrecompiledModules/SwiftUI-8KGD2LDC087EVJ0YLPMVDP4FF.pcm

SwiftExplicitDependencyGeneratePcm arm64_32 /Users/vardy/dev/alanvardy-var-1014-lower-deployment-targets-from-ios-187watchos-265-to-the/DerivedData/SDKExplicitPrecompiledModules/SwiftUI-8XS2677S6SK3T71FYE68DNM5K.pcm

SwiftExplicitDependencyGeneratePcm arm64 /Users/vardy/dev/alanvardy-var-1014-lower-deployment-targets-from-ios-187watchos-265-to-the/DerivedData/SDKExplicitPrecompiledModules/ExtensionFoundation-CJ7A5LMQLCVY5MQO8N4JA3TAM.pcm

SwiftExplicitDependencyGeneratePcm arm64 /Users/vardy/dev/alanvardy-var-1014-lower-deployment-targets-from-ios-187watchos-265-to-the/DerivedData/SDKExplicitPrecompiledModules/_Builtin_limits-65MTMN692PODD9T3XWHGURSJM.pcm

SwiftExplicitDependencyGeneratePcm arm64 /Users/vardy/dev/alanvardy-var-1014-lower-deployment-targets-from-ios-187watchos-265-to-the/DerivedData/SDKExplicitPrecompiledModules/_DarwinFoundation2-30WZM0AJ23EAD084M2OQWT6HK.pcm

SwiftCompile normal arm64 Compiling\ ShowCompletionGlowState.swift /Users/vardy/dev/alanvardy-var-1014-lower-deployment-targets-from-ios-187watchos-265-to-the/SingleThreadWatch/ShowCompletionGlowState.swift (in target 'SingleThreadWatch' from project 'SingleThread')

SwiftCompile normal arm64 /Users/vardy/dev/alanvardy-var-1014-lower-deployment-targets-from-ios-187watchos-265-to-the/SingleThreadWatch/ShowCompletionGlowState.swift (in target 'SingleThreadWatch' from project 'SingleThread')
    cd /Users/vardy/dev/alanvardy-var-1014-lower-deployment-targets-from-ios-187watchos-265-to-the
    builtin-SwiftPerFileCompile ShowCompletionGlowState.swift

SwiftCompile normal arm64 Compiling\ ShowEnableActionButtonsState.swift /Users/vardy/dev/alanvardy-var-1014-lower-deployment-targets-from-ios-187watchos-265-to-the/SingleThreadWatch/ShowEnableActionButtonsState.swift (in target 'SingleThreadWatch' from project 'SingleThread')

SwiftCompile normal arm64 /Users/vardy/dev/alanvardy-var-1014-lower-deployment-targets-from-ios-187watchos-265-to-the/SingleThreadWatch/ShowEnableActionButtonsState.swift (in target 'SingleThreadWatch' from project 'SingleThread')
    cd /Users/vardy/dev/alanvardy-var-1014-lower-deployment-targets-from-ios-187watchos-265-to-the
    builtin-SwiftPerFileCompile ShowEnableActionButtonsState.swift

SwiftEmitModule normal arm64 Emitting\ module\ for\ SingleThreadWatch (in target 'SingleThreadWatch' from project 'SingleThread')

SwiftCompile normal arm64 (in target 'SingleThreadWatch' from project 'SingleThread')
    cd /Users/vardy/dev/alanvardy-var-1014-lower-deployment-targets-from-ios-187watchos-265-to-the
    

SwiftCompile normal arm64 Compiling\ SingleThreadWatchApp.swift /Users/vardy/dev/alanvardy-var-1014-lower-deployment-targets-from-ios-187watchos-265-to-the/SingleThreadWatch/SingleThreadWatchApp.swift (in target 'SingleThreadWatch' from project 'SingleThread')

SwiftCompile normal arm64 /Users/vardy/dev/alanvardy-var-1014-lower-deployment-targets-from-ios-187watchos-265-to-the/SingleThreadWatch/SingleThreadWatchApp.swift (in target 'SingleThreadWatch' from project 'SingleThread')
    cd /Users/vardy/dev/alanvardy-var-1014-lower-deployment-targets-from-ios-187watchos-265-to-the
    builtin-SwiftPerFileCompile SingleThreadWatchApp.swift

SwiftCompile normal arm64 Compiling\ ShowDateState.swift /Users/vardy/dev/alanvardy-var-1014-lower-deployment-targets-from-ios-187watchos-265-to-the/SingleThreadWatch/ShowDateState.swift (in target 'SingleThreadWatch' from project 'SingleThread')

SwiftCompile normal arm64 /Users/vardy/dev/alanvardy-var-1014-lower-deployment-targets-from-ios-187watchos-265-to-the/SingleThreadWatch/ShowDateState.swift (in target 'SingleThreadWatch' from project 'SingleThread')
    cd /Users/vardy/dev/alanvardy-var-1014-lower-deployment-targets-from-ios-187watchos-265-to-the
    builtin-SwiftPerFileCompile ShowDateState.swift

SwiftCompile normal arm64 Compiling\ WatchAppViewModel.swift /Users/vardy/dev/alanvardy-var-1014-lower-deployment-targets-from-ios-187watchos-265-to-the/SingleThreadWatch/WatchAppViewModel.swift (in target 'SingleThreadWatch' from project 'SingleThread')

SwiftCompile normal arm64 /Users/vardy/dev/alanvardy-var-1014-lower-deployment-targets-from-ios-187watchos-265-to-the/SingleThreadWatch/WatchAppViewModel.swift (in target 'SingleThreadWatch' from project 'SingleThread')
    cd /Users/vardy/dev/alanvardy-var-1014-lower-deployment-targets-from-ios-187watchos-265-to-the
    builtin-SwiftPerFileCompile WatchAppViewModel.swift

SwiftCompile normal arm64 Compiling\ ShowAlarmsState.swift /Users/vardy/dev/alanvardy-var-1014-lower-deployment-targets-from-ios-187watchos-265-to-the/SingleThreadWatch/ShowAlarmsState.swift (in target 'SingleThreadWatch' from project 'SingleThread')

SwiftCompile normal arm64 /Users/vardy/dev/alanvardy-var-1014-lower-deployment-targets-from-ios-187watchos-265-to-the/SingleThreadWatch/ShowAlarmsState.swift (in target 'SingleThreadWatch' from project 'SingleThread')
    cd /Users/vardy/dev/alanvardy-var-1014-lower-deployment-targets-from-ios-187watchos-265-to-the
    builtin-SwiftPerFileCompile ShowAlarmsState.swift

SwiftEmitModule normal arm64_32 Emitting\ module\ for\ SingleThreadWatch (in target 'SingleThreadWatch' from project 'SingleThread')

SwiftCompile normal arm64_32 (in target 'SingleThreadWatch' from project 'SingleThread')
    cd /Users/vardy/dev/alanvardy-var-1014-lower-deployment-targets-from-ios-187watchos-265-to-the
    

SwiftCompile normal arm64_32 Compiling\ ShowAlarmsState.swift /Users/vardy/dev/alanvardy-var-1014-lower-deployment-targets-from-ios-187watchos-265-to-the/SingleThreadWatch/ShowAlarmsState.swift (in target 'SingleThreadWatch' from project 'SingleThread')

SwiftCompile normal arm64_32 /Users/vardy/dev/alanvardy-var-1014-lower-deployment-targets-from-ios-187watchos-265-to-the/SingleThreadWatch/ShowAlarmsState.swift (in target 'SingleThreadWatch' from project 'SingleThread')
    cd /Users/vardy/dev/alanvardy-var-1014-lower-deployment-targets-from-ios-187watchos-265-to-the
    builtin-SwiftPerFileCompile ShowAlarmsState.swift

SwiftCompile normal arm64_32 Compiling\ WatchReminderView.swift /Users/vardy/dev/alanvardy-var-1014-lower-deployment-targets-from-ios-187watchos-265-to-the/SingleThreadWatch/WatchReminderView.swift (in target 'SingleThreadWatch' from project 'SingleThread')

SwiftCompile normal arm64_32 /Users/vardy/dev/alanvardy-var-1014-lower-deployment-targets-from-ios-187watchos-265-to-the/SingleThreadWatch/WatchReminderView.swift (in target 'SingleThreadWatch' from project 'SingleThread')
    cd /Users/vardy/dev/alanvardy-var-1014-lower-deployment-targets-from-ios-187watchos-265-to-the
    builtin-SwiftPerFileCompile WatchReminderView.swift

SwiftDriverJobDiscovery normal arm64 Compiling AppearanceModePreference.swift, BoolPreferenceKey.swift, BoolPreferenceStore.swift, CodeSpanFormatter.swift (in target 'SingleThreadCore' from project 'SingleThreadCore')

SwiftCompile normal arm64_32 Compiling\ ShowRecurrenceState.swift /Users/vardy/dev/alanvardy-var-1014-lower-deployment-targets-from-ios-187watchos-265-to-the/SingleThreadWatch/ShowRecurrenceState.swift (in target 'SingleThreadWatch' from project 'SingleThread')

SwiftCompile normal arm64_32 /Users/vardy/dev/alanvardy-var-1014-lower-deployment-targets-from-ios-187watchos-265-to-the/SingleThreadWatch/ShowRecurrenceState.swift (in target 'SingleThreadWatch' from project 'SingleThread')
    cd /Users/vardy/dev/alanvardy-var-1014-lower-deployment-targets-from-ios-187watchos-265-to-the
    builtin-SwiftPerFileCompile ShowRecurrenceState.swift

SwiftExplicitDependencyGeneratePcm arm64 /Users/vardy/dev/alanvardy-var-1014-lower-deployment-targets-from-ios-187watchos-265-to-the/DerivedData/SDKExplicitPrecompiledModules/_Builtin_tgmath-9EPGEGZDM43DIJYBP08T2F5W0.pcm

SwiftDriverJobDiscovery normal arm64 Compiling EntitlementState.swift, EntitlementStore.swift, EventKitStoring.swift, EventStoreChangedObserver.swift (in target 'SingleThreadCore' from project 'SingleThreadCore')

SwiftExplicitDependencyGeneratePcm arm64 /Users/vardy/dev/alanvardy-var-1014-lower-deployment-targets-from-ios-187watchos-265-to-the/DerivedData/SDKExplicitPrecompiledModules/sys_types-6EC887PGKHJHZPJUVUA49D8M1.pcm

SwiftExplicitDependencyGeneratePcm arm64 /Users/vardy/dev/alanvardy-var-1014-lower-deployment-targets-from-ios-187watchos-265-to-the/DerivedData/SDKExplicitPrecompiledModules/_Builtin_stdint-CVN408GO16IGYV1I5EU55U5CB.pcm

SwiftExplicitDependencyGeneratePcm arm64 /Users/vardy/dev/alanvardy-var-1014-lower-deployment-targets-from-ios-187watchos-265-to-the/DerivedData/SDKExplicitPrecompiledModules/string_h-E13E71OJDHYHLS1K3JTEO2BO9.pcm

SwiftExplicitDependencyGeneratePcm arm64 /Users/vardy/dev/alanvardy-var-1014-lower-deployment-targets-from-ios-187watchos-265-to-the/DerivedData/SDKExplicitPrecompiledModules/_Builtin_intrinsics-CQQV8KQV1PINKCY24LHPB2PYZ.pcm

SwiftExplicitDependencyGeneratePcm arm64 /Users/vardy/dev/alanvardy-var-1014-lower-deployment-targets-from-ios-187watchos-265-to-the/DerivedData/SDKExplicitPrecompiledModules/_DarwinFoundation3-3HDMGYXIJ1LLAR8F4RN2UJADP.pcm

SwiftDriverJobDiscovery normal arm64 Compiling ShowDateState.swift (in target 'SingleThreadWatch' from project 'SingleThread')

SwiftExplicitDependencyGeneratePcm arm64 /Users/vardy/dev/alanvardy-var-1014-lower-deployment-targets-from-ios-187watchos-265-to-the/DerivedData/SDKExplicitPrecompiledModules/_Builtin_stdatomic-72834M2VLDO2ASAMHYCF8WB8E.pcm

SwiftDriverJobDiscovery normal arm64 Compiling SingleThreadWatchApp.swift (in target 'SingleThreadWatch' from project 'SingleThread')

SwiftExplicitDependencyGeneratePcm arm64 /Users/vardy/dev/alanvardy-var-1014-lower-deployment-targets-from-ios-187watchos-265-to-the/DerivedData/SDKExplicitPrecompiledModules/libDER-5HDIN8W3UJGSC845I1DNFOKQY.pcm

SwiftDriverJobDiscovery normal arm64 Compiling ShowCompletionGlowState.swift (in target 'SingleThreadWatch' from project 'SingleThread')

SwiftCompile normal arm64_32 Compiling\ ShowDateState.swift /Users/vardy/dev/alanvardy-var-1014-lower-deployment-targets-from-ios-187watchos-265-to-the/SingleThreadWatch/ShowDateState.swift (in target 'SingleThreadWatch' from project 'SingleThread')

SwiftCompile normal arm64_32 /Users/vardy/dev/alanvardy-var-1014-lower-deployment-targets-from-ios-187watchos-265-to-the/SingleThreadWatch/ShowDateState.swift (in target 'SingleThreadWatch' from project 'SingleThread')
    cd /Users/vardy/dev/alanvardy-var-1014-lower-deployment-targets-from-ios-187watchos-265-to-the
    builtin-SwiftPerFileCompile ShowDateState.swift

SwiftDriverJobDiscovery normal arm64 Compiling ShowEnableActionButtonsState.swift (in target 'SingleThreadWatch' from project 'SingleThread')

SwiftCompile normal arm64_32 Compiling\ ShowCompletionGlowState.swift /Users/vardy/dev/alanvardy-var-1014-lower-deployment-targets-from-ios-187watchos-265-to-the/SingleThreadWatch/ShowCompletionGlowState.swift (in target 'SingleThreadWatch' from project 'SingleThread')

SwiftCompile normal arm64_32 /Users/vardy/dev/alanvardy-var-1014-lower-deployment-targets-from-ios-187watchos-265-to-the/SingleThreadWatch/ShowCompletionGlowState.swift (in target 'SingleThreadWatch' from project 'SingleThread')
    cd /Users/vardy/dev/alanvardy-var-1014-lower-deployment-targets-from-ios-187watchos-265-to-the
    builtin-SwiftPerFileCompile ShowCompletionGlowState.swift

SwiftDriverJobDiscovery normal arm64 Compiling ShowAlarmsState.swift (in target 'SingleThreadWatch' from project 'SingleThread')

SwiftCompile normal arm64_32 Compiling\ GeneratedAssetSymbols.swift /Users/vardy/dev/alanvardy-var-1014-lower-deployment-targets-from-ios-187watchos-265-to-the/DerivedData/Build/Intermediates.noindex/SingleThread.build/Debug-watchos/SingleThreadWatch.build/DerivedSources/GeneratedAssetSymbols.swift (in target 'SingleThreadWatch' from project 'SingleThread')

SwiftCompile normal arm64_32 /Users/vardy/dev/alanvardy-var-1014-lower-deployment-targets-from-ios-187watchos-265-to-the/DerivedData/Build/Intermediates.noindex/SingleThread.build/Debug-watchos/SingleThreadWatch.build/DerivedSources/GeneratedAssetSymbols.swift (in target 'SingleThreadWatch' from project 'SingleThread')
    cd /Users/vardy/dev/alanvardy-var-1014-lower-deployment-targets-from-ios-187watchos-265-to-the
    builtin-SwiftPerFileCompile GeneratedAssetSymbols.swift

SwiftCompile normal arm64_32 Compiling\ ShowListState.swift /Users/vardy/dev/alanvardy-var-1014-lower-deployment-targets-from-ios-187watchos-265-to-the/SingleThreadWatch/ShowListState.swift (in target 'SingleThreadWatch' from project 'SingleThread')

SwiftCompile normal arm64_32 /Users/vardy/dev/alanvardy-var-1014-lower-deployment-targets-from-ios-187watchos-265-to-the/SingleThreadWatch/ShowListState.swift (in target 'SingleThreadWatch' from project 'SingleThread')
    cd /Users/vardy/dev/alanvardy-var-1014-lower-deployment-targets-from-ios-187watchos-265-to-the
    builtin-SwiftPerFileCompile ShowListState.swift

SwiftDriverJobDiscovery normal arm64_32 Compiling ShowRecurrenceState.swift (in target 'SingleThreadWatch' from project 'SingleThread')

SwiftCompile normal arm64_32 Compiling\ WatchReminderViewModel.swift /Users/vardy/dev/alanvardy-var-1014-lower-deployment-targets-from-ios-187watchos-265-to-the/SingleThreadWatch/WatchReminderViewModel.swift (in target 'SingleThreadWatch' from project 'SingleThread')

SwiftCompile normal arm64_32 /Users/vardy/dev/alanvardy-var-1014-lower-deployment-targets-from-ios-187watchos-265-to-the/SingleThreadWatch/WatchReminderViewModel.swift (in target 'SingleThreadWatch' from project 'SingleThread')
    cd /Users/vardy/dev/alanvardy-var-1014-lower-deployment-targets-from-ios-187watchos-265-to-the
    builtin-SwiftPerFileCompile WatchReminderViewModel.swift

SwiftCompile normal arm64 Compiling\ ShowRecurrenceState.swift /Users/vardy/dev/alanvardy-var-1014-lower-deployment-targets-from-ios-187watchos-265-to-the/SingleThreadWatch/ShowRecurrenceState.swift (in target 'SingleThreadWatch' from project 'SingleThread')

SwiftCompile normal arm64 /Users/vardy/dev/alanvardy-var-1014-lower-deployment-targets-from-ios-187watchos-265-to-the/SingleThreadWatch/ShowRecurrenceState.swift (in target 'SingleThreadWatch' from project 'SingleThread')
    cd /Users/vardy/dev/alanvardy-var-1014-lower-deployment-targets-from-ios-187watchos-265-to-the
    builtin-SwiftPerFileCompile ShowRecurrenceState.swift

SwiftExplicitDependencyGeneratePcm arm64 /Users/vardy/dev/alanvardy-var-1014-lower-deployment-targets-from-ios-187watchos-265-to-the/DerivedData/SDKExplicitPrecompiledModules/_Builtin_inttypes-2XV8B6SLKDMC34VOVBNGO9R3X.pcm

SwiftDriverJobDiscovery normal arm64_32 Compiling ShowAlarmsState.swift (in target 'SingleThreadWatch' from project 'SingleThread')

SwiftCompile normal arm64 Compiling\ WatchReminderView.swift /Users/vardy/dev/alanvardy-var-1014-lower-deployment-targets-from-ios-187watchos-265-to-the/SingleThreadWatch/WatchReminderView.swift (in target 'SingleThreadWatch' from project 'SingleThread')

SwiftCompile normal arm64 /Users/vardy/dev/alanvardy-var-1014-lower-deployment-targets-from-ios-187watchos-265-to-the/SingleThreadWatch/WatchReminderView.swift (in target 'SingleThreadWatch' from project 'SingleThread')
    cd /Users/vardy/dev/alanvardy-var-1014-lower-deployment-targets-from-ios-187watchos-265-to-the
    builtin-SwiftPerFileCompile WatchReminderView.swift

SwiftDriverJobDiscovery normal arm64 Emitting module for SingleThreadWatch (in target 'SingleThreadWatch' from project 'SingleThread')

SwiftDriver\ Compilation\ Requirements SingleThreadWatch normal arm64 com.apple.xcode.tools.swift.compiler (in target 'SingleThreadWatch' from project 'SingleThread')
    cd /Users/vardy/dev/alanvardy-var-1014-lower-deployment-targets-from-ios-187watchos-265-to-the
    builtin-Swift-Compilation-Requirements -- /Applications/Xcode.app/Contents/Developer/Toolchains/XcodeDefault.xctoolchain/usr/bin/swiftc -module-name SingleThreadWatch -Onone @/Users/vardy/dev/alanvardy-var-1014-lower-deployment-targets-from-ios-187watchos-265-to-the/DerivedData/Build/Intermediates.noindex/SingleThread.build/Debug-watchos/SingleThreadWatch.build/Objects-normal/arm64/SingleThreadWatch.SwiftFileList -DDEBUG -default-isolation\=MainActor -enable-upcoming-feature InferIsolatedConformances -enable-upcoming-feature NonisolatedNonsendingByDefault -enable-experimental-feature DebugDescriptionMacro -sdk /Applications/Xcode.app/Contents/Developer/Platforms/WatchOS.platform/Developer/SDKs/WatchOS27.0.sdk -target arm64-apple-watchos11.0 -g -module-cache-path /Users/vardy/dev/alanvardy-var-1014-lower-deployment-targets-from-ios-187watchos-265-to-the/DerivedData/ModuleCache.noindex -Xfrontend -serialize-debugging-options -profile-coverage-mapping -profile-generate -enable-testing -warnings-as-errors -index-store-path /Users/vardy/dev/alanvardy-var-1014-lower-deployment-targets-from-ios-187watchos-265-to-the/DerivedData/Index.noindex/DataStore -Xcc -D_LIBCPP_HARDENING_MODE\=_LIBCPP_HARDENING_MODE_DEBUG -swift-version 6 -I /Users/vardy/dev/alanvardy-var-1014-lower-deployment-targets-from-ios-187watchos-265-to-the/DerivedData/Build/Products/Debug-watchos -F /Users/vardy/dev/alanvardy-var-1014-lower-deployment-targets-from-ios-187watchos-265-to-the/DerivedData/Build/Products/Debug-watchos/PackageFrameworks -F /Users/vardy/dev/alanvardy-var-1014-lower-deployment-targets-from-ios-187watchos-265-to-the/DerivedData/Build/Products/Debug-watchos -emit-localized-strings -emit-localized-strings-path /Users/vardy/dev/alanvardy-var-1014-lower-deployment-targets-from-ios-187watchos-265-to-the/DerivedData/Build/Intermediates.noindex/SingleThread.build/Debug-watchos/SingleThreadWatch.build/Objects-normal/arm64 -c -j12 -enable-batch-mode -incremental -Xcc -ivfsstatcache -Xcc /Users/vardy/dev/alanvardy-var-1014-lower-deployment-targets-from-ios-187watchos-265-to-the/DerivedData/SDKStatCaches.noindex/watchos27.0-24R360-84ee5e44e35145daf7706869e872e73f.sdkstatcache -output-file-map /Users/vardy/dev/alanvardy-var-1014-lower-deployment-targets-from-ios-187watchos-265-to-the/DerivedData/Build/Intermediates.noindex/SingleThread.build/Debug-watchos/SingleThreadWatch.build/Objects-normal/arm64/SingleThreadWatch-OutputFileMap.json -save-temps -no-color-diagnostics -explicit-module-build -module-cache-path /Users/vardy/dev/alanvardy-var-1014-lower-deployment-targets-from-ios-187watchos-265-to-the/DerivedData/Build/Intermediates.noindex/SwiftExplicitPrecompiledModules -clang-scanner-module-cache-path /Users/vardy/dev/alanvardy-var-1014-lower-deployment-targets-from-ios-187watchos-265-to-the/DerivedData/ModuleCache.noindex -sdk-module-cache-path /Users/vardy/dev/alanvardy-var-1014-lower-deployment-targets-from-ios-187watchos-265-to-the/DerivedData/SDKExplicitPrecompiledModules -emit-dependencies -emit-module -emit-module-path /Users/vardy/dev/alanvardy-var-1014-lower-deployment-targets-from-ios-187watchos-265-to-the/DerivedData/Build/Intermediates.noindex/SingleThread.build/Debug-watchos/SingleThreadWatch.build/Objects-normal/arm64/SingleThreadWatch.swiftmodule -serialize-diagnostics -dependency-scan-serialize-diagnostics-path /Users/vardy/dev/alanvardy-var-1014-lower-deployment-targets-from-ios-187watchos-265-to-the/DerivedData/Build/Intermediates.noindex/SingleThread.build/Debug-watchos/SingleThreadWatch.build/Objects-normal/arm64/SingleThreadWatch-dependency-scan.dia -validate-clang-modules-once -clang-build-session-file /Users/vardy/dev/alanvardy-var-1014-lower-deployment-targets-from-ios-187watchos-265-to-the/DerivedData/ModuleCache.noindex/Session.modulevalidation -Xcc -fmodules-prune-interval\=86400 -Xcc -fmodules-prune-after\=345600 -emit-const-values -const-gather-protocols-list /Users/vardy/dev/alanvardy-var-1014-lower-deployment-targets-from-ios-187watchos-265-to-the/DerivedData/Build/Intermediates.noindex/SingleThread.build/Debug-watchos/SingleThreadWatch.build/Objects-normal/arm64/SingleThreadWatch_const_extract_protocols.json -Xcc -iquote -Xcc /Users/vardy/dev/alanvardy-var-1014-lower-deployment-targets-from-ios-187watchos-265-to-the/DerivedData/Build/Intermediates.noindex/SingleThread.build/Debug-watchos/SingleThreadWatch.build/SingleThreadWatch-generated-files.hmap -Xcc -I/Users/vardy/dev/alanvardy-var-1014-lower-deployment-targets-from-ios-187watchos-265-to-the/DerivedData/Build/Intermediates.noindex/SingleThread.build/Debug-watchos/SingleThreadWatch.build/SingleThreadWatch-own-target-headers.hmap -Xcc -I/Users/vardy/dev/alanvardy-var-1014-lower-deployment-targets-from-ios-187watchos-265-to-the/DerivedData/Build/Intermediates.noindex/SingleThread.build/Debug-watchos/SingleThreadWatch.build/SingleThreadWatch-all-non-framework-target-headers.hmap -Xcc -ivfsoverlay -Xcc /Users/vardy/dev/alanvardy-var-1014-lower-deployment-targets-from-ios-187watchos-265-to-the/DerivedData/Build/Intermediates.noindex/SingleThread.build/Debug-watchos/SingleThread-33ec346c36bc7f11d2672a35e2382a55-VFS-watchos/all-product-headers.yaml -Xcc -iquote -Xcc /Users/vardy/dev/alanvardy-var-1014-lower-deployment-targets-from-ios-187watchos-265-to-the/DerivedData/Build/Intermediates.noindex/SingleThread.build/Debug-watchos/SingleThreadWatch.build/SingleThreadWatch-project-headers.hmap -Xcc -I/Users/vardy/dev/alanvardy-var-1014-lower-deployment-targets-from-ios-187watchos-265-to-the/DerivedData/Build/Products/Debug-watchos/include -Xcc -I/Users/vardy/dev/alanvardy-var-1014-lower-deployment-targets-from-ios-187watchos-265-to-the/DerivedData/Build/Intermediates.noindex/SingleThread.build/Debug-watchos/SingleThreadWatch.build/DerivedSources-normal/arm64 -Xcc -I/Users/vardy/dev/alanvardy-var-1014-lower-deployment-targets-from-ios-187watchos-265-to-the/DerivedData/Build/Intermediates.noindex/SingleThread.build/Debug-watchos/SingleThreadWatch.build/DerivedSources/arm64 -Xcc -I/Users/vardy/dev/alanvardy-var-1014-lower-deployment-targets-from-ios-187watchos-265-to-the/DerivedData/Build/Intermediates.noindex/SingleThread.build/Debug-watchos/SingleThreadWatch.build/DerivedSources -Xcc -DDEBUG\=1 -emit-objc-header -emit-objc-header-path /Users/vardy/dev/alanvardy-var-1014-lower-deployment-targets-from-ios-187watchos-265-to-the/DerivedData/Build/Intermediates.noindex/SingleThread.build/Debug-watchos/SingleThreadWatch.build/Objects-normal/arm64/SingleThreadWatch-Swift.h -working-directory /Users/vardy/dev/alanvardy-var-1014-lower-deployment-targets-from-ios-187watchos-265-to-the -experimental-emit-module-separately -disable-cmo

SwiftExplicitDependencyGeneratePcm arm64 /Users/vardy/dev/alanvardy-var-1014-lower-deployment-targets-from-ios-187watchos-265-to-the/DerivedData/SDKExplicitPrecompiledModules/Darwin-24M0UQKGDAW1CLKYLOAKWA5Y1.pcm

Copy /Users/vardy/dev/alanvardy-var-1014-lower-deployment-targets-from-ios-187watchos-265-to-the/DerivedData/Build/Products/Debug-watchos/SingleThreadWatch.swiftmodule/arm64-apple-watchos.swiftmodule /Users/vardy/dev/alanvardy-var-1014-lower-deployment-targets-from-ios-187watchos-265-to-the/DerivedData/Build/Intermediates.noindex/SingleThread.build/Debug-watchos/SingleThreadWatch.build/Objects-normal/arm64/SingleThreadWatch.swiftmodule (in target 'SingleThreadWatch' from project 'SingleThread')
    cd /Users/vardy/dev/alanvardy-var-1014-lower-deployment-targets-from-ios-187watchos-265-to-the
    builtin-copy -exclude .DS_Store -exclude CVS -exclude .svn -exclude .git -exclude .hg -resolve-src-symlinks -rename /Users/vardy/dev/alanvardy-var-1014-lower-deployment-targets-from-ios-187watchos-265-to-the/DerivedData/Build/Intermediates.noindex/SingleThread.build/Debug-watchos/SingleThreadWatch.build/Objects-normal/arm64/SingleThreadWatch.swiftmodule /Users/vardy/dev/alanvardy-var-1014-lower-deployment-targets-from-ios-187watchos-265-to-the/DerivedData/Build/Products/Debug-watchos/SingleThreadWatch.swiftmodule/arm64-apple-watchos.swiftmodule

Copy /Users/vardy/dev/alanvardy-var-1014-lower-deployment-targets-from-ios-187watchos-265-to-the/DerivedData/Build/Products/Debug-watchos/SingleThreadWatch.swiftmodule/arm64-apple-watchos.swiftdoc /Users/vardy/dev/alanvardy-var-1014-lower-deployment-targets-from-ios-187watchos-265-to-the/DerivedData/Build/Intermediates.noindex/SingleThread.build/Debug-watchos/SingleThreadWatch.build/Objects-normal/arm64/SingleThreadWatch.swiftdoc (in target 'SingleThreadWatch' from project 'SingleThread')
    cd /Users/vardy/dev/alanvardy-var-1014-lower-deployment-targets-from-ios-187watchos-265-to-the
    builtin-copy -exclude .DS_Store -exclude CVS -exclude .svn -exclude .git -exclude .hg -resolve-src-symlinks -rename /Users/vardy/dev/alanvardy-var-1014-lower-deployment-targets-from-ios-187watchos-265-to-the/DerivedData/Build/Intermediates.noindex/SingleThread.build/Debug-watchos/SingleThreadWatch.build/Objects-normal/arm64/SingleThreadWatch.swiftdoc /Users/vardy/dev/alanvardy-var-1014-lower-deployment-targets-from-ios-187watchos-265-to-the/DerivedData/Build/Products/Debug-watchos/SingleThreadWatch.swiftmodule/arm64-apple-watchos.swiftdoc

Copy /Users/vardy/dev/alanvardy-var-1014-lower-deployment-targets-from-ios-187watchos-265-to-the/DerivedData/Build/Products/Debug-watchos/SingleThreadWatch.swiftmodule/arm64-apple-watchos.abi.json /Users/vardy/dev/alanvardy-var-1014-lower-deployment-targets-from-ios-187watchos-265-to-the/DerivedData/Build/Intermediates.noindex/SingleThread.build/Debug-watchos/SingleThreadWatch.build/Objects-normal/arm64/SingleThreadWatch.abi.json (in target 'SingleThreadWatch' from project 'SingleThread')
    cd /Users/vardy/dev/alanvardy-var-1014-lower-deployment-targets-from-ios-187watchos-265-to-the
    builtin-copy -exclude .DS_Store -exclude CVS -exclude .svn -exclude .git -exclude .hg -resolve-src-symlinks -rename /Users/vardy/dev/alanvardy-var-1014-lower-deployment-targets-from-ios-187watchos-265-to-the/DerivedData/Build/Intermediates.noindex/SingleThread.build/Debug-watchos/SingleThreadWatch.build/Objects-normal/arm64/SingleThreadWatch.abi.json /Users/vardy/dev/alanvardy-var-1014-lower-deployment-targets-from-ios-187watchos-265-to-the/DerivedData/Build/Products/Debug-watchos/SingleThreadWatch.swiftmodule/arm64-apple-watchos.abi.json

Copy /Users/vardy/dev/alanvardy-var-1014-lower-deployment-targets-from-ios-187watchos-265-to-the/DerivedData/Build/Products/Debug-watchos/SingleThreadWatch.swiftmodule/Project/arm64-apple-watchos.swiftsourceinfo /Users/vardy/dev/alanvardy-var-1014-lower-deployment-targets-from-ios-187watchos-265-to-the/DerivedData/Build/Intermediates.noindex/SingleThread.build/Debug-watchos/SingleThreadWatch.build/Objects-normal/arm64/SingleThreadWatch.swiftsourceinfo (in target 'SingleThreadWatch' from project 'SingleThread')
    cd /Users/vardy/dev/alanvardy-var-1014-lower-deployment-targets-from-ios-187watchos-265-to-the
    builtin-copy -exclude .DS_Store -exclude CVS -exclude .svn -exclude .git -exclude .hg -resolve-src-symlinks -rename /Users/vardy/dev/alanvardy-var-1014-lower-deployment-targets-from-ios-187watchos-265-to-the/DerivedData/Build/Intermediates.noindex/SingleThread.build/Debug-watchos/SingleThreadWatch.build/Objects-normal/arm64/SingleThreadWatch.swiftsourceinfo /Users/vardy/dev/alanvardy-var-1014-lower-deployment-targets-from-ios-187watchos-265-to-the/DerivedData/Build/Products/Debug-watchos/SingleThreadWatch.swiftmodule/Project/arm64-apple-watchos.swiftsourceinfo

SwiftExplicitDependencyGeneratePcm arm64 /Users/vardy/dev/alanvardy-var-1014-lower-deployment-targets-from-ios-187watchos-265-to-the/DerivedData/SDKExplicitPrecompiledModules/simd-207YZC4A4KJHOZVJ9NLW5GZ29.pcm

SwiftCompile normal arm64 Compiling\ WatchReminderViewModel.swift /Users/vardy/dev/alanvardy-var-1014-lower-deployment-targets-from-ios-187watchos-265-to-the/SingleThreadWatch/WatchReminderViewModel.swift (in target 'SingleThreadWatch' from project 'SingleThread')

SwiftCompile normal arm64 /Users/vardy/dev/alanvardy-var-1014-lower-deployment-targets-from-ios-187watchos-265-to-the/SingleThreadWatch/WatchReminderViewModel.swift (in target 'SingleThreadWatch' from project 'SingleThread')
    cd /Users/vardy/dev/alanvardy-var-1014-lower-deployment-targets-from-ios-187watchos-265-to-the
    builtin-SwiftPerFileCompile WatchReminderViewModel.swift

SwiftDriverJobDiscovery normal arm64_32 Compiling GeneratedAssetSymbols.swift (in target 'SingleThreadWatch' from project 'SingleThread')

SwiftCompile normal arm64_32 Compiling\ ShowEnableActionButtonsState.swift /Users/vardy/dev/alanvardy-var-1014-lower-deployment-targets-from-ios-187watchos-265-to-the/SingleThreadWatch/ShowEnableActionButtonsState.swift (in target 'SingleThreadWatch' from project 'SingleThread')

SwiftCompile normal arm64_32 /Users/vardy/dev/alanvardy-var-1014-lower-deployment-targets-from-ios-187watchos-265-to-the/SingleThreadWatch/ShowEnableActionButtonsState.swift (in target 'SingleThreadWatch' from project 'SingleThread')
    cd /Users/vardy/dev/alanvardy-var-1014-lower-deployment-targets-from-ios-187watchos-265-to-the
    builtin-SwiftPerFileCompile ShowEnableActionButtonsState.swift

SwiftDriverJobDiscovery normal arm64_32 Emitting module for SingleThreadWatch (in target 'SingleThreadWatch' from project 'SingleThread')

SwiftDriver\ Compilation\ Requirements SingleThreadWatch normal arm64_32 com.apple.xcode.tools.swift.compiler (in target 'SingleThreadWatch' from project 'SingleThread')
    cd /Users/vardy/dev/alanvardy-var-1014-lower-deployment-targets-from-ios-187watchos-265-to-the
    builtin-Swift-Compilation-Requirements -- /Applications/Xcode.app/Contents/Developer/Toolchains/XcodeDefault.xctoolchain/usr/bin/swiftc -module-name SingleThreadWatch -Onone @/Users/vardy/dev/alanvardy-var-1014-lower-deployment-targets-from-ios-187watchos-265-to-the/DerivedData/Build/Intermediates.noindex/SingleThread.build/Debug-watchos/SingleThreadWatch.build/Objects-normal/arm64_32/SingleThreadWatch.SwiftFileList -DDEBUG -default-isolation\=MainActor -enable-upcoming-feature InferIsolatedConformances -enable-upcoming-feature NonisolatedNonsendingByDefault -enable-experimental-feature DebugDescriptionMacro -sdk /Applications/Xcode.app/Contents/Developer/Platforms/WatchOS.platform/Developer/SDKs/WatchOS27.0.sdk -target arm64_32-apple-watchos11.0 -g -module-cache-path /Users/vardy/dev/alanvardy-var-1014-lower-deployment-targets-from-ios-187watchos-265-to-the/DerivedData/ModuleCache.noindex -Xfrontend -serialize-debugging-options -profile-coverage-mapping -profile-generate -enable-testing -warnings-as-errors -index-store-path /Users/vardy/dev/alanvardy-var-1014-lower-deployment-targets-from-ios-187watchos-265-to-the/DerivedData/Index.noindex/DataStore -Xcc -D_LIBCPP_HARDENING_MODE\=_LIBCPP_HARDENING_MODE_DEBUG -swift-version 6 -I /Users/vardy/dev/alanvardy-var-1014-lower-deployment-targets-from-ios-187watchos-265-to-the/DerivedData/Build/Products/Debug-watchos -F /Users/vardy/dev/alanvardy-var-1014-lower-deployment-targets-from-ios-187watchos-265-to-the/DerivedData/Build/Products/Debug-watchos/PackageFrameworks -F /Users/vardy/dev/alanvardy-var-1014-lower-deployment-targets-from-ios-187watchos-265-to-the/DerivedData/Build/Products/Debug-watchos -emit-localized-strings -emit-localized-strings-path /Users/vardy/dev/alanvardy-var-1014-lower-deployment-targets-from-ios-187watchos-265-to-the/DerivedData/Build/Intermediates.noindex/SingleThread.build/Debug-watchos/SingleThreadWatch.build/Objects-normal/arm64_32 -c -j12 -enable-batch-mode -incremental -Xcc -ivfsstatcache -Xcc /Users/vardy/dev/alanvardy-var-1014-lower-deployment-targets-from-ios-187watchos-265-to-the/DerivedData/SDKStatCaches.noindex/watchos27.0-24R360-84ee5e44e35145daf7706869e872e73f.sdkstatcache -output-file-map /Users/vardy/dev/alanvardy-var-1014-lower-deployment-targets-from-ios-187watchos-265-to-the/DerivedData/Build/Intermediates.noindex/SingleThread.build/Debug-watchos/SingleThreadWatch.build/Objects-normal/arm64_32/SingleThreadWatch-OutputFileMap.json -save-temps -no-color-diagnostics -explicit-module-build -module-cache-path /Users/vardy/dev/alanvardy-var-1014-lower-deployment-targets-from-ios-187watchos-265-to-the/DerivedData/Build/Intermediates.noindex/SwiftExplicitPrecompiledModules -clang-scanner-module-cache-path /Users/vardy/dev/alanvardy-var-1014-lower-deployment-targets-from-ios-187watchos-265-to-the/DerivedData/ModuleCache.noindex -sdk-module-cache-path /Users/vardy/dev/alanvardy-var-1014-lower-deployment-targets-from-ios-187watchos-265-to-the/DerivedData/SDKExplicitPrecompiledModules -emit-dependencies -emit-module -emit-module-path /Users/vardy/dev/alanvardy-var-1014-lower-deployment-targets-from-ios-187watchos-265-to-the/DerivedData/Build/Intermediates.noindex/SingleThread.build/Debug-watchos/SingleThreadWatch.build/Objects-normal/arm64_32/SingleThreadWatch.swiftmodule -serialize-diagnostics -dependency-scan-serialize-diagnostics-path /Users/vardy/dev/alanvardy-var-1014-lower-deployment-targets-from-ios-187watchos-265-to-the/DerivedData/Build/Intermediates.noindex/SingleThread.build/Debug-watchos/SingleThreadWatch.build/Objects-normal/arm64_32/SingleThreadWatch-dependency-scan.dia -validate-clang-modules-once -clang-build-session-file /Users/vardy/dev/alanvardy-var-1014-lower-deployment-targets-from-ios-187watchos-265-to-the/DerivedData/ModuleCache.noindex/Session.modulevalidation -Xcc -fmodules-prune-interval\=86400 -Xcc -fmodules-prune-after\=345600 -emit-const-values -const-gather-protocols-list /Users/vardy/dev/alanvardy-var-1014-lower-deployment-targets-from-ios-187watchos-265-to-the/DerivedData/Build/Intermediates.noindex/SingleThread.build/Debug-watchos/SingleThreadWatch.build/Objects-normal/arm64_32/SingleThreadWatch_const_extract_protocols.json -Xcc -iquote -Xcc /Users/vardy/dev/alanvardy-var-1014-lower-deployment-targets-from-ios-187watchos-265-to-the/DerivedData/Build/Intermediates.noindex/SingleThread.build/Debug-watchos/SingleThreadWatch.build/SingleThreadWatch-generated-files.hmap -Xcc -I/Users/vardy/dev/alanvardy-var-1014-lower-deployment-targets-from-ios-187watchos-265-to-the/DerivedData/Build/Intermediates.noindex/SingleThread.build/Debug-watchos/SingleThreadWatch.build/SingleThreadWatch-own-target-headers.hmap -Xcc -I/Users/vardy/dev/alanvardy-var-1014-lower-deployment-targets-from-ios-187watchos-265-to-the/DerivedData/Build/Intermediates.noindex/SingleThread.build/Debug-watchos/SingleThreadWatch.build/SingleThreadWatch-all-non-framework-target-headers.hmap -Xcc -ivfsoverlay -Xcc /Users/vardy/dev/alanvardy-var-1014-lower-deployment-targets-from-ios-187watchos-265-to-the/DerivedData/Build/Intermediates.noindex/SingleThread.build/Debug-watchos/SingleThread-33ec346c36bc7f11d2672a35e2382a55-VFS-watchos/all-product-headers.yaml -Xcc -iquote -Xcc /Users/vardy/dev/alanvardy-var-1014-lower-deployment-targets-from-ios-187watchos-265-to-the/DerivedData/Build/Intermediates.noindex/SingleThread.build/Debug-watchos/SingleThreadWatch.build/SingleThreadWatch-project-headers.hmap -Xcc -I/Users/vardy/dev/alanvardy-var-1014-lower-deployment-targets-from-ios-187watchos-265-to-the/DerivedData/Build/Products/Debug-watchos/include -Xcc -I/Users/vardy/dev/alanvardy-var-1014-lower-deployment-targets-from-ios-187watchos-265-to-the/DerivedData/Build/Intermediates.noindex/SingleThread.build/Debug-watchos/SingleThreadWatch.build/DerivedSources-normal/arm64_32 -Xcc -I/Users/vardy/dev/alanvardy-var-1014-lower-deployment-targets-from-ios-187watchos-265-to-the/DerivedData/Build/Intermediates.noindex/SingleThread.build/Debug-watchos/SingleThreadWatch.build/DerivedSources/arm64_32 -Xcc -I/Users/vardy/dev/alanvardy-var-1014-lower-deployment-targets-from-ios-187watchos-265-to-the/DerivedData/Build/Intermediates.noindex/SingleThread.build/Debug-watchos/SingleThreadWatch.build/DerivedSources -Xcc -DDEBUG\=1 -emit-objc-header -emit-objc-header-path /Users/vardy/dev/alanvardy-var-1014-lower-deployment-targets-from-ios-187watchos-265-to-the/DerivedData/Build/Intermediates.noindex/SingleThread.build/Debug-watchos/SingleThreadWatch.build/Objects-normal/arm64_32/SingleThreadWatch-Swift.h -working-directory /Users/vardy/dev/alanvardy-var-1014-lower-deployment-targets-from-ios-187watchos-265-to-the -experimental-emit-module-separately -disable-cmo

SwiftDriverJobDiscovery normal arm64_32 Compiling ShowListState.swift (in target 'SingleThreadWatch' from project 'SingleThread')

SwiftCompile normal arm64 Compiling\ ShowListState.swift /Users/vardy/dev/alanvardy-var-1014-lower-deployment-targets-from-ios-187watchos-265-to-the/SingleThreadWatch/ShowListState.swift (in target 'SingleThreadWatch' from project 'SingleThread')

SwiftCompile normal arm64 /Users/vardy/dev/alanvardy-var-1014-lower-deployment-targets-from-ios-187watchos-265-to-the/SingleThreadWatch/ShowListState.swift (in target 'SingleThreadWatch' from project 'SingleThread')
    cd /Users/vardy/dev/alanvardy-var-1014-lower-deployment-targets-from-ios-187watchos-265-to-the
    builtin-SwiftPerFileCompile ShowListState.swift

SwiftMergeGeneratedHeaders /Users/vardy/dev/alanvardy-var-1014-lower-deployment-targets-from-ios-187watchos-265-to-the/DerivedData/Build/Intermediates.noindex/SingleThread.build/Debug-watchos/SingleThreadWatch.build/DerivedSources/SingleThreadWatch-Swift.h /Users/vardy/dev/alanvardy-var-1014-lower-deployment-targets-from-ios-187watchos-265-to-the/DerivedData/Build/Intermediates.noindex/SingleThread.build/Debug-watchos/SingleThreadWatch.build/Objects-normal/arm64/SingleThreadWatch-Swift.h /Users/vardy/dev/alanvardy-var-1014-lower-deployment-targets-from-ios-187watchos-265-to-the/DerivedData/Build/Intermediates.noindex/SingleThread.build/Debug-watchos/SingleThreadWatch.build/Objects-normal/arm64_32/SingleThreadWatch-Swift.h (in target 'SingleThreadWatch' from project 'SingleThread')
    cd /Users/vardy/dev/alanvardy-var-1014-lower-deployment-targets-from-ios-187watchos-265-to-the
    builtin-swiftHeaderTool -arch arm64 /Users/vardy/dev/alanvardy-var-1014-lower-deployment-targets-from-ios-187watchos-265-to-the/DerivedData/Build/Intermediates.noindex/SingleThread.build/Debug-watchos/SingleThreadWatch.build/Objects-normal/arm64/SingleThreadWatch-Swift.h -arch arm64_32 /Users/vardy/dev/alanvardy-var-1014-lower-deployment-targets-from-ios-187watchos-265-to-the/DerivedData/Build/Intermediates.noindex/SingleThread.build/Debug-watchos/SingleThreadWatch.build/Objects-normal/arm64_32/SingleThreadWatch-Swift.h -o /Users/vardy/dev/alanvardy-var-1014-lower-deployment-targets-from-ios-187watchos-265-to-the/DerivedData/Build/Intermediates.noindex/SingleThread.build/Debug-watchos/SingleThreadWatch.build/DerivedSources/SingleThreadWatch-Swift.h

SwiftDriverJobDiscovery normal arm64_32 Compiling ShowDateState.swift (in target 'SingleThreadWatch' from project 'SingleThread')

Copy /Users/vardy/dev/alanvardy-var-1014-lower-deployment-targets-from-ios-187watchos-265-to-the/DerivedData/Build/Products/Debug-watchos/SingleThreadWatch.swiftmodule/arm64_32-apple-watchos.swiftmodule /Users/vardy/dev/alanvardy-var-1014-lower-deployment-targets-from-ios-187watchos-265-to-the/DerivedData/Build/Intermediates.noindex/SingleThread.build/Debug-watchos/SingleThreadWatch.build/Objects-normal/arm64_32/SingleThreadWatch.swiftmodule (in target 'SingleThreadWatch' from project 'SingleThread')
    cd /Users/vardy/dev/alanvardy-var-1014-lower-deployment-targets-from-ios-187watchos-265-to-the
    builtin-copy -exclude .DS_Store -exclude CVS -exclude .svn -exclude .git -exclude .hg -resolve-src-symlinks -rename /Users/vardy/dev/alanvardy-var-1014-lower-deployment-targets-from-ios-187watchos-265-to-the/DerivedData/Build/Intermediates.noindex/SingleThread.build/Debug-watchos/SingleThreadWatch.build/Objects-normal/arm64_32/SingleThreadWatch.swiftmodule /Users/vardy/dev/alanvardy-var-1014-lower-deployment-targets-from-ios-187watchos-265-to-the/DerivedData/Build/Products/Debug-watchos/SingleThreadWatch.swiftmodule/arm64_32-apple-watchos.swiftmodule

Copy /Users/vardy/dev/alanvardy-var-1014-lower-deployment-targets-from-ios-187watchos-265-to-the/DerivedData/Build/Products/Debug-watchos/SingleThreadWatch.swiftmodule/arm64_32-apple-watchos.swiftdoc /Users/vardy/dev/alanvardy-var-1014-lower-deployment-targets-from-ios-187watchos-265-to-the/DerivedData/Build/Intermediates.noindex/SingleThread.build/Debug-watchos/SingleThreadWatch.build/Objects-normal/arm64_32/SingleThreadWatch.swiftdoc (in target 'SingleThreadWatch' from project 'SingleThread')
    cd /Users/vardy/dev/alanvardy-var-1014-lower-deployment-targets-from-ios-187watchos-265-to-the
    builtin-copy -exclude .DS_Store -exclude CVS -exclude .svn -exclude .git -exclude .hg -resolve-src-symlinks -rename /Users/vardy/dev/alanvardy-var-1014-lower-deployment-targets-from-ios-187watchos-265-to-the/DerivedData/Build/Intermediates.noindex/SingleThread.build/Debug-watchos/SingleThreadWatch.build/Objects-normal/arm64_32/SingleThreadWatch.swiftdoc /Users/vardy/dev/alanvardy-var-1014-lower-deployment-targets-from-ios-187watchos-265-to-the/DerivedData/Build/Products/Debug-watchos/SingleThreadWatch.swiftmodule/arm64_32-apple-watchos.swiftdoc

Copy /Users/vardy/dev/alanvardy-var-1014-lower-deployment-targets-from-ios-187watchos-265-to-the/DerivedData/Build/Products/Debug-watchos/SingleThreadWatch.swiftmodule/arm64_32-apple-watchos.abi.json /Users/vardy/dev/alanvardy-var-1014-lower-deployment-targets-from-ios-187watchos-265-to-the/DerivedData/Build/Intermediates.noindex/SingleThread.build/Debug-watchos/SingleThreadWatch.build/Objects-normal/arm64_32/SingleThreadWatch.abi.json (in target 'SingleThreadWatch' from project 'SingleThread')
    cd /Users/vardy/dev/alanvardy-var-1014-lower-deployment-targets-from-ios-187watchos-265-to-the
    builtin-copy -exclude .DS_Store -exclude CVS -exclude .svn -exclude .git -exclude .hg -resolve-src-symlinks -rename /Users/vardy/dev/alanvardy-var-1014-lower-deployment-targets-from-ios-187watchos-265-to-the/DerivedData/Build/Intermediates.noindex/SingleThread.build/Debug-watchos/SingleThreadWatch.build/Objects-normal/arm64_32/SingleThreadWatch.abi.json /Users/vardy/dev/alanvardy-var-1014-lower-deployment-targets-from-ios-187watchos-265-to-the/DerivedData/Build/Products/Debug-watchos/SingleThreadWatch.swiftmodule/arm64_32-apple-watchos.abi.json

Copy /Users/vardy/dev/alanvardy-var-1014-lower-deployment-targets-from-ios-187watchos-265-to-the/DerivedData/Build/Products/Debug-watchos/SingleThreadWatch.swiftmodule/Project/arm64_32-apple-watchos.swiftsourceinfo /Users/vardy/dev/alanvardy-var-1014-lower-deployment-targets-from-ios-187watchos-265-to-the/DerivedData/Build/Intermediates.noindex/SingleThread.build/Debug-watchos/SingleThreadWatch.build/Objects-normal/arm64_32/SingleThreadWatch.swiftsourceinfo (in target 'SingleThreadWatch' from project 'SingleThread')
    cd /Users/vardy/dev/alanvardy-var-1014-lower-deployment-targets-from-ios-187watchos-265-to-the
    builtin-copy -exclude .DS_Store -exclude CVS -exclude .svn -exclude .git -exclude .hg -resolve-src-symlinks -rename /Users/vardy/dev/alanvardy-var-1014-lower-deployment-targets-from-ios-187watchos-265-to-the/DerivedData/Build/Intermediates.noindex/SingleThread.build/Debug-watchos/SingleThreadWatch.build/Objects-normal/arm64_32/SingleThreadWatch.swiftsourceinfo /Users/vardy/dev/alanvardy-var-1014-lower-deployment-targets-from-ios-187watchos-265-to-the/DerivedData/Build/Products/Debug-watchos/SingleThreadWatch.swiftmodule/Project/arm64_32-apple-watchos.swiftsourceinfo

SwiftCompile normal arm64 Compiling\ GeneratedAssetSymbols.swift /Users/vardy/dev/alanvardy-var-1014-lower-deployment-targets-from-ios-187watchos-265-to-the/DerivedData/Build/Intermediates.noindex/SingleThread.build/Debug-watchos/SingleThreadWatch.build/DerivedSources/GeneratedAssetSymbols.swift (in target 'SingleThreadWatch' from project 'SingleThread')

SwiftCompile normal arm64 /Users/vardy/dev/alanvardy-var-1014-lower-deployment-targets-from-ios-187watchos-265-to-the/DerivedData/Build/Intermediates.noindex/SingleThread.build/Debug-watchos/SingleThreadWatch.build/DerivedSources/GeneratedAssetSymbols.swift (in target 'SingleThreadWatch' from project 'SingleThread')
    cd /Users/vardy/dev/alanvardy-var-1014-lower-deployment-targets-from-ios-187watchos-265-to-the
    builtin-SwiftPerFileCompile GeneratedAssetSymbols.swift

SwiftDriverJobDiscovery normal arm64_32 Compiling ShowCompletionGlowState.swift (in target 'SingleThreadWatch' from project 'SingleThread')

SwiftCompile normal arm64_32 Compiling\ SingleThreadWatchApp.swift /Users/vardy/dev/alanvardy-var-1014-lower-deployment-targets-from-ios-187watchos-265-to-the/SingleThreadWatch/SingleThreadWatchApp.swift (in target 'SingleThreadWatch' from project 'SingleThread')

SwiftCompile normal arm64_32 /Users/vardy/dev/alanvardy-var-1014-lower-deployment-targets-from-ios-187watchos-265-to-the/SingleThreadWatch/SingleThreadWatchApp.swift (in target 'SingleThreadWatch' from project 'SingleThread')
    cd /Users/vardy/dev/alanvardy-var-1014-lower-deployment-targets-from-ios-187watchos-265-to-the
    builtin-SwiftPerFileCompile SingleThreadWatchApp.swift

SwiftCompile normal arm64_32 Compiling\ WatchAppViewModel.swift /Users/vardy/dev/alanvardy-var-1014-lower-deployment-targets-from-ios-187watchos-265-to-the/SingleThreadWatch/WatchAppViewModel.swift (in target 'SingleThreadWatch' from project 'SingleThread')

SwiftCompile normal arm64_32 /Users/vardy/dev/alanvardy-var-1014-lower-deployment-targets-from-ios-187watchos-265-to-the/SingleThreadWatch/WatchAppViewModel.swift (in target 'SingleThreadWatch' from project 'SingleThread')
    cd /Users/vardy/dev/alanvardy-var-1014-lower-deployment-targets-from-ios-187watchos-265-to-the
    builtin-SwiftPerFileCompile WatchAppViewModel.swift

SwiftDriverJobDiscovery normal arm64 Compiling ShowRecurrenceState.swift (in target 'SingleThreadWatch' from project 'SingleThread')

SwiftDriver\ Compilation SingleThreadCore normal arm64 com.apple.xcode.tools.swift.compiler (in target 'SingleThreadCore' from project 'SingleThreadCore')
    cd /Users/vardy/dev/alanvardy-var-1014-lower-deployment-targets-from-ios-187watchos-265-to-the/SingleThread.xcodeproj
    builtin-Swift-Compilation -- /Applications/Xcode.app/Contents/Developer/Toolchains/XcodeDefault.xctoolchain/usr/bin/swiftc -parse-as-library -module-name SingleThreadCore -Onone @/Users/vardy/dev/alanvardy-var-1014-lower-deployment-targets-from-ios-187watchos-265-to-the/DerivedData/Build/Intermediates.noindex/SingleThreadCore.build/Debug/SingleThreadCore-t.build/Objects-normal/arm64/SingleThreadCore.SwiftFileList -DSWIFT_PACKAGE -DDEBUG -DSWIFT_MODULE_RESOURCE_BUNDLE_AVAILABLE -DXcode -plugin-path /Applications/Xcode.app/Contents/Developer/Toolchains/XcodeDefault.xctoolchain/usr/lib/swift/host/plugins/testing -enable-experimental-feature DebugDescriptionMacro -sdk /Applications/Xcode.app/Contents/Developer/Platforms/MacOSX.platform/Developer/SDKs/MacOSX27.0.sdk -target arm64-apple-macos26.5 -g -module-cache-path /Users/vardy/dev/alanvardy-var-1014-lower-deployment-targets-from-ios-187watchos-265-to-the/DerivedData/ModuleCache.noindex -Xfrontend -serialize-debugging-options -profile-coverage-mapping -profile-generate -enable-testing -index-store-path /Users/vardy/dev/alanvardy-var-1014-lower-deployment-targets-from-ios-187watchos-265-to-the/DerivedData/Index.noindex/DataStore -Xcc -D_LIBCPP_HARDENING_MODE\=_LIBCPP_HARDENING_MODE_DEBUG -swift-version 6 -I /Users/vardy/dev/alanvardy-var-1014-lower-deployment-targets-from-ios-187watchos-265-to-the/DerivedData/Build/Products/Debug -Isystem /Applications/Xcode.app/Contents/Developer/Platforms/MacOSX.platform/Developer/usr/lib -F /Users/vardy/dev/alanvardy-var-1014-lower-deployment-targets-from-ios-187watchos-265-to-the/DerivedData/Build/Products/Debug -F /Applications/Xcode.app/Contents/Developer/Platforms/MacOSX.platform/Developer/Library/Frameworks -c -j12 -enable-batch-mode -incremental -Xcc -ivfsstatcache -Xcc /Users/vardy/dev/alanvardy-var-1014-lower-deployment-targets-from-ios-187watchos-265-to-the/DerivedData/SDKStatCaches.noindex/macosx27.0-26A425-7231f6df4def33e022ae2eb8f782df1a.sdkstatcache -output-file-map /Users/vardy/dev/alanvardy-var-1014-lower-deployment-targets-from-ios-187watchos-265-to-the/DerivedData/Build/Intermediates.noindex/SingleThreadCore.build/Debug/SingleThreadCore-t.build/Objects-normal/arm64/SingleThreadCore-OutputFileMap.json -save-temps -no-color-diagnostics -explicit-module-build -module-cache-path /Users/vardy/dev/alanvardy-var-1014-lower-deployment-targets-from-ios-187watchos-265-to-the/DerivedData/Build/Intermediates.noindex/SwiftExplicitPrecompiledModules -clang-scanner-module-cache-path /Users/vardy/dev/alanvardy-var-1014-lower-deployment-targets-from-ios-187watchos-265-to-the/DerivedData/ModuleCache.noindex -sdk-module-cache-path /Users/vardy/dev/alanvardy-var-1014-lower-deployment-targets-from-ios-187watchos-265-to-the/DerivedData/SDKExplicitPrecompiledModules -emit-dependencies -emit-module -emit-module-path /Users/vardy/dev/alanvardy-var-1014-lower-deployment-targets-from-ios-187watchos-265-to-the/DerivedData/Build/Intermediates.noindex/SingleThreadCore.build/Debug/SingleThreadCore-t.build/Objects-normal/arm64/SingleThreadCore.swiftmodule -serialize-diagnostics -dependency-scan-serialize-diagnostics-path /Users/vardy/dev/alanvardy-var-1014-lower-deployment-targets-from-ios-187watchos-265-to-the/DerivedData/Build/Intermediates.noindex/SingleThreadCore.build/Debug/SingleThreadCore-t.build/Objects-normal/arm64/SingleThreadCore-dependency-scan.dia -validate-clang-modules-once -clang-build-session-file /Users/vardy/dev/alanvardy-var-1014-lower-deployment-targets-from-ios-187watchos-265-to-the/DerivedData/ModuleCache.noindex/Session.modulevalidation -Xcc -fmodules-prune-interval\=86400 -Xcc -fmodules-prune-after\=345600 -package-name singlethreadcore -emit-const-values -const-gather-protocols-list /Users/vardy/dev/alanvardy-var-1014-lower-deployment-targets-from-ios-187watchos-265-to-the/DerivedData/Build/Intermediates.noindex/SingleThreadCore.build/Debug/SingleThreadCore-t.build/Objects-normal/arm64/SingleThreadCore_const_extract_protocols.json -Xcc -I/Users/vardy/dev/alanvardy-var-1014-lower-deployment-targets-from-ios-187watchos-265-to-the/DerivedData/Build/Products/Debug/include -Xcc -I/Users/vardy/dev/alanvardy-var-1014-lower-deployment-targets-from-ios-187watchos-265-to-the/DerivedData/Build/Intermediates.noindex/SingleThreadCore.build/Debug/SingleThreadCore-t.build/DerivedSources-normal/arm64 -Xcc -I/Users/vardy/dev/alanvardy-var-1014-lower-deployment-targets-from-ios-187watchos-265-to-the/DerivedData/Build/Intermediates.noindex/SingleThreadCore.build/Debug/SingleThreadCore-t.build/DerivedSources/arm64 -Xcc -I/Users/vardy/dev/alanvardy-var-1014-lower-deployment-targets-from-ios-187watchos-265-to-the/DerivedData/Build/Intermediates.noindex/SingleThreadCore.build/Debug/SingleThreadCore-t.build/DerivedSources -Xcc -DSWIFT_PACKAGE -Xcc -DDEBUG\=1 -emit-objc-header -emit-objc-header-path /Users/vardy/dev/alanvardy-var-1014-lower-deployment-targets-from-ios-187watchos-265-to-the/DerivedData/Build/Intermediates.noindex/SingleThreadCore.build/Debug/SingleThreadCore-t.build/Objects-normal/arm64/SingleThreadCore-Swift.h -working-directory /Users/vardy/dev/alanvardy-var-1014-lower-deployment-targets-from-ios-187watchos-265-to-the/SingleThread.xcodeproj -experimental-emit-module-separately -disable-cmo

SwiftDriverJobDiscovery normal arm64_32 Compiling ShowEnableActionButtonsState.swift (in target 'SingleThreadWatch' from project 'SingleThread')

Ld /Users/vardy/dev/alanvardy-var-1014-lower-deployment-targets-from-ios-187watchos-265-to-the/DerivedData/Build/Products/Debug/SingleThreadCore.o normal (in target 'SingleThreadCore' from project 'SingleThreadCore')
    cd /Users/vardy/dev/alanvardy-var-1014-lower-deployment-targets-from-ios-187watchos-265-to-the/SingleThreadCore
    /Applications/Xcode.app/Contents/Developer/Toolchains/XcodeDefault.xctoolchain/usr/bin/clang -Xlinker -reproducible -target arm64-apple-macos26.5 -r -isysroot /Applications/Xcode.app/Contents/Developer/Platforms/MacOSX.platform/Developer/SDKs/MacOSX27.0.sdk -O0 -Xlinker -no_warn_duplicate_libraries -F/Users/vardy/dev/alanvardy-var-1014-lower-deployment-targets-from-ios-187watchos-265-to-the/DerivedData/Build/Intermediates.noindex/EagerLinkingTBDs/Debug -F/Users/vardy/dev/alanvardy-var-1014-lower-deployment-targets-from-ios-187watchos-265-to-the/DerivedData/Build/Products/Debug -iframework /Applications/Xcode.app/Contents/Developer/Platforms/MacOSX.platform/Developer/Library/Frameworks -filelist /Users/vardy/dev/alanvardy-var-1014-lower-deployment-targets-from-ios-187watchos-265-to-the/DerivedData/Build/Intermediates.noindex/SingleThreadCore.build/Debug/SingleThreadCore-t.build/Objects-normal/arm64/SingleThreadCore.LinkFileList -nostdlib -Xlinker -object_path_lto -Xlinker /Users/vardy/dev/alanvardy-var-1014-lower-deployment-targets-from-ios-187watchos-265-to-the/DerivedData/Build/Intermediates.noindex/SingleThreadCore.build/Debug/SingleThreadCore-t.build/Objects-normal/arm64/SingleThreadCore_lto.o -Xlinker -no_deduplicate -Xlinker -debug_variant -Xlinker -dependency_info -Xlinker /Users/vardy/dev/alanvardy-var-1014-lower-deployment-targets-from-ios-187watchos-265-to-the/DerivedData/Build/Intermediates.noindex/SingleThreadCore.build/Debug/SingleThreadCore-t.build/Objects-normal/arm64/SingleThreadCore_dependency_info.dat -fobjc-link-runtime -L/Applications/Xcode.app/Contents/Developer/Toolchains/XcodeDefault.xctoolchain/usr/lib/swift/macosx -L/usr/lib/swift -Xlinker -add_ast_path -Xlinker /Users/vardy/dev/alanvardy-var-1014-lower-deployment-targets-from-ios-187watchos-265-to-the/DerivedData/Build/Intermediates.noindex/SingleThreadCore.build/Debug/SingleThreadCore-t.build/Objects-normal/arm64/SingleThreadCore.swiftmodule -o /Users/vardy/dev/alanvardy-var-1014-lower-deployment-targets-from-ios-187watchos-265-to-the/DerivedData/Build/Products/Debug/SingleThreadCore.o

SwiftDriverJobDiscovery normal arm64 Compiling GeneratedAssetSymbols.swift (in target 'SingleThreadWatch' from project 'SingleThread')

ExtractAppIntentsMetadata (in target 'SingleThreadCore' from project 'SingleThreadCore')
    cd /Users/vardy/dev/alanvardy-var-1014-lower-deployment-targets-from-ios-187watchos-265-to-the/SingleThreadCore
    /Applications/Xcode.app/Contents/Developer/Toolchains/XcodeDefault.xctoolchain/usr/bin/appintentsmetadataprocessor --toolchain-dir /Applications/Xcode.app/Contents/Developer/Toolchains/XcodeDefault.xctoolchain --module-name SingleThreadCore --sdk-root /Applications/Xcode.app/Contents/Developer/Platforms/MacOSX.platform/Developer/SDKs/MacOSX27.0.sdk --xcode-version 27A266a --platform-family macOS --deployment-target 26.5 --bundle-identifier singlethreadcore.SingleThreadCore --output /Users/vardy/dev/alanvardy-var-1014-lower-deployment-targets-from-ios-187watchos-265-to-the/DerivedData/Build/Products/Debug/SingleThreadCore.appintents --target-triple arm64-apple-macos26.5 --binary-file /Users/vardy/dev/alanvardy-var-1014-lower-deployment-targets-from-ios-187watchos-265-to-the/DerivedData/Build/Products/Debug/SingleThreadCore.o --dependency-file /Users/vardy/dev/alanvardy-var-1014-lower-deployment-targets-from-ios-187watchos-265-to-the/DerivedData/Build/Intermediates.noindex/SingleThreadCore.build/Debug/SingleThreadCore-t.build/Objects-normal/arm64/SingleThreadCore_dependency_info.dat --stringsdata-file /Users/vardy/dev/alanvardy-var-1014-lower-deployment-targets-from-ios-187watchos-265-to-the/DerivedData/Build/Intermediates.noindex/SingleThreadCore.build/Debug/SingleThreadCore-t.build/Objects-normal/arm64/ExtractedAppShortcutsMetadata.stringsdata --source-file-list /Users/vardy/dev/alanvardy-var-1014-lower-deployment-targets-from-ios-187watchos-265-to-the/DerivedData/Build/Intermediates.noindex/SingleThreadCore.build/Debug/SingleThreadCore-t.build/Objects-normal/arm64/SingleThreadCore.SwiftFileList --metadata-file-list /Users/vardy/dev/alanvardy-var-1014-lower-deployment-targets-from-ios-187watchos-265-to-the/DerivedData/Build/Intermediates.noindex/SingleThreadCore.build/Debug/SingleThreadCore-t.build/SingleThreadCore.DependencyMetadataFileList --static-metadata-file-list /Users/vardy/dev/alanvardy-var-1014-lower-deployment-targets-from-ios-187watchos-265-to-the/DerivedData/Build/Intermediates.noindex/SingleThreadCore.build/Debug/SingleThreadCore-t.build/SingleThreadCore.DependencyStaticMetadataFileList --swift-const-vals-list /Users/vardy/dev/alanvardy-var-1014-lower-deployment-targets-from-ios-187watchos-265-to-the/DerivedData/Build/Intermediates.noindex/SingleThreadCore.build/Debug/SingleThreadCore-t.build/Objects-normal/arm64/SingleThreadCore.SwiftConstValuesFileList --force --compile-time-extraction --deployment-aware-processing --no-app-shortcuts-localization
2026-09-15 19:21:26.214 appintentsmetadataprocessor[45258:15853581] Starting appintentsmetadataprocessor export
2026-09-15 19:21:26.305 appintentsmetadataprocessor[45258:15853581] Writing Metadata.appintents
2026-09-15 19:21:26.305 appintentsmetadataprocessor[45258:15853581] Metadata root: /Users/vardy/dev/alanvardy-var-1014-lower-deployment-targets-from-ios-187watchos-265-to-the/DerivedData/Build/Products/Debug/SingleThreadCore.appintents/Metadata.appintents

SwiftDriverJobDiscovery normal arm64 Compiling ShowListState.swift (in target 'SingleThreadWatch' from project 'SingleThread')

SwiftDriverJobDiscovery normal arm64_32 Compiling SingleThreadWatchApp.swift (in target 'SingleThreadWatch' from project 'SingleThread')

ProcessInfoPlistFile /Users/vardy/dev/alanvardy-var-1014-lower-deployment-targets-from-ios-187watchos-265-to-the/DerivedData/Build/Products/Debug/PackageFrameworks/SingleThreadCore_38C46E065536DF53_PackageProduct.framework/Versions/A/Resources/Info.plist /Users/vardy/dev/alanvardy-var-1014-lower-deployment-targets-from-ios-187watchos-265-to-the/DerivedData/Build/Intermediates.noindex/SingleThreadCore.build/Debug/SingleThreadCore-product-t.build/empty-SingleThreadCore_38C46E065536DF53_PackageProduct.plist (in target 'SingleThreadCoredynamic-product' from project 'SingleThreadCore')
    cd /Users/vardy/dev/alanvardy-var-1014-lower-deployment-targets-from-ios-187watchos-265-to-the/SingleThreadCore
    builtin-infoPlistUtility /Users/vardy/dev/alanvardy-var-1014-lower-deployment-targets-from-ios-187watchos-265-to-the/DerivedData/Build/Intermediates.noindex/SingleThreadCore.build/Debug/SingleThreadCore-product-t.build/empty-SingleThreadCore_38C46E065536DF53_PackageProduct.plist -producttype com.apple.product-type.framework -expandbuildsettings -platform macosx -o /Users/vardy/dev/alanvardy-var-1014-lower-deployment-targets-from-ios-187watchos-265-to-the/DerivedData/Build/Products/Debug/PackageFrameworks/SingleThreadCore_38C46E065536DF53_PackageProduct.framework/Versions/A/Resources/Info.plist

CpResource /Users/vardy/dev/alanvardy-var-1014-lower-deployment-targets-from-ios-187watchos-265-to-the/DerivedData/Build/Products/Debug/PackageFrameworks/SingleThreadCore_38C46E065536DF53_PackageProduct.framework/Versions/A/Resources/SingleThreadCore_SingleThreadCore.bundle /Users/vardy/dev/alanvardy-var-1014-lower-deployment-targets-from-ios-187watchos-265-to-the/DerivedData/Build/Products/Debug/SingleThreadCore_SingleThreadCore.bundle (in target 'SingleThreadCoredynamic-product' from project 'SingleThreadCore')
    cd /Users/vardy/dev/alanvardy-var-1014-lower-deployment-targets-from-ios-187watchos-265-to-the/SingleThreadCore
    builtin-copy -exclude .DS_Store -exclude CVS -exclude .svn -exclude .git -exclude .hg -resolve-src-symlinks /Users/vardy/dev/alanvardy-var-1014-lower-deployment-targets-from-ios-187watchos-265-to-the/DerivedData/Build/Products/Debug/SingleThreadCore_SingleThreadCore.bundle /Users/vardy/dev/alanvardy-var-1014-lower-deployment-targets-from-ios-187watchos-265-to-the/DerivedData/Build/Products/Debug/PackageFrameworks/SingleThreadCore_38C46E065536DF53_PackageProduct.framework/Versions/A/Resources

Ld /Users/vardy/dev/alanvardy-var-1014-lower-deployment-targets-from-ios-187watchos-265-to-the/DerivedData/Build/Products/Debug/PackageFrameworks/SingleThreadCore_38C46E065536DF53_PackageProduct.framework/Versions/A/SingleThreadCore_38C46E065536DF53_PackageProduct normal (in target 'SingleThreadCoredynamic-product' from project 'SingleThreadCore')
    cd /Users/vardy/dev/alanvardy-var-1014-lower-deployment-targets-from-ios-187watchos-265-to-the/SingleThreadCore
    /Applications/Xcode.app/Contents/Developer/Toolchains/XcodeDefault.xctoolchain/usr/bin/swiftc -Xlinker -reproducible -target arm64-apple-macos26.5 -emit-library -sdk /Applications/Xcode.app/Contents/Developer/Platforms/MacOSX.platform/Developer/SDKs/MacOSX27.0.sdk -Xlinker -no_warn_duplicate_libraries -L/Users/vardy/dev/alanvardy-var-1014-lower-deployment-targets-from-ios-187watchos-265-to-the/DerivedData/Build/Intermediates.noindex/EagerLinkingTBDs/Debug -L/Users/vardy/dev/alanvardy-var-1014-lower-deployment-targets-from-ios-187watchos-265-to-the/DerivedData/Build/Products/Debug -L/Applications/Xcode.app/Contents/Developer/Platforms/MacOSX.platform/Developer/usr/lib -F/Users/vardy/dev/alanvardy-var-1014-lower-deployment-targets-from-ios-187watchos-265-to-the/DerivedData/Build/Intermediates.noindex/EagerLinkingTBDs/Debug -F/Users/vardy/dev/alanvardy-var-1014-lower-deployment-targets-from-ios-187watchos-265-to-the/DerivedData/Build/Products/Debug/PackageFrameworks -F/Users/vardy/dev/alanvardy-var-1014-lower-deployment-targets-from-ios-187watchos-265-to-the/DerivedData/Build/Products/Debug -Fsystem /Applications/Xcode.app/Contents/Developer/Platforms/MacOSX.platform/Developer/Library/Frameworks @/Users/vardy/dev/alanvardy-var-1014-lower-deployment-targets-from-ios-187watchos-265-to-the/DerivedData/Build/Intermediates.noindex/SingleThreadCore.build/Debug/SingleThreadCore-product-t.build/Objects-normal/arm64/SingleThreadCore_38C46E065536DF53_PackageProduct.LinkFileList -Xclang-linker -install_name -Xclang-linker @rpath/SingleThreadCore_38C46E065536DF53_PackageProduct.framework/Versions/A/SingleThreadCore_38C46E065536DF53_PackageProduct -Xlinker -rpath -Xlinker @loader_path -Xlinker -rpath -Xlinker /Users/vardy/dev/alanvardy-var-1014-lower-deployment-targets-from-ios-187watchos-265-to-the/DerivedData/Build/Products/Debug/PackageFrameworks -Xlinker -object_path_lto -Xlinker /Users/vardy/dev/alanvardy-var-1014-lower-deployment-targets-from-ios-187watchos-265-to-the/DerivedData/Build/Intermediates.noindex/SingleThreadCore.build/Debug/SingleThreadCore-product-t.build/Objects-normal/arm64/SingleThreadCore_38C46E065536DF53_PackageProduct_lto.o -Xclang-linker -rdynamic -Xlinker -no_deduplicate -Xlinker -debug_variant -Xlinker -dependency_info -Xlinker /Users/vardy/dev/alanvardy-var-1014-lower-deployment-targets-from-ios-187watchos-265-to-the/DerivedData/Build/Intermediates.noindex/SingleThreadCore.build/Debug/SingleThreadCore-product-t.build/Objects-normal/arm64/SingleThreadCore_38C46E065536DF53_PackageProduct_dependency_info.dat -link-objc-runtime -profile-generate -L/Applications/Xcode.app/Contents/Developer/Toolchains/XcodeDefault.xctoolchain/usr/lib/swift/macosx -L/usr/lib/swift -o /Users/vardy/dev/alanvardy-var-1014-lower-deployment-targets-from-ios-187watchos-265-to-the/DerivedData/Build/Products/Debug/PackageFrameworks/SingleThreadCore_38C46E065536DF53_PackageProduct.framework/Versions/A/SingleThreadCore_38C46E065536DF53_PackageProduct

SwiftDriverJobDiscovery normal arm64_32 Compiling WatchReminderViewModel.swift (in target 'SingleThreadWatch' from project 'SingleThread')

SwiftExplicitDependencyGeneratePcm arm64 /Users/vardy/dev/alanvardy-var-1014-lower-deployment-targets-from-ios-187watchos-265-to-the/DerivedData/SDKExplicitPrecompiledModules/libkern-53EL6A7POBPPQDL9RVM3E67L2.pcm

SwiftExplicitDependencyGeneratePcm arm64 /Users/vardy/dev/alanvardy-var-1014-lower-deployment-targets-from-ios-187watchos-265-to-the/DerivedData/SDKExplicitPrecompiledModules/launch-62CN1CHB1JZ5Q7POJFTPN8J9L.pcm

SwiftExplicitDependencyGeneratePcm arm64 /Users/vardy/dev/alanvardy-var-1014-lower-deployment-targets-from-ios-187watchos-265-to-the/DerivedData/SDKExplicitPrecompiledModules/MachO-C9LHGNTYAJ0IFTVJ8L20OQCA7.pcm

SwiftExplicitDependencyGeneratePcm arm64 /Users/vardy/dev/alanvardy-var-1014-lower-deployment-targets-from-ios-187watchos-265-to-the/DerivedData/SDKExplicitPrecompiledModules/CUPS-CVIV8KY0WGH26F05BEV5FYK2G.pcm

SwiftDriverJobDiscovery normal arm64 Compiling WatchAppViewModel.swift (in target 'SingleThreadWatch' from project 'SingleThread')

SwiftExplicitDependencyGeneratePcm arm64 /Users/vardy/dev/alanvardy-var-1014-lower-deployment-targets-from-ios-187watchos-265-to-the/DerivedData/SDKExplicitPrecompiledModules/Spatial-3JUD3IQWZ4MJA0D57P8T0Z9LE.pcm

SwiftDriverJobDiscovery normal arm64 Compiling WatchReminderViewModel.swift (in target 'SingleThreadWatch' from project 'SingleThread')

SwiftExplicitDependencyGeneratePcm arm64 /Users/vardy/dev/alanvardy-var-1014-lower-deployment-targets-from-ios-187watchos-265-to-the/DerivedData/SDKExplicitPrecompiledModules/ObjectiveC-74V6K7987W07CHZ9FEOWS7WSS.pcm

SwiftExplicitDependencyGeneratePcm arm64 /Users/vardy/dev/alanvardy-var-1014-lower-deployment-targets-from-ios-187watchos-265-to-the/DerivedData/SDKExplicitPrecompiledModules/os_object-87CL2X38LYPEMI6NFHV1XGMSN.pcm

SwiftExplicitDependencyGeneratePcm arm64 /Users/vardy/dev/alanvardy-var-1014-lower-deployment-targets-from-ios-187watchos-265-to-the/DerivedData/SDKExplicitPrecompiledModules/os_workgroup-DLLFLQKLCCI6T4ZPBIBLQLB4I.pcm

SwiftExplicitDependencyGeneratePcm arm64 /Users/vardy/dev/alanvardy-var-1014-lower-deployment-targets-from-ios-187watchos-265-to-the/DerivedData/SDKExplicitPrecompiledModules/Dispatch-BINMXWZ9CKMQQ28J6SJJEGCYO.pcm

SwiftExplicitDependencyGeneratePcm arm64 /Users/vardy/dev/alanvardy-var-1014-lower-deployment-targets-from-ios-187watchos-265-to-the/DerivedData/SDKExplicitPrecompiledModules/CoreFoundation-3VP6UMNIM01IHEO468BQPDH5H.pcm

SwiftExplicitDependencyGeneratePcm arm64 /Users/vardy/dev/alanvardy-var-1014-lower-deployment-targets-from-ios-187watchos-265-to-the/DerivedData/SDKExplicitPrecompiledModules/dnssd-7JQBB6S1ZOXBTCGMCF1IDV7D6.pcm

SwiftExplicitDependencyGeneratePcm arm64 /Users/vardy/dev/alanvardy-var-1014-lower-deployment-targets-from-ios-187watchos-265-to-the/DerivedData/SDKExplicitPrecompiledModules/XPC-CWZI6IVONCDBXEHG00CJ836MR.pcm

GenerateTAPI /Users/vardy/dev/alanvardy-var-1014-lower-deployment-targets-from-ios-187watchos-265-to-the/DerivedData/Build/Intermediates.noindex/EagerLinkingTBDs/Debug/SingleThreadCore_38C46E065536DF53_PackageProduct.framework/Versions/A/SingleThreadCore_38C46E065536DF53_PackageProduct.tbd (in target 'SingleThreadCoredynamic-product' from project 'SingleThreadCore')
    cd /Users/vardy/dev/alanvardy-var-1014-lower-deployment-targets-from-ios-187watchos-265-to-the/SingleThreadCore
    /Applications/Xcode.app/Contents/Developer/Toolchains/XcodeDefault.xctoolchain/usr/bin/tapi stubify -isysroot /Applications/Xcode.app/Contents/Developer/Platforms/MacOSX.platform/Developer/SDKs/MacOSX27.0.sdk -F/Users/vardy/dev/alanvardy-var-1014-lower-deployment-targets-from-ios-187watchos-265-to-the/DerivedData/Build/Products/Debug/PackageFrameworks -F/Users/vardy/dev/alanvardy-var-1014-lower-deployment-targets-from-ios-187watchos-265-to-the/DerivedData/Build/Products/Debug -iframework /Applications/Xcode.app/Contents/Developer/Platforms/MacOSX.platform/Developer/Library/Frameworks -L/Users/vardy/dev/alanvardy-var-1014-lower-deployment-targets-from-ios-187watchos-265-to-the/DerivedData/Build/Products/Debug -L/Applications/Xcode.app/Contents/Developer/Platforms/MacOSX.platform/Developer/usr/lib /Users/vardy/dev/alanvardy-var-1014-lower-deployment-targets-from-ios-187watchos-265-to-the/DerivedData/Build/Products/Debug/PackageFrameworks/SingleThreadCore_38C46E065536DF53_PackageProduct.framework/Versions/A/SingleThreadCore_38C46E065536DF53_PackageProduct -o /Users/vardy/dev/alanvardy-var-1014-lower-deployment-targets-from-ios-187watchos-265-to-the/DerivedData/Build/Intermediates.noindex/EagerLinkingTBDs/Debug/SingleThreadCore_38C46E065536DF53_PackageProduct.framework/Versions/A/SingleThreadCore_38C46E065536DF53_PackageProduct.tbd

SwiftDriverJobDiscovery normal arm64_32 Compiling WatchReminderView.swift (in target 'SingleThreadWatch' from project 'SingleThread')

RegisterExecutionPolicyException /Users/vardy/dev/alanvardy-var-1014-lower-deployment-targets-from-ios-187watchos-265-to-the/DerivedData/Build/Products/Debug/PackageFrameworks/SingleThreadCore_38C46E065536DF53_PackageProduct.framework (in target 'SingleThreadCoredynamic-product' from project 'SingleThreadCore')
    cd /Users/vardy/dev/alanvardy-var-1014-lower-deployment-targets-from-ios-187watchos-265-to-the/SingleThreadCore
    builtin-RegisterExecutionPolicyException /Users/vardy/dev/alanvardy-var-1014-lower-deployment-targets-from-ios-187watchos-265-to-the/DerivedData/Build/Products/Debug/PackageFrameworks/SingleThreadCore_38C46E065536DF53_PackageProduct.framework

Touch /Users/vardy/dev/alanvardy-var-1014-lower-deployment-targets-from-ios-187watchos-265-to-the/DerivedData/Build/Products/Debug/PackageFrameworks/SingleThreadCore_38C46E065536DF53_PackageProduct.framework (in target 'SingleThreadCoredynamic-product' from project 'SingleThreadCore')
    cd /Users/vardy/dev/alanvardy-var-1014-lower-deployment-targets-from-ios-187watchos-265-to-the/SingleThreadCore
    /usr/bin/touch -c /Users/vardy/dev/alanvardy-var-1014-lower-deployment-targets-from-ios-187watchos-265-to-the/DerivedData/Build/Products/Debug/PackageFrameworks/SingleThreadCore_38C46E065536DF53_PackageProduct.framework

SymLink /Users/vardy/dev/alanvardy-var-1014-lower-deployment-targets-from-ios-187watchos-265-to-the/DerivedData/Build/Intermediates.noindex/EagerLinkingTBDs/Debug/SingleThreadCore_38C46E065536DF53_PackageProduct.framework/SingleThreadCore_38C46E065536DF53_PackageProduct.tbd /Users/vardy/dev/alanvardy-var-1014-lower-deployment-targets-from-ios-187watchos-265-to-the/DerivedData/Build/Intermediates.noindex/EagerLinkingTBDs/Debug/SingleThreadCore_38C46E065536DF53_PackageProduct.framework/Versions/A/SingleThreadCore_38C46E065536DF53_PackageProduct.tbd (in target 'SingleThreadCoredynamic-product' from project 'SingleThreadCore')
    cd /Users/vardy/dev/alanvardy-var-1014-lower-deployment-targets-from-ios-187watchos-265-to-the/SingleThreadCore
    /bin/ln -sfh /Users/vardy/dev/alanvardy-var-1014-lower-deployment-targets-from-ios-187watchos-265-to-the/DerivedData/Build/Intermediates.noindex/EagerLinkingTBDs/Debug/SingleThreadCore_38C46E065536DF53_PackageProduct.framework/Versions/A/SingleThreadCore_38C46E065536DF53_PackageProduct.tbd /Users/vardy/dev/alanvardy-var-1014-lower-deployment-targets-from-ios-187watchos-265-to-the/DerivedData/Build/Intermediates.noindex/EagerLinkingTBDs/Debug/SingleThreadCore_38C46E065536DF53_PackageProduct.framework/SingleThreadCore_38C46E065536DF53_PackageProduct.tbd

CpResource /Users/vardy/dev/alanvardy-var-1014-lower-deployment-targets-from-ios-187watchos-265-to-the/DerivedData/Build/Products/Debug/SingleThread.app/Contents/Resources/Products.storekit /Users/vardy/dev/alanvardy-var-1014-lower-deployment-targets-from-ios-187watchos-265-to-the/SingleThread/Products.storekit (in target 'SingleThread' from project 'SingleThread')
    cd /Users/vardy/dev/alanvardy-var-1014-lower-deployment-targets-from-ios-187watchos-265-to-the
    builtin-copy -exclude .DS_Store -exclude CVS -exclude .svn -exclude .git -exclude .hg -resolve-src-symlinks /Users/vardy/dev/alanvardy-var-1014-lower-deployment-targets-from-ios-187watchos-265-to-the/SingleThread/Products.storekit /Users/vardy/dev/alanvardy-var-1014-lower-deployment-targets-from-ios-187watchos-265-to-the/DerivedData/Build/Products/Debug/SingleThread.app/Contents/Resources

Ld /Users/vardy/dev/alanvardy-var-1014-lower-deployment-targets-from-ios-187watchos-265-to-the/DerivedData/Build/Products/Debug/SingleThread.app/Contents/MacOS/__preview.dylib normal (in target 'SingleThread' from project 'SingleThread')
    cd /Users/vardy/dev/alanvardy-var-1014-lower-deployment-targets-from-ios-187watchos-265-to-the
    /Applications/Xcode.app/Contents/Developer/Toolchains/XcodeDefault.xctoolchain/usr/bin/clang -Xlinker -reproducible -target arm64-apple-macos26.5 -dynamiclib -isysroot /Applications/Xcode.app/Contents/Developer/Platforms/MacOSX.platform/Developer/SDKs/MacOSX27.0.sdk -O0 -Xlinker -no_warn_duplicate_libraries -L/Users/vardy/dev/alanvardy-var-1014-lower-deployment-targets-from-ios-187watchos-265-to-the/DerivedData/Build/Products/Debug -F/Users/vardy/dev/alanvardy-var-1014-lower-deployment-targets-from-ios-187watchos-265-to-the/DerivedData/Build/Products/Debug/PackageFrameworks -F/Users/vardy/dev/alanvardy-var-1014-lower-deployment-targets-from-ios-187watchos-265-to-the/DerivedData/Build/Products/Debug -install_name @rpath/SingleThread.debug.dylib -rdynamic -Xlinker -no_deduplicate -Xlinker -debug_variant -Xlinker -dependency_info -Xlinker /Users/vardy/dev/alanvardy-var-1014-lower-deployment-targets-from-ios-187watchos-265-to-the/DerivedData/Build/Intermediates.noindex/SingleThread.build/Debug/SingleThread.build/Objects-normal/arm64/SingleThread_dependency_info.dat -o /Users/vardy/dev/alanvardy-var-1014-lower-deployment-targets-from-ios-187watchos-265-to-the/DerivedData/Build/Products/Debug/SingleThread.app/Contents/MacOS/__preview.dylib

CopyStringsFile /Users/vardy/dev/alanvardy-var-1014-lower-deployment-targets-from-ios-187watchos-265-to-the/DerivedData/Build/Products/Debug/SingleThread.app/Contents/Resources/zh-Hans.lproj/InfoPlist.strings /Users/vardy/dev/alanvardy-var-1014-lower-deployment-targets-from-ios-187watchos-265-to-the/SingleThread/zh-Hans.lproj/InfoPlist.strings (in target 'SingleThread' from project 'SingleThread')
    cd /Users/vardy/dev/alanvardy-var-1014-lower-deployment-targets-from-ios-187watchos-265-to-the
    builtin-copyStrings --validate --outputencoding UTF-16 --outfilename InfoPlist.strings --outdir /Users/vardy/dev/alanvardy-var-1014-lower-deployment-targets-from-ios-187watchos-265-to-the/DerivedData/Build/Products/Debug/SingleThread.app/Contents/Resources/zh-Hans.lproj -- /Users/vardy/dev/alanvardy-var-1014-lower-deployment-targets-from-ios-187watchos-265-to-the/SingleThread/zh-Hans.lproj/InfoPlist.strings
/Users/vardy/dev/alanvardy-var-1014-lower-deployment-targets-from-ios-187watchos-265-to-the/SingleThread/zh-Hans.lproj/InfoPlist.strings:1:1: note: detected encoding of input file as Unicode (UTF-8) (in target 'SingleThread' from project 'SingleThread')

CopyStringsFile /Users/vardy/dev/alanvardy-var-1014-lower-deployment-targets-from-ios-187watchos-265-to-the/DerivedData/Build/Products/Debug/SingleThread.app/Contents/Resources/fr.lproj/InfoPlist.strings /Users/vardy/dev/alanvardy-var-1014-lower-deployment-targets-from-ios-187watchos-265-to-the/SingleThread/fr.lproj/InfoPlist.strings (in target 'SingleThread' from project 'SingleThread')
    cd /Users/vardy/dev/alanvardy-var-1014-lower-deployment-targets-from-ios-187watchos-265-to-the
    builtin-copyStrings --validate --outputencoding UTF-16 --outfilename InfoPlist.strings --outdir /Users/vardy/dev/alanvardy-var-1014-lower-deployment-targets-from-ios-187watchos-265-to-the/DerivedData/Build/Products/Debug/SingleThread.app/Contents/Resources/fr.lproj -- /Users/vardy/dev/alanvardy-var-1014-lower-deployment-targets-from-ios-187watchos-265-to-the/SingleThread/fr.lproj/InfoPlist.strings
/Users/vardy/dev/alanvardy-var-1014-lower-deployment-targets-from-ios-187watchos-265-to-the/SingleThread/fr.lproj/InfoPlist.strings:1:1: note: detected encoding of input file as Unicode (UTF-8) (in target 'SingleThread' from project 'SingleThread')

CopyStringsFile /Users/vardy/dev/alanvardy-var-1014-lower-deployment-targets-from-ios-187watchos-265-to-the/DerivedData/Build/Products/Debug/SingleThread.app/Contents/Resources/es.lproj/InfoPlist.strings /Users/vardy/dev/alanvardy-var-1014-lower-deployment-targets-from-ios-187watchos-265-to-the/SingleThread/es.lproj/InfoPlist.strings (in target 'SingleThread' from project 'SingleThread')
    cd /Users/vardy/dev/alanvardy-var-1014-lower-deployment-targets-from-ios-187watchos-265-to-the
    builtin-copyStrings --validate --outputencoding UTF-16 --outfilename InfoPlist.strings --outdir /Users/vardy/dev/alanvardy-var-1014-lower-deployment-targets-from-ios-187watchos-265-to-the/DerivedData/Build/Products/Debug/SingleThread.app/Contents/Resources/es.lproj -- /Users/vardy/dev/alanvardy-var-1014-lower-deployment-targets-from-ios-187watchos-265-to-the/SingleThread/es.lproj/InfoPlist.strings
/Users/vardy/dev/alanvardy-var-1014-lower-deployment-targets-from-ios-187watchos-265-to-the/SingleThread/es.lproj/InfoPlist.strings:1:1: note: detected encoding of input file as Unicode (UTF-8) (in target 'SingleThread' from project 'SingleThread')

CopyStringsFile /Users/vardy/dev/alanvardy-var-1014-lower-deployment-targets-from-ios-187watchos-265-to-the/DerivedData/Build/Products/Debug/SingleThread.app/Contents/Resources/ja.lproj/InfoPlist.strings /Users/vardy/dev/alanvardy-var-1014-lower-deployment-targets-from-ios-187watchos-265-to-the/SingleThread/ja.lproj/InfoPlist.strings (in target 'SingleThread' from project 'SingleThread')
    cd /Users/vardy/dev/alanvardy-var-1014-lower-deployment-targets-from-ios-187watchos-265-to-the
    builtin-copyStrings --validate --outputencoding UTF-16 --outfilename InfoPlist.strings --outdir /Users/vardy/dev/alanvardy-var-1014-lower-deployment-targets-from-ios-187watchos-265-to-the/DerivedData/Build/Products/Debug/SingleThread.app/Contents/Resources/ja.lproj -- /Users/vardy/dev/alanvardy-var-1014-lower-deployment-targets-from-ios-187watchos-265-to-the/SingleThread/ja.lproj/InfoPlist.strings
/Users/vardy/dev/alanvardy-var-1014-lower-deployment-targets-from-ios-187watchos-265-to-the/SingleThread/ja.lproj/InfoPlist.strings:1:1: note: detected encoding of input file as Unicode (UTF-8) (in target 'SingleThread' from project 'SingleThread')

CopyStringsFile /Users/vardy/dev/alanvardy-var-1014-lower-deployment-targets-from-ios-187watchos-265-to-the/DerivedData/Build/Products/Debug/SingleThread.app/Contents/Resources/en.lproj/InfoPlist.strings /Users/vardy/dev/alanvardy-var-1014-lower-deployment-targets-from-ios-187watchos-265-to-the/SingleThread/en.lproj/InfoPlist.strings (in target 'SingleThread' from project 'SingleThread')
    cd /Users/vardy/dev/alanvardy-var-1014-lower-deployment-targets-from-ios-187watchos-265-to-the
    builtin-copyStrings --validate --outputencoding UTF-16 --outfilename InfoPlist.strings --outdir /Users/vardy/dev/alanvardy-var-1014-lower-deployment-targets-from-ios-187watchos-265-to-the/DerivedData/Build/Products/Debug/SingleThread.app/Contents/Resources/en.lproj -- /Users/vardy/dev/alanvardy-var-1014-lower-deployment-targets-from-ios-187watchos-265-to-the/SingleThread/en.lproj/InfoPlist.strings
/Users/vardy/dev/alanvardy-var-1014-lower-deployment-targets-from-ios-187watchos-265-to-the/SingleThread/en.lproj/InfoPlist.strings:1:1: note: detected encoding of input file as Unicode (UTF-8) (in target 'SingleThread' from project 'SingleThread')

CopyStringsFile /Users/vardy/dev/alanvardy-var-1014-lower-deployment-targets-from-ios-187watchos-265-to-the/DerivedData/Build/Products/Debug/SingleThread.app/Contents/Resources/de.lproj/InfoPlist.strings /Users/vardy/dev/alanvardy-var-1014-lower-deployment-targets-from-ios-187watchos-265-to-the/SingleThread/de.lproj/InfoPlist.strings (in target 'SingleThread' from project 'SingleThread')
    cd /Users/vardy/dev/alanvardy-var-1014-lower-deployment-targets-from-ios-187watchos-265-to-the
    builtin-copyStrings --validate --outputencoding UTF-16 --outfilename InfoPlist.strings --outdir /Users/vardy/dev/alanvardy-var-1014-lower-deployment-targets-from-ios-187watchos-265-to-the/DerivedData/Build/Products/Debug/SingleThread.app/Contents/Resources/de.lproj -- /Users/vardy/dev/alanvardy-var-1014-lower-deployment-targets-from-ios-187watchos-265-to-the/SingleThread/de.lproj/InfoPlist.strings
/Users/vardy/dev/alanvardy-var-1014-lower-deployment-targets-from-ios-187watchos-265-to-the/SingleThread/de.lproj/InfoPlist.strings:1:1: note: detected encoding of input file as Unicode (UTF-8) (in target 'SingleThread' from project 'SingleThread')

Copy /Users/vardy/dev/alanvardy-var-1014-lower-deployment-targets-from-ios-187watchos-265-to-the/DerivedData/Build/Products/Debug/SingleThread.app/Contents/Resources/SingleThreadCore_SingleThreadCore.bundle /Users/vardy/dev/alanvardy-var-1014-lower-deployment-targets-from-ios-187watchos-265-to-the/DerivedData/Build/Products/Debug/SingleThreadCore_SingleThreadCore.bundle (in target 'SingleThread' from project 'SingleThread')
    cd /Users/vardy/dev/alanvardy-var-1014-lower-deployment-targets-from-ios-187watchos-265-to-the
    builtin-copy -exclude .DS_Store -exclude CVS -exclude .svn -exclude .git -exclude .hg -resolve-src-symlinks /Users/vardy/dev/alanvardy-var-1014-lower-deployment-targets-from-ios-187watchos-265-to-the/DerivedData/Build/Products/Debug/SingleThreadCore_SingleThreadCore.bundle /Users/vardy/dev/alanvardy-var-1014-lower-deployment-targets-from-ios-187watchos-265-to-the/DerivedData/Build/Products/Debug/SingleThread.app/Contents/Resources

Copy /Users/vardy/dev/alanvardy-var-1014-lower-deployment-targets-from-ios-187watchos-265-to-the/DerivedData/Build/Products/Debug/SingleThread.app/Contents/Frameworks/SingleThreadCore_38C46E065536DF53_PackageProduct.framework /Users/vardy/dev/alanvardy-var-1014-lower-deployment-targets-from-ios-187watchos-265-to-the/DerivedData/Build/Products/Debug/PackageFrameworks/SingleThreadCore_38C46E065536DF53_PackageProduct.framework (in target 'SingleThread' from project 'SingleThread')
    cd /Users/vardy/dev/alanvardy-var-1014-lower-deployment-targets-from-ios-187watchos-265-to-the
    builtin-copy -exclude .DS_Store -exclude CVS -exclude .svn -exclude .git -exclude .hg -resolve-src-symlinks -remove-static-executable /Users/vardy/dev/alanvardy-var-1014-lower-deployment-targets-from-ios-187watchos-265-to-the/DerivedData/Build/Products/Debug/PackageFrameworks/SingleThreadCore_38C46E065536DF53_PackageProduct.framework /Users/vardy/dev/alanvardy-var-1014-lower-deployment-targets-from-ios-187watchos-265-to-the/DerivedData/Build/Products/Debug/SingleThread.app/Contents/Frameworks

CompileXCStrings /Users/vardy/dev/alanvardy-var-1014-lower-deployment-targets-from-ios-187watchos-265-to-the/DerivedData/Build/Intermediates.noindex/SingleThread.build/Debug/SingleThread.build/ /Users/vardy/dev/alanvardy-var-1014-lower-deployment-targets-from-ios-187watchos-265-to-the/SingleThread/Resources/Localizable.xcstrings (in target 'SingleThread' from project 'SingleThread')
    cd /Users/vardy/dev/alanvardy-var-1014-lower-deployment-targets-from-ios-187watchos-265-to-the
    /Applications/Xcode.app/Contents/Developer/usr/bin/xcstringstool compile --output-directory /Users/vardy/dev/alanvardy-var-1014-lower-deployment-targets-from-ios-187watchos-265-to-the/DerivedData/Build/Intermediates.noindex/SingleThread.build/Debug/SingleThread.build /Users/vardy/dev/alanvardy-var-1014-lower-deployment-targets-from-ios-187watchos-265-to-the/SingleThread/Resources/Localizable.xcstrings

ProcessInfoPlistFile /Users/vardy/dev/alanvardy-var-1014-lower-deployment-targets-from-ios-187watchos-265-to-the/DerivedData/Build/Products/Debug/SingleThread.app/Contents/Info.plist /Users/vardy/dev/alanvardy-var-1014-lower-deployment-targets-from-ios-187watchos-265-to-the/DerivedData/Build/Intermediates.noindex/SingleThread.build/Debug/SingleThread.build/empty-SingleThread.plist (in target 'SingleThread' from project 'SingleThread')
    cd /Users/vardy/dev/alanvardy-var-1014-lower-deployment-targets-from-ios-187watchos-265-to-the
    builtin-infoPlistUtility /Users/vardy/dev/alanvardy-var-1014-lower-deployment-targets-from-ios-187watchos-265-to-the/DerivedData/Build/Intermediates.noindex/SingleThread.build/Debug/SingleThread.build/empty-SingleThread.plist -producttype com.apple.product-type.application -genpkginfo /Users/vardy/dev/alanvardy-var-1014-lower-deployment-targets-from-ios-187watchos-265-to-the/DerivedData/Build/Products/Debug/SingleThread.app/Contents/PkgInfo -expandbuildsettings -platform macosx -additionalcontentfile /Users/vardy/dev/alanvardy-var-1014-lower-deployment-targets-from-ios-187watchos-265-to-the/DerivedData/Build/Intermediates.noindex/SingleThread.build/Debug/SingleThread.build/assetcatalog_generated_info.plist -scanforprivacyfile /Users/vardy/dev/alanvardy-var-1014-lower-deployment-targets-from-ios-187watchos-265-to-the/DerivedData/Build/Products/Debug/SingleThread.app/Contents/Frameworks/SingleThreadCore_38C46E065536DF53_PackageProduct.framework -scanforprivacyfile /Users/vardy/dev/alanvardy-var-1014-lower-deployment-targets-from-ios-187watchos-265-to-the/DerivedData/Build/Products/Debug/SingleThread.app/Contents/Resources/SingleThreadCore_SingleThreadCore.bundle -o /Users/vardy/dev/alanvardy-var-1014-lower-deployment-targets-from-ios-187watchos-265-to-the/DerivedData/Build/Products/Debug/SingleThread.app/Contents/Info.plist

SwiftExplicitDependencyGeneratePcm arm64 /Users/vardy/dev/alanvardy-var-1014-lower-deployment-targets-from-ios-187watchos-265-to-the/DerivedData/SDKExplicitPrecompiledModules/os-9YEVVBIT1E5QFT8SP6J0YOF9G.pcm

CopyStringsFile /Users/vardy/dev/alanvardy-var-1014-lower-deployment-targets-from-ios-187watchos-265-to-the/DerivedData/Build/Products/Debug/SingleThread.app/Contents/Resources/zh-Hans.lproj/Localizable.strings /Users/vardy/dev/alanvardy-var-1014-lower-deployment-targets-from-ios-187watchos-265-to-the/DerivedData/Build/Intermediates.noindex/SingleThread.build/Debug/SingleThread.build/zh-Hans.lproj/Localizable.strings (in target 'SingleThread' from project 'SingleThread')
    cd /Users/vardy/dev/alanvardy-var-1014-lower-deployment-targets-from-ios-187watchos-265-to-the
    builtin-copyStrings --validate --outputencoding UTF-16 --outfilename Localizable.strings --outdir /Users/vardy/dev/alanvardy-var-1014-lower-deployment-targets-from-ios-187watchos-265-to-the/DerivedData/Build/Products/Debug/SingleThread.app/Contents/Resources/zh-Hans.lproj -- /Users/vardy/dev/alanvardy-var-1014-lower-deployment-targets-from-ios-187watchos-265-to-the/DerivedData/Build/Intermediates.noindex/SingleThread.build/Debug/SingleThread.build/zh-Hans.lproj/Localizable.strings
/Users/vardy/dev/alanvardy-var-1014-lower-deployment-targets-from-ios-187watchos-265-to-the/DerivedData/Build/Intermediates.noindex/SingleThread.build/Debug/SingleThread.build/zh-Hans.lproj/Localizable.strings:1:1: note: detected encoding of input file as Unicode (UTF-8) (in target 'SingleThread' from project 'SingleThread')

CopyStringsFile /Users/vardy/dev/alanvardy-var-1014-lower-deployment-targets-from-ios-187watchos-265-to-the/DerivedData/Build/Products/Debug/SingleThread.app/Contents/Resources/zh-Hans.lproj/Localizable.stringsdict /Users/vardy/dev/alanvardy-var-1014-lower-deployment-targets-from-ios-187watchos-265-to-the/DerivedData/Build/Intermediates.noindex/SingleThread.build/Debug/SingleThread.build/zh-Hans.lproj/Localizable.stringsdict (in target 'SingleThread' from project 'SingleThread')
    cd /Users/vardy/dev/alanvardy-var-1014-lower-deployment-targets-from-ios-187watchos-265-to-the
    builtin-copyStrings --validate --outputencoding UTF-16 --outfilename Localizable.stringsdict --outdir /Users/vardy/dev/alanvardy-var-1014-lower-deployment-targets-from-ios-187watchos-265-to-the/DerivedData/Build/Products/Debug/SingleThread.app/Contents/Resources/zh-Hans.lproj -- /Users/vardy/dev/alanvardy-var-1014-lower-deployment-targets-from-ios-187watchos-265-to-the/DerivedData/Build/Intermediates.noindex/SingleThread.build/Debug/SingleThread.build/zh-Hans.lproj/Localizable.stringsdict
/Users/vardy/dev/alanvardy-var-1014-lower-deployment-targets-from-ios-187watchos-265-to-the/DerivedData/Build/Intermediates.noindex/SingleThread.build/Debug/SingleThread.build/zh-Hans.lproj/Localizable.stringsdict:1:1: note: detected encoding of input file as Unicode (UTF-8) (in target 'SingleThread' from project 'SingleThread')

CopyStringsFile /Users/vardy/dev/alanvardy-var-1014-lower-deployment-targets-from-ios-187watchos-265-to-the/DerivedData/Build/Products/Debug/SingleThread.app/Contents/Resources/ja.lproj/Localizable.stringsdict /Users/vardy/dev/alanvardy-var-1014-lower-deployment-targets-from-ios-187watchos-265-to-the/DerivedData/Build/Intermediates.noindex/SingleThread.build/Debug/SingleThread.build/ja.lproj/Localizable.stringsdict (in target 'SingleThread' from project 'SingleThread')
    cd /Users/vardy/dev/alanvardy-var-1014-lower-deployment-targets-from-ios-187watchos-265-to-the
    builtin-copyStrings --validate --outputencoding UTF-16 --outfilename Localizable.stringsdict --outdir /Users/vardy/dev/alanvardy-var-1014-lower-deployment-targets-from-ios-187watchos-265-to-the/DerivedData/Build/Products/Debug/SingleThread.app/Contents/Resources/ja.lproj -- /Users/vardy/dev/alanvardy-var-1014-lower-deployment-targets-from-ios-187watchos-265-to-the/DerivedData/Build/Intermediates.noindex/SingleThread.build/Debug/SingleThread.build/ja.lproj/Localizable.stringsdict
/Users/vardy/dev/alanvardy-var-1014-lower-deployment-targets-from-ios-187watchos-265-to-the/DerivedData/Build/Intermediates.noindex/SingleThread.build/Debug/SingleThread.build/ja.lproj/Localizable.stringsdict:1:1: note: detected encoding of input file as Unicode (UTF-8) (in target 'SingleThread' from project 'SingleThread')

CopyStringsFile /Users/vardy/dev/alanvardy-var-1014-lower-deployment-targets-from-ios-187watchos-265-to-the/DerivedData/Build/Products/Debug/SingleThread.app/Contents/Resources/ja.lproj/Localizable.strings /Users/vardy/dev/alanvardy-var-1014-lower-deployment-targets-from-ios-187watchos-265-to-the/DerivedData/Build/Intermediates.noindex/SingleThread.build/Debug/SingleThread.build/ja.lproj/Localizable.strings (in target 'SingleThread' from project 'SingleThread')
    cd /Users/vardy/dev/alanvardy-var-1014-lower-deployment-targets-from-ios-187watchos-265-to-the
    builtin-copyStrings --validate --outputencoding UTF-16 --outfilename Localizable.strings --outdir /Users/vardy/dev/alanvardy-var-1014-lower-deployment-targets-from-ios-187watchos-265-to-the/DerivedData/Build/Products/Debug/SingleThread.app/Contents/Resources/ja.lproj -- /Users/vardy/dev/alanvardy-var-1014-lower-deployment-targets-from-ios-187watchos-265-to-the/DerivedData/Build/Intermediates.noindex/SingleThread.build/Debug/SingleThread.build/ja.lproj/Localizable.strings
/Users/vardy/dev/alanvardy-var-1014-lower-deployment-targets-from-ios-187watchos-265-to-the/DerivedData/Build/Intermediates.noindex/SingleThread.build/Debug/SingleThread.build/ja.lproj/Localizable.strings:1:1: note: detected encoding of input file as Unicode (UTF-8) (in target 'SingleThread' from project 'SingleThread')

CopyStringsFile /Users/vardy/dev/alanvardy-var-1014-lower-deployment-targets-from-ios-187watchos-265-to-the/DerivedData/Build/Products/Debug/SingleThread.app/Contents/Resources/fr.lproj/Localizable.stringsdict /Users/vardy/dev/alanvardy-var-1014-lower-deployment-targets-from-ios-187watchos-265-to-the/DerivedData/Build/Intermediates.noindex/SingleThread.build/Debug/SingleThread.build/fr.lproj/Localizable.stringsdict (in target 'SingleThread' from project 'SingleThread')
    cd /Users/vardy/dev/alanvardy-var-1014-lower-deployment-targets-from-ios-187watchos-265-to-the
    builtin-copyStrings --validate --outputencoding UTF-16 --outfilename Localizable.stringsdict --outdir /Users/vardy/dev/alanvardy-var-1014-lower-deployment-targets-from-ios-187watchos-265-to-the/DerivedData/Build/Products/Debug/SingleThread.app/Contents/Resources/fr.lproj -- /Users/vardy/dev/alanvardy-var-1014-lower-deployment-targets-from-ios-187watchos-265-to-the/DerivedData/Build/Intermediates.noindex/SingleThread.build/Debug/SingleThread.build/fr.lproj/Localizable.stringsdict
/Users/vardy/dev/alanvardy-var-1014-lower-deployment-targets-from-ios-187watchos-265-to-the/DerivedData/Build/Intermediates.noindex/SingleThread.build/Debug/SingleThread.build/fr.lproj/Localizable.stringsdict:1:1: note: detected encoding of input file as Unicode (UTF-8) (in target 'SingleThread' from project 'SingleThread')

CopyStringsFile /Users/vardy/dev/alanvardy-var-1014-lower-deployment-targets-from-ios-187watchos-265-to-the/DerivedData/Build/Products/Debug/SingleThread.app/Contents/Resources/fr.lproj/Localizable.strings /Users/vardy/dev/alanvardy-var-1014-lower-deployment-targets-from-ios-187watchos-265-to-the/DerivedData/Build/Intermediates.noindex/SingleThread.build/Debug/SingleThread.build/fr.lproj/Localizable.strings (in target 'SingleThread' from project 'SingleThread')
    cd /Users/vardy/dev/alanvardy-var-1014-lower-deployment-targets-from-ios-187watchos-265-to-the
    builtin-copyStrings --validate --outputencoding UTF-16 --outfilename Localizable.strings --outdir /Users/vardy/dev/alanvardy-var-1014-lower-deployment-targets-from-ios-187watchos-265-to-the/DerivedData/Build/Products/Debug/SingleThread.app/Contents/Resources/fr.lproj -- /Users/vardy/dev/alanvardy-var-1014-lower-deployment-targets-from-ios-187watchos-265-to-the/DerivedData/Build/Intermediates.noindex/SingleThread.build/Debug/SingleThread.build/fr.lproj/Localizable.strings
/Users/vardy/dev/alanvardy-var-1014-lower-deployment-targets-from-ios-187watchos-265-to-the/DerivedData/Build/Intermediates.noindex/SingleThread.build/Debug/SingleThread.build/fr.lproj/Localizable.strings:1:1: note: detected encoding of input file as Unicode (UTF-8) (in target 'SingleThread' from project 'SingleThread')

CopyStringsFile /Users/vardy/dev/alanvardy-var-1014-lower-deployment-targets-from-ios-187watchos-265-to-the/DerivedData/Build/Products/Debug/SingleThread.app/Contents/Resources/es.lproj/Localizable.stringsdict /Users/vardy/dev/alanvardy-var-1014-lower-deployment-targets-from-ios-187watchos-265-to-the/DerivedData/Build/Intermediates.noindex/SingleThread.build/Debug/SingleThread.build/es.lproj/Localizable.stringsdict (in target 'SingleThread' from project 'SingleThread')
    cd /Users/vardy/dev/alanvardy-var-1014-lower-deployment-targets-from-ios-187watchos-265-to-the
    builtin-copyStrings --validate --outputencoding UTF-16 --outfilename Localizable.stringsdict --outdir /Users/vardy/dev/alanvardy-var-1014-lower-deployment-targets-from-ios-187watchos-265-to-the/DerivedData/Build/Products/Debug/SingleThread.app/Contents/Resources/es.lproj -- /Users/vardy/dev/alanvardy-var-1014-lower-deployment-targets-from-ios-187watchos-265-to-the/DerivedData/Build/Intermediates.noindex/SingleThread.build/Debug/SingleThread.build/es.lproj/Localizable.stringsdict
/Users/vardy/dev/alanvardy-var-1014-lower-deployment-targets-from-ios-187watchos-265-to-the/DerivedData/Build/Intermediates.noindex/SingleThread.build/Debug/SingleThread.build/es.lproj/Localizable.stringsdict:1:1: note: detected encoding of input file as Unicode (UTF-8) (in target 'SingleThread' from project 'SingleThread')

CopyStringsFile /Users/vardy/dev/alanvardy-var-1014-lower-deployment-targets-from-ios-187watchos-265-to-the/DerivedData/Build/Products/Debug/SingleThread.app/Contents/Resources/es.lproj/Localizable.strings /Users/vardy/dev/alanvardy-var-1014-lower-deployment-targets-from-ios-187watchos-265-to-the/DerivedData/Build/Intermediates.noindex/SingleThread.build/Debug/SingleThread.build/es.lproj/Localizable.strings (in target 'SingleThread' from project 'SingleThread')
    cd /Users/vardy/dev/alanvardy-var-1014-lower-deployment-targets-from-ios-187watchos-265-to-the
    builtin-copyStrings --validate --outputencoding UTF-16 --outfilename Localizable.strings --outdir /Users/vardy/dev/alanvardy-var-1014-lower-deployment-targets-from-ios-187watchos-265-to-the/DerivedData/Build/Products/Debug/SingleThread.app/Contents/Resources/es.lproj -- /Users/vardy/dev/alanvardy-var-1014-lower-deployment-targets-from-ios-187watchos-265-to-the/DerivedData/Build/Intermediates.noindex/SingleThread.build/Debug/SingleThread.build/es.lproj/Localizable.strings
/Users/vardy/dev/alanvardy-var-1014-lower-deployment-targets-from-ios-187watchos-265-to-the/DerivedData/Build/Intermediates.noindex/SingleThread.build/Debug/SingleThread.build/es.lproj/Localizable.strings:1:1: note: detected encoding of input file as Unicode (UTF-8) (in target 'SingleThread' from project 'SingleThread')

CopyStringsFile /Users/vardy/dev/alanvardy-var-1014-lower-deployment-targets-from-ios-187watchos-265-to-the/DerivedData/Build/Products/Debug/SingleThread.app/Contents/Resources/en.lproj/Localizable.stringsdict /Users/vardy/dev/alanvardy-var-1014-lower-deployment-targets-from-ios-187watchos-265-to-the/DerivedData/Build/Intermediates.noindex/SingleThread.build/Debug/SingleThread.build/en.lproj/Localizable.stringsdict (in target 'SingleThread' from project 'SingleThread')
    cd /Users/vardy/dev/alanvardy-var-1014-lower-deployment-targets-from-ios-187watchos-265-to-the
    builtin-copyStrings --validate --outputencoding UTF-16 --outfilename Localizable.stringsdict --outdir /Users/vardy/dev/alanvardy-var-1014-lower-deployment-targets-from-ios-187watchos-265-to-the/DerivedData/Build/Products/Debug/SingleThread.app/Contents/Resources/en.lproj -- /Users/vardy/dev/alanvardy-var-1014-lower-deployment-targets-from-ios-187watchos-265-to-the/DerivedData/Build/Intermediates.noindex/SingleThread.build/Debug/SingleThread.build/en.lproj/Localizable.stringsdict
/Users/vardy/dev/alanvardy-var-1014-lower-deployment-targets-from-ios-187watchos-265-to-the/DerivedData/Build/Intermediates.noindex/SingleThread.build/Debug/SingleThread.build/en.lproj/Localizable.stringsdict:1:1: note: detected encoding of input file as Unicode (UTF-8) (in target 'SingleThread' from project 'SingleThread')

CopyStringsFile /Users/vardy/dev/alanvardy-var-1014-lower-deployment-targets-from-ios-187watchos-265-to-the/DerivedData/Build/Products/Debug/SingleThread.app/Contents/Resources/en.lproj/Localizable.strings /Users/vardy/dev/alanvardy-var-1014-lower-deployment-targets-from-ios-187watchos-265-to-the/DerivedData/Build/Intermediates.noindex/SingleThread.build/Debug/SingleThread.build/en.lproj/Localizable.strings (in target 'SingleThread' from project 'SingleThread')
    cd /Users/vardy/dev/alanvardy-var-1014-lower-deployment-targets-from-ios-187watchos-265-to-the
    builtin-copyStrings --validate --outputencoding UTF-16 --outfilename Localizable.strings --outdir /Users/vardy/dev/alanvardy-var-1014-lower-deployment-targets-from-ios-187watchos-265-to-the/DerivedData/Build/Products/Debug/SingleThread.app/Contents/Resources/en.lproj -- /Users/vardy/dev/alanvardy-var-1014-lower-deployment-targets-from-ios-187watchos-265-to-the/DerivedData/Build/Intermediates.noindex/SingleThread.build/Debug/SingleThread.build/en.lproj/Localizable.strings
/Users/vardy/dev/alanvardy-var-1014-lower-deployment-targets-from-ios-187watchos-265-to-the/DerivedData/Build/Intermediates.noindex/SingleThread.build/Debug/SingleThread.build/en.lproj/Localizable.strings:1:1: note: detected encoding of input file as Unicode (UTF-8) (in target 'SingleThread' from project 'SingleThread')

CopyStringsFile /Users/vardy/dev/alanvardy-var-1014-lower-deployment-targets-from-ios-187watchos-265-to-the/DerivedData/Build/Products/Debug/SingleThread.app/Contents/Resources/de.lproj/Localizable.stringsdict /Users/vardy/dev/alanvardy-var-1014-lower-deployment-targets-from-ios-187watchos-265-to-the/DerivedData/Build/Intermediates.noindex/SingleThread.build/Debug/SingleThread.build/de.lproj/Localizable.stringsdict (in target 'SingleThread' from project 'SingleThread')
    cd /Users/vardy/dev/alanvardy-var-1014-lower-deployment-targets-from-ios-187watchos-265-to-the
    builtin-copyStrings --validate --outputencoding UTF-16 --outfilename Localizable.stringsdict --outdir /Users/vardy/dev/alanvardy-var-1014-lower-deployment-targets-from-ios-187watchos-265-to-the/DerivedData/Build/Products/Debug/SingleThread.app/Contents/Resources/de.lproj -- /Users/vardy/dev/alanvardy-var-1014-lower-deployment-targets-from-ios-187watchos-265-to-the/DerivedData/Build/Intermediates.noindex/SingleThread.build/Debug/SingleThread.build/de.lproj/Localizable.stringsdict
/Users/vardy/dev/alanvardy-var-1014-lower-deployment-targets-from-ios-187watchos-265-to-the/DerivedData/Build/Intermediates.noindex/SingleThread.build/Debug/SingleThread.build/de.lproj/Localizable.stringsdict:1:1: note: detected encoding of input file as Unicode (UTF-8) (in target 'SingleThread' from project 'SingleThread')

SwiftDriverJobDiscovery normal arm64_32 Compiling WatchAppViewModel.swift (in target 'SingleThreadWatch' from project 'SingleThread')

CopyStringsFile /Users/vardy/dev/alanvardy-var-1014-lower-deployment-targets-from-ios-187watchos-265-to-the/DerivedData/Build/Products/Debug/SingleThread.app/Contents/Resources/de.lproj/Localizable.strings /Users/vardy/dev/alanvardy-var-1014-lower-deployment-targets-from-ios-187watchos-265-to-the/DerivedData/Build/Intermediates.noindex/SingleThread.build/Debug/SingleThread.build/de.lproj/Localizable.strings (in target 'SingleThread' from project 'SingleThread')
    cd /Users/vardy/dev/alanvardy-var-1014-lower-deployment-targets-from-ios-187watchos-265-to-the
    builtin-copyStrings --validate --outputencoding UTF-16 --outfilename Localizable.strings --outdir /Users/vardy/dev/alanvardy-var-1014-lower-deployment-targets-from-ios-187watchos-265-to-the/DerivedData/Build/Products/Debug/SingleThread.app/Contents/Resources/de.lproj -- /Users/vardy/dev/alanvardy-var-1014-lower-deployment-targets-from-ios-187watchos-265-to-the/DerivedData/Build/Intermediates.noindex/SingleThread.build/Debug/SingleThread.build/de.lproj/Localizable.strings
/Users/vardy/dev/alanvardy-var-1014-lower-deployment-targets-from-ios-187watchos-265-to-the/DerivedData/Build/Intermediates.noindex/SingleThread.build/Debug/SingleThread.build/de.lproj/Localizable.strings:1:1: note: detected encoding of input file as Unicode (UTF-8) (in target 'SingleThread' from project 'SingleThread')

SwiftDriver\ Compilation SingleThreadWatch normal arm64_32 com.apple.xcode.tools.swift.compiler (in target 'SingleThreadWatch' from project 'SingleThread')
    cd /Users/vardy/dev/alanvardy-var-1014-lower-deployment-targets-from-ios-187watchos-265-to-the
    builtin-Swift-Compilation -- /Applications/Xcode.app/Contents/Developer/Toolchains/XcodeDefault.xctoolchain/usr/bin/swiftc -module-name SingleThreadWatch -Onone @/Users/vardy/dev/alanvardy-var-1014-lower-deployment-targets-from-ios-187watchos-265-to-the/DerivedData/Build/Intermediates.noindex/SingleThread.build/Debug-watchos/SingleThreadWatch.build/Objects-normal/arm64_32/SingleThreadWatch.SwiftFileList -DDEBUG -default-isolation\=MainActor -enable-upcoming-feature InferIsolatedConformances -enable-upcoming-feature NonisolatedNonsendingByDefault -enable-experimental-feature DebugDescriptionMacro -sdk /Applications/Xcode.app/Contents/Developer/Platforms/WatchOS.platform/Developer/SDKs/WatchOS27.0.sdk -target arm64_32-apple-watchos11.0 -g -module-cache-path /Users/vardy/dev/alanvardy-var-1014-lower-deployment-targets-from-ios-187watchos-265-to-the/DerivedData/ModuleCache.noindex -Xfrontend -serialize-debugging-options -profile-coverage-mapping -profile-generate -enable-testing -warnings-as-errors -index-store-path /Users/vardy/dev/alanvardy-var-1014-lower-deployment-targets-from-ios-187watchos-265-to-the/DerivedData/Index.noindex/DataStore -Xcc -D_LIBCPP_HARDENING_MODE\=_LIBCPP_HARDENING_MODE_DEBUG -swift-version 6 -I /Users/vardy/dev/alanvardy-var-1014-lower-deployment-targets-from-ios-187watchos-265-to-the/DerivedData/Build/Products/Debug-watchos -F /Users/vardy/dev/alanvardy-var-1014-lower-deployment-targets-from-ios-187watchos-265-to-the/DerivedData/Build/Products/Debug-watchos/PackageFrameworks -F /Users/vardy/dev/alanvardy-var-1014-lower-deployment-targets-from-ios-187watchos-265-to-the/DerivedData/Build/Products/Debug-watchos -emit-localized-strings -emit-localized-strings-path /Users/vardy/dev/alanvardy-var-1014-lower-deployment-targets-from-ios-187watchos-265-to-the/DerivedData/Build/Intermediates.noindex/SingleThread.build/Debug-watchos/SingleThreadWatch.build/Objects-normal/arm64_32 -c -j12 -enable-batch-mode -incremental -Xcc -ivfsstatcache -Xcc /Users/vardy/dev/alanvardy-var-1014-lower-deployment-targets-from-ios-187watchos-265-to-the/DerivedData/SDKStatCaches.noindex/watchos27.0-24R360-84ee5e44e35145daf7706869e872e73f.sdkstatcache -output-file-map /Users/vardy/dev/alanvardy-var-1014-lower-deployment-targets-from-ios-187watchos-265-to-the/DerivedData/Build/Intermediates.noindex/SingleThread.build/Debug-watchos/SingleThreadWatch.build/Objects-normal/arm64_32/SingleThreadWatch-OutputFileMap.json -save-temps -no-color-diagnostics -explicit-module-build -module-cache-path /Users/vardy/dev/alanvardy-var-1014-lower-deployment-targets-from-ios-187watchos-265-to-the/DerivedData/Build/Intermediates.noindex/SwiftExplicitPrecompiledModules -clang-scanner-module-cache-path /Users/vardy/dev/alanvardy-var-1014-lower-deployment-targets-from-ios-187watchos-265-to-the/DerivedData/ModuleCache.noindex -sdk-module-cache-path /Users/vardy/dev/alanvardy-var-1014-lower-deployment-targets-from-ios-187watchos-265-to-the/DerivedData/SDKExplicitPrecompiledModules -emit-dependencies -emit-module -emit-module-path /Users/vardy/dev/alanvardy-var-1014-lower-deployment-targets-from-ios-187watchos-265-to-the/DerivedData/Build/Intermediates.noindex/SingleThread.build/Debug-watchos/SingleThreadWatch.build/Objects-normal/arm64_32/SingleThreadWatch.swiftmodule -serialize-diagnostics -dependency-scan-serialize-diagnostics-path /Users/vardy/dev/alanvardy-var-1014-lower-deployment-targets-from-ios-187watchos-265-to-the/DerivedData/Build/Intermediates.noindex/SingleThread.build/Debug-watchos/SingleThreadWatch.build/Objects-normal/arm64_32/SingleThreadWatch-dependency-scan.dia -validate-clang-modules-once -clang-build-session-file /Users/vardy/dev/alanvardy-var-1014-lower-deployment-targets-from-ios-187watchos-265-to-the/DerivedData/ModuleCache.noindex/Session.modulevalidation -Xcc -fmodules-prune-interval\=86400 -Xcc -fmodules-prune-after\=345600 -emit-const-values -const-gather-protocols-list /Users/vardy/dev/alanvardy-var-1014-lower-deployment-targets-from-ios-187watchos-265-to-the/DerivedData/Build/Intermediates.noindex/SingleThread.build/Debug-watchos/SingleThreadWatch.build/Objects-normal/arm64_32/SingleThreadWatch_const_extract_protocols.json -Xcc -iquote -Xcc /Users/vardy/dev/alanvardy-var-1014-lower-deployment-targets-from-ios-187watchos-265-to-the/DerivedData/Build/Intermediates.noindex/SingleThread.build/Debug-watchos/SingleThreadWatch.build/SingleThreadWatch-generated-files.hmap -Xcc -I/Users/vardy/dev/alanvardy-var-1014-lower-deployment-targets-from-ios-187watchos-265-to-the/DerivedData/Build/Intermediates.noindex/SingleThread.build/Debug-watchos/SingleThreadWatch.build/SingleThreadWatch-own-target-headers.hmap -Xcc -I/Users/vardy/dev/alanvardy-var-1014-lower-deployment-targets-from-ios-187watchos-265-to-the/DerivedData/Build/Intermediates.noindex/SingleThread.build/Debug-watchos/SingleThreadWatch.build/SingleThreadWatch-all-non-framework-target-headers.hmap -Xcc -ivfsoverlay -Xcc /Users/vardy/dev/alanvardy-var-1014-lower-deployment-targets-from-ios-187watchos-265-to-the/DerivedData/Build/Intermediates.noindex/SingleThread.build/Debug-watchos/SingleThread-33ec346c36bc7f11d2672a35e2382a55-VFS-watchos/all-product-headers.yaml -Xcc -iquote -Xcc /Users/vardy/dev/alanvardy-var-1014-lower-deployment-targets-from-ios-187watchos-265-to-the/DerivedData/Build/Intermediates.noindex/SingleThread.build/Debug-watchos/SingleThreadWatch.build/SingleThreadWatch-project-headers.hmap -Xcc -I/Users/vardy/dev/alanvardy-var-1014-lower-deployment-targets-from-ios-187watchos-265-to-the/DerivedData/Build/Products/Debug-watchos/include -Xcc -I/Users/vardy/dev/alanvardy-var-1014-lower-deployment-targets-from-ios-187watchos-265-to-the/DerivedData/Build/Intermediates.noindex/SingleThread.build/Debug-watchos/SingleThreadWatch.build/DerivedSources-normal/arm64_32 -Xcc -I/Users/vardy/dev/alanvardy-var-1014-lower-deployment-targets-from-ios-187watchos-265-to-the/DerivedData/Build/Intermediates.noindex/SingleThread.build/Debug-watchos/SingleThreadWatch.build/DerivedSources/arm64_32 -Xcc -I/Users/vardy/dev/alanvardy-var-1014-lower-deployment-targets-from-ios-187watchos-265-to-the/DerivedData/Build/Intermediates.noindex/SingleThread.build/Debug-watchos/SingleThreadWatch.build/DerivedSources -Xcc -DDEBUG\=1 -emit-objc-header -emit-objc-header-path /Users/vardy/dev/alanvardy-var-1014-lower-deployment-targets-from-ios-187watchos-265-to-the/DerivedData/Build/Intermediates.noindex/SingleThread.build/Debug-watchos/SingleThreadWatch.build/Objects-normal/arm64_32/SingleThreadWatch-Swift.h -working-directory /Users/vardy/dev/alanvardy-var-1014-lower-deployment-targets-from-ios-187watchos-265-to-the -experimental-emit-module-separately -disable-cmo

Ld /Users/vardy/dev/alanvardy-var-1014-lower-deployment-targets-from-ios-187watchos-265-to-the/DerivedData/Build/Intermediates.noindex/SingleThread.build/Debug-watchos/SingleThreadWatch.build/Objects-normal/arm64_32/Binary/SingleThreadWatch.debug.dylib normal arm64_32 (in target 'SingleThreadWatch' from project 'SingleThread')
    cd /Users/vardy/dev/alanvardy-var-1014-lower-deployment-targets-from-ios-187watchos-265-to-the
    /Applications/Xcode.app/Contents/Developer/Toolchains/XcodeDefault.xctoolchain/usr/bin/clang -Xlinker -reproducible -target arm64_32-apple-watchos11.0 -dynamiclib -isysroot /Applications/Xcode.app/Contents/Developer/Platforms/WatchOS.platform/Developer/SDKs/WatchOS27.0.sdk -O0 -Xlinker -no_warn_duplicate_libraries -L/Users/vardy/dev/alanvardy-var-1014-lower-deployment-targets-from-ios-187watchos-265-to-the/DerivedData/Build/Intermediates.noindex/EagerLinkingTBDs/Debug-watchos -L/Users/vardy/dev/alanvardy-var-1014-lower-deployment-targets-from-ios-187watchos-265-to-the/DerivedData/Build/Products/Debug-watchos -F/Users/vardy/dev/alanvardy-var-1014-lower-deployment-targets-from-ios-187watchos-265-to-the/DerivedData/Build/Intermediates.noindex/EagerLinkingTBDs/Debug-watchos -F/Users/vardy/dev/alanvardy-var-1014-lower-deployment-targets-from-ios-187watchos-265-to-the/DerivedData/Build/Products/Debug-watchos/PackageFrameworks -F/Users/vardy/dev/alanvardy-var-1014-lower-deployment-targets-from-ios-187watchos-265-to-the/DerivedData/Build/Products/Debug-watchos -filelist /Users/vardy/dev/alanvardy-var-1014-lower-deployment-targets-from-ios-187watchos-265-to-the/DerivedData/Build/Intermediates.noindex/SingleThread.build/Debug-watchos/SingleThreadWatch.build/Objects-normal/arm64_32/SingleThreadWatch.LinkFileList -install_name @rpath/SingleThreadWatch.debug.dylib -Xlinker -rpath -Xlinker /usr/lib/swift -Xlinker -rpath -Xlinker @loader_path -Xlinker -rpath -Xlinker /Users/vardy/dev/alanvardy-var-1014-lower-deployment-targets-from-ios-187watchos-265-to-the/DerivedData/Build/Products/Debug-watchos/PackageFrameworks -Xlinker -dead_strip -Xlinker -object_path_lto -Xlinker /Users/vardy/dev/alanvardy-var-1014-lower-deployment-targets-from-ios-187watchos-265-to-the/DerivedData/Build/Intermediates.noindex/SingleThread.build/Debug-watchos/SingleThreadWatch.build/Objects-normal/arm64_32/SingleThreadWatch_lto.o -rdynamic -Xlinker -no_deduplicate -Xlinker -debug_variant -Xlinker -dependency_info -Xlinker /Users/vardy/dev/alanvardy-var-1014-lower-deployment-targets-from-ios-187watchos-265-to-the/DerivedData/Build/Intermediates.noindex/SingleThread.build/Debug-watchos/SingleThreadWatch.build/Objects-normal/arm64_32/SingleThreadWatch_dependency_info.dat -fobjc-link-runtime -fprofile-instr-generate -L/Applications/Xcode.app/Contents/Developer/Toolchains/XcodeDefault.xctoolchain/usr/lib/swift/watchos -L/usr/lib/swift -Xlinker -add_ast_path -Xlinker /Users/vardy/dev/alanvardy-var-1014-lower-deployment-targets-from-ios-187watchos-265-to-the/DerivedData/Build/Intermediates.noindex/SingleThread.build/Debug-watchos/SingleThreadWatch.build/Objects-normal/arm64_32/SingleThreadWatch.swiftmodule -Xlinker -alias -Xlinker _main -Xlinker ___debug_main_executable_dylib_entry_point /Users/vardy/dev/alanvardy-var-1014-lower-deployment-targets-from-ios-187watchos-265-to-the/DerivedData/Build/Products/Debug-watchos/PackageFrameworks/SingleThreadCore_38C46E065536DF53_PackageProduct.framework/SingleThreadCore_38C46E065536DF53_PackageProduct -o /Users/vardy/dev/alanvardy-var-1014-lower-deployment-targets-from-ios-187watchos-265-to-the/DerivedData/Build/Intermediates.noindex/SingleThread.build/Debug-watchos/SingleThreadWatch.build/Objects-normal/arm64_32/Binary/SingleThreadWatch.debug.dylib

SwiftExplicitDependencyGeneratePcm arm64 /Users/vardy/dev/alanvardy-var-1014-lower-deployment-targets-from-ios-187watchos-265-to-the/DerivedData/SDKExplicitPrecompiledModules/CoreAudioTypes-9BP0E6U5HOI1L29SLSVJL5BYJ.pcm

SwiftExplicitDependencyGeneratePcm arm64 /Users/vardy/dev/alanvardy-var-1014-lower-deployment-targets-from-ios-187watchos-265-to-the/DerivedData/SDKExplicitPrecompiledModules/IOKit-CY7IW02UJIZJZGJA95WOSL1IJ.pcm

SwiftExplicitDependencyGeneratePcm arm64 /Users/vardy/dev/alanvardy-var-1014-lower-deployment-targets-from-ios-187watchos-265-to-the/DerivedData/SDKExplicitPrecompiledModules/ColorSync-5HY9DL9VH97CMHCAAU1UFJLGQ.pcm

SwiftExplicitDependencyGeneratePcm arm64 /Users/vardy/dev/alanvardy-var-1014-lower-deployment-targets-from-ios-187watchos-265-to-the/DerivedData/SDKExplicitPrecompiledModules/CFNetwork-6OZPVZNZ55ZKXS0FJK98JEMRC.pcm

SwiftExplicitDependencyGeneratePcm arm64 /Users/vardy/dev/alanvardy-var-1014-lower-deployment-targets-from-ios-187watchos-265-to-the/DerivedData/SDKExplicitPrecompiledModules/Security-4MCPAD4JEV9H8EE11XU9IH5JD.pcm

SwiftDriverJobDiscovery normal arm64 Compiling WatchReminderView.swift (in target 'SingleThreadWatch' from project 'SingleThread')

SwiftDriver\ Compilation SingleThreadWatch normal arm64 com.apple.xcode.tools.swift.compiler (in target 'SingleThreadWatch' from project 'SingleThread')
    cd /Users/vardy/dev/alanvardy-var-1014-lower-deployment-targets-from-ios-187watchos-265-to-the
    builtin-Swift-Compilation -- /Applications/Xcode.app/Contents/Developer/Toolchains/XcodeDefault.xctoolchain/usr/bin/swiftc -module-name SingleThreadWatch -Onone @/Users/vardy/dev/alanvardy-var-1014-lower-deployment-targets-from-ios-187watchos-265-to-the/DerivedData/Build/Intermediates.noindex/SingleThread.build/Debug-watchos/SingleThreadWatch.build/Objects-normal/arm64/SingleThreadWatch.SwiftFileList -DDEBUG -default-isolation\=MainActor -enable-upcoming-feature InferIsolatedConformances -enable-upcoming-feature NonisolatedNonsendingByDefault -enable-experimental-feature DebugDescriptionMacro -sdk /Applications/Xcode.app/Contents/Developer/Platforms/WatchOS.platform/Developer/SDKs/WatchOS27.0.sdk -target arm64-apple-watchos11.0 -g -module-cache-path /Users/vardy/dev/alanvardy-var-1014-lower-deployment-targets-from-ios-187watchos-265-to-the/DerivedData/ModuleCache.noindex -Xfrontend -serialize-debugging-options -profile-coverage-mapping -profile-generate -enable-testing -warnings-as-errors -index-store-path /Users/vardy/dev/alanvardy-var-1014-lower-deployment-targets-from-ios-187watchos-265-to-the/DerivedData/Index.noindex/DataStore -Xcc -D_LIBCPP_HARDENING_MODE\=_LIBCPP_HARDENING_MODE_DEBUG -swift-version 6 -I /Users/vardy/dev/alanvardy-var-1014-lower-deployment-targets-from-ios-187watchos-265-to-the/DerivedData/Build/Products/Debug-watchos -F /Users/vardy/dev/alanvardy-var-1014-lower-deployment-targets-from-ios-187watchos-265-to-the/DerivedData/Build/Products/Debug-watchos/PackageFrameworks -F /Users/vardy/dev/alanvardy-var-1014-lower-deployment-targets-from-ios-187watchos-265-to-the/DerivedData/Build/Products/Debug-watchos -emit-localized-strings -emit-localized-strings-path /Users/vardy/dev/alanvardy-var-1014-lower-deployment-targets-from-ios-187watchos-265-to-the/DerivedData/Build/Intermediates.noindex/SingleThread.build/Debug-watchos/SingleThreadWatch.build/Objects-normal/arm64 -c -j12 -enable-batch-mode -incremental -Xcc -ivfsstatcache -Xcc /Users/vardy/dev/alanvardy-var-1014-lower-deployment-targets-from-ios-187watchos-265-to-the/DerivedData/SDKStatCaches.noindex/watchos27.0-24R360-84ee5e44e35145daf7706869e872e73f.sdkstatcache -output-file-map /Users/vardy/dev/alanvardy-var-1014-lower-deployment-targets-from-ios-187watchos-265-to-the/DerivedData/Build/Intermediates.noindex/SingleThread.build/Debug-watchos/SingleThreadWatch.build/Objects-normal/arm64/SingleThreadWatch-OutputFileMap.json -save-temps -no-color-diagnostics -explicit-module-build -module-cache-path /Users/vardy/dev/alanvardy-var-1014-lower-deployment-targets-from-ios-187watchos-265-to-the/DerivedData/Build/Intermediates.noindex/SwiftExplicitPrecompiledModules -clang-scanner-module-cache-path /Users/vardy/dev/alanvardy-var-1014-lower-deployment-targets-from-ios-187watchos-265-to-the/DerivedData/ModuleCache.noindex -sdk-module-cache-path /Users/vardy/dev/alanvardy-var-1014-lower-deployment-targets-from-ios-187watchos-265-to-the/DerivedData/SDKExplicitPrecompiledModules -emit-dependencies -emit-module -emit-module-path /Users/vardy/dev/alanvardy-var-1014-lower-deployment-targets-from-ios-187watchos-265-to-the/DerivedData/Build/Intermediates.noindex/SingleThread.build/Debug-watchos/SingleThreadWatch.build/Objects-normal/arm64/SingleThreadWatch.swiftmodule -serialize-diagnostics -dependency-scan-serialize-diagnostics-path /Users/vardy/dev/alanvardy-var-1014-lower-deployment-targets-from-ios-187watchos-265-to-the/DerivedData/Build/Intermediates.noindex/SingleThread.build/Debug-watchos/SingleThreadWatch.build/Objects-normal/arm64/SingleThreadWatch-dependency-scan.dia -validate-clang-modules-once -clang-build-session-file /Users/vardy/dev/alanvardy-var-1014-lower-deployment-targets-from-ios-187watchos-265-to-the/DerivedData/ModuleCache.noindex/Session.modulevalidation -Xcc -fmodules-prune-interval\=86400 -Xcc -fmodules-prune-after\=345600 -emit-const-values -const-gather-protocols-list /Users/vardy/dev/alanvardy-var-1014-lower-deployment-targets-from-ios-187watchos-265-to-the/DerivedData/Build/Intermediates.noindex/SingleThread.build/Debug-watchos/SingleThreadWatch.build/Objects-normal/arm64/SingleThreadWatch_const_extract_protocols.json -Xcc -iquote -Xcc /Users/vardy/dev/alanvardy-var-1014-lower-deployment-targets-from-ios-187watchos-265-to-the/DerivedData/Build/Intermediates.noindex/SingleThread.build/Debug-watchos/SingleThreadWatch.build/SingleThreadWatch-generated-files.hmap -Xcc -I/Users/vardy/dev/alanvardy-var-1014-lower-deployment-targets-from-ios-187watchos-265-to-the/DerivedData/Build/Intermediates.noindex/SingleThread.build/Debug-watchos/SingleThreadWatch.build/SingleThreadWatch-own-target-headers.hmap -Xcc -I/Users/vardy/dev/alanvardy-var-1014-lower-deployment-targets-from-ios-187watchos-265-to-the/DerivedData/Build/Intermediates.noindex/SingleThread.build/Debug-watchos/SingleThreadWatch.build/SingleThreadWatch-all-non-framework-target-headers.hmap -Xcc -ivfsoverlay -Xcc /Users/vardy/dev/alanvardy-var-1014-lower-deployment-targets-from-ios-187watchos-265-to-the/DerivedData/Build/Intermediates.noindex/SingleThread.build/Debug-watchos/SingleThread-33ec346c36bc7f11d2672a35e2382a55-VFS-watchos/all-product-headers.yaml -Xcc -iquote -Xcc /Users/vardy/dev/alanvardy-var-1014-lower-deployment-targets-from-ios-187watchos-265-to-the/DerivedData/Build/Intermediates.noindex/SingleThread.build/Debug-watchos/SingleThreadWatch.build/SingleThreadWatch-project-headers.hmap -Xcc -I/Users/vardy/dev/alanvardy-var-1014-lower-deployment-targets-from-ios-187watchos-265-to-the/DerivedData/Build/Products/Debug-watchos/include -Xcc -I/Users/vardy/dev/alanvardy-var-1014-lower-deployment-targets-from-ios-187watchos-265-to-the/DerivedData/Build/Intermediates.noindex/SingleThread.build/Debug-watchos/SingleThreadWatch.build/DerivedSources-normal/arm64 -Xcc -I/Users/vardy/dev/alanvardy-var-1014-lower-deployment-targets-from-ios-187watchos-265-to-the/DerivedData/Build/Intermediates.noindex/SingleThread.build/Debug-watchos/SingleThreadWatch.build/DerivedSources/arm64 -Xcc -I/Users/vardy/dev/alanvardy-var-1014-lower-deployment-targets-from-ios-187watchos-265-to-the/DerivedData/Build/Intermediates.noindex/SingleThread.build/Debug-watchos/SingleThreadWatch.build/DerivedSources -Xcc -DDEBUG\=1 -emit-objc-header -emit-objc-header-path /Users/vardy/dev/alanvardy-var-1014-lower-deployment-targets-from-ios-187watchos-265-to-the/DerivedData/Build/Intermediates.noindex/SingleThread.build/Debug-watchos/SingleThreadWatch.build/Objects-normal/arm64/SingleThreadWatch-Swift.h -working-directory /Users/vardy/dev/alanvardy-var-1014-lower-deployment-targets-from-ios-187watchos-265-to-the -experimental-emit-module-separately -disable-cmo

Ld /Users/vardy/dev/alanvardy-var-1014-lower-deployment-targets-from-ios-187watchos-265-to-the/DerivedData/Build/Intermediates.noindex/SingleThread.build/Debug-watchos/SingleThreadWatch.build/Objects-normal/arm64/Binary/SingleThreadWatch.debug.dylib normal arm64 (in target 'SingleThreadWatch' from project 'SingleThread')
    cd /Users/vardy/dev/alanvardy-var-1014-lower-deployment-targets-from-ios-187watchos-265-to-the
    /Applications/Xcode.app/Contents/Developer/Toolchains/XcodeDefault.xctoolchain/usr/bin/clang -Xlinker -reproducible -target arm64-apple-watchos11.0 -dynamiclib -isysroot /Applications/Xcode.app/Contents/Developer/Platforms/WatchOS.platform/Developer/SDKs/WatchOS27.0.sdk -O0 -Xlinker -no_warn_duplicate_libraries -L/Users/vardy/dev/alanvardy-var-1014-lower-deployment-targets-from-ios-187watchos-265-to-the/DerivedData/Build/Intermediates.noindex/EagerLinkingTBDs/Debug-watchos -L/Users/vardy/dev/alanvardy-var-1014-lower-deployment-targets-from-ios-187watchos-265-to-the/DerivedData/Build/Products/Debug-watchos -F/Users/vardy/dev/alanvardy-var-1014-lower-deployment-targets-from-ios-187watchos-265-to-the/DerivedData/Build/Intermediates.noindex/EagerLinkingTBDs/Debug-watchos -F/Users/vardy/dev/alanvardy-var-1014-lower-deployment-targets-from-ios-187watchos-265-to-the/DerivedData/Build/Products/Debug-watchos/PackageFrameworks -F/Users/vardy/dev/alanvardy-var-1014-lower-deployment-targets-from-ios-187watchos-265-to-the/DerivedData/Build/Products/Debug-watchos -filelist /Users/vardy/dev/alanvardy-var-1014-lower-deployment-targets-from-ios-187watchos-265-to-the/DerivedData/Build/Intermediates.noindex/SingleThread.build/Debug-watchos/SingleThreadWatch.build/Objects-normal/arm64/SingleThreadWatch.LinkFileList -install_name @rpath/SingleThreadWatch.debug.dylib -Xlinker -rpath -Xlinker /usr/lib/swift -Xlinker -rpath -Xlinker @loader_path -Xlinker -rpath -Xlinker /Users/vardy/dev/alanvardy-var-1014-lower-deployment-targets-from-ios-187watchos-265-to-the/DerivedData/Build/Products/Debug-watchos/PackageFrameworks -Xlinker -dead_strip -Xlinker -object_path_lto -Xlinker /Users/vardy/dev/alanvardy-var-1014-lower-deployment-targets-from-ios-187watchos-265-to-the/DerivedData/Build/Intermediates.noindex/SingleThread.build/Debug-watchos/SingleThreadWatch.build/Objects-normal/arm64/SingleThreadWatch_lto.o -rdynamic -Xlinker -no_deduplicate -Xlinker -debug_variant -Xlinker -dependency_info -Xlinker /Users/vardy/dev/alanvardy-var-1014-lower-deployment-targets-from-ios-187watchos-265-to-the/DerivedData/Build/Intermediates.noindex/SingleThread.build/Debug-watchos/SingleThreadWatch.build/Objects-normal/arm64/SingleThreadWatch_dependency_info.dat -fobjc-link-runtime -fprofile-instr-generate -L/Applications/Xcode.app/Contents/Developer/Toolchains/XcodeDefault.xctoolchain/usr/lib/swift/watchos -L/usr/lib/swift -Xlinker -add_ast_path -Xlinker /Users/vardy/dev/alanvardy-var-1014-lower-deployment-targets-from-ios-187watchos-265-to-the/DerivedData/Build/Intermediates.noindex/SingleThread.build/Debug-watchos/SingleThreadWatch.build/Objects-normal/arm64/SingleThreadWatch.swiftmodule -Xlinker -alias -Xlinker _main -Xlinker ___debug_main_executable_dylib_entry_point /Users/vardy/dev/alanvardy-var-1014-lower-deployment-targets-from-ios-187watchos-265-to-the/DerivedData/Build/Products/Debug-watchos/PackageFrameworks/SingleThreadCore_38C46E065536DF53_PackageProduct.framework/SingleThreadCore_38C46E065536DF53_PackageProduct -o /Users/vardy/dev/alanvardy-var-1014-lower-deployment-targets-from-ios-187watchos-265-to-the/DerivedData/Build/Intermediates.noindex/SingleThread.build/Debug-watchos/SingleThreadWatch.build/Objects-normal/arm64/Binary/SingleThreadWatch.debug.dylib

SwiftExplicitDependencyGeneratePcm arm64 /Users/vardy/dev/alanvardy-var-1014-lower-deployment-targets-from-ios-187watchos-265-to-the/DerivedData/SDKExplicitPrecompiledModules/DiskArbitration-73E3J9DFTALURWVUCA9WH58US.pcm

SwiftExplicitDependencyGeneratePcm arm64 /Users/vardy/dev/alanvardy-var-1014-lower-deployment-targets-from-ios-187watchos-265-to-the/DerivedData/SDKExplicitPrecompiledModules/CoreGraphics-6SL17J0ZBEO4SZK466WTJELY3.pcm

SwiftExplicitDependencyGeneratePcm arm64 /Users/vardy/dev/alanvardy-var-1014-lower-deployment-targets-from-ios-187watchos-265-to-the/DerivedData/SDKExplicitPrecompiledModules/CoreServices-AHQGQ6YEDM7N7C4ASGGYZADFB.pcm

ConstructStubExecutorLinkFileList /Users/vardy/dev/alanvardy-var-1014-lower-deployment-targets-from-ios-187watchos-265-to-the/DerivedData/Build/Intermediates.noindex/SingleThread.build/Debug-watchos/SingleThreadWatch.build/SingleThreadWatch-ExecutorLinkFileList-normal-arm64_32.txt (in target 'SingleThreadWatch' from project 'SingleThread')
    cd /Users/vardy/dev/alanvardy-var-1014-lower-deployment-targets-from-ios-187watchos-265-to-the
    construct-stub-executor-link-file-list /Users/vardy/dev/alanvardy-var-1014-lower-deployment-targets-from-ios-187watchos-265-to-the/DerivedData/Build/Intermediates.noindex/SingleThread.build/Debug-watchos/SingleThreadWatch.build/Objects-normal/arm64_32/Binary/SingleThreadWatch.debug.dylib /Applications/Xcode.app/Contents/Developer/Platforms/WatchOS.platform/Developer/usr/lib/libPreviewsJITStubExecutor_no_swift_entry_point.a /Applications/Xcode.app/Contents/Developer/Platforms/WatchOS.platform/Developer/usr/lib/libPreviewsJITStubExecutor.a --output /Users/vardy/dev/alanvardy-var-1014-lower-deployment-targets-from-ios-187watchos-265-to-the/DerivedData/Build/Intermediates.noindex/SingleThread.build/Debug-watchos/SingleThreadWatch.build/SingleThreadWatch-ExecutorLinkFileList-normal-arm64_32.txt
note: Using stub executor library with Swift entry point. (in target 'SingleThreadWatch' from project 'SingleThread')

SwiftExplicitDependencyGeneratePcm arm64 /Users/vardy/dev/alanvardy-var-1014-lower-deployment-targets-from-ios-187watchos-265-to-the/DerivedData/SDKExplicitPrecompiledModules/CoreText-EGIQV5MUQX5BR3ZLQ7786XIBH.pcm

SwiftExplicitDependencyGeneratePcm arm64 /Users/vardy/dev/alanvardy-var-1014-lower-deployment-targets-from-ios-187watchos-265-to-the/DerivedData/SDKExplicitPrecompiledModules/ImageIO-GWZW1IZZ193F13M33LXRJJ6C.pcm

CreateUniversalBinary /Users/vardy/dev/alanvardy-var-1014-lower-deployment-targets-from-ios-187watchos-265-to-the/DerivedData/Build/Products/Debug-watchos/SingleThreadWatch.app/SingleThreadWatch.debug.dylib normal arm64\ arm64_32 (in target 'SingleThreadWatch' from project 'SingleThread')
    cd /Users/vardy/dev/alanvardy-var-1014-lower-deployment-targets-from-ios-187watchos-265-to-the
    /Applications/Xcode.app/Contents/Developer/Toolchains/XcodeDefault.xctoolchain/usr/bin/lipo -create /Users/vardy/dev/alanvardy-var-1014-lower-deployment-targets-from-ios-187watchos-265-to-the/DerivedData/Build/Intermediates.noindex/SingleThread.build/Debug-watchos/SingleThreadWatch.build/Objects-normal/arm64/Binary/SingleThreadWatch.debug.dylib /Users/vardy/dev/alanvardy-var-1014-lower-deployment-targets-from-ios-187watchos-265-to-the/DerivedData/Build/Intermediates.noindex/SingleThread.build/Debug-watchos/SingleThreadWatch.build/Objects-normal/arm64_32/Binary/SingleThreadWatch.debug.dylib -output /Users/vardy/dev/alanvardy-var-1014-lower-deployment-targets-from-ios-187watchos-265-to-the/DerivedData/Build/Products/Debug-watchos/SingleThreadWatch.app/SingleThreadWatch.debug.dylib

ConstructStubExecutorLinkFileList /Users/vardy/dev/alanvardy-var-1014-lower-deployment-targets-from-ios-187watchos-265-to-the/DerivedData/Build/Intermediates.noindex/SingleThread.build/Debug-watchos/SingleThreadWatch.build/SingleThreadWatch-ExecutorLinkFileList-normal-arm64.txt (in target 'SingleThreadWatch' from project 'SingleThread')
    cd /Users/vardy/dev/alanvardy-var-1014-lower-deployment-targets-from-ios-187watchos-265-to-the
    construct-stub-executor-link-file-list /Users/vardy/dev/alanvardy-var-1014-lower-deployment-targets-from-ios-187watchos-265-to-the/DerivedData/Build/Intermediates.noindex/SingleThread.build/Debug-watchos/SingleThreadWatch.build/Objects-normal/arm64/Binary/SingleThreadWatch.debug.dylib /Applications/Xcode.app/Contents/Developer/Platforms/WatchOS.platform/Developer/usr/lib/libPreviewsJITStubExecutor_no_swift_entry_point.a /Applications/Xcode.app/Contents/Developer/Platforms/WatchOS.platform/Developer/usr/lib/libPreviewsJITStubExecutor.a --output /Users/vardy/dev/alanvardy-var-1014-lower-deployment-targets-from-ios-187watchos-265-to-the/DerivedData/Build/Intermediates.noindex/SingleThread.build/Debug-watchos/SingleThreadWatch.build/SingleThreadWatch-ExecutorLinkFileList-normal-arm64.txt
note: Using stub executor library with Swift entry point. (in target 'SingleThreadWatch' from project 'SingleThread')

Ld /Users/vardy/dev/alanvardy-var-1014-lower-deployment-targets-from-ios-187watchos-265-to-the/DerivedData/Build/Intermediates.noindex/SingleThread.build/Debug-watchos/SingleThreadWatch.build/Objects-normal/arm64/Binary/SingleThreadWatch normal arm64 (in target 'SingleThreadWatch' from project 'SingleThread')
    cd /Users/vardy/dev/alanvardy-var-1014-lower-deployment-targets-from-ios-187watchos-265-to-the
    /Applications/Xcode.app/Contents/Developer/Toolchains/XcodeDefault.xctoolchain/usr/bin/clang -Xlinker -reproducible -target arm64-apple-watchos11.0 -isysroot /Applications/Xcode.app/Contents/Developer/Platforms/WatchOS.platform/Developer/SDKs/WatchOS27.0.sdk -O0 -Xlinker -no_warn_duplicate_libraries -L/Users/vardy/dev/alanvardy-var-1014-lower-deployment-targets-from-ios-187watchos-265-to-the/DerivedData/Build/Products/Debug-watchos -F/Users/vardy/dev/alanvardy-var-1014-lower-deployment-targets-from-ios-187watchos-265-to-the/DerivedData/Build/Products/Debug-watchos/PackageFrameworks -F/Users/vardy/dev/alanvardy-var-1014-lower-deployment-targets-from-ios-187watchos-265-to-the/DerivedData/Build/Products/Debug-watchos -Xlinker -rpath -Xlinker @executable_path -Xlinker -rpath -Xlinker @loader_path -Xlinker -rpath -Xlinker /Users/vardy/dev/alanvardy-var-1014-lower-deployment-targets-from-ios-187watchos-265-to-the/DerivedData/Build/Products/Debug-watchos/PackageFrameworks -rdynamic -Xlinker -no_deduplicate -Xlinker -debug_variant -e ___debug_blank_executor_main -Xlinker -sectcreate -Xlinker __TEXT -Xlinker __debug_dylib -Xlinker /Users/vardy/dev/alanvardy-var-1014-lower-deployment-targets-from-ios-187watchos-265-to-the/DerivedData/Build/Intermediates.noindex/SingleThread.build/Debug-watchos/SingleThreadWatch.build/SingleThreadWatch-DebugDylibPath-normal-arm64.txt -Xlinker -sectcreate -Xlinker __TEXT -Xlinker __debug_instlnm -Xlinker /Users/vardy/dev/alanvardy-var-1014-lower-deployment-targets-from-ios-187watchos-265-to-the/DerivedData/Build/Intermediates.noindex/SingleThread.build/Debug-watchos/SingleThreadWatch.build/SingleThreadWatch-DebugDylibInstallName-normal-arm64.txt -Xlinker -filelist -Xlinker /Users/vardy/dev/alanvardy-var-1014-lower-deployment-targets-from-ios-187watchos-265-to-the/DerivedData/Build/Intermediates.noindex/SingleThread.build/Debug-watchos/SingleThreadWatch.build/SingleThreadWatch-ExecutorLinkFileList-normal-arm64.txt /Users/vardy/dev/alanvardy-var-1014-lower-deployment-targets-from-ios-187watchos-265-to-the/DerivedData/Build/Intermediates.noindex/SingleThread.build/Debug-watchos/SingleThreadWatch.build/Objects-normal/arm64/Binary/SingleThreadWatch.debug.dylib -o /Users/vardy/dev/alanvardy-var-1014-lower-deployment-targets-from-ios-187watchos-265-to-the/DerivedData/Build/Intermediates.noindex/SingleThread.build/Debug-watchos/SingleThreadWatch.build/Objects-normal/arm64/Binary/SingleThreadWatch

Ld /Users/vardy/dev/alanvardy-var-1014-lower-deployment-targets-from-ios-187watchos-265-to-the/DerivedData/Build/Intermediates.noindex/SingleThread.build/Debug-watchos/SingleThreadWatch.build/Objects-normal/arm64_32/Binary/SingleThreadWatch normal arm64_32 (in target 'SingleThreadWatch' from project 'SingleThread')
    cd /Users/vardy/dev/alanvardy-var-1014-lower-deployment-targets-from-ios-187watchos-265-to-the
    /Applications/Xcode.app/Contents/Developer/Toolchains/XcodeDefault.xctoolchain/usr/bin/clang -Xlinker -reproducible -target arm64_32-apple-watchos11.0 -isysroot /Applications/Xcode.app/Contents/Developer/Platforms/WatchOS.platform/Developer/SDKs/WatchOS27.0.sdk -O0 -Xlinker -no_warn_duplicate_libraries -L/Users/vardy/dev/alanvardy-var-1014-lower-deployment-targets-from-ios-187watchos-265-to-the/DerivedData/Build/Products/Debug-watchos -F/Users/vardy/dev/alanvardy-var-1014-lower-deployment-targets-from-ios-187watchos-265-to-the/DerivedData/Build/Products/Debug-watchos/PackageFrameworks -F/Users/vardy/dev/alanvardy-var-1014-lower-deployment-targets-from-ios-187watchos-265-to-the/DerivedData/Build/Products/Debug-watchos -Xlinker -rpath -Xlinker @executable_path -Xlinker -rpath -Xlinker @loader_path -Xlinker -rpath -Xlinker /Users/vardy/dev/alanvardy-var-1014-lower-deployment-targets-from-ios-187watchos-265-to-the/DerivedData/Build/Products/Debug-watchos/PackageFrameworks -rdynamic -Xlinker -no_deduplicate -Xlinker -debug_variant -e ___debug_blank_executor_main -Xlinker -sectcreate -Xlinker __TEXT -Xlinker __debug_dylib -Xlinker /Users/vardy/dev/alanvardy-var-1014-lower-deployment-targets-from-ios-187watchos-265-to-the/DerivedData/Build/Intermediates.noindex/SingleThread.build/Debug-watchos/SingleThreadWatch.build/SingleThreadWatch-DebugDylibPath-normal-arm64_32.txt -Xlinker -sectcreate -Xlinker __TEXT -Xlinker __debug_instlnm -Xlinker /Users/vardy/dev/alanvardy-var-1014-lower-deployment-targets-from-ios-187watchos-265-to-the/DerivedData/Build/Intermediates.noindex/SingleThread.build/Debug-watchos/SingleThreadWatch.build/SingleThreadWatch-DebugDylibInstallName-normal-arm64_32.txt -Xlinker -filelist -Xlinker /Users/vardy/dev/alanvardy-var-1014-lower-deployment-targets-from-ios-187watchos-265-to-the/DerivedData/Build/Intermediates.noindex/SingleThread.build/Debug-watchos/SingleThreadWatch.build/SingleThreadWatch-ExecutorLinkFileList-normal-arm64_32.txt /Users/vardy/dev/alanvardy-var-1014-lower-deployment-targets-from-ios-187watchos-265-to-the/DerivedData/Build/Intermediates.noindex/SingleThread.build/Debug-watchos/SingleThreadWatch.build/Objects-normal/arm64_32/Binary/SingleThreadWatch.debug.dylib -o /Users/vardy/dev/alanvardy-var-1014-lower-deployment-targets-from-ios-187watchos-265-to-the/DerivedData/Build/Intermediates.noindex/SingleThread.build/Debug-watchos/SingleThreadWatch.build/Objects-normal/arm64_32/Binary/SingleThreadWatch

CreateUniversalBinary /Users/vardy/dev/alanvardy-var-1014-lower-deployment-targets-from-ios-187watchos-265-to-the/DerivedData/Build/Products/Debug-watchos/SingleThreadWatch.app/SingleThreadWatch normal arm64\ arm64_32 (in target 'SingleThreadWatch' from project 'SingleThread')
    cd /Users/vardy/dev/alanvardy-var-1014-lower-deployment-targets-from-ios-187watchos-265-to-the
    /Applications/Xcode.app/Contents/Developer/Toolchains/XcodeDefault.xctoolchain/usr/bin/lipo -create /Users/vardy/dev/alanvardy-var-1014-lower-deployment-targets-from-ios-187watchos-265-to-the/DerivedData/Build/Intermediates.noindex/SingleThread.build/Debug-watchos/SingleThreadWatch.build/Objects-normal/arm64/Binary/SingleThreadWatch /Users/vardy/dev/alanvardy-var-1014-lower-deployment-targets-from-ios-187watchos-265-to-the/DerivedData/Build/Intermediates.noindex/SingleThread.build/Debug-watchos/SingleThreadWatch.build/Objects-normal/arm64_32/Binary/SingleThreadWatch -output /Users/vardy/dev/alanvardy-var-1014-lower-deployment-targets-from-ios-187watchos-265-to-the/DerivedData/Build/Products/Debug-watchos/SingleThreadWatch.app/SingleThreadWatch

CopySwiftLibs /Users/vardy/dev/alanvardy-var-1014-lower-deployment-targets-from-ios-187watchos-265-to-the/DerivedData/Build/Products/Debug-watchos/SingleThreadWatch.app (in target 'SingleThreadWatch' from project 'SingleThread')
    cd /Users/vardy/dev/alanvardy-var-1014-lower-deployment-targets-from-ios-187watchos-265-to-the
    builtin-swiftStdLibTool --copy --verbose --scan-executable /Users/vardy/dev/alanvardy-var-1014-lower-deployment-targets-from-ios-187watchos-265-to-the/DerivedData/Build/Products/Debug-watchos/SingleThreadWatch.app/SingleThreadWatch.debug.dylib --scan-folder /Users/vardy/dev/alanvardy-var-1014-lower-deployment-targets-from-ios-187watchos-265-to-the/DerivedData/Build/Products/Debug-watchos/SingleThreadWatch.app/Frameworks --scan-folder /Users/vardy/dev/alanvardy-var-1014-lower-deployment-targets-from-ios-187watchos-265-to-the/DerivedData/Build/Products/Debug-watchos/SingleThreadWatch.app/PlugIns --scan-folder /Users/vardy/dev/alanvardy-var-1014-lower-deployment-targets-from-ios-187watchos-265-to-the/DerivedData/Build/Products/Debug-watchos/SingleThreadWatch.app/SystemExtensions --scan-folder /Users/vardy/dev/alanvardy-var-1014-lower-deployment-targets-from-ios-187watchos-265-to-the/DerivedData/Build/Products/Debug-watchos/SingleThreadWatch.app/Extensions --scan-folder /Users/vardy/dev/alanvardy-var-1014-lower-deployment-targets-from-ios-187watchos-265-to-the/DerivedData/Build/Products/Debug-watchos/PackageFrameworks/SingleThreadCore_38C46E065536DF53_PackageProduct.framework --platform watchos --toolchain /Applications/Xcode.app/Contents/Developer/Toolchains/XcodeDefault.xctoolchain --destination /Users/vardy/dev/alanvardy-var-1014-lower-deployment-targets-from-ios-187watchos-265-to-the/DerivedData/Build/Products/Debug-watchos/SingleThreadWatch.app/Frameworks --strip-bitcode --strip-bitcode-tool /Applications/Xcode.app/Contents/Developer/Toolchains/XcodeDefault.xctoolchain/usr/bin/bitcode_strip --emit-dependency-info /Users/vardy/dev/alanvardy-var-1014-lower-deployment-targets-from-ios-187watchos-265-to-the/DerivedData/Build/Intermediates.noindex/SingleThread.build/Debug-watchos/SingleThreadWatch.build/SwiftStdLibToolInputDependencies.dep --filter-for-swift-os --back-deploy-swift-span
Ignoring --strip-bitcode because --sign was not passed

ExtractAppIntentsMetadata (in target 'SingleThreadWatch' from project 'SingleThread')
    cd /Users/vardy/dev/alanvardy-var-1014-lower-deployment-targets-from-ios-187watchos-265-to-the
    /Applications/Xcode.app/Contents/Developer/Toolchains/XcodeDefault.xctoolchain/usr/bin/appintentsmetadataprocessor --toolchain-dir /Applications/Xcode.app/Contents/Developer/Toolchains/XcodeDefault.xctoolchain --module-name SingleThreadWatch --sdk-root /Applications/Xcode.app/Contents/Developer/Platforms/WatchOS.platform/Developer/SDKs/WatchOS27.0.sdk --xcode-version 27A266a --platform-family watchOS --deployment-target 11.0 --bundle-identifier app.alanvardy.SingleThread.watchkitapp --output /Users/vardy/dev/alanvardy-var-1014-lower-deployment-targets-from-ios-187watchos-265-to-the/DerivedData/Build/Products/Debug-watchos/SingleThreadWatch.app --target-triple arm64-apple-watchos11.0 --target-triple arm64_32-apple-watchos11.0 --binary-file /Users/vardy/dev/alanvardy-var-1014-lower-deployment-targets-from-ios-187watchos-265-to-the/DerivedData/Build/Products/Debug-watchos/SingleThreadWatch.app/SingleThreadWatch --dependency-file /Users/vardy/dev/alanvardy-var-1014-lower-deployment-targets-from-ios-187watchos-265-to-the/DerivedData/Build/Intermediates.noindex/SingleThread.build/Debug-watchos/SingleThreadWatch.build/Objects-normal/arm64/SingleThreadWatch_dependency_info.dat --dependency-file /Users/vardy/dev/alanvardy-var-1014-lower-deployment-targets-from-ios-187watchos-265-to-the/DerivedData/Build/Intermediates.noindex/SingleThread.build/Debug-watchos/SingleThreadWatch.build/Objects-normal/arm64_32/SingleThreadWatch_dependency_info.dat --stringsdata-file /Users/vardy/dev/alanvardy-var-1014-lower-deployment-targets-from-ios-187watchos-265-to-the/DerivedData/Build/Intermediates.noindex/SingleThread.build/Debug-watchos/SingleThreadWatch.build/Objects-normal/arm64/ExtractedAppShortcutsMetadata.stringsdata --stringsdata-file /Users/vardy/dev/alanvardy-var-1014-lower-deployment-targets-from-ios-187watchos-265-to-the/DerivedData/Build/Intermediates.noindex/SingleThread.build/Debug-watchos/SingleThreadWatch.build/Objects-normal/arm64_32/ExtractedAppShortcutsMetadata.stringsdata --source-file-list /Users/vardy/dev/alanvardy-var-1014-lower-deployment-targets-from-ios-187watchos-265-to-the/DerivedData/Build/Intermediates.noindex/SingleThread.build/Debug-watchos/SingleThreadWatch.build/Objects-normal/arm64/SingleThreadWatch.SwiftFileList --source-file-list /Users/vardy/dev/alanvardy-var-1014-lower-deployment-targets-from-ios-187watchos-265-to-the/DerivedData/Build/Intermediates.noindex/SingleThread.build/Debug-watchos/SingleThreadWatch.build/Objects-normal/arm64_32/SingleThreadWatch.SwiftFileList --metadata-file-list /Users/vardy/dev/alanvardy-var-1014-lower-deployment-targets-from-ios-187watchos-265-to-the/DerivedData/Build/Intermediates.noindex/SingleThread.build/Debug-watchos/SingleThreadWatch.build/SingleThreadWatch.DependencyMetadataFileList --static-metadata-file-list /Users/vardy/dev/alanvardy-var-1014-lower-deployment-targets-from-ios-187watchos-265-to-the/DerivedData/Build/Intermediates.noindex/SingleThread.build/Debug-watchos/SingleThreadWatch.build/SingleThreadWatch.DependencyStaticMetadataFileList --swift-const-vals-list /Users/vardy/dev/alanvardy-var-1014-lower-deployment-targets-from-ios-187watchos-265-to-the/DerivedData/Build/Intermediates.noindex/SingleThread.build/Debug-watchos/SingleThreadWatch.build/Objects-normal/arm64/SingleThreadWatch.SwiftConstValuesFileList --swift-const-vals-list /Users/vardy/dev/alanvardy-var-1014-lower-deployment-targets-from-ios-187watchos-265-to-the/DerivedData/Build/Intermediates.noindex/SingleThread.build/Debug-watchos/SingleThreadWatch.build/Objects-normal/arm64_32/SingleThreadWatch.SwiftConstValuesFileList --compile-time-extraction --deployment-aware-processing --no-app-shortcuts-localization
2026-09-15 19:21:27.652 appintentsmetadataprocessor[45923:15854464] Starting appintentsmetadataprocessor export
2026-09-15 19:21:27.710 appintentsmetadataprocessor[45923:15854464] Writing Metadata.appintents
2026-09-15 19:21:27.710 appintentsmetadataprocessor[45923:15854464] Metadata root: /Users/vardy/dev/alanvardy-var-1014-lower-deployment-targets-from-ios-187watchos-265-to-the/DerivedData/Build/Products/Debug-watchos/SingleThreadWatch.app/Metadata.appintents

SwiftExplicitDependencyGeneratePcm arm64 /Users/vardy/dev/alanvardy-var-1014-lower-deployment-targets-from-ios-187watchos-265-to-the/DerivedData/SDKExplicitPrecompiledModules/Foundation-5HK60BGR6ELXLOP8OLAKQBT90.pcm

RegisterExecutionPolicyException /Users/vardy/dev/alanvardy-var-1014-lower-deployment-targets-from-ios-187watchos-265-to-the/DerivedData/Build/Products/Debug-watchos/SingleThreadWatch.app (in target 'SingleThreadWatch' from project 'SingleThread')
    cd /Users/vardy/dev/alanvardy-var-1014-lower-deployment-targets-from-ios-187watchos-265-to-the
    builtin-RegisterExecutionPolicyException /Users/vardy/dev/alanvardy-var-1014-lower-deployment-targets-from-ios-187watchos-265-to-the/DerivedData/Build/Products/Debug-watchos/SingleThreadWatch.app

Validate /Users/vardy/dev/alanvardy-var-1014-lower-deployment-targets-from-ios-187watchos-265-to-the/DerivedData/Build/Products/Debug-watchos/SingleThreadWatch.app (in target 'SingleThreadWatch' from project 'SingleThread')
    cd /Users/vardy/dev/alanvardy-var-1014-lower-deployment-targets-from-ios-187watchos-265-to-the
    builtin-validationUtility /Users/vardy/dev/alanvardy-var-1014-lower-deployment-targets-from-ios-187watchos-265-to-the/DerivedData/Build/Products/Debug-watchos/SingleThreadWatch.app -shallow-bundle -infoplist-subpath Info.plist

Touch /Users/vardy/dev/alanvardy-var-1014-lower-deployment-targets-from-ios-187watchos-265-to-the/DerivedData/Build/Products/Debug-watchos/SingleThreadWatch.app (in target 'SingleThreadWatch' from project 'SingleThread')
    cd /Users/vardy/dev/alanvardy-var-1014-lower-deployment-targets-from-ios-187watchos-265-to-the
    /usr/bin/touch -c /Users/vardy/dev/alanvardy-var-1014-lower-deployment-targets-from-ios-187watchos-265-to-the/DerivedData/Build/Products/Debug-watchos/SingleThreadWatch.app

SwiftExplicitDependencyGeneratePcm arm64 /Users/vardy/dev/alanvardy-var-1014-lower-deployment-targets-from-ios-187watchos-265-to-the/DerivedData/SDKExplicitPrecompiledModules/UserNotifications-F09HUFILEID1FNADY44Q07K8X.pcm

SwiftExplicitDependencyGeneratePcm arm64 /Users/vardy/dev/alanvardy-var-1014-lower-deployment-targets-from-ios-187watchos-265-to-the/DerivedData/SDKExplicitPrecompiledModules/IOSurface-6WF2B6KMIGIKQPHCEGO4E2R5A.pcm

SwiftExplicitDependencyGeneratePcm arm64 /Users/vardy/dev/alanvardy-var-1014-lower-deployment-targets-from-ios-187watchos-265-to-the/DerivedData/SDKExplicitPrecompiledModules/CoreData-5WUEAZSKVFDBXNQA33P5XA7B1.pcm

SwiftExplicitDependencyGeneratePcm arm64 /Users/vardy/dev/alanvardy-var-1014-lower-deployment-targets-from-ios-187watchos-265-to-the/DerivedData/SDKExplicitPrecompiledModules/CoreAudio-8V8KIAZIY0A9I9AJ7YMRWENXA.pcm

SwiftExplicitDependencyGeneratePcm arm64 /Users/vardy/dev/alanvardy-var-1014-lower-deployment-targets-from-ios-187watchos-265-to-the/DerivedData/SDKExplicitPrecompiledModules/_LocationEssentials-B8R3KLJBA40TF5HVI58FU552Q.pcm

SwiftExplicitDependencyGeneratePcm arm64 /Users/vardy/dev/alanvardy-var-1014-lower-deployment-targets-from-ios-187watchos-265-to-the/DerivedData/SDKExplicitPrecompiledModules/ApplicationServices-EONG3XV465CO6Q7GDO3IDUQ6K.pcm

SwiftExplicitDependencyGeneratePcm arm64 /Users/vardy/dev/alanvardy-var-1014-lower-deployment-targets-from-ios-187watchos-265-to-the/DerivedData/SDKExplicitPrecompiledModules/AppIntentsTypeSupport-9K1VMDXXA5O8EK8DAZ70VBSJU.pcm

SwiftExplicitDependencyGeneratePcm arm64 /Users/vardy/dev/alanvardy-var-1014-lower-deployment-targets-from-ios-187watchos-265-to-the/DerivedData/SDKExplicitPrecompiledModules/RelevanceKit-D9KEY9S9EDJDB7BHA69TOZ91W.pcm

SwiftExplicitDependencyGeneratePcm arm64 /Users/vardy/dev/alanvardy-var-1014-lower-deployment-targets-from-ios-187watchos-265-to-the/DerivedData/SDKExplicitPrecompiledModules/AppIntents-AS4DWOFH5ZKF0LZ11KDHZW064.pcm

SwiftExplicitDependencyGeneratePcm arm64 /Users/vardy/dev/alanvardy-var-1014-lower-deployment-targets-from-ios-187watchos-265-to-the/DerivedData/SDKExplicitPrecompiledModules/CoreTransferable-2L732DMO9CWYM7IFQM8VJNL4.pcm

SwiftExplicitDependencyGeneratePcm arm64 /Users/vardy/dev/alanvardy-var-1014-lower-deployment-targets-from-ios-187watchos-265-to-the/DerivedData/SDKExplicitPrecompiledModules/UniformTypeIdentifiers-IK8KN8KAL7DVVYQC0N2R0Y9M.pcm

SwiftExplicitDependencyGeneratePcm arm64 /Users/vardy/dev/alanvardy-var-1014-lower-deployment-targets-from-ios-187watchos-265-to-the/DerivedData/SDKExplicitPrecompiledModules/WidgetKit-F2GICDJ30O8JHYID55EAF3G04.pcm

SwiftExplicitDependencyGeneratePcm arm64 /Users/vardy/dev/alanvardy-var-1014-lower-deployment-targets-from-ios-187watchos-265-to-the/DerivedData/SDKExplicitPrecompiledModules/LocalAuthentication-649BHRZ8C097VZWZ1IO3KE1MY.pcm

SwiftExplicitDependencyGeneratePcm arm64 /Users/vardy/dev/alanvardy-var-1014-lower-deployment-targets-from-ios-187watchos-265-to-the/DerivedData/SDKExplicitPrecompiledModules/DataDetection-4K06Q47R2G4LVMDEEXRRMERE9.pcm

SwiftExplicitDependencyGeneratePcm arm64 /Users/vardy/dev/alanvardy-var-1014-lower-deployment-targets-from-ios-187watchos-265-to-the/DerivedData/SDKExplicitPrecompiledModules/BackgroundAssets-DJSF29IKQZRZBWFOTWHM4P4AM.pcm

SwiftExplicitDependencyGeneratePcm arm64 /Users/vardy/dev/alanvardy-var-1014-lower-deployment-targets-from-ios-187watchos-265-to-the/DerivedData/SDKExplicitPrecompiledModules/Accessibility-1MICSSR63IPMR0J1NBC3XCPYM.pcm

SwiftExplicitDependencyGeneratePcm arm64 /Users/vardy/dev/alanvardy-var-1014-lower-deployment-targets-from-ios-187watchos-265-to-the/DerivedData/SDKExplicitPrecompiledModules/CoreLocation-3OAAUE6JECLSWCOE10417K4DN.pcm

SwiftExplicitDependencyGeneratePcm arm64 /Users/vardy/dev/alanvardy-var-1014-lower-deployment-targets-from-ios-187watchos-265-to-the/DerivedData/SDKExplicitPrecompiledModules/OSLog-9DN5AUQKL63UH3NUMVNF6PU4C.pcm

SwiftExplicitDependencyGeneratePcm arm64 /Users/vardy/dev/alanvardy-var-1014-lower-deployment-targets-from-ios-187watchos-265-to-the/DerivedData/SDKExplicitPrecompiledModules/CoreSpotlight-9XVPDCNW76LG5E3VTEGJNYI1N.pcm

SwiftExplicitDependencyGeneratePcm arm64 /Users/vardy/dev/alanvardy-var-1014-lower-deployment-targets-from-ios-187watchos-265-to-the/DerivedData/SDKExplicitPrecompiledModules/CoreMIDI-5XZOSOXNOSTZ2C508171PKLO.pcm

SwiftExplicitDependencyGeneratePcm arm64 /Users/vardy/dev/alanvardy-var-1014-lower-deployment-targets-from-ios-187watchos-265-to-the/DerivedData/SDKExplicitPrecompiledModules/Metal-48CZ373OCGUJGXH3HT79PECGZ.pcm

SwiftExplicitDependencyGeneratePcm arm64 /Users/vardy/dev/alanvardy-var-1014-lower-deployment-targets-from-ios-187watchos-265-to-the/DerivedData/SDKExplicitPrecompiledModules/Network-BKXV7PV22ULXQ5CWR0JKMZTTF.pcm

SwiftExplicitDependencyGeneratePcm arm64 /Users/vardy/dev/alanvardy-var-1014-lower-deployment-targets-from-ios-187watchos-265-to-the/DerivedData/SDKExplicitPrecompiledModules/Symbols-7EOQ4SFV26SOUZVU6I9IJ50H.pcm

SwiftExplicitDependencyGeneratePcm arm64 /Users/vardy/dev/alanvardy-var-1014-lower-deployment-targets-from-ios-187watchos-265-to-the/DerivedData/SDKExplicitPrecompiledModules/OpenGL-2DDFBFVM15E9POX8QFJQOBULU.pcm

SwiftExplicitDependencyGeneratePcm arm64 /Users/vardy/dev/alanvardy-var-1014-lower-deployment-targets-from-ios-187watchos-265-to-the/DerivedData/SDKExplicitPrecompiledModules/Carbon-84Q3Q0D09PHVRWRWYXLXAYC2M.pcm

SwiftExplicitDependencyGeneratePcm arm64 /Users/vardy/dev/alanvardy-var-1014-lower-deployment-targets-from-ios-187watchos-265-to-the/DerivedData/SDKExplicitPrecompiledModules/Intents-2PJ3I87PKLVLHTWPO3BTJXDQH.pcm

SwiftExplicitDependencyGeneratePcm arm64 /Users/vardy/dev/alanvardy-var-1014-lower-deployment-targets-from-ios-187watchos-265-to-the/DerivedData/SDKExplicitPrecompiledModules/EventKit-7I5H8MVWC51VBSK3TKDCNEL8B.pcm

SwiftExplicitDependencyGeneratePcm arm64 /Users/vardy/dev/alanvardy-var-1014-lower-deployment-targets-from-ios-187watchos-265-to-the/DerivedData/SDKExplicitPrecompiledModules/CoreVideo-DSQI6OLR5CIGQ1HHJQOBJWF5X.pcm

SwiftExplicitDependencyGeneratePcm arm64 /Users/vardy/dev/alanvardy-var-1014-lower-deployment-targets-from-ios-187watchos-265-to-the/DerivedData/SDKExplicitPrecompiledModules/AudioToolbox-3SCNAVYYGDAJLAVPPV8CXLIX4.pcm

SwiftExplicitDependencyGeneratePcm arm64 /Users/vardy/dev/alanvardy-var-1014-lower-deployment-targets-from-ios-187watchos-265-to-the/DerivedData/SDKExplicitPrecompiledModules/CoreML-2J9J2PHT6DLSSFL5ZPZFFHYTD.pcm

SwiftExplicitDependencyGeneratePcm arm64 /Users/vardy/dev/alanvardy-var-1014-lower-deployment-targets-from-ios-187watchos-265-to-the/DerivedData/SDKExplicitPrecompiledModules/QuartzCore-CC7QP4W1N6T8IVG3UJ0W0JRUP.pcm

SwiftExplicitDependencyGeneratePcm arm64 /Users/vardy/dev/alanvardy-var-1014-lower-deployment-targets-from-ios-187watchos-265-to-the/DerivedData/SDKExplicitPrecompiledModules/CoreMedia-5GGBZY3CKGU83U56PH5WFSZ03.pcm

SwiftExplicitDependencyGeneratePcm arm64 /Users/vardy/dev/alanvardy-var-1014-lower-deployment-targets-from-ios-187watchos-265-to-the/DerivedData/SDKExplicitPrecompiledModules/CoreImage-2NYL3OHEY0O8SYRN4D4TWIYLL.pcm

SwiftExplicitDependencyGeneratePcm arm64 /Users/vardy/dev/alanvardy-var-1014-lower-deployment-targets-from-ios-187watchos-265-to-the/DerivedData/SDKExplicitPrecompiledModules/SwiftUICore-8XLARBZROM7YEB7YPHN0B1CY8.pcm

SwiftExplicitDependencyGeneratePcm arm64 /Users/vardy/dev/alanvardy-var-1014-lower-deployment-targets-from-ios-187watchos-265-to-the/DerivedData/SDKExplicitPrecompiledModules/MediaToolbox-7497RWX3G8MCTMGN1WLFE8TS5.pcm

SwiftExplicitDependencyGeneratePcm arm64 /Users/vardy/dev/alanvardy-var-1014-lower-deployment-targets-from-ios-187watchos-265-to-the/DerivedData/SDKExplicitPrecompiledModules/AVFAudio-17S8I3JALB79IZZGBRRJKRP4N.pcm

SwiftExplicitDependencyGeneratePcm arm64 /Users/vardy/dev/alanvardy-var-1014-lower-deployment-targets-from-ios-187watchos-265-to-the/DerivedData/SDKExplicitPrecompiledModules/VideoToolbox-5OSTWN179PBXFVVCJGMD5PE9.pcm

SwiftExplicitDependencyGeneratePcm arm64 /Users/vardy/dev/alanvardy-var-1014-lower-deployment-targets-from-ios-187watchos-265-to-the/DerivedData/SDKExplicitPrecompiledModules/AppKit-A8DA5YBP0ALNI3CMO20OUF4WE.pcm

SwiftExplicitDependencyGeneratePcm arm64 /Users/vardy/dev/alanvardy-var-1014-lower-deployment-targets-from-ios-187watchos-265-to-the/DerivedData/SDKExplicitPrecompiledModules/AVFoundation-1S8NVAWMATF63N12LO54L07Y9.pcm

SwiftExplicitDependencyGeneratePcm arm64 /Users/vardy/dev/alanvardy-var-1014-lower-deployment-targets-from-ios-187watchos-265-to-the/DerivedData/SDKExplicitPrecompiledModules/Speech-CMYQ1U2F60TAYVBZY6QY7BWU0.pcm

SwiftExplicitDependencyGeneratePcm arm64 /Users/vardy/dev/alanvardy-var-1014-lower-deployment-targets-from-ios-187watchos-265-to-the/DerivedData/SDKExplicitPrecompiledModules/StoreKit-77AHQ8S09BYF2GBMO5KEKNNY5.pcm

SwiftExplicitDependencyGeneratePcm arm64 /Users/vardy/dev/alanvardy-var-1014-lower-deployment-targets-from-ios-187watchos-265-to-the/DerivedData/SDKExplicitPrecompiledModules/SwiftUI-EW29ECTNGS1G7FVX4CEN9VGGG.pcm

SwiftEmitModule normal arm64 Emitting\ module\ for\ SingleThread (in target 'SingleThread' from project 'SingleThread')

SwiftCompile normal arm64 (in target 'SingleThread' from project 'SingleThread')
    cd /Users/vardy/dev/alanvardy-var-1014-lower-deployment-targets-from-ios-187watchos-265-to-the
    

SwiftCompile normal arm64 Compiling\ ReminderDictation.swift,\ ReminderSettingsView.swift,\ RescheduleSheet.swift,\ SettingsBindings.swift /Users/vardy/dev/alanvardy-var-1014-lower-deployment-targets-from-ios-187watchos-265-to-the/SingleThread/ReminderDictation.swift /Users/vardy/dev/alanvardy-var-1014-lower-deployment-targets-from-ios-187watchos-265-to-the/SingleThread/ReminderSettingsView.swift /Users/vardy/dev/alanvardy-var-1014-lower-deployment-targets-from-ios-187watchos-265-to-the/SingleThread/RescheduleSheet.swift /Users/vardy/dev/alanvardy-var-1014-lower-deployment-targets-from-ios-187watchos-265-to-the/SingleThread/SettingsBindings.swift (in target 'SingleThread' from project 'SingleThread')

SwiftCompile normal arm64 /Users/vardy/dev/alanvardy-var-1014-lower-deployment-targets-from-ios-187watchos-265-to-the/SingleThread/ReminderDictation.swift (in target 'SingleThread' from project 'SingleThread')
    cd /Users/vardy/dev/alanvardy-var-1014-lower-deployment-targets-from-ios-187watchos-265-to-the
    builtin-SwiftPerFileCompile ReminderDictation.swift

SwiftCompile normal arm64 /Users/vardy/dev/alanvardy-var-1014-lower-deployment-targets-from-ios-187watchos-265-to-the/SingleThread/ReminderSettingsView.swift (in target 'SingleThread' from project 'SingleThread')
    cd /Users/vardy/dev/alanvardy-var-1014-lower-deployment-targets-from-ios-187watchos-265-to-the
    builtin-SwiftPerFileCompile ReminderSettingsView.swift

SwiftCompile normal arm64 /Users/vardy/dev/alanvardy-var-1014-lower-deployment-targets-from-ios-187watchos-265-to-the/SingleThread/RescheduleSheet.swift (in target 'SingleThread' from project 'SingleThread')
    cd /Users/vardy/dev/alanvardy-var-1014-lower-deployment-targets-from-ios-187watchos-265-to-the
    builtin-SwiftPerFileCompile RescheduleSheet.swift

SwiftCompile normal arm64 /Users/vardy/dev/alanvardy-var-1014-lower-deployment-targets-from-ios-187watchos-265-to-the/SingleThread/SettingsBindings.swift (in target 'SingleThread' from project 'SingleThread')
    cd /Users/vardy/dev/alanvardy-var-1014-lower-deployment-targets-from-ios-187watchos-265-to-the
    builtin-SwiftPerFileCompile SettingsBindings.swift

SwiftCompile normal arm64 Compiling\ SingleThreadApp.swift,\ SingleThreadApp+Commands.swift,\ SingleThreadButtonModifier.swift,\ SortOption+Presentation.swift /Users/vardy/dev/alanvardy-var-1014-lower-deployment-targets-from-ios-187watchos-265-to-the/SingleThread/SingleThreadApp.swift /Users/vardy/dev/alanvardy-var-1014-lower-deployment-targets-from-ios-187watchos-265-to-the/SingleThread/SingleThreadApp+Commands.swift /Users/vardy/dev/alanvardy-var-1014-lower-deployment-targets-from-ios-187watchos-265-to-the/SingleThread/SingleThreadButtonModifier.swift /Users/vardy/dev/alanvardy-var-1014-lower-deployment-targets-from-ios-187watchos-265-to-the/SingleThread/SortOption+Presentation.swift (in target 'SingleThread' from project 'SingleThread')

SwiftCompile normal arm64 /Users/vardy/dev/alanvardy-var-1014-lower-deployment-targets-from-ios-187watchos-265-to-the/SingleThread/SingleThreadApp.swift (in target 'SingleThread' from project 'SingleThread')
    cd /Users/vardy/dev/alanvardy-var-1014-lower-deployment-targets-from-ios-187watchos-265-to-the
    builtin-SwiftPerFileCompile SingleThreadApp.swift

SwiftCompile normal arm64 /Users/vardy/dev/alanvardy-var-1014-lower-deployment-targets-from-ios-187watchos-265-to-the/SingleThread/SingleThreadApp+Commands.swift (in target 'SingleThread' from project 'SingleThread')
    cd /Users/vardy/dev/alanvardy-var-1014-lower-deployment-targets-from-ios-187watchos-265-to-the
    builtin-SwiftPerFileCompile SingleThreadApp+Commands.swift

SwiftCompile normal arm64 /Users/vardy/dev/alanvardy-var-1014-lower-deployment-targets-from-ios-187watchos-265-to-the/SingleThread/SingleThreadButtonModifier.swift (in target 'SingleThread' from project 'SingleThread')
    cd /Users/vardy/dev/alanvardy-var-1014-lower-deployment-targets-from-ios-187watchos-265-to-the
    builtin-SwiftPerFileCompile SingleThreadButtonModifier.swift

SwiftCompile normal arm64 /Users/vardy/dev/alanvardy-var-1014-lower-deployment-targets-from-ios-187watchos-265-to-the/SingleThread/SortOption+Presentation.swift (in target 'SingleThread' from project 'SingleThread')
    cd /Users/vardy/dev/alanvardy-var-1014-lower-deployment-targets-from-ios-187watchos-265-to-the
    builtin-SwiftPerFileCompile SortOption+Presentation.swift

SwiftCompile normal arm64 Compiling\ TextSize.swift,\ TextSizeModifier.swift,\ URLOpening.swift,\ GeneratedAssetSymbols.swift /Users/vardy/dev/alanvardy-var-1014-lower-deployment-targets-from-ios-187watchos-265-to-the/SingleThread/TextSize.swift /Users/vardy/dev/alanvardy-var-1014-lower-deployment-targets-from-ios-187watchos-265-to-the/SingleThread/TextSizeModifier.swift /Users/vardy/dev/alanvardy-var-1014-lower-deployment-targets-from-ios-187watchos-265-to-the/SingleThread/URLOpening.swift /Users/vardy/dev/alanvardy-var-1014-lower-deployment-targets-from-ios-187watchos-265-to-the/DerivedData/Build/Intermediates.noindex/SingleThread.build/Debug/SingleThread.build/DerivedSources/GeneratedAssetSymbols.swift (in target 'SingleThread' from project 'SingleThread')

SwiftCompile normal arm64 /Users/vardy/dev/alanvardy-var-1014-lower-deployment-targets-from-ios-187watchos-265-to-the/SingleThread/TextSize.swift (in target 'SingleThread' from project 'SingleThread')
    cd /Users/vardy/dev/alanvardy-var-1014-lower-deployment-targets-from-ios-187watchos-265-to-the
    builtin-SwiftPerFileCompile TextSize.swift

SwiftCompile normal arm64 /Users/vardy/dev/alanvardy-var-1014-lower-deployment-targets-from-ios-187watchos-265-to-the/SingleThread/TextSizeModifier.swift (in target 'SingleThread' from project 'SingleThread')
    cd /Users/vardy/dev/alanvardy-var-1014-lower-deployment-targets-from-ios-187watchos-265-to-the
    builtin-SwiftPerFileCompile TextSizeModifier.swift

SwiftCompile normal arm64 /Users/vardy/dev/alanvardy-var-1014-lower-deployment-targets-from-ios-187watchos-265-to-the/SingleThread/URLOpening.swift (in target 'SingleThread' from project 'SingleThread')
    cd /Users/vardy/dev/alanvardy-var-1014-lower-deployment-targets-from-ios-187watchos-265-to-the
    builtin-SwiftPerFileCompile URLOpening.swift

SwiftCompile normal arm64 /Users/vardy/dev/alanvardy-var-1014-lower-deployment-targets-from-ios-187watchos-265-to-the/DerivedData/Build/Intermediates.noindex/SingleThread.build/Debug/SingleThread.build/DerivedSources/GeneratedAssetSymbols.swift (in target 'SingleThread' from project 'SingleThread')
    cd /Users/vardy/dev/alanvardy-var-1014-lower-deployment-targets-from-ios-187watchos-265-to-the
    builtin-SwiftPerFileCompile GeneratedAssetSymbols.swift

SwiftCompile normal arm64 Compiling\ SettingsCaption.swift,\ SettingsSubscreenLayout.swift,\ SettingsView.swift,\ SettingsViewModel.swift /Users/vardy/dev/alanvardy-var-1014-lower-deployment-targets-from-ios-187watchos-265-to-the/SingleThread/SettingsCaption.swift /Users/vardy/dev/alanvardy-var-1014-lower-deployment-targets-from-ios-187watchos-265-to-the/SingleThread/SettingsSubscreenLayout.swift /Users/vardy/dev/alanvardy-var-1014-lower-deployment-targets-from-ios-187watchos-265-to-the/SingleThread/SettingsView.swift /Users/vardy/dev/alanvardy-var-1014-lower-deployment-targets-from-ios-187watchos-265-to-the/SingleThread/SettingsViewModel.swift (in target 'SingleThread' from project 'SingleThread')

SwiftCompile normal arm64 /Users/vardy/dev/alanvardy-var-1014-lower-deployment-targets-from-ios-187watchos-265-to-the/SingleThread/SettingsCaption.swift (in target 'SingleThread' from project 'SingleThread')
    cd /Users/vardy/dev/alanvardy-var-1014-lower-deployment-targets-from-ios-187watchos-265-to-the
    builtin-SwiftPerFileCompile SettingsCaption.swift

SwiftCompile normal arm64 /Users/vardy/dev/alanvardy-var-1014-lower-deployment-targets-from-ios-187watchos-265-to-the/SingleThread/SettingsSubscreenLayout.swift (in target 'SingleThread' from project 'SingleThread')
    cd /Users/vardy/dev/alanvardy-var-1014-lower-deployment-targets-from-ios-187watchos-265-to-the
    builtin-SwiftPerFileCompile SettingsSubscreenLayout.swift

SwiftCompile normal arm64 /Users/vardy/dev/alanvardy-var-1014-lower-deployment-targets-from-ios-187watchos-265-to-the/SingleThread/SettingsView.swift (in target 'SingleThread' from project 'SingleThread')
    cd /Users/vardy/dev/alanvardy-var-1014-lower-deployment-targets-from-ios-187watchos-265-to-the
    builtin-SwiftPerFileCompile SettingsView.swift

SwiftCompile normal arm64 /Users/vardy/dev/alanvardy-var-1014-lower-deployment-targets-from-ios-187watchos-265-to-the/SingleThread/SettingsViewModel.swift (in target 'SingleThread' from project 'SingleThread')
    cd /Users/vardy/dev/alanvardy-var-1014-lower-deployment-targets-from-ios-187watchos-265-to-the
    builtin-SwiftPerFileCompile SettingsViewModel.swift

SwiftCompile normal arm64 Compiling\ ContentView.swift,\ ContentView+ActionMenu.swift,\ ContentView+iOS.swift,\ ContentView+Previews.swift /Users/vardy/dev/alanvardy-var-1014-lower-deployment-targets-from-ios-187watchos-265-to-the/SingleThread/ContentView.swift /Users/vardy/dev/alanvardy-var-1014-lower-deployment-targets-from-ios-187watchos-265-to-the/SingleThread/ContentView+ActionMenu.swift /Users/vardy/dev/alanvardy-var-1014-lower-deployment-targets-from-ios-187watchos-265-to-the/SingleThread/ContentView+iOS.swift /Users/vardy/dev/alanvardy-var-1014-lower-deployment-targets-from-ios-187watchos-265-to-the/SingleThread/ContentView+Previews.swift (in target 'SingleThread' from project 'SingleThread')

SwiftCompile normal arm64 /Users/vardy/dev/alanvardy-var-1014-lower-deployment-targets-from-ios-187watchos-265-to-the/SingleThread/ContentView.swift (in target 'SingleThread' from project 'SingleThread')
    cd /Users/vardy/dev/alanvardy-var-1014-lower-deployment-targets-from-ios-187watchos-265-to-the
    builtin-SwiftPerFileCompile ContentView.swift

SwiftCompile normal arm64 /Users/vardy/dev/alanvardy-var-1014-lower-deployment-targets-from-ios-187watchos-265-to-the/SingleThread/ContentView+ActionMenu.swift (in target 'SingleThread' from project 'SingleThread')
    cd /Users/vardy/dev/alanvardy-var-1014-lower-deployment-targets-from-ios-187watchos-265-to-the
    builtin-SwiftPerFileCompile ContentView+ActionMenu.swift

SwiftCompile normal arm64 /Users/vardy/dev/alanvardy-var-1014-lower-deployment-targets-from-ios-187watchos-265-to-the/SingleThread/ContentView+iOS.swift (in target 'SingleThread' from project 'SingleThread')
    cd /Users/vardy/dev/alanvardy-var-1014-lower-deployment-targets-from-ios-187watchos-265-to-the
    builtin-SwiftPerFileCompile ContentView+iOS.swift

SwiftCompile normal arm64 /Users/vardy/dev/alanvardy-var-1014-lower-deployment-targets-from-ios-187watchos-265-to-the/SingleThread/ContentView+Previews.swift (in target 'SingleThread' from project 'SingleThread')
    cd /Users/vardy/dev/alanvardy-var-1014-lower-deployment-targets-from-ios-187watchos-265-to-the
    builtin-SwiftPerFileCompile ContentView+Previews.swift

SwiftCompile normal arm64 Compiling\ AuthorizationRequiring.swift,\ BackgroundFade.swift,\ BackgroundImageStore.swift,\ BackgroundSettingsView.swift /Users/vardy/dev/alanvardy-var-1014-lower-deployment-targets-from-ios-187watchos-265-to-the/SingleThread/AuthorizationRequiring.swift /Users/vardy/dev/alanvardy-var-1014-lower-deployment-targets-from-ios-187watchos-265-to-the/SingleThread/BackgroundFade.swift /Users/vardy/dev/alanvardy-var-1014-lower-deployment-targets-from-ios-187watchos-265-to-the/SingleThread/BackgroundImageStore.swift /Users/vardy/dev/alanvardy-var-1014-lower-deployment-targets-from-ios-187watchos-265-to-the/SingleThread/BackgroundSettingsView.swift (in target 'SingleThread' from project 'SingleThread')

SwiftCompile normal arm64 /Users/vardy/dev/alanvardy-var-1014-lower-deployment-targets-from-ios-187watchos-265-to-the/SingleThread/AuthorizationRequiring.swift (in target 'SingleThread' from project 'SingleThread')
    cd /Users/vardy/dev/alanvardy-var-1014-lower-deployment-targets-from-ios-187watchos-265-to-the
    builtin-SwiftPerFileCompile AuthorizationRequiring.swift

SwiftCompile normal arm64 /Users/vardy/dev/alanvardy-var-1014-lower-deployment-targets-from-ios-187watchos-265-to-the/SingleThread/BackgroundFade.swift (in target 'SingleThread' from project 'SingleThread')
    cd /Users/vardy/dev/alanvardy-var-1014-lower-deployment-targets-from-ios-187watchos-265-to-the
    builtin-SwiftPerFileCompile BackgroundFade.swift

SwiftCompile normal arm64 /Users/vardy/dev/alanvardy-var-1014-lower-deployment-targets-from-ios-187watchos-265-to-the/SingleThread/BackgroundImageStore.swift (in target 'SingleThread' from project 'SingleThread')
    cd /Users/vardy/dev/alanvardy-var-1014-lower-deployment-targets-from-ios-187watchos-265-to-the
    builtin-SwiftPerFileCompile BackgroundImageStore.swift

SwiftCompile normal arm64 /Users/vardy/dev/alanvardy-var-1014-lower-deployment-targets-from-ios-187watchos-265-to-the/SingleThread/BackgroundSettingsView.swift (in target 'SingleThread' from project 'SingleThread')
    cd /Users/vardy/dev/alanvardy-var-1014-lower-deployment-targets-from-ios-187watchos-265-to-the
    builtin-SwiftPerFileCompile BackgroundSettingsView.swift

SwiftCompile normal arm64 Compiling\ InterfaceSettingsView.swift,\ MenuBarExtraOptions.swift,\ MenuBarExtraPreference.swift,\ NotificationsSettingsView.swift /Users/vardy/dev/alanvardy-var-1014-lower-deployment-targets-from-ios-187watchos-265-to-the/SingleThread/InterfaceSettingsView.swift /Users/vardy/dev/alanvardy-var-1014-lower-deployment-targets-from-ios-187watchos-265-to-the/SingleThread/MenuBarExtraOptions.swift /Users/vardy/dev/alanvardy-var-1014-lower-deployment-targets-from-ios-187watchos-265-to-the/SingleThread/MenuBarExtraPreference.swift /Users/vardy/dev/alanvardy-var-1014-lower-deployment-targets-from-ios-187watchos-265-to-the/SingleThread/NotificationsSettingsView.swift (in target 'SingleThread' from project 'SingleThread')

SwiftCompile normal arm64 /Users/vardy/dev/alanvardy-var-1014-lower-deployment-targets-from-ios-187watchos-265-to-the/SingleThread/InterfaceSettingsView.swift (in target 'SingleThread' from project 'SingleThread')
    cd /Users/vardy/dev/alanvardy-var-1014-lower-deployment-targets-from-ios-187watchos-265-to-the
    builtin-SwiftPerFileCompile InterfaceSettingsView.swift

SwiftCompile normal arm64 /Users/vardy/dev/alanvardy-var-1014-lower-deployment-targets-from-ios-187watchos-265-to-the/SingleThread/MenuBarExtraOptions.swift (in target 'SingleThread' from project 'SingleThread')
    cd /Users/vardy/dev/alanvardy-var-1014-lower-deployment-targets-from-ios-187watchos-265-to-the
    builtin-SwiftPerFileCompile MenuBarExtraOptions.swift

SwiftCompile normal arm64 /Users/vardy/dev/alanvardy-var-1014-lower-deployment-targets-from-ios-187watchos-265-to-the/SingleThread/MenuBarExtraPreference.swift (in target 'SingleThread' from project 'SingleThread')
    cd /Users/vardy/dev/alanvardy-var-1014-lower-deployment-targets-from-ios-187watchos-265-to-the
    builtin-SwiftPerFileCompile MenuBarExtraPreference.swift

SwiftCompile normal arm64 /Users/vardy/dev/alanvardy-var-1014-lower-deployment-targets-from-ios-187watchos-265-to-the/SingleThread/NotificationsSettingsView.swift (in target 'SingleThread' from project 'SingleThread')
    cd /Users/vardy/dev/alanvardy-var-1014-lower-deployment-targets-from-ios-187watchos-265-to-the
    builtin-SwiftPerFileCompile NotificationsSettingsView.swift

SwiftCompile normal arm64 Compiling\ DictationViewModel.swift,\ EmptyStateCard.swift,\ ExcludedListsView.swift,\ FilterSortSettingsView.swift /Users/vardy/dev/alanvardy-var-1014-lower-deployment-targets-from-ios-187watchos-265-to-the/SingleThread/DictationViewModel.swift /Users/vardy/dev/alanvardy-var-1014-lower-deployment-targets-from-ios-187watchos-265-to-the/SingleThread/EmptyStateCard.swift /Users/vardy/dev/alanvardy-var-1014-lower-deployment-targets-from-ios-187watchos-265-to-the/SingleThread/ExcludedListsView.swift /Users/vardy/dev/alanvardy-var-1014-lower-deployment-targets-from-ios-187watchos-265-to-the/SingleThread/FilterSortSettingsView.swift (in target 'SingleThread' from project 'SingleThread')

SwiftCompile normal arm64 /Users/vardy/dev/alanvardy-var-1014-lower-deployment-targets-from-ios-187watchos-265-to-the/SingleThread/DictationViewModel.swift (in target 'SingleThread' from project 'SingleThread')
    cd /Users/vardy/dev/alanvardy-var-1014-lower-deployment-targets-from-ios-187watchos-265-to-the
    builtin-SwiftPerFileCompile DictationViewModel.swift

SwiftCompile normal arm64 /Users/vardy/dev/alanvardy-var-1014-lower-deployment-targets-from-ios-187watchos-265-to-the/SingleThread/EmptyStateCard.swift (in target 'SingleThread' from project 'SingleThread')
    cd /Users/vardy/dev/alanvardy-var-1014-lower-deployment-targets-from-ios-187watchos-265-to-the
    builtin-SwiftPerFileCompile EmptyStateCard.swift

SwiftCompile normal arm64 /Users/vardy/dev/alanvardy-var-1014-lower-deployment-targets-from-ios-187watchos-265-to-the/SingleThread/ExcludedListsView.swift (in target 'SingleThread' from project 'SingleThread')
    cd /Users/vardy/dev/alanvardy-var-1014-lower-deployment-targets-from-ios-187watchos-265-to-the
    builtin-SwiftPerFileCompile ExcludedListsView.swift

SwiftCompile normal arm64 /Users/vardy/dev/alanvardy-var-1014-lower-deployment-targets-from-ios-187watchos-265-to-the/SingleThread/FilterSortSettingsView.swift (in target 'SingleThread' from project 'SingleThread')
    cd /Users/vardy/dev/alanvardy-var-1014-lower-deployment-targets-from-ios-187watchos-265-to-the
    builtin-SwiftPerFileCompile FilterSortSettingsView.swift

SwiftCompile normal arm64 Compiling\ CardPlate.swift,\ CardPlateModifier.swift,\ CardWidth.swift,\ Color+CrossPlatform.swift /Users/vardy/dev/alanvardy-var-1014-lower-deployment-targets-from-ios-187watchos-265-to-the/SingleThread/CardPlate.swift /Users/vardy/dev/alanvardy-var-1014-lower-deployment-targets-from-ios-187watchos-265-to-the/SingleThread/CardPlateModifier.swift /Users/vardy/dev/alanvardy-var-1014-lower-deployment-targets-from-ios-187watchos-265-to-the/SingleThread/CardWidth.swift /Users/vardy/dev/alanvardy-var-1014-lower-deployment-targets-from-ios-187watchos-265-to-the/SingleThread/Color+CrossPlatform.swift (in target 'SingleThread' from project 'SingleThread')

SwiftCompile normal arm64 /Users/vardy/dev/alanvardy-var-1014-lower-deployment-targets-from-ios-187watchos-265-to-the/SingleThread/CardPlate.swift (in target 'SingleThread' from project 'SingleThread')
    cd /Users/vardy/dev/alanvardy-var-1014-lower-deployment-targets-from-ios-187watchos-265-to-the
    builtin-SwiftPerFileCompile CardPlate.swift

SwiftCompile normal arm64 /Users/vardy/dev/alanvardy-var-1014-lower-deployment-targets-from-ios-187watchos-265-to-the/SingleThread/CardPlateModifier.swift (in target 'SingleThread' from project 'SingleThread')
    cd /Users/vardy/dev/alanvardy-var-1014-lower-deployment-targets-from-ios-187watchos-265-to-the
    builtin-SwiftPerFileCompile CardPlateModifier.swift

SwiftCompile normal arm64 /Users/vardy/dev/alanvardy-var-1014-lower-deployment-targets-from-ios-187watchos-265-to-the/SingleThread/CardWidth.swift (in target 'SingleThread' from project 'SingleThread')
    cd /Users/vardy/dev/alanvardy-var-1014-lower-deployment-targets-from-ios-187watchos-265-to-the
    builtin-SwiftPerFileCompile CardWidth.swift

SwiftCompile normal arm64 /Users/vardy/dev/alanvardy-var-1014-lower-deployment-targets-from-ios-187watchos-265-to-the/SingleThread/Color+CrossPlatform.swift (in target 'SingleThread' from project 'SingleThread')
    cd /Users/vardy/dev/alanvardy-var-1014-lower-deployment-targets-from-ios-187watchos-265-to-the
    builtin-SwiftPerFileCompile Color+CrossPlatform.swift

SwiftCompile normal arm64 Compiling\ ContentView+Settings.swift,\ ContentViewModel.swift,\ ControlPlateModifier.swift,\ CreationFeedback.swift /Users/vardy/dev/alanvardy-var-1014-lower-deployment-targets-from-ios-187watchos-265-to-the/SingleThread/ContentView+Settings.swift /Users/vardy/dev/alanvardy-var-1014-lower-deployment-targets-from-ios-187watchos-265-to-the/SingleThread/ContentViewModel.swift /Users/vardy/dev/alanvardy-var-1014-lower-deployment-targets-from-ios-187watchos-265-to-the/SingleThread/ControlPlateModifier.swift /Users/vardy/dev/alanvardy-var-1014-lower-deployment-targets-from-ios-187watchos-265-to-the/SingleThread/CreationFeedback.swift (in target 'SingleThread' from project 'SingleThread')

SwiftCompile normal arm64 /Users/vardy/dev/alanvardy-var-1014-lower-deployment-targets-from-ios-187watchos-265-to-the/SingleThread/ContentView+Settings.swift (in target 'SingleThread' from project 'SingleThread')
    cd /Users/vardy/dev/alanvardy-var-1014-lower-deployment-targets-from-ios-187watchos-265-to-the
    builtin-SwiftPerFileCompile ContentView+Settings.swift

SwiftCompile normal arm64 /Users/vardy/dev/alanvardy-var-1014-lower-deployment-targets-from-ios-187watchos-265-to-the/SingleThread/ContentViewModel.swift (in target 'SingleThread' from project 'SingleThread')
    cd /Users/vardy/dev/alanvardy-var-1014-lower-deployment-targets-from-ios-187watchos-265-to-the
    builtin-SwiftPerFileCompile ContentViewModel.swift

SwiftCompile normal arm64 /Users/vardy/dev/alanvardy-var-1014-lower-deployment-targets-from-ios-187watchos-265-to-the/SingleThread/ControlPlateModifier.swift (in target 'SingleThread' from project 'SingleThread')
    cd /Users/vardy/dev/alanvardy-var-1014-lower-deployment-targets-from-ios-187watchos-265-to-the
    builtin-SwiftPerFileCompile ControlPlateModifier.swift

SwiftCompile normal arm64 /Users/vardy/dev/alanvardy-var-1014-lower-deployment-targets-from-ios-187watchos-265-to-the/SingleThread/CreationFeedback.swift (in target 'SingleThread' from project 'SingleThread')
    cd /Users/vardy/dev/alanvardy-var-1014-lower-deployment-targets-from-ios-187watchos-265-to-the
    builtin-SwiftPerFileCompile CreationFeedback.swift

SwiftCompile normal arm64 Compiling\ AboutView.swift,\ AppDelegate.swift,\ AppearanceMode.swift,\ AppViewModel.swift /Users/vardy/dev/alanvardy-var-1014-lower-deployment-targets-from-ios-187watchos-265-to-the/SingleThread/AboutView.swift /Users/vardy/dev/alanvardy-var-1014-lower-deployment-targets-from-ios-187watchos-265-to-the/SingleThread/AppDelegate.swift /Users/vardy/dev/alanvardy-var-1014-lower-deployment-targets-from-ios-187watchos-265-to-the/SingleThread/AppearanceMode.swift /Users/vardy/dev/alanvardy-var-1014-lower-deployment-targets-from-ios-187watchos-265-to-the/SingleThread/AppViewModel.swift (in target 'SingleThread' from project 'SingleThread')

SwiftCompile normal arm64 /Users/vardy/dev/alanvardy-var-1014-lower-deployment-targets-from-ios-187watchos-265-to-the/SingleThread/AboutView.swift (in target 'SingleThread' from project 'SingleThread')
    cd /Users/vardy/dev/alanvardy-var-1014-lower-deployment-targets-from-ios-187watchos-265-to-the
    builtin-SwiftPerFileCompile AboutView.swift

SwiftCompile normal arm64 /Users/vardy/dev/alanvardy-var-1014-lower-deployment-targets-from-ios-187watchos-265-to-the/SingleThread/AppDelegate.swift (in target 'SingleThread' from project 'SingleThread')
    cd /Users/vardy/dev/alanvardy-var-1014-lower-deployment-targets-from-ios-187watchos-265-to-the
    builtin-SwiftPerFileCompile AppDelegate.swift

SwiftCompile normal arm64 /Users/vardy/dev/alanvardy-var-1014-lower-deployment-targets-from-ios-187watchos-265-to-the/SingleThread/AppearanceMode.swift (in target 'SingleThread' from project 'SingleThread')
    cd /Users/vardy/dev/alanvardy-var-1014-lower-deployment-targets-from-ios-187watchos-265-to-the
    builtin-SwiftPerFileCompile AppearanceMode.swift

SwiftCompile normal arm64 /Users/vardy/dev/alanvardy-var-1014-lower-deployment-targets-from-ios-187watchos-265-to-the/SingleThread/AppViewModel.swift (in target 'SingleThread' from project 'SingleThread')
    cd /Users/vardy/dev/alanvardy-var-1014-lower-deployment-targets-from-ios-187watchos-265-to-the
    builtin-SwiftPerFileCompile AppViewModel.swift

SwiftCompile normal arm64 Compiling\ PrivacySettingsContent.swift,\ PrivacySettingsView.swift,\ PurchaseSettingsView.swift,\ ReminderCardView.swift /Users/vardy/dev/alanvardy-var-1014-lower-deployment-targets-from-ios-187watchos-265-to-the/SingleThread/PrivacySettingsContent.swift /Users/vardy/dev/alanvardy-var-1014-lower-deployment-targets-from-ios-187watchos-265-to-the/SingleThread/PrivacySettingsView.swift /Users/vardy/dev/alanvardy-var-1014-lower-deployment-targets-from-ios-187watchos-265-to-the/SingleThread/PurchaseSettingsView.swift /Users/vardy/dev/alanvardy-var-1014-lower-deployment-targets-from-ios-187watchos-265-to-the/SingleThread/ReminderCardView.swift (in target 'SingleThread' from project 'SingleThread')

SwiftCompile normal arm64 /Users/vardy/dev/alanvardy-var-1014-lower-deployment-targets-from-ios-187watchos-265-to-the/SingleThread/PrivacySettingsContent.swift (in target 'SingleThread' from project 'SingleThread')
    cd /Users/vardy/dev/alanvardy-var-1014-lower-deployment-targets-from-ios-187watchos-265-to-the
    builtin-SwiftPerFileCompile PrivacySettingsContent.swift

SwiftCompile normal arm64 /Users/vardy/dev/alanvardy-var-1014-lower-deployment-targets-from-ios-187watchos-265-to-the/SingleThread/PrivacySettingsView.swift (in target 'SingleThread' from project 'SingleThread')
    cd /Users/vardy/dev/alanvardy-var-1014-lower-deployment-targets-from-ios-187watchos-265-to-the
    builtin-SwiftPerFileCompile PrivacySettingsView.swift

SwiftCompile normal arm64 /Users/vardy/dev/alanvardy-var-1014-lower-deployment-targets-from-ios-187watchos-265-to-the/SingleThread/PurchaseSettingsView.swift (in target 'SingleThread' from project 'SingleThread')
    cd /Users/vardy/dev/alanvardy-var-1014-lower-deployment-targets-from-ios-187watchos-265-to-the
    builtin-SwiftPerFileCompile PurchaseSettingsView.swift

SwiftCompile normal arm64 /Users/vardy/dev/alanvardy-var-1014-lower-deployment-targets-from-ios-187watchos-265-to-the/SingleThread/ReminderCardView.swift (in target 'SingleThread' from project 'SingleThread')
    cd /Users/vardy/dev/alanvardy-var-1014-lower-deployment-targets-from-ios-187watchos-265-to-the
    builtin-SwiftPerFileCompile ReminderCardView.swift

SwiftDriverJobDiscovery normal arm64 Compiling TextSize.swift, TextSizeModifier.swift, URLOpening.swift, GeneratedAssetSymbols.swift (in target 'SingleThread' from project 'SingleThread')

SwiftDriverJobDiscovery normal arm64 Compiling SingleThreadApp.swift, SingleThreadApp+Commands.swift, SingleThreadButtonModifier.swift, SortOption+Presentation.swift (in target 'SingleThread' from project 'SingleThread')

SwiftDriverJobDiscovery normal arm64 Compiling CardPlate.swift, CardPlateModifier.swift, CardWidth.swift, Color+CrossPlatform.swift (in target 'SingleThread' from project 'SingleThread')

SwiftDriverJobDiscovery normal arm64 Compiling InterfaceSettingsView.swift, MenuBarExtraOptions.swift, MenuBarExtraPreference.swift, NotificationsSettingsView.swift (in target 'SingleThread' from project 'SingleThread')

SwiftDriverJobDiscovery normal arm64 Emitting module for SingleThread (in target 'SingleThread' from project 'SingleThread')

SwiftDriver\ Compilation\ Requirements SingleThread normal arm64 com.apple.xcode.tools.swift.compiler (in target 'SingleThread' from project 'SingleThread')
    cd /Users/vardy/dev/alanvardy-var-1014-lower-deployment-targets-from-ios-187watchos-265-to-the
    builtin-Swift-Compilation-Requirements -- /Applications/Xcode.app/Contents/Developer/Toolchains/XcodeDefault.xctoolchain/usr/bin/swiftc -module-name SingleThread -Onone @/Users/vardy/dev/alanvardy-var-1014-lower-deployment-targets-from-ios-187watchos-265-to-the/DerivedData/Build/Intermediates.noindex/SingleThread.build/Debug/SingleThread.build/Objects-normal/arm64/SingleThread.SwiftFileList -DDEBUG -default-isolation\=MainActor -enable-upcoming-feature MemberImportVisibility -enable-upcoming-feature InferIsolatedConformances -enable-upcoming-feature NonisolatedNonsendingByDefault -enable-experimental-feature DebugDescriptionMacro -sdk /Applications/Xcode.app/Contents/Developer/Platforms/MacOSX.platform/Developer/SDKs/MacOSX27.0.sdk -target arm64-apple-macos26.5 -g -module-cache-path /Users/vardy/dev/alanvardy-var-1014-lower-deployment-targets-from-ios-187watchos-265-to-the/DerivedData/ModuleCache.noindex -Xfrontend -serialize-debugging-options -profile-coverage-mapping -profile-generate -enable-testing -warnings-as-errors -index-store-path /Users/vardy/dev/alanvardy-var-1014-lower-deployment-targets-from-ios-187watchos-265-to-the/DerivedData/Index.noindex/DataStore -Xcc -D_LIBCPP_HARDENING_MODE\=_LIBCPP_HARDENING_MODE_DEBUG -swift-version 6 -I /Users/vardy/dev/alanvardy-var-1014-lower-deployment-targets-from-ios-187watchos-265-to-the/DerivedData/Build/Products/Debug -F /Users/vardy/dev/alanvardy-var-1014-lower-deployment-targets-from-ios-187watchos-265-to-the/DerivedData/Build/Products/Debug/PackageFrameworks -F /Users/vardy/dev/alanvardy-var-1014-lower-deployment-targets-from-ios-187watchos-265-to-the/DerivedData/Build/Products/Debug -emit-localized-strings -emit-localized-strings-path /Users/vardy/dev/alanvardy-var-1014-lower-deployment-targets-from-ios-187watchos-265-to-the/DerivedData/Build/Intermediates.noindex/SingleThread.build/Debug/SingleThread.build/Objects-normal/arm64 -c -j12 -enable-batch-mode -incremental -Xcc -ivfsstatcache -Xcc /Users/vardy/dev/alanvardy-var-1014-lower-deployment-targets-from-ios-187watchos-265-to-the/DerivedData/SDKStatCaches.noindex/macosx27.0-26A425-7231f6df4def33e022ae2eb8f782df1a.sdkstatcache -output-file-map /Users/vardy/dev/alanvardy-var-1014-lower-deployment-targets-from-ios-187watchos-265-to-the/DerivedData/Build/Intermediates.noindex/SingleThread.build/Debug/SingleThread.build/Objects-normal/arm64/SingleThread-OutputFileMap.json -save-temps -no-color-diagnostics -explicit-module-build -module-cache-path /Users/vardy/dev/alanvardy-var-1014-lower-deployment-targets-from-ios-187watchos-265-to-the/DerivedData/Build/Intermediates.noindex/SwiftExplicitPrecompiledModules -clang-scanner-module-cache-path /Users/vardy/dev/alanvardy-var-1014-lower-deployment-targets-from-ios-187watchos-265-to-the/DerivedData/ModuleCache.noindex -sdk-module-cache-path /Users/vardy/dev/alanvardy-var-1014-lower-deployment-targets-from-ios-187watchos-265-to-the/DerivedData/SDKExplicitPrecompiledModules -emit-dependencies -emit-module -emit-module-path /Users/vardy/dev/alanvardy-var-1014-lower-deployment-targets-from-ios-187watchos-265-to-the/DerivedData/Build/Intermediates.noindex/SingleThread.build/Debug/SingleThread.build/Objects-normal/arm64/SingleThread.swiftmodule -serialize-diagnostics -dependency-scan-serialize-diagnostics-path /Users/vardy/dev/alanvardy-var-1014-lower-deployment-targets-from-ios-187watchos-265-to-the/DerivedData/Build/Intermediates.noindex/SingleThread.build/Debug/SingleThread.build/Objects-normal/arm64/SingleThread-dependency-scan.dia -validate-clang-modules-once -clang-build-session-file /Users/vardy/dev/alanvardy-var-1014-lower-deployment-targets-from-ios-187watchos-265-to-the/DerivedData/ModuleCache.noindex/Session.modulevalidation -Xcc -fmodules-prune-interval\=86400 -Xcc -fmodules-prune-after\=345600 -emit-const-values -const-gather-protocols-list /Users/vardy/dev/alanvardy-var-1014-lower-deployment-targets-from-ios-187watchos-265-to-the/DerivedData/Build/Intermediates.noindex/SingleThread.build/Debug/SingleThread.build/Objects-normal/arm64/SingleThread_const_extract_protocols.json -Xcc -iquote -Xcc /Users/vardy/dev/alanvardy-var-1014-lower-deployment-targets-from-ios-187watchos-265-to-the/DerivedData/Build/Intermediates.noindex/SingleThread.build/Debug/SingleThread.build/SingleThread-generated-files.hmap -Xcc -I/Users/vardy/dev/alanvardy-var-1014-lower-deployment-targets-from-ios-187watchos-265-to-the/DerivedData/Build/Intermediates.noindex/SingleThread.build/Debug/SingleThread.build/SingleThread-own-target-headers.hmap -Xcc -I/Users/vardy/dev/alanvardy-var-1014-lower-deployment-targets-from-ios-187watchos-265-to-the/DerivedData/Build/Intermediates.noindex/SingleThread.build/Debug/SingleThread.build/SingleThread-all-non-framework-target-headers.hmap -Xcc -ivfsoverlay -Xcc /Users/vardy/dev/alanvardy-var-1014-lower-deployment-targets-from-ios-187watchos-265-to-the/DerivedData/Build/Intermediates.noindex/SingleThread.build/Debug/SingleThread-33ec346c36bc7f11d2672a35e2382a55-VFS/all-product-headers.yaml -Xcc -iquote -Xcc /Users/vardy/dev/alanvardy-var-1014-lower-deployment-targets-from-ios-187watchos-265-to-the/DerivedData/Build/Intermediates.noindex/SingleThread.build/Debug/SingleThread.build/SingleThread-project-headers.hmap -Xcc -I/Users/vardy/dev/alanvardy-var-1014-lower-deployment-targets-from-ios-187watchos-265-to-the/DerivedData/Build/Products/Debug/include -Xcc -I/Users/vardy/dev/alanvardy-var-1014-lower-deployment-targets-from-ios-187watchos-265-to-the/DerivedData/Build/Intermediates.noindex/SingleThread.build/Debug/SingleThread.build/DerivedSources-normal/arm64 -Xcc -I/Users/vardy/dev/alanvardy-var-1014-lower-deployment-targets-from-ios-187watchos-265-to-the/DerivedData/Build/Intermediates.noindex/SingleThread.build/Debug/SingleThread.build/DerivedSources/arm64 -Xcc -I/Users/vardy/dev/alanvardy-var-1014-lower-deployment-targets-from-ios-187watchos-265-to-the/DerivedData/Build/Intermediates.noindex/SingleThread.build/Debug/SingleThread.build/DerivedSources -Xcc -DDEBUG\=1 -emit-objc-header -emit-objc-header-path /Users/vardy/dev/alanvardy-var-1014-lower-deployment-targets-from-ios-187watchos-265-to-the/DerivedData/Build/Intermediates.noindex/SingleThread.build/Debug/SingleThread.build/Objects-normal/arm64/SingleThread-Swift.h -working-directory /Users/vardy/dev/alanvardy-var-1014-lower-deployment-targets-from-ios-187watchos-265-to-the -experimental-emit-module-separately -disable-cmo

SwiftMergeGeneratedHeaders /Users/vardy/dev/alanvardy-var-1014-lower-deployment-targets-from-ios-187watchos-265-to-the/DerivedData/Build/Intermediates.noindex/SingleThread.build/Debug/SingleThread.build/DerivedSources/SingleThread-Swift.h /Users/vardy/dev/alanvardy-var-1014-lower-deployment-targets-from-ios-187watchos-265-to-the/DerivedData/Build/Intermediates.noindex/SingleThread.build/Debug/SingleThread.build/Objects-normal/arm64/SingleThread-Swift.h (in target 'SingleThread' from project 'SingleThread')
    cd /Users/vardy/dev/alanvardy-var-1014-lower-deployment-targets-from-ios-187watchos-265-to-the
    builtin-swiftHeaderTool -arch arm64 /Users/vardy/dev/alanvardy-var-1014-lower-deployment-targets-from-ios-187watchos-265-to-the/DerivedData/Build/Intermediates.noindex/SingleThread.build/Debug/SingleThread.build/Objects-normal/arm64/SingleThread-Swift.h -o /Users/vardy/dev/alanvardy-var-1014-lower-deployment-targets-from-ios-187watchos-265-to-the/DerivedData/Build/Intermediates.noindex/SingleThread.build/Debug/SingleThread.build/DerivedSources/SingleThread-Swift.h

Copy /Users/vardy/dev/alanvardy-var-1014-lower-deployment-targets-from-ios-187watchos-265-to-the/DerivedData/Build/Products/Debug/SingleThread.swiftmodule/arm64-apple-macos.swiftmodule /Users/vardy/dev/alanvardy-var-1014-lower-deployment-targets-from-ios-187watchos-265-to-the/DerivedData/Build/Intermediates.noindex/SingleThread.build/Debug/SingleThread.build/Objects-normal/arm64/SingleThread.swiftmodule (in target 'SingleThread' from project 'SingleThread')
    cd /Users/vardy/dev/alanvardy-var-1014-lower-deployment-targets-from-ios-187watchos-265-to-the
    builtin-copy -exclude .DS_Store -exclude CVS -exclude .svn -exclude .git -exclude .hg -resolve-src-symlinks -rename /Users/vardy/dev/alanvardy-var-1014-lower-deployment-targets-from-ios-187watchos-265-to-the/DerivedData/Build/Intermediates.noindex/SingleThread.build/Debug/SingleThread.build/Objects-normal/arm64/SingleThread.swiftmodule /Users/vardy/dev/alanvardy-var-1014-lower-deployment-targets-from-ios-187watchos-265-to-the/DerivedData/Build/Products/Debug/SingleThread.swiftmodule/arm64-apple-macos.swiftmodule

Copy /Users/vardy/dev/alanvardy-var-1014-lower-deployment-targets-from-ios-187watchos-265-to-the/DerivedData/Build/Products/Debug/SingleThread.swiftmodule/arm64-apple-macos.swiftdoc /Users/vardy/dev/alanvardy-var-1014-lower-deployment-targets-from-ios-187watchos-265-to-the/DerivedData/Build/Intermediates.noindex/SingleThread.build/Debug/SingleThread.build/Objects-normal/arm64/SingleThread.swiftdoc (in target 'SingleThread' from project 'SingleThread')
    cd /Users/vardy/dev/alanvardy-var-1014-lower-deployment-targets-from-ios-187watchos-265-to-the
    builtin-copy -exclude .DS_Store -exclude CVS -exclude .svn -exclude .git -exclude .hg -resolve-src-symlinks -rename /Users/vardy/dev/alanvardy-var-1014-lower-deployment-targets-from-ios-187watchos-265-to-the/DerivedData/Build/Intermediates.noindex/SingleThread.build/Debug/SingleThread.build/Objects-normal/arm64/SingleThread.swiftdoc /Users/vardy/dev/alanvardy-var-1014-lower-deployment-targets-from-ios-187watchos-265-to-the/DerivedData/Build/Products/Debug/SingleThread.swiftmodule/arm64-apple-macos.swiftdoc

Copy /Users/vardy/dev/alanvardy-var-1014-lower-deployment-targets-from-ios-187watchos-265-to-the/DerivedData/Build/Products/Debug/SingleThread.swiftmodule/arm64-apple-macos.abi.json /Users/vardy/dev/alanvardy-var-1014-lower-deployment-targets-from-ios-187watchos-265-to-the/DerivedData/Build/Intermediates.noindex/SingleThread.build/Debug/SingleThread.build/Objects-normal/arm64/SingleThread.abi.json (in target 'SingleThread' from project 'SingleThread')
    cd /Users/vardy/dev/alanvardy-var-1014-lower-deployment-targets-from-ios-187watchos-265-to-the
    builtin-copy -exclude .DS_Store -exclude CVS -exclude .svn -exclude .git -exclude .hg -resolve-src-symlinks -rename /Users/vardy/dev/alanvardy-var-1014-lower-deployment-targets-from-ios-187watchos-265-to-the/DerivedData/Build/Intermediates.noindex/SingleThread.build/Debug/SingleThread.build/Objects-normal/arm64/SingleThread.abi.json /Users/vardy/dev/alanvardy-var-1014-lower-deployment-targets-from-ios-187watchos-265-to-the/DerivedData/Build/Products/Debug/SingleThread.swiftmodule/arm64-apple-macos.abi.json

Copy /Users/vardy/dev/alanvardy-var-1014-lower-deployment-targets-from-ios-187watchos-265-to-the/DerivedData/Build/Products/Debug/SingleThread.swiftmodule/Project/arm64-apple-macos.swiftsourceinfo /Users/vardy/dev/alanvardy-var-1014-lower-deployment-targets-from-ios-187watchos-265-to-the/DerivedData/Build/Intermediates.noindex/SingleThread.build/Debug/SingleThread.build/Objects-normal/arm64/SingleThread.swiftsourceinfo (in target 'SingleThread' from project 'SingleThread')
    cd /Users/vardy/dev/alanvardy-var-1014-lower-deployment-targets-from-ios-187watchos-265-to-the
    builtin-copy -exclude .DS_Store -exclude CVS -exclude .svn -exclude .git -exclude .hg -resolve-src-symlinks -rename /Users/vardy/dev/alanvardy-var-1014-lower-deployment-targets-from-ios-187watchos-265-to-the/DerivedData/Build/Intermediates.noindex/SingleThread.build/Debug/SingleThread.build/Objects-normal/arm64/SingleThread.swiftsourceinfo /Users/vardy/dev/alanvardy-var-1014-lower-deployment-targets-from-ios-187watchos-265-to-the/DerivedData/Build/Products/Debug/SingleThread.swiftmodule/Project/arm64-apple-macos.swiftsourceinfo

SwiftDriver SingleThreadUITests normal arm64 com.apple.xcode.tools.swift.compiler (in target 'SingleThreadUITests' from project 'SingleThread')
    cd /Users/vardy/dev/alanvardy-var-1014-lower-deployment-targets-from-ios-187watchos-265-to-the
    builtin-SwiftDriver -- /Applications/Xcode.app/Contents/Developer/Toolchains/XcodeDefault.xctoolchain/usr/bin/swiftc -module-name SingleThreadUITests -Onone @/Users/vardy/dev/alanvardy-var-1014-lower-deployment-targets-from-ios-187watchos-265-to-the/DerivedData/Build/Intermediates.noindex/SingleThread.build/Debug/SingleThreadUITests.build/Objects-normal/arm64/SingleThreadUITests.SwiftFileList -DDEBUG -module-alias Testing\=_Testing_Unavailable -plugin-path /Applications/Xcode.app/Contents/Developer/Toolchains/XcodeDefault.xctoolchain/usr/lib/swift/host/plugins/testing -enable-upcoming-feature MemberImportVisibility -enable-upcoming-feature InferIsolatedConformances -enable-upcoming-feature NonisolatedNonsendingByDefault -enable-experimental-feature DebugDescriptionMacro -sdk /Applications/Xcode.app/Contents/Developer/Platforms/MacOSX.platform/Developer/SDKs/MacOSX27.0.sdk -target arm64-apple-macos26.5 -g -module-cache-path /Users/vardy/dev/alanvardy-var-1014-lower-deployment-targets-from-ios-187watchos-265-to-the/DerivedData/ModuleCache.noindex -Xfrontend -serialize-debugging-options -profile-coverage-mapping -profile-generate -enable-testing -warnings-as-errors -index-store-path /Users/vardy/dev/alanvardy-var-1014-lower-deployment-targets-from-ios-187watchos-265-to-the/DerivedData/Index.noindex/DataStore -Xcc -D_LIBCPP_HARDENING_MODE\=_LIBCPP_HARDENING_MODE_DEBUG -swift-version 6 -I /Users/vardy/dev/alanvardy-var-1014-lower-deployment-targets-from-ios-187watchos-265-to-the/DerivedData/Build/Products/Debug -Isystem /Applications/Xcode.app/Contents/Developer/Platforms/MacOSX.platform/Developer/usr/lib -F /Users/vardy/dev/alanvardy-var-1014-lower-deployment-targets-from-ios-187watchos-265-to-the/DerivedData/Build/Products/Debug/PackageFrameworks -F /Users/vardy/dev/alanvardy-var-1014-lower-deployment-targets-from-ios-187watchos-265-to-the/DerivedData/Build/Products/Debug -F /Applications/Xcode.app/Contents/Developer/Platforms/MacOSX.platform/Developer/Library/Frameworks -parse-as-library -c -j12 -enable-batch-mode -incremental -Xcc -ivfsstatcache -Xcc /Users/vardy/dev/alanvardy-var-1014-lower-deployment-targets-from-ios-187watchos-265-to-the/DerivedData/SDKStatCaches.noindex/macosx27.0-26A425-7231f6df4def33e022ae2eb8f782df1a.sdkstatcache -output-file-map /Users/vardy/dev/alanvardy-var-1014-lower-deployment-targets-from-ios-187watchos-265-to-the/DerivedData/Build/Intermediates.noindex/SingleThread.build/Debug/SingleThreadUITests.build/Objects-normal/arm64/SingleThreadUITests-OutputFileMap.json -save-temps -no-color-diagnostics -explicit-module-build -module-cache-path /Users/vardy/dev/alanvardy-var-1014-lower-deployment-targets-from-ios-187watchos-265-to-the/DerivedData/Build/Intermediates.noindex/SwiftExplicitPrecompiledModules -clang-scanner-module-cache-path /Users/vardy/dev/alanvardy-var-1014-lower-deployment-targets-from-ios-187watchos-265-to-the/DerivedData/ModuleCache.noindex -sdk-module-cache-path /Users/vardy/dev/alanvardy-var-1014-lower-deployment-targets-from-ios-187watchos-265-to-the/DerivedData/SDKExplicitPrecompiledModules -emit-dependencies -emit-module -emit-module-path /Users/vardy/dev/alanvardy-var-1014-lower-deployment-targets-from-ios-187watchos-265-to-the/DerivedData/Build/Intermediates.noindex/SingleThread.build/Debug/SingleThreadUITests.build/Objects-normal/arm64/SingleThreadUITests.swiftmodule -serialize-diagnostics -dependency-scan-serialize-diagnostics-path /Users/vardy/dev/alanvardy-var-1014-lower-deployment-targets-from-ios-187watchos-265-to-the/DerivedData/Build/Intermediates.noindex/SingleThread.build/Debug/SingleThreadUITests.build/Objects-normal/arm64/SingleThreadUITests-dependency-scan.dia -validate-clang-modules-once -clang-build-session-file /Users/vardy/dev/alanvardy-var-1014-lower-deployment-targets-from-ios-187watchos-265-to-the/DerivedData/ModuleCache.noindex/Session.modulevalidation -Xcc -fmodules-prune-interval\=86400 -Xcc -fmodules-prune-after\=345600 -emit-const-values -const-gather-protocols-list /Users/vardy/dev/alanvardy-var-1014-lower-deployment-targets-from-ios-187watchos-265-to-the/DerivedData/Build/Intermediates.noindex/SingleThread.build/Debug/SingleThreadUITests.build/Objects-normal/arm64/SingleThreadUITests_const_extract_protocols.json -Xcc -iquote -Xcc /Users/vardy/dev/alanvardy-var-1014-lower-deployment-targets-from-ios-187watchos-265-to-the/DerivedData/Build/Intermediates.noindex/SingleThread.build/Debug/SingleThreadUITests.build/SingleThreadUITests-generated-files.hmap -Xcc -I/Users/vardy/dev/alanvardy-var-1014-lower-deployment-targets-from-ios-187watchos-265-to-the/DerivedData/Build/Intermediates.noindex/SingleThread.build/Debug/SingleThreadUITests.build/SingleThreadUITests-own-target-headers.hmap -Xcc -I/Users/vardy/dev/alanvardy-var-1014-lower-deployment-targets-from-ios-187watchos-265-to-the/DerivedData/Build/Intermediates.noindex/SingleThread.build/Debug/SingleThreadUITests.build/SingleThreadUITests-all-non-framework-target-headers.hmap -Xcc -ivfsoverlay -Xcc /Users/vardy/dev/alanvardy-var-1014-lower-deployment-targets-from-ios-187watchos-265-to-the/DerivedData/Build/Intermediates.noindex/SingleThread.build/Debug/SingleThread-33ec346c36bc7f11d2672a35e2382a55-VFS/all-product-headers.yaml -Xcc -iquote -Xcc /Users/vardy/dev/alanvardy-var-1014-lower-deployment-targets-from-ios-187watchos-265-to-the/DerivedData/Build/Intermediates.noindex/SingleThread.build/Debug/SingleThreadUITests.build/SingleThreadUITests-project-headers.hmap -Xcc -I/Users/vardy/dev/alanvardy-var-1014-lower-deployment-targets-from-ios-187watchos-265-to-the/DerivedData/Build/Products/Debug/include -Xcc -I/Users/vardy/dev/alanvardy-var-1014-lower-deployment-targets-from-ios-187watchos-265-to-the/DerivedData/Build/Intermediates.noindex/SingleThread.build/Debug/SingleThreadUITests.build/DerivedSources-normal/arm64 -Xcc -I/Users/vardy/dev/alanvardy-var-1014-lower-deployment-targets-from-ios-187watchos-265-to-the/DerivedData/Build/Intermediates.noindex/SingleThread.build/Debug/SingleThreadUITests.build/DerivedSources/arm64 -Xcc -I/Users/vardy/dev/alanvardy-var-1014-lower-deployment-targets-from-ios-187watchos-265-to-the/DerivedData/Build/Intermediates.noindex/SingleThread.build/Debug/SingleThreadUITests.build/DerivedSources -Xcc -DDEBUG\=1 -emit-objc-header -emit-objc-header-path /Users/vardy/dev/alanvardy-var-1014-lower-deployment-targets-from-ios-187watchos-265-to-the/DerivedData/Build/Intermediates.noindex/SingleThread.build/Debug/SingleThreadUITests.build/Objects-normal/arm64/SingleThreadUITests-Swift.h -working-directory /Users/vardy/dev/alanvardy-var-1014-lower-deployment-targets-from-ios-187watchos-265-to-the -experimental-emit-module-separately -disable-cmo

SwiftDriver SingleThreadTests normal arm64 com.apple.xcode.tools.swift.compiler (in target 'SingleThreadTests' from project 'SingleThread')
    cd /Users/vardy/dev/alanvardy-var-1014-lower-deployment-targets-from-ios-187watchos-265-to-the
    builtin-SwiftDriver -- /Applications/Xcode.app/Contents/Developer/Toolchains/XcodeDefault.xctoolchain/usr/bin/swiftc -module-name SingleThreadTests -Onone @/Users/vardy/dev/alanvardy-var-1014-lower-deployment-targets-from-ios-187watchos-265-to-the/DerivedData/Build/Intermediates.noindex/SingleThread.build/Debug/SingleThreadTests.build/Objects-normal/arm64/SingleThreadTests.SwiftFileList -DDEBUG -plugin-path /Applications/Xcode.app/Contents/Developer/Toolchains/XcodeDefault.xctoolchain/usr/lib/swift/host/plugins/testing -enable-upcoming-feature MemberImportVisibility -enable-upcoming-feature InferIsolatedConformances -enable-upcoming-feature NonisolatedNonsendingByDefault -enable-experimental-feature DebugDescriptionMacro -sdk /Applications/Xcode.app/Contents/Developer/Platforms/MacOSX.platform/Developer/SDKs/MacOSX27.0.sdk -target arm64-apple-macos26.5 -g -module-cache-path /Users/vardy/dev/alanvardy-var-1014-lower-deployment-targets-from-ios-187watchos-265-to-the/DerivedData/ModuleCache.noindex -Xfrontend -serialize-debugging-options -profile-coverage-mapping -profile-generate -enable-testing -index-store-path /Users/vardy/dev/alanvardy-var-1014-lower-deployment-targets-from-ios-187watchos-265-to-the/DerivedData/Index.noindex/DataStore -Xcc -D_LIBCPP_HARDENING_MODE\=_LIBCPP_HARDENING_MODE_DEBUG -swift-version 6 -I /Users/vardy/dev/alanvardy-var-1014-lower-deployment-targets-from-ios-187watchos-265-to-the/DerivedData/Build/Products/Debug -Isystem /Applications/Xcode.app/Contents/Developer/Platforms/MacOSX.platform/Developer/usr/lib -F /Users/vardy/dev/alanvardy-var-1014-lower-deployment-targets-from-ios-187watchos-265-to-the/DerivedData/Build/Products/Debug/PackageFrameworks -F /Users/vardy/dev/alanvardy-var-1014-lower-deployment-targets-from-ios-187watchos-265-to-the/DerivedData/Build/Products/Debug -F /Applications/Xcode.app/Contents/Developer/Platforms/MacOSX.platform/Developer/Library/Frameworks -c -j12 -enable-batch-mode -incremental -Xcc -ivfsstatcache -Xcc /Users/vardy/dev/alanvardy-var-1014-lower-deployment-targets-from-ios-187watchos-265-to-the/DerivedData/SDKStatCaches.noindex/macosx27.0-26A425-7231f6df4def33e022ae2eb8f782df1a.sdkstatcache -output-file-map /Users/vardy/dev/alanvardy-var-1014-lower-deployment-targets-from-ios-187watchos-265-to-the/DerivedData/Build/Intermediates.noindex/SingleThread.build/Debug/SingleThreadTests.build/Objects-normal/arm64/SingleThreadTests-OutputFileMap.json -save-temps -no-color-diagnostics -explicit-module-build -module-cache-path /Users/vardy/dev/alanvardy-var-1014-lower-deployment-targets-from-ios-187watchos-265-to-the/DerivedData/Build/Intermediates.noindex/SwiftExplicitPrecompiledModules -clang-scanner-module-cache-path /Users/vardy/dev/alanvardy-var-1014-lower-deployment-targets-from-ios-187watchos-265-to-the/DerivedData/ModuleCache.noindex -sdk-module-cache-path /Users/vardy/dev/alanvardy-var-1014-lower-deployment-targets-from-ios-187watchos-265-to-the/DerivedData/SDKExplicitPrecompiledModules -emit-dependencies -emit-module -emit-module-path /Users/vardy/dev/alanvardy-var-1014-lower-deployment-targets-from-ios-187watchos-265-to-the/DerivedData/Build/Intermediates.noindex/SingleThread.build/Debug/SingleThreadTests.build/Objects-normal/arm64/SingleThreadTests.swiftmodule -serialize-diagnostics -dependency-scan-serialize-diagnostics-path /Users/vardy/dev/alanvardy-var-1014-lower-deployment-targets-from-ios-187watchos-265-to-the/DerivedData/Build/Intermediates.noindex/SingleThread.build/Debug/SingleThreadTests.build/Objects-normal/arm64/SingleThreadTests-dependency-scan.dia -validate-clang-modules-once -clang-build-session-file /Users/vardy/dev/alanvardy-var-1014-lower-deployment-targets-from-ios-187watchos-265-to-the/DerivedData/ModuleCache.noindex/Session.modulevalidation -Xcc -fmodules-prune-interval\=86400 -Xcc -fmodules-prune-after\=345600 -emit-const-values -const-gather-protocols-list /Users/vardy/dev/alanvardy-var-1014-lower-deployment-targets-from-ios-187watchos-265-to-the/DerivedData/Build/Intermediates.noindex/SingleThread.build/Debug/SingleThreadTests.build/Objects-normal/arm64/SingleThreadTests_const_extract_protocols.json -Xcc -iquote -Xcc /Users/vardy/dev/alanvardy-var-1014-lower-deployment-targets-from-ios-187watchos-265-to-the/DerivedData/Build/Intermediates.noindex/SingleThread.build/Debug/SingleThreadTests.build/SingleThreadTests-generated-files.hmap -Xcc -I/Users/vardy/dev/alanvardy-var-1014-lower-deployment-targets-from-ios-187watchos-265-to-the/DerivedData/Build/Intermediates.noindex/SingleThread.build/Debug/SingleThreadTests.build/SingleThreadTests-own-target-headers.hmap -Xcc -I/Users/vardy/dev/alanvardy-var-1014-lower-deployment-targets-from-ios-187watchos-265-to-the/DerivedData/Build/Intermediates.noindex/SingleThread.build/Debug/SingleThreadTests.build/SingleThreadTests-all-non-framework-target-headers.hmap -Xcc -ivfsoverlay -Xcc /Users/vardy/dev/alanvardy-var-1014-lower-deployment-targets-from-ios-187watchos-265-to-the/DerivedData/Build/Intermediates.noindex/SingleThread.build/Debug/SingleThread-33ec346c36bc7f11d2672a35e2382a55-VFS/all-product-headers.yaml -Xcc -iquote -Xcc /Users/vardy/dev/alanvardy-var-1014-lower-deployment-targets-from-ios-187watchos-265-to-the/DerivedData/Build/Intermediates.noindex/SingleThread.build/Debug/SingleThreadTests.build/SingleThreadTests-project-headers.hmap -Xcc -I/Users/vardy/dev/alanvardy-var-1014-lower-deployment-targets-from-ios-187watchos-265-to-the/DerivedData/Build/Products/Debug/include -Xcc -I/Users/vardy/dev/alanvardy-var-1014-lower-deployment-targets-from-ios-187watchos-265-to-the/DerivedData/Build/Intermediates.noindex/SingleThread.build/Debug/SingleThreadTests.build/DerivedSources-normal/arm64 -Xcc -I/Users/vardy/dev/alanvardy-var-1014-lower-deployment-targets-from-ios-187watchos-265-to-the/DerivedData/Build/Intermediates.noindex/SingleThread.build/Debug/SingleThreadTests.build/DerivedSources/arm64 -Xcc -I/Users/vardy/dev/alanvardy-var-1014-lower-deployment-targets-from-ios-187watchos-265-to-the/DerivedData/Build/Intermediates.noindex/SingleThread.build/Debug/SingleThreadTests.build/DerivedSources -Xcc -DDEBUG\=1 -emit-objc-header -emit-objc-header-path /Users/vardy/dev/alanvardy-var-1014-lower-deployment-targets-from-ios-187watchos-265-to-the/DerivedData/Build/Intermediates.noindex/SingleThread.build/Debug/SingleThreadTests.build/Objects-normal/arm64/SingleThreadTests-Swift.h -working-directory /Users/vardy/dev/alanvardy-var-1014-lower-deployment-targets-from-ios-187watchos-265-to-the -experimental-emit-module-separately -disable-cmo

SwiftDriverJobDiscovery normal arm64 Compiling SettingsCaption.swift, SettingsSubscreenLayout.swift, SettingsView.swift, SettingsViewModel.swift (in target 'SingleThread' from project 'SingleThread')

SwiftDriverJobDiscovery normal arm64 Compiling AboutView.swift, AppDelegate.swift, AppearanceMode.swift, AppViewModel.swift (in target 'SingleThread' from project 'SingleThread')

SwiftDriverJobDiscovery normal arm64 Compiling DictationViewModel.swift, EmptyStateCard.swift, ExcludedListsView.swift, FilterSortSettingsView.swift (in target 'SingleThread' from project 'SingleThread')

SwiftDriverJobDiscovery normal arm64 Compiling AuthorizationRequiring.swift, BackgroundFade.swift, BackgroundImageStore.swift, BackgroundSettingsView.swift (in target 'SingleThread' from project 'SingleThread')

SwiftDriverJobDiscovery normal arm64 Compiling ReminderDictation.swift, ReminderSettingsView.swift, RescheduleSheet.swift, SettingsBindings.swift (in target 'SingleThread' from project 'SingleThread')

SwiftDriverJobDiscovery normal arm64 Compiling ContentView+Settings.swift, ContentViewModel.swift, ControlPlateModifier.swift, CreationFeedback.swift (in target 'SingleThread' from project 'SingleThread')

SwiftExplicitDependencyGeneratePcm arm64 /Users/vardy/dev/alanvardy-var-1014-lower-deployment-targets-from-ios-187watchos-265-to-the/DerivedData/Build/Intermediates.noindex/SwiftExplicitPrecompiledModules/XCUIAutomation-3WV8CVVVMW6CGWIT32CHKLLOW.pcm

SwiftExplicitDependencyCompileModuleFromInterface arm64 /Users/vardy/dev/alanvardy-var-1014-lower-deployment-targets-from-ios-187watchos-265-to-the/DerivedData/Build/Intermediates.noindex/SwiftExplicitPrecompiledModules/Testing-3IDCAVYQ5390T.swiftmodule

SwiftExplicitDependencyCompileModuleFromInterface arm64 /Users/vardy/dev/alanvardy-var-1014-lower-deployment-targets-from-ios-187watchos-265-to-the/DerivedData/Build/Intermediates.noindex/SwiftExplicitPrecompiledModules/XCUIAutomation-3CMFJS7WM0UMN.swiftmodule

SwiftExplicitDependencyGeneratePcm arm64 /Users/vardy/dev/alanvardy-var-1014-lower-deployment-targets-from-ios-187watchos-265-to-the/DerivedData/Build/Intermediates.noindex/SwiftExplicitPrecompiledModules/XCTest-4YJMCKI9JRSEZ6TLY5Q4H86I0.pcm

SwiftExplicitDependencyGeneratePcm arm64 /Users/vardy/dev/alanvardy-var-1014-lower-deployment-targets-from-ios-187watchos-265-to-the/DerivedData/Build/Intermediates.noindex/SwiftExplicitPrecompiledModules/StoreKitTest-493EA4WFCZE9S9PR0K8GR32KO.pcm
<module-includes>:1:9: note: in file included from <module-includes>:1:
1 | #import "Headers/StoreKitTest.h"
  |         `- note: in file included from <module-includes>:1:
2 | 

/Applications/Xcode.app/Contents/Developer/Platforms/MacOSX.platform/Developer/Library/Frameworks/StoreKitTest.framework/Headers/StoreKitTest.h:14:9: note: in file included from /Applications/Xcode.app/Contents/Developer/Platforms/MacOSX.platform/Developer/Library/Frameworks/StoreKitTest.framework/Headers/StoreKitTest.h:14:
12 | #import <StoreKitTest/SKTestError.h>
13 | #import <StoreKitTest/SKTestSession.h>
14 | #import <StoreKitTest/SKTestTransaction.h>
   |         `- note: in file included from /Applications/Xcode.app/Contents/Developer/Platforms/MacOSX.platform/Developer/Library/Frameworks/StoreKitTest.framework/Headers/StoreKitTest.h:14:
15 | 
16 | 

1 warning generated.
/Applications/Xcode.app/Contents/Developer/Platforms/MacOSX.platform/Developer/Library/Frameworks/StoreKitTest.framework/Headers/SKTestTransaction.h:34:32: warning: 'SKPaymentTransactionState' is deprecated: first deprecated in macOS 15.0 - Use PurchaseResult from Product.purchase(confirmIn:options:).
32 | @property(nonatomic, readonly) NSDate *purchaseDate;
33 | 
34 | @property(nonatomic, readonly) SKPaymentTransactionState state;
   |                                `- warning: 'SKPaymentTransactionState' is deprecated: first deprecated in macOS 15.0 - Use PurchaseResult from Product.purchase(confirmIn:options:).
35 | 
36 | @property(nonatomic, readonly) BOOL pendingPriceIncreaseConsent API_AVAILABLE(ios(15.4), macos(12.3), tvos(15.4), watchos(8.5), visionos(1.0)) NS_SWIFT_NAME(isPendingPriceIncreaseConsent);

/Applications/Xcode.app/Contents/Developer/Platforms/MacOSX.platform/Developer/SDKs/MacOSX27.0.sdk/System/Library/Frameworks/StoreKit.framework/Headers/SKPaymentTransaction.h:14:28: note: 'SKPaymentTransactionState' has been explicitly marked deprecated here
12 | @class SKPayment;
13 | 
14 | typedef NS_ENUM(NSInteger, SKPaymentTransactionState) {
   |                            `- note: 'SKPaymentTransactionState' has been explicitly marked deprecated here
15 |     SKPaymentTransactionStatePurchasing,    // Transaction is being added to the server queue.
16 |     SKPaymentTransactionStatePurchased,     // Transaction is in queue, user has been charged.  Client should complete the transaction.

SwiftExplicitDependencyCompileModuleFromInterface arm64 /Users/vardy/dev/alanvardy-var-1014-lower-deployment-targets-from-ios-187watchos-265-to-the/DerivedData/Build/Intermediates.noindex/SwiftExplicitPrecompiledModules/StoreKitTest-JZFC5A8N5WD2.swiftmodule

SwiftExplicitDependencyCompileModuleFromInterface arm64 /Users/vardy/dev/alanvardy-var-1014-lower-deployment-targets-from-ios-187watchos-265-to-the/DerivedData/Build/Intermediates.noindex/SwiftExplicitPrecompiledModules/XCTest-2VUGBU9VQ7AO8.swiftmodule

SwiftDriverJobDiscovery normal arm64 Compiling PrivacySettingsContent.swift, PrivacySettingsView.swift, PurchaseSettingsView.swift, ReminderCardView.swift (in target 'SingleThread' from project 'SingleThread')

SwiftExplicitDependencyCompileModuleFromInterface arm64 /Users/vardy/dev/alanvardy-var-1014-lower-deployment-targets-from-ios-187watchos-265-to-the/DerivedData/Build/Intermediates.noindex/SwiftExplicitPrecompiledModules/_Testing_Foundation-VWCSZXK8ZTWB.swiftmodule

SwiftExplicitDependencyCompileModuleFromInterface arm64 /Users/vardy/dev/alanvardy-var-1014-lower-deployment-targets-from-ios-187watchos-265-to-the/DerivedData/Build/Intermediates.noindex/SwiftExplicitPrecompiledModules/_Testing_CoreTransferable-33NEHGXULVON9.swiftmodule

SwiftExplicitDependencyCompileModuleFromInterface arm64 /Users/vardy/dev/alanvardy-var-1014-lower-deployment-targets-from-ios-187watchos-265-to-the/DerivedData/Build/Intermediates.noindex/SwiftExplicitPrecompiledModules/_Testing_CoreGraphics-30WB9MYM0K67H.swiftmodule

SwiftEmitModule normal arm64 Emitting\ module\ for\ SingleThreadUITests (in target 'SingleThreadUITests' from project 'SingleThread')

SwiftCompile normal arm64 (in target 'SingleThreadUITests' from project 'SingleThread')
    cd /Users/vardy/dev/alanvardy-var-1014-lower-deployment-targets-from-ios-187watchos-265-to-the
    

SwiftCompile normal arm64 Compiling\ SingleThreadUITests.swift /Users/vardy/dev/alanvardy-var-1014-lower-deployment-targets-from-ios-187watchos-265-to-the/SingleThreadUITests/SingleThreadUITests.swift (in target 'SingleThreadUITests' from project 'SingleThread')

SwiftCompile normal arm64 /Users/vardy/dev/alanvardy-var-1014-lower-deployment-targets-from-ios-187watchos-265-to-the/SingleThreadUITests/SingleThreadUITests.swift (in target 'SingleThreadUITests' from project 'SingleThread')
    cd /Users/vardy/dev/alanvardy-var-1014-lower-deployment-targets-from-ios-187watchos-265-to-the
    builtin-SwiftPerFileCompile SingleThreadUITests.swift

SwiftExplicitDependencyCompileModuleFromInterface arm64 /Users/vardy/dev/alanvardy-var-1014-lower-deployment-targets-from-ios-187watchos-265-to-the/DerivedData/Build/Intermediates.noindex/SwiftExplicitPrecompiledModules/_Testing_AppKit-1CSPYIW0WMMJL.swiftmodule

SwiftDriverJobDiscovery normal arm64 Emitting module for SingleThreadUITests (in target 'SingleThreadUITests' from project 'SingleThread')

SwiftDriver\ Compilation\ Requirements SingleThreadUITests normal arm64 com.apple.xcode.tools.swift.compiler (in target 'SingleThreadUITests' from project 'SingleThread')
    cd /Users/vardy/dev/alanvardy-var-1014-lower-deployment-targets-from-ios-187watchos-265-to-the
    builtin-Swift-Compilation-Requirements -- /Applications/Xcode.app/Contents/Developer/Toolchains/XcodeDefault.xctoolchain/usr/bin/swiftc -module-name SingleThreadUITests -Onone @/Users/vardy/dev/alanvardy-var-1014-lower-deployment-targets-from-ios-187watchos-265-to-the/DerivedData/Build/Intermediates.noindex/SingleThread.build/Debug/SingleThreadUITests.build/Objects-normal/arm64/SingleThreadUITests.SwiftFileList -DDEBUG -module-alias Testing\=_Testing_Unavailable -plugin-path /Applications/Xcode.app/Contents/Developer/Toolchains/XcodeDefault.xctoolchain/usr/lib/swift/host/plugins/testing -enable-upcoming-feature MemberImportVisibility -enable-upcoming-feature InferIsolatedConformances -enable-upcoming-feature NonisolatedNonsendingByDefault -enable-experimental-feature DebugDescriptionMacro -sdk /Applications/Xcode.app/Contents/Developer/Platforms/MacOSX.platform/Developer/SDKs/MacOSX27.0.sdk -target arm64-apple-macos26.5 -g -module-cache-path /Users/vardy/dev/alanvardy-var-1014-lower-deployment-targets-from-ios-187watchos-265-to-the/DerivedData/ModuleCache.noindex -Xfrontend -serialize-debugging-options -profile-coverage-mapping -profile-generate -enable-testing -warnings-as-errors -index-store-path /Users/vardy/dev/alanvardy-var-1014-lower-deployment-targets-from-ios-187watchos-265-to-the/DerivedData/Index.noindex/DataStore -Xcc -D_LIBCPP_HARDENING_MODE\=_LIBCPP_HARDENING_MODE_DEBUG -swift-version 6 -I /Users/vardy/dev/alanvardy-var-1014-lower-deployment-targets-from-ios-187watchos-265-to-the/DerivedData/Build/Products/Debug -Isystem /Applications/Xcode.app/Contents/Developer/Platforms/MacOSX.platform/Developer/usr/lib -F /Users/vardy/dev/alanvardy-var-1014-lower-deployment-targets-from-ios-187watchos-265-to-the/DerivedData/Build/Products/Debug/PackageFrameworks -F /Users/vardy/dev/alanvardy-var-1014-lower-deployment-targets-from-ios-187watchos-265-to-the/DerivedData/Build/Products/Debug -F /Applications/Xcode.app/Contents/Developer/Platforms/MacOSX.platform/Developer/Library/Frameworks -parse-as-library -c -j12 -enable-batch-mode -incremental -Xcc -ivfsstatcache -Xcc /Users/vardy/dev/alanvardy-var-1014-lower-deployment-targets-from-ios-187watchos-265-to-the/DerivedData/SDKStatCaches.noindex/macosx27.0-26A425-7231f6df4def33e022ae2eb8f782df1a.sdkstatcache -output-file-map /Users/vardy/dev/alanvardy-var-1014-lower-deployment-targets-from-ios-187watchos-265-to-the/DerivedData/Build/Intermediates.noindex/SingleThread.build/Debug/SingleThreadUITests.build/Objects-normal/arm64/SingleThreadUITests-OutputFileMap.json -save-temps -no-color-diagnostics -explicit-module-build -module-cache-path /Users/vardy/dev/alanvardy-var-1014-lower-deployment-targets-from-ios-187watchos-265-to-the/DerivedData/Build/Intermediates.noindex/SwiftExplicitPrecompiledModules -clang-scanner-module-cache-path /Users/vardy/dev/alanvardy-var-1014-lower-deployment-targets-from-ios-187watchos-265-to-the/DerivedData/ModuleCache.noindex -sdk-module-cache-path /Users/vardy/dev/alanvardy-var-1014-lower-deployment-targets-from-ios-187watchos-265-to-the/DerivedData/SDKExplicitPrecompiledModules -emit-dependencies -emit-module -emit-module-path /Users/vardy/dev/alanvardy-var-1014-lower-deployment-targets-from-ios-187watchos-265-to-the/DerivedData/Build/Intermediates.noindex/SingleThread.build/Debug/SingleThreadUITests.build/Objects-normal/arm64/SingleThreadUITests.swiftmodule -serialize-diagnostics -dependency-scan-serialize-diagnostics-path /Users/vardy/dev/alanvardy-var-1014-lower-deployment-targets-from-ios-187watchos-265-to-the/DerivedData/Build/Intermediates.noindex/SingleThread.build/Debug/SingleThreadUITests.build/Objects-normal/arm64/SingleThreadUITests-dependency-scan.dia -validate-clang-modules-once -clang-build-session-file /Users/vardy/dev/alanvardy-var-1014-lower-deployment-targets-from-ios-187watchos-265-to-the/DerivedData/ModuleCache.noindex/Session.modulevalidation -Xcc -fmodules-prune-interval\=86400 -Xcc -fmodules-prune-after\=345600 -emit-const-values -const-gather-protocols-list /Users/vardy/dev/alanvardy-var-1014-lower-deployment-targets-from-ios-187watchos-265-to-the/DerivedData/Build/Intermediates.noindex/SingleThread.build/Debug/SingleThreadUITests.build/Objects-normal/arm64/SingleThreadUITests_const_extract_protocols.json -Xcc -iquote -Xcc /Users/vardy/dev/alanvardy-var-1014-lower-deployment-targets-from-ios-187watchos-265-to-the/DerivedData/Build/Intermediates.noindex/SingleThread.build/Debug/SingleThreadUITests.build/SingleThreadUITests-generated-files.hmap -Xcc -I/Users/vardy/dev/alanvardy-var-1014-lower-deployment-targets-from-ios-187watchos-265-to-the/DerivedData/Build/Intermediates.noindex/SingleThread.build/Debug/SingleThreadUITests.build/SingleThreadUITests-own-target-headers.hmap -Xcc -I/Users/vardy/dev/alanvardy-var-1014-lower-deployment-targets-from-ios-187watchos-265-to-the/DerivedData/Build/Intermediates.noindex/SingleThread.build/Debug/SingleThreadUITests.build/SingleThreadUITests-all-non-framework-target-headers.hmap -Xcc -ivfsoverlay -Xcc /Users/vardy/dev/alanvardy-var-1014-lower-deployment-targets-from-ios-187watchos-265-to-the/DerivedData/Build/Intermediates.noindex/SingleThread.build/Debug/SingleThread-33ec346c36bc7f11d2672a35e2382a55-VFS/all-product-headers.yaml -Xcc -iquote -Xcc /Users/vardy/dev/alanvardy-var-1014-lower-deployment-targets-from-ios-187watchos-265-to-the/DerivedData/Build/Intermediates.noindex/SingleThread.build/Debug/SingleThreadUITests.build/SingleThreadUITests-project-headers.hmap -Xcc -I/Users/vardy/dev/alanvardy-var-1014-lower-deployment-targets-from-ios-187watchos-265-to-the/DerivedData/Build/Products/Debug/include -Xcc -I/Users/vardy/dev/alanvardy-var-1014-lower-deployment-targets-from-ios-187watchos-265-to-the/DerivedData/Build/Intermediates.noindex/SingleThread.build/Debug/SingleThreadUITests.build/DerivedSources-normal/arm64 -Xcc -I/Users/vardy/dev/alanvardy-var-1014-lower-deployment-targets-from-ios-187watchos-265-to-the/DerivedData/Build/Intermediates.noindex/SingleThread.build/Debug/SingleThreadUITests.build/DerivedSources/arm64 -Xcc -I/Users/vardy/dev/alanvardy-var-1014-lower-deployment-targets-from-ios-187watchos-265-to-the/DerivedData/Build/Intermediates.noindex/SingleThread.build/Debug/SingleThreadUITests.build/DerivedSources -Xcc -DDEBUG\=1 -emit-objc-header -emit-objc-header-path /Users/vardy/dev/alanvardy-var-1014-lower-deployment-targets-from-ios-187watchos-265-to-the/DerivedData/Build/Intermediates.noindex/SingleThread.build/Debug/SingleThreadUITests.build/Objects-normal/arm64/SingleThreadUITests-Swift.h -working-directory /Users/vardy/dev/alanvardy-var-1014-lower-deployment-targets-from-ios-187watchos-265-to-the -experimental-emit-module-separately -disable-cmo

Copy /Users/vardy/dev/alanvardy-var-1014-lower-deployment-targets-from-ios-187watchos-265-to-the/DerivedData/Build/Products/Debug/SingleThreadUITests.swiftmodule/arm64-apple-macos.swiftdoc /Users/vardy/dev/alanvardy-var-1014-lower-deployment-targets-from-ios-187watchos-265-to-the/DerivedData/Build/Intermediates.noindex/SingleThread.build/Debug/SingleThreadUITests.build/Objects-normal/arm64/SingleThreadUITests.swiftdoc (in target 'SingleThreadUITests' from project 'SingleThread')
    cd /Users/vardy/dev/alanvardy-var-1014-lower-deployment-targets-from-ios-187watchos-265-to-the
    builtin-copy -exclude .DS_Store -exclude CVS -exclude .svn -exclude .git -exclude .hg -resolve-src-symlinks -rename /Users/vardy/dev/alanvardy-var-1014-lower-deployment-targets-from-ios-187watchos-265-to-the/DerivedData/Build/Intermediates.noindex/SingleThread.build/Debug/SingleThreadUITests.build/Objects-normal/arm64/SingleThreadUITests.swiftdoc /Users/vardy/dev/alanvardy-var-1014-lower-deployment-targets-from-ios-187watchos-265-to-the/DerivedData/Build/Products/Debug/SingleThreadUITests.swiftmodule/arm64-apple-macos.swiftdoc

SwiftMergeGeneratedHeaders /Users/vardy/dev/alanvardy-var-1014-lower-deployment-targets-from-ios-187watchos-265-to-the/DerivedData/Build/Intermediates.noindex/SingleThread.build/Debug/SingleThreadUITests.build/DerivedSources/SingleThreadUITests-Swift.h /Users/vardy/dev/alanvardy-var-1014-lower-deployment-targets-from-ios-187watchos-265-to-the/DerivedData/Build/Intermediates.noindex/SingleThread.build/Debug/SingleThreadUITests.build/Objects-normal/arm64/SingleThreadUITests-Swift.h (in target 'SingleThreadUITests' from project 'SingleThread')
    cd /Users/vardy/dev/alanvardy-var-1014-lower-deployment-targets-from-ios-187watchos-265-to-the
    builtin-swiftHeaderTool -arch arm64 /Users/vardy/dev/alanvardy-var-1014-lower-deployment-targets-from-ios-187watchos-265-to-the/DerivedData/Build/Intermediates.noindex/SingleThread.build/Debug/SingleThreadUITests.build/Objects-normal/arm64/SingleThreadUITests-Swift.h -o /Users/vardy/dev/alanvardy-var-1014-lower-deployment-targets-from-ios-187watchos-265-to-the/DerivedData/Build/Intermediates.noindex/SingleThread.build/Debug/SingleThreadUITests.build/DerivedSources/SingleThreadUITests-Swift.h

Copy /Users/vardy/dev/alanvardy-var-1014-lower-deployment-targets-from-ios-187watchos-265-to-the/DerivedData/Build/Products/Debug/SingleThreadUITests.swiftmodule/arm64-apple-macos.swiftmodule /Users/vardy/dev/alanvardy-var-1014-lower-deployment-targets-from-ios-187watchos-265-to-the/DerivedData/Build/Intermediates.noindex/SingleThread.build/Debug/SingleThreadUITests.build/Objects-normal/arm64/SingleThreadUITests.swiftmodule (in target 'SingleThreadUITests' from project 'SingleThread')
    cd /Users/vardy/dev/alanvardy-var-1014-lower-deployment-targets-from-ios-187watchos-265-to-the
    builtin-copy -exclude .DS_Store -exclude CVS -exclude .svn -exclude .git -exclude .hg -resolve-src-symlinks -rename /Users/vardy/dev/alanvardy-var-1014-lower-deployment-targets-from-ios-187watchos-265-to-the/DerivedData/Build/Intermediates.noindex/SingleThread.build/Debug/SingleThreadUITests.build/Objects-normal/arm64/SingleThreadUITests.swiftmodule /Users/vardy/dev/alanvardy-var-1014-lower-deployment-targets-from-ios-187watchos-265-to-the/DerivedData/Build/Products/Debug/SingleThreadUITests.swiftmodule/arm64-apple-macos.swiftmodule

Copy /Users/vardy/dev/alanvardy-var-1014-lower-deployment-targets-from-ios-187watchos-265-to-the/DerivedData/Build/Products/Debug/SingleThreadUITests.swiftmodule/arm64-apple-macos.abi.json /Users/vardy/dev/alanvardy-var-1014-lower-deployment-targets-from-ios-187watchos-265-to-the/DerivedData/Build/Intermediates.noindex/SingleThread.build/Debug/SingleThreadUITests.build/Objects-normal/arm64/SingleThreadUITests.abi.json (in target 'SingleThreadUITests' from project 'SingleThread')
    cd /Users/vardy/dev/alanvardy-var-1014-lower-deployment-targets-from-ios-187watchos-265-to-the
    builtin-copy -exclude .DS_Store -exclude CVS -exclude .svn -exclude .git -exclude .hg -resolve-src-symlinks -rename /Users/vardy/dev/alanvardy-var-1014-lower-deployment-targets-from-ios-187watchos-265-to-the/DerivedData/Build/Intermediates.noindex/SingleThread.build/Debug/SingleThreadUITests.build/Objects-normal/arm64/SingleThreadUITests.abi.json /Users/vardy/dev/alanvardy-var-1014-lower-deployment-targets-from-ios-187watchos-265-to-the/DerivedData/Build/Products/Debug/SingleThreadUITests.swiftmodule/arm64-apple-macos.abi.json

Copy /Users/vardy/dev/alanvardy-var-1014-lower-deployment-targets-from-ios-187watchos-265-to-the/DerivedData/Build/Products/Debug/SingleThreadUITests.swiftmodule/Project/arm64-apple-macos.swiftsourceinfo /Users/vardy/dev/alanvardy-var-1014-lower-deployment-targets-from-ios-187watchos-265-to-the/DerivedData/Build/Intermediates.noindex/SingleThread.build/Debug/SingleThreadUITests.build/Objects-normal/arm64/SingleThreadUITests.swiftsourceinfo (in target 'SingleThreadUITests' from project 'SingleThread')
    cd /Users/vardy/dev/alanvardy-var-1014-lower-deployment-targets-from-ios-187watchos-265-to-the
    builtin-copy -exclude .DS_Store -exclude CVS -exclude .svn -exclude .git -exclude .hg -resolve-src-symlinks -rename /Users/vardy/dev/alanvardy-var-1014-lower-deployment-targets-from-ios-187watchos-265-to-the/DerivedData/Build/Intermediates.noindex/SingleThread.build/Debug/SingleThreadUITests.build/Objects-normal/arm64/SingleThreadUITests.swiftsourceinfo /Users/vardy/dev/alanvardy-var-1014-lower-deployment-targets-from-ios-187watchos-265-to-the/DerivedData/Build/Products/Debug/SingleThreadUITests.swiftmodule/Project/arm64-apple-macos.swiftsourceinfo

SwiftCompile normal arm64 Compiling\ LocalizationTests.swift,\ MacOSActionButtonChromeTests.swift,\ MenuBarExtraOptionsTests.swift,\ MenuBarExtraPreferenceTests.swift,\ MicrophoneToggleTests.swift,\ MinimumDisplayDurationTests.swift,\ NotificationPreferenceTests.swift /Users/vardy/dev/alanvardy-var-1014-lower-deployment-targets-from-ios-187watchos-265-to-the/SingleThreadTests/LocalizationTests.swift /Users/vardy/dev/alanvardy-var-1014-lower-deployment-targets-from-ios-187watchos-265-to-the/SingleThreadTests/MacOSActionButtonChromeTests.swift /Users/vardy/dev/alanvardy-var-1014-lower-deployment-targets-from-ios-187watchos-265-to-the/SingleThreadTests/MenuBarExtraOptionsTests.swift /Users/vardy/dev/alanvardy-var-1014-lower-deployment-targets-from-ios-187watchos-265-to-the/SingleThreadTests/MenuBarExtraPreferenceTests.swift /Users/vardy/dev/alanvardy-var-1014-lower-deployment-targets-from-ios-187watchos-265-to-the/SingleThreadTests/MicrophoneToggleTests.swift /Users/vardy/dev/alanvardy-var-1014-lower-deployment-targets-from-ios-187watchos-265-to-the/SingleThreadTests/MinimumDisplayDurationTests.swift /Users/vardy/dev/alanvardy-var-1014-lower-deployment-targets-from-ios-187watchos-265-to-the/SingleThreadTests/NotificationPreferenceTests.swift (in target 'SingleThreadTests' from project 'SingleThread')

SwiftCompile normal arm64 /Users/vardy/dev/alanvardy-var-1014-lower-deployment-targets-from-ios-187watchos-265-to-the/SingleThreadTests/LocalizationTests.swift (in target 'SingleThreadTests' from project 'SingleThread')
    cd /Users/vardy/dev/alanvardy-var-1014-lower-deployment-targets-from-ios-187watchos-265-to-the
    builtin-SwiftPerFileCompile LocalizationTests.swift

SwiftCompile normal arm64 /Users/vardy/dev/alanvardy-var-1014-lower-deployment-targets-from-ios-187watchos-265-to-the/SingleThreadTests/MacOSActionButtonChromeTests.swift (in target 'SingleThreadTests' from project 'SingleThread')
    cd /Users/vardy/dev/alanvardy-var-1014-lower-deployment-targets-from-ios-187watchos-265-to-the
    builtin-SwiftPerFileCompile MacOSActionButtonChromeTests.swift

SwiftCompile normal arm64 /Users/vardy/dev/alanvardy-var-1014-lower-deployment-targets-from-ios-187watchos-265-to-the/SingleThreadTests/MenuBarExtraOptionsTests.swift (in target 'SingleThreadTests' from project 'SingleThread')
    cd /Users/vardy/dev/alanvardy-var-1014-lower-deployment-targets-from-ios-187watchos-265-to-the
    builtin-SwiftPerFileCompile MenuBarExtraOptionsTests.swift

SwiftCompile normal arm64 /Users/vardy/dev/alanvardy-var-1014-lower-deployment-targets-from-ios-187watchos-265-to-the/SingleThreadTests/MenuBarExtraPreferenceTests.swift (in target 'SingleThreadTests' from project 'SingleThread')
    cd /Users/vardy/dev/alanvardy-var-1014-lower-deployment-targets-from-ios-187watchos-265-to-the
    builtin-SwiftPerFileCompile MenuBarExtraPreferenceTests.swift

SwiftCompile normal arm64 /Users/vardy/dev/alanvardy-var-1014-lower-deployment-targets-from-ios-187watchos-265-to-the/SingleThreadTests/MicrophoneToggleTests.swift (in target 'SingleThreadTests' from project 'SingleThread')
    cd /Users/vardy/dev/alanvardy-var-1014-lower-deployment-targets-from-ios-187watchos-265-to-the
    builtin-SwiftPerFileCompile MicrophoneToggleTests.swift

SwiftCompile normal arm64 /Users/vardy/dev/alanvardy-var-1014-lower-deployment-targets-from-ios-187watchos-265-to-the/SingleThreadTests/MinimumDisplayDurationTests.swift (in target 'SingleThreadTests' from project 'SingleThread')
    cd /Users/vardy/dev/alanvardy-var-1014-lower-deployment-targets-from-ios-187watchos-265-to-the
    builtin-SwiftPerFileCompile MinimumDisplayDurationTests.swift

SwiftCompile normal arm64 /Users/vardy/dev/alanvardy-var-1014-lower-deployment-targets-from-ios-187watchos-265-to-the/SingleThreadTests/NotificationPreferenceTests.swift (in target 'SingleThreadTests' from project 'SingleThread')
    cd /Users/vardy/dev/alanvardy-var-1014-lower-deployment-targets-from-ios-187watchos-265-to-the
    builtin-SwiftPerFileCompile NotificationPreferenceTests.swift

SwiftCompile normal arm64 Compiling\ NotificationSchedulerTests.swift,\ OrientationPreferenceTests.swift,\ PendingCompletionLogicTests.swift,\ PendingCompletionStoreTests.swift,\ PreferenceHolderTests.swift,\ PrivacySettingsContentTests.swift,\ ReminderDeepLinkTests.swift /Users/vardy/dev/alanvardy-var-1014-lower-deployment-targets-from-ios-187watchos-265-to-the/SingleThreadTests/NotificationSchedulerTests.swift /Users/vardy/dev/alanvardy-var-1014-lower-deployment-targets-from-ios-187watchos-265-to-the/SingleThreadTests/OrientationPreferenceTests.swift /Users/vardy/dev/alanvardy-var-1014-lower-deployment-targets-from-ios-187watchos-265-to-the/SingleThreadTests/PendingCompletionLogicTests.swift /Users/vardy/dev/alanvardy-var-1014-lower-deployment-targets-from-ios-187watchos-265-to-the/SingleThreadTests/PendingCompletionStoreTests.swift /Users/vardy/dev/alanvardy-var-1014-lower-deployment-targets-from-ios-187watchos-265-to-the/SingleThreadTests/PreferenceHolderTests.swift /Users/vardy/dev/alanvardy-var-1014-lower-deployment-targets-from-ios-187watchos-265-to-the/SingleThreadTests/PrivacySettingsContentTests.swift /Users/vardy/dev/alanvardy-var-1014-lower-deployment-targets-from-ios-187watchos-265-to-the/SingleThreadTests/ReminderDeepLinkTests.swift (in target 'SingleThreadTests' from project 'SingleThread')

SwiftCompile normal arm64 /Users/vardy/dev/alanvardy-var-1014-lower-deployment-targets-from-ios-187watchos-265-to-the/SingleThreadTests/NotificationSchedulerTests.swift (in target 'SingleThreadTests' from project 'SingleThread')
    cd /Users/vardy/dev/alanvardy-var-1014-lower-deployment-targets-from-ios-187watchos-265-to-the
    builtin-SwiftPerFileCompile NotificationSchedulerTests.swift

SwiftCompile normal arm64 /Users/vardy/dev/alanvardy-var-1014-lower-deployment-targets-from-ios-187watchos-265-to-the/SingleThreadTests/OrientationPreferenceTests.swift (in target 'SingleThreadTests' from project 'SingleThread')
    cd /Users/vardy/dev/alanvardy-var-1014-lower-deployment-targets-from-ios-187watchos-265-to-the
    builtin-SwiftPerFileCompile OrientationPreferenceTests.swift

SwiftCompile normal arm64 /Users/vardy/dev/alanvardy-var-1014-lower-deployment-targets-from-ios-187watchos-265-to-the/SingleThreadTests/PendingCompletionLogicTests.swift (in target 'SingleThreadTests' from project 'SingleThread')
    cd /Users/vardy/dev/alanvardy-var-1014-lower-deployment-targets-from-ios-187watchos-265-to-the
    builtin-SwiftPerFileCompile PendingCompletionLogicTests.swift

SwiftCompile normal arm64 /Users/vardy/dev/alanvardy-var-1014-lower-deployment-targets-from-ios-187watchos-265-to-the/SingleThreadTests/PendingCompletionStoreTests.swift (in target 'SingleThreadTests' from project 'SingleThread')
    cd /Users/vardy/dev/alanvardy-var-1014-lower-deployment-targets-from-ios-187watchos-265-to-the
    builtin-SwiftPerFileCompile PendingCompletionStoreTests.swift

SwiftCompile normal arm64 /Users/vardy/dev/alanvardy-var-1014-lower-deployment-targets-from-ios-187watchos-265-to-the/SingleThreadTests/PreferenceHolderTests.swift (in target 'SingleThreadTests' from project 'SingleThread')
    cd /Users/vardy/dev/alanvardy-var-1014-lower-deployment-targets-from-ios-187watchos-265-to-the
    builtin-SwiftPerFileCompile PreferenceHolderTests.swift

SwiftCompile normal arm64 /Users/vardy/dev/alanvardy-var-1014-lower-deployment-targets-from-ios-187watchos-265-to-the/SingleThreadTests/PrivacySettingsContentTests.swift (in target 'SingleThreadTests' from project 'SingleThread')
    cd /Users/vardy/dev/alanvardy-var-1014-lower-deployment-targets-from-ios-187watchos-265-to-the
    builtin-SwiftPerFileCompile PrivacySettingsContentTests.swift

SwiftCompile normal arm64 /Users/vardy/dev/alanvardy-var-1014-lower-deployment-targets-from-ios-187watchos-265-to-the/SingleThreadTests/ReminderDeepLinkTests.swift (in target 'SingleThreadTests' from project 'SingleThread')
    cd /Users/vardy/dev/alanvardy-var-1014-lower-deployment-targets-from-ios-187watchos-265-to-the
    builtin-SwiftPerFileCompile ReminderDeepLinkTests.swift

SwiftEmitModule normal arm64 Emitting\ module\ for\ SingleThreadTests (in target 'SingleThreadTests' from project 'SingleThread')

SwiftCompile normal arm64 (in target 'SingleThreadTests' from project 'SingleThread')
    cd /Users/vardy/dev/alanvardy-var-1014-lower-deployment-targets-from-ios-187watchos-265-to-the
    

SwiftCompile normal arm64 Compiling\ EntitlementStoreTests.swift,\ EntitlementSyncTests.swift,\ EventKitStoringTests.swift,\ EventStoreChangedObserverTests.swift,\ ExcludedListStoreTests.swift,\ ListContentTests.swift,\ LocalizationTestHelpers.swift /Users/vardy/dev/alanvardy-var-1014-lower-deployment-targets-from-ios-187watchos-265-to-the/SingleThreadTests/EntitlementStoreTests.swift /Users/vardy/dev/alanvardy-var-1014-lower-deployment-targets-from-ios-187watchos-265-to-the/SingleThreadTests/EntitlementSyncTests.swift /Users/vardy/dev/alanvardy-var-1014-lower-deployment-targets-from-ios-187watchos-265-to-the/SingleThreadTests/EventKitStoringTests.swift /Users/vardy/dev/alanvardy-var-1014-lower-deployment-targets-from-ios-187watchos-265-to-the/SingleThreadTests/EventStoreChangedObserverTests.swift /Users/vardy/dev/alanvardy-var-1014-lower-deployment-targets-from-ios-187watchos-265-to-the/SingleThreadTests/ExcludedListStoreTests.swift /Users/vardy/dev/alanvardy-var-1014-lower-deployment-targets-from-ios-187watchos-265-to-the/SingleThreadTests/ListContentTests.swift /Users/vardy/dev/alanvardy-var-1014-lower-deployment-targets-from-ios-187watchos-265-to-the/SingleThreadTests/LocalizationTestHelpers.swift (in target 'SingleThreadTests' from project 'SingleThread')

SwiftCompile normal arm64 /Users/vardy/dev/alanvardy-var-1014-lower-deployment-targets-from-ios-187watchos-265-to-the/SingleThreadTests/EntitlementStoreTests.swift (in target 'SingleThreadTests' from project 'SingleThread')
    cd /Users/vardy/dev/alanvardy-var-1014-lower-deployment-targets-from-ios-187watchos-265-to-the
    builtin-SwiftPerFileCompile EntitlementStoreTests.swift

SwiftCompile normal arm64 /Users/vardy/dev/alanvardy-var-1014-lower-deployment-targets-from-ios-187watchos-265-to-the/SingleThreadTests/EntitlementSyncTests.swift (in target 'SingleThreadTests' from project 'SingleThread')
    cd /Users/vardy/dev/alanvardy-var-1014-lower-deployment-targets-from-ios-187watchos-265-to-the
    builtin-SwiftPerFileCompile EntitlementSyncTests.swift

SwiftCompile normal arm64 /Users/vardy/dev/alanvardy-var-1014-lower-deployment-targets-from-ios-187watchos-265-to-the/SingleThreadTests/EventKitStoringTests.swift (in target 'SingleThreadTests' from project 'SingleThread')
    cd /Users/vardy/dev/alanvardy-var-1014-lower-deployment-targets-from-ios-187watchos-265-to-the
    builtin-SwiftPerFileCompile EventKitStoringTests.swift

SwiftCompile normal arm64 /Users/vardy/dev/alanvardy-var-1014-lower-deployment-targets-from-ios-187watchos-265-to-the/SingleThreadTests/EventStoreChangedObserverTests.swift (in target 'SingleThreadTests' from project 'SingleThread')
    cd /Users/vardy/dev/alanvardy-var-1014-lower-deployment-targets-from-ios-187watchos-265-to-the
    builtin-SwiftPerFileCompile EventStoreChangedObserverTests.swift

SwiftCompile normal arm64 /Users/vardy/dev/alanvardy-var-1014-lower-deployment-targets-from-ios-187watchos-265-to-the/SingleThreadTests/ExcludedListStoreTests.swift (in target 'SingleThreadTests' from project 'SingleThread')
    cd /Users/vardy/dev/alanvardy-var-1014-lower-deployment-targets-from-ios-187watchos-265-to-the
    builtin-SwiftPerFileCompile ExcludedListStoreTests.swift

SwiftCompile normal arm64 /Users/vardy/dev/alanvardy-var-1014-lower-deployment-targets-from-ios-187watchos-265-to-the/SingleThreadTests/ListContentTests.swift (in target 'SingleThreadTests' from project 'SingleThread')
    cd /Users/vardy/dev/alanvardy-var-1014-lower-deployment-targets-from-ios-187watchos-265-to-the
    builtin-SwiftPerFileCompile ListContentTests.swift

SwiftCompile normal arm64 /Users/vardy/dev/alanvardy-var-1014-lower-deployment-targets-from-ios-187watchos-265-to-the/SingleThreadTests/LocalizationTestHelpers.swift (in target 'SingleThreadTests' from project 'SingleThread')
    cd /Users/vardy/dev/alanvardy-var-1014-lower-deployment-targets-from-ios-187watchos-265-to-the
    builtin-SwiftPerFileCompile LocalizationTestHelpers.swift

SwiftCompile normal arm64 Compiling\ TextSizeTests.swift,\ TranscriptionAccumulatorTests.swift,\ UITestingSeedTests.swift,\ UndoStoreTests.swift,\ URLOpeningTests.swift,\ UserNotificationCenteringTests.swift /Users/vardy/dev/alanvardy-var-1014-lower-deployment-targets-from-ios-187watchos-265-to-the/SingleThreadTests/TextSizeTests.swift /Users/vardy/dev/alanvardy-var-1014-lower-deployment-targets-from-ios-187watchos-265-to-the/SingleThreadTests/TranscriptionAccumulatorTests.swift /Users/vardy/dev/alanvardy-var-1014-lower-deployment-targets-from-ios-187watchos-265-to-the/SingleThreadTests/UITestingSeedTests.swift /Users/vardy/dev/alanvardy-var-1014-lower-deployment-targets-from-ios-187watchos-265-to-the/SingleThreadTests/UndoStoreTests.swift /Users/vardy/dev/alanvardy-var-1014-lower-deployment-targets-from-ios-187watchos-265-to-the/SingleThreadTests/URLOpeningTests.swift /Users/vardy/dev/alanvardy-var-1014-lower-deployment-targets-from-ios-187watchos-265-to-the/SingleThreadTests/UserNotificationCenteringTests.swift (in target 'SingleThreadTests' from project 'SingleThread')

SwiftCompile normal arm64 /Users/vardy/dev/alanvardy-var-1014-lower-deployment-targets-from-ios-187watchos-265-to-the/SingleThreadTests/TextSizeTests.swift (in target 'SingleThreadTests' from project 'SingleThread')
    cd /Users/vardy/dev/alanvardy-var-1014-lower-deployment-targets-from-ios-187watchos-265-to-the
    builtin-SwiftPerFileCompile TextSizeTests.swift

SwiftCompile normal arm64 /Users/vardy/dev/alanvardy-var-1014-lower-deployment-targets-from-ios-187watchos-265-to-the/SingleThreadTests/TranscriptionAccumulatorTests.swift (in target 'SingleThreadTests' from project 'SingleThread')
    cd /Users/vardy/dev/alanvardy-var-1014-lower-deployment-targets-from-ios-187watchos-265-to-the
    builtin-SwiftPerFileCompile TranscriptionAccumulatorTests.swift

SwiftCompile normal arm64 /Users/vardy/dev/alanvardy-var-1014-lower-deployment-targets-from-ios-187watchos-265-to-the/SingleThreadTests/UITestingSeedTests.swift (in target 'SingleThreadTests' from project 'SingleThread')
    cd /Users/vardy/dev/alanvardy-var-1014-lower-deployment-targets-from-ios-187watchos-265-to-the
    builtin-SwiftPerFileCompile UITestingSeedTests.swift

SwiftCompile normal arm64 /Users/vardy/dev/alanvardy-var-1014-lower-deployment-targets-from-ios-187watchos-265-to-the/SingleThreadTests/UndoStoreTests.swift (in target 'SingleThreadTests' from project 'SingleThread')
    cd /Users/vardy/dev/alanvardy-var-1014-lower-deployment-targets-from-ios-187watchos-265-to-the
    builtin-SwiftPerFileCompile UndoStoreTests.swift

SwiftCompile normal arm64 /Users/vardy/dev/alanvardy-var-1014-lower-deployment-targets-from-ios-187watchos-265-to-the/SingleThreadTests/URLOpeningTests.swift (in target 'SingleThreadTests' from project 'SingleThread')
    cd /Users/vardy/dev/alanvardy-var-1014-lower-deployment-targets-from-ios-187watchos-265-to-the
    builtin-SwiftPerFileCompile URLOpeningTests.swift

SwiftCompile normal arm64 /Users/vardy/dev/alanvardy-var-1014-lower-deployment-targets-from-ios-187watchos-265-to-the/SingleThreadTests/UserNotificationCenteringTests.swift (in target 'SingleThreadTests' from project 'SingleThread')
    cd /Users/vardy/dev/alanvardy-var-1014-lower-deployment-targets-from-ios-187watchos-265-to-the
    builtin-SwiftPerFileCompile UserNotificationCenteringTests.swift

SwiftCompile normal arm64 Compiling\ ReminderStoreTests.swift,\ RescheduleSheetTests.swift,\ RescheduleSyncTests.swift,\ ResumptionGateTests.swift,\ SettingsCaptionTests.swift,\ SettingsSubscreenLayoutTests.swift,\ SettingsViewModelTests.swift /Users/vardy/dev/alanvardy-var-1014-lower-deployment-targets-from-ios-187watchos-265-to-the/SingleThreadTests/ReminderStoreTests.swift /Users/vardy/dev/alanvardy-var-1014-lower-deployment-targets-from-ios-187watchos-265-to-the/SingleThreadTests/RescheduleSheetTests.swift /Users/vardy/dev/alanvardy-var-1014-lower-deployment-targets-from-ios-187watchos-265-to-the/SingleThreadTests/RescheduleSyncTests.swift /Users/vardy/dev/alanvardy-var-1014-lower-deployment-targets-from-ios-187watchos-265-to-the/SingleThreadTests/ResumptionGateTests.swift /Users/vardy/dev/alanvardy-var-1014-lower-deployment-targets-from-ios-187watchos-265-to-the/SingleThreadTests/SettingsCaptionTests.swift /Users/vardy/dev/alanvardy-var-1014-lower-deployment-targets-from-ios-187watchos-265-to-the/SingleThreadTests/SettingsSubscreenLayoutTests.swift /Users/vardy/dev/alanvardy-var-1014-lower-deployment-targets-from-ios-187watchos-265-to-the/SingleThreadTests/SettingsViewModelTests.swift (in target 'SingleThreadTests' from project 'SingleThread')

SwiftCompile normal arm64 /Users/vardy/dev/alanvardy-var-1014-lower-deployment-targets-from-ios-187watchos-265-to-the/SingleThreadTests/ReminderStoreTests.swift (in target 'SingleThreadTests' from project 'SingleThread')
    cd /Users/vardy/dev/alanvardy-var-1014-lower-deployment-targets-from-ios-187watchos-265-to-the
    builtin-SwiftPerFileCompile ReminderStoreTests.swift

SwiftCompile normal arm64 /Users/vardy/dev/alanvardy-var-1014-lower-deployment-targets-from-ios-187watchos-265-to-the/SingleThreadTests/RescheduleSheetTests.swift (in target 'SingleThreadTests' from project 'SingleThread')
    cd /Users/vardy/dev/alanvardy-var-1014-lower-deployment-targets-from-ios-187watchos-265-to-the
    builtin-SwiftPerFileCompile RescheduleSheetTests.swift

SwiftCompile normal arm64 /Users/vardy/dev/alanvardy-var-1014-lower-deployment-targets-from-ios-187watchos-265-to-the/SingleThreadTests/RescheduleSyncTests.swift (in target 'SingleThreadTests' from project 'SingleThread')
    cd /Users/vardy/dev/alanvardy-var-1014-lower-deployment-targets-from-ios-187watchos-265-to-the
    builtin-SwiftPerFileCompile RescheduleSyncTests.swift

SwiftCompile normal arm64 /Users/vardy/dev/alanvardy-var-1014-lower-deployment-targets-from-ios-187watchos-265-to-the/SingleThreadTests/ResumptionGateTests.swift (in target 'SingleThreadTests' from project 'SingleThread')
    cd /Users/vardy/dev/alanvardy-var-1014-lower-deployment-targets-from-ios-187watchos-265-to-the
    builtin-SwiftPerFileCompile ResumptionGateTests.swift

SwiftCompile normal arm64 /Users/vardy/dev/alanvardy-var-1014-lower-deployment-targets-from-ios-187watchos-265-to-the/SingleThreadTests/SettingsCaptionTests.swift (in target 'SingleThreadTests' from project 'SingleThread')
    cd /Users/vardy/dev/alanvardy-var-1014-lower-deployment-targets-from-ios-187watchos-265-to-the
    builtin-SwiftPerFileCompile SettingsCaptionTests.swift

SwiftCompile normal arm64 /Users/vardy/dev/alanvardy-var-1014-lower-deployment-targets-from-ios-187watchos-265-to-the/SingleThreadTests/SettingsSubscreenLayoutTests.swift (in target 'SingleThreadTests' from project 'SingleThread')
    cd /Users/vardy/dev/alanvardy-var-1014-lower-deployment-targets-from-ios-187watchos-265-to-the
    builtin-SwiftPerFileCompile SettingsSubscreenLayoutTests.swift

SwiftCompile normal arm64 /Users/vardy/dev/alanvardy-var-1014-lower-deployment-targets-from-ios-187watchos-265-to-the/SingleThreadTests/SettingsViewModelTests.swift (in target 'SingleThreadTests' from project 'SingleThread')
    cd /Users/vardy/dev/alanvardy-var-1014-lower-deployment-targets-from-ios-187watchos-265-to-the
    builtin-SwiftPerFileCompile SettingsViewModelTests.swift

SwiftCompile normal arm64 Compiling\ SettingsViewTests.swift,\ ShowAlarmsTests.swift,\ ShowDateTests.swift,\ ShowRecurrenceTests.swift,\ SingleThreadButtonModifierTests.swift,\ SingleThreadTests.swift,\ SkipCountStoreTests.swift /Users/vardy/dev/alanvardy-var-1014-lower-deployment-targets-from-ios-187watchos-265-to-the/SingleThreadTests/SettingsViewTests.swift /Users/vardy/dev/alanvardy-var-1014-lower-deployment-targets-from-ios-187watchos-265-to-the/SingleThreadTests/ShowAlarmsTests.swift /Users/vardy/dev/alanvardy-var-1014-lower-deployment-targets-from-ios-187watchos-265-to-the/SingleThreadTests/ShowDateTests.swift /Users/vardy/dev/alanvardy-var-1014-lower-deployment-targets-from-ios-187watchos-265-to-the/SingleThreadTests/ShowRecurrenceTests.swift /Users/vardy/dev/alanvardy-var-1014-lower-deployment-targets-from-ios-187watchos-265-to-the/SingleThreadTests/SingleThreadButtonModifierTests.swift /Users/vardy/dev/alanvardy-var-1014-lower-deployment-targets-from-ios-187watchos-265-to-the/SingleThreadTests/SingleThreadTests.swift /Users/vardy/dev/alanvardy-var-1014-lower-deployment-targets-from-ios-187watchos-265-to-the/SingleThreadTests/SkipCountStoreTests.swift (in target 'SingleThreadTests' from project 'SingleThread')
/Users/vardy/dev/alanvardy-var-1014-lower-deployment-targets-from-ios-187watchos-265-to-the/SingleThreadTests/SettingsViewTests.swift:396:17: warning: variable 'view' was never mutated; consider changing to 'let' constant [#VariableNeverMutated]
394 |             // Absent key → the @AppStorage property and the seeded bag both read on.
395 |             UserDefaults.standard.removeObject(forKey: key)
396 |             var view = ContentView(loadsReminders: false, eventStore: InMemoryEventStore())
    |                 `- warning: variable 'view' was never mutated; consider changing to 'let' constant [#VariableNeverMutated]
397 |             #expect(view.showMenuBarExtra)
398 |             #expect(view.makeSettingsBag().showMenuBarExtra)

[#VariableNeverMutated]: <https://docs.swift.org/compiler/documentation/diagnostics/variable-never-mutated>

SwiftCompile normal arm64 /Users/vardy/dev/alanvardy-var-1014-lower-deployment-targets-from-ios-187watchos-265-to-the/SingleThreadTests/SettingsViewTests.swift (in target 'SingleThreadTests' from project 'SingleThread')
    cd /Users/vardy/dev/alanvardy-var-1014-lower-deployment-targets-from-ios-187watchos-265-to-the
    builtin-SwiftPerFileCompile SettingsViewTests.swift

SwiftCompile normal arm64 /Users/vardy/dev/alanvardy-var-1014-lower-deployment-targets-from-ios-187watchos-265-to-the/SingleThreadTests/ShowAlarmsTests.swift (in target 'SingleThreadTests' from project 'SingleThread')
    cd /Users/vardy/dev/alanvardy-var-1014-lower-deployment-targets-from-ios-187watchos-265-to-the
    builtin-SwiftPerFileCompile ShowAlarmsTests.swift

SwiftCompile normal arm64 /Users/vardy/dev/alanvardy-var-1014-lower-deployment-targets-from-ios-187watchos-265-to-the/SingleThreadTests/ShowDateTests.swift (in target 'SingleThreadTests' from project 'SingleThread')
    cd /Users/vardy/dev/alanvardy-var-1014-lower-deployment-targets-from-ios-187watchos-265-to-the
    builtin-SwiftPerFileCompile ShowDateTests.swift

SwiftCompile normal arm64 /Users/vardy/dev/alanvardy-var-1014-lower-deployment-targets-from-ios-187watchos-265-to-the/SingleThreadTests/ShowRecurrenceTests.swift (in target 'SingleThreadTests' from project 'SingleThread')
    cd /Users/vardy/dev/alanvardy-var-1014-lower-deployment-targets-from-ios-187watchos-265-to-the
    builtin-SwiftPerFileCompile ShowRecurrenceTests.swift

SwiftCompile normal arm64 /Users/vardy/dev/alanvardy-var-1014-lower-deployment-targets-from-ios-187watchos-265-to-the/SingleThreadTests/SingleThreadButtonModifierTests.swift (in target 'SingleThreadTests' from project 'SingleThread')
    cd /Users/vardy/dev/alanvardy-var-1014-lower-deployment-targets-from-ios-187watchos-265-to-the
    builtin-SwiftPerFileCompile SingleThreadButtonModifierTests.swift

SwiftCompile normal arm64 /Users/vardy/dev/alanvardy-var-1014-lower-deployment-targets-from-ios-187watchos-265-to-the/SingleThreadTests/SingleThreadTests.swift (in target 'SingleThreadTests' from project 'SingleThread')
    cd /Users/vardy/dev/alanvardy-var-1014-lower-deployment-targets-from-ios-187watchos-265-to-the
    builtin-SwiftPerFileCompile SingleThreadTests.swift

SwiftCompile normal arm64 /Users/vardy/dev/alanvardy-var-1014-lower-deployment-targets-from-ios-187watchos-265-to-the/SingleThreadTests/SkipCountStoreTests.swift (in target 'SingleThreadTests' from project 'SingleThread')
    cd /Users/vardy/dev/alanvardy-var-1014-lower-deployment-targets-from-ios-187watchos-265-to-the
    builtin-SwiftPerFileCompile SkipCountStoreTests.swift

SwiftCompile normal arm64 Compiling\ ReminderDictationParserTests.swift,\ ReminderDictationTests.swift,\ ReminderDisplayTests.swift,\ ReminderIntentsTests.swift,\ ReminderRecurrenceFormatterTests.swift,\ ReminderSkipTests.swift,\ ReminderStoreGateTests.swift /Users/vardy/dev/alanvardy-var-1014-lower-deployment-targets-from-ios-187watchos-265-to-the/SingleThreadTests/ReminderDictationParserTests.swift /Users/vardy/dev/alanvardy-var-1014-lower-deployment-targets-from-ios-187watchos-265-to-the/SingleThreadTests/ReminderDictationTests.swift /Users/vardy/dev/alanvardy-var-1014-lower-deployment-targets-from-ios-187watchos-265-to-the/SingleThreadTests/ReminderDisplayTests.swift /Users/vardy/dev/alanvardy-var-1014-lower-deployment-targets-from-ios-187watchos-265-to-the/SingleThreadTests/ReminderIntentsTests.swift /Users/vardy/dev/alanvardy-var-1014-lower-deployment-targets-from-ios-187watchos-265-to-the/SingleThreadTests/ReminderRecurrenceFormatterTests.swift /Users/vardy/dev/alanvardy-var-1014-lower-deployment-targets-from-ios-187watchos-265-to-the/SingleThreadTests/ReminderSkipTests.swift /Users/vardy/dev/alanvardy-var-1014-lower-deployment-targets-from-ios-187watchos-265-to-the/SingleThreadTests/ReminderStoreGateTests.swift (in target 'SingleThreadTests' from project 'SingleThread')

SwiftCompile normal arm64 /Users/vardy/dev/alanvardy-var-1014-lower-deployment-targets-from-ios-187watchos-265-to-the/SingleThreadTests/ReminderDictationParserTests.swift (in target 'SingleThreadTests' from project 'SingleThread')
    cd /Users/vardy/dev/alanvardy-var-1014-lower-deployment-targets-from-ios-187watchos-265-to-the
    builtin-SwiftPerFileCompile ReminderDictationParserTests.swift

SwiftCompile normal arm64 /Users/vardy/dev/alanvardy-var-1014-lower-deployment-targets-from-ios-187watchos-265-to-the/SingleThreadTests/ReminderDictationTests.swift (in target 'SingleThreadTests' from project 'SingleThread')
    cd /Users/vardy/dev/alanvardy-var-1014-lower-deployment-targets-from-ios-187watchos-265-to-the
    builtin-SwiftPerFileCompile ReminderDictationTests.swift

SwiftCompile normal arm64 /Users/vardy/dev/alanvardy-var-1014-lower-deployment-targets-from-ios-187watchos-265-to-the/SingleThreadTests/ReminderDisplayTests.swift (in target 'SingleThreadTests' from project 'SingleThread')
    cd /Users/vardy/dev/alanvardy-var-1014-lower-deployment-targets-from-ios-187watchos-265-to-the
    builtin-SwiftPerFileCompile ReminderDisplayTests.swift

SwiftCompile normal arm64 /Users/vardy/dev/alanvardy-var-1014-lower-deployment-targets-from-ios-187watchos-265-to-the/SingleThreadTests/ReminderIntentsTests.swift (in target 'SingleThreadTests' from project 'SingleThread')
    cd /Users/vardy/dev/alanvardy-var-1014-lower-deployment-targets-from-ios-187watchos-265-to-the
    builtin-SwiftPerFileCompile ReminderIntentsTests.swift

SwiftCompile normal arm64 /Users/vardy/dev/alanvardy-var-1014-lower-deployment-targets-from-ios-187watchos-265-to-the/SingleThreadTests/ReminderRecurrenceFormatterTests.swift (in target 'SingleThreadTests' from project 'SingleThread')
    cd /Users/vardy/dev/alanvardy-var-1014-lower-deployment-targets-from-ios-187watchos-265-to-the
    builtin-SwiftPerFileCompile ReminderRecurrenceFormatterTests.swift

SwiftCompile normal arm64 /Users/vardy/dev/alanvardy-var-1014-lower-deployment-targets-from-ios-187watchos-265-to-the/SingleThreadTests/ReminderSkipTests.swift (in target 'SingleThreadTests' from project 'SingleThread')
    cd /Users/vardy/dev/alanvardy-var-1014-lower-deployment-targets-from-ios-187watchos-265-to-the
    builtin-SwiftPerFileCompile ReminderSkipTests.swift

SwiftCompile normal arm64 /Users/vardy/dev/alanvardy-var-1014-lower-deployment-targets-from-ios-187watchos-265-to-the/SingleThreadTests/ReminderStoreGateTests.swift (in target 'SingleThreadTests' from project 'SingleThread')
    cd /Users/vardy/dev/alanvardy-var-1014-lower-deployment-targets-from-ios-187watchos-265-to-the
    builtin-SwiftPerFileCompile ReminderStoreGateTests.swift

SwiftCompile normal arm64 Compiling\ SkippedReminderSyncServiceTests.swift,\ SortOptionTests.swift,\ StaleReminderRecheckerTests.swift,\ StubBundle.swift,\ SwipePromptTests.swift,\ TestFixtures.swift /Users/vardy/dev/alanvardy-var-1014-lower-deployment-targets-from-ios-187watchos-265-to-the/SingleThreadTests/SkippedReminderSyncServiceTests.swift /Users/vardy/dev/alanvardy-var-1014-lower-deployment-targets-from-ios-187watchos-265-to-the/SingleThreadTests/SortOptionTests.swift /Users/vardy/dev/alanvardy-var-1014-lower-deployment-targets-from-ios-187watchos-265-to-the/SingleThreadTests/StaleReminderRecheckerTests.swift /Users/vardy/dev/alanvardy-var-1014-lower-deployment-targets-from-ios-187watchos-265-to-the/SingleThreadTests/StubBundle.swift /Users/vardy/dev/alanvardy-var-1014-lower-deployment-targets-from-ios-187watchos-265-to-the/SingleThreadTests/SwipePromptTests.swift /Users/vardy/dev/alanvardy-var-1014-lower-deployment-targets-from-ios-187watchos-265-to-the/SingleThreadTests/TestFixtures.swift (in target 'SingleThreadTests' from project 'SingleThread')

SwiftCompile normal arm64 /Users/vardy/dev/alanvardy-var-1014-lower-deployment-targets-from-ios-187watchos-265-to-the/SingleThreadTests/SkippedReminderSyncServiceTests.swift (in target 'SingleThreadTests' from project 'SingleThread')
    cd /Users/vardy/dev/alanvardy-var-1014-lower-deployment-targets-from-ios-187watchos-265-to-the
    builtin-SwiftPerFileCompile SkippedReminderSyncServiceTests.swift

SwiftCompile normal arm64 /Users/vardy/dev/alanvardy-var-1014-lower-deployment-targets-from-ios-187watchos-265-to-the/SingleThreadTests/SortOptionTests.swift (in target 'SingleThreadTests' from project 'SingleThread')
    cd /Users/vardy/dev/alanvardy-var-1014-lower-deployment-targets-from-ios-187watchos-265-to-the
    builtin-SwiftPerFileCompile SortOptionTests.swift

SwiftCompile normal arm64 /Users/vardy/dev/alanvardy-var-1014-lower-deployment-targets-from-ios-187watchos-265-to-the/SingleThreadTests/StaleReminderRecheckerTests.swift (in target 'SingleThreadTests' from project 'SingleThread')
    cd /Users/vardy/dev/alanvardy-var-1014-lower-deployment-targets-from-ios-187watchos-265-to-the
    builtin-SwiftPerFileCompile StaleReminderRecheckerTests.swift

SwiftCompile normal arm64 /Users/vardy/dev/alanvardy-var-1014-lower-deployment-targets-from-ios-187watchos-265-to-the/SingleThreadTests/StubBundle.swift (in target 'SingleThreadTests' from project 'SingleThread')
    cd /Users/vardy/dev/alanvardy-var-1014-lower-deployment-targets-from-ios-187watchos-265-to-the
    builtin-SwiftPerFileCompile StubBundle.swift

SwiftCompile normal arm64 /Users/vardy/dev/alanvardy-var-1014-lower-deployment-targets-from-ios-187watchos-265-to-the/SingleThreadTests/SwipePromptTests.swift (in target 'SingleThreadTests' from project 'SingleThread')
    cd /Users/vardy/dev/alanvardy-var-1014-lower-deployment-targets-from-ios-187watchos-265-to-the
    builtin-SwiftPerFileCompile SwipePromptTests.swift

SwiftCompile normal arm64 /Users/vardy/dev/alanvardy-var-1014-lower-deployment-targets-from-ios-187watchos-265-to-the/SingleThreadTests/TestFixtures.swift (in target 'SingleThreadTests' from project 'SingleThread')
    cd /Users/vardy/dev/alanvardy-var-1014-lower-deployment-targets-from-ios-187watchos-265-to-the
    builtin-SwiftPerFileCompile TestFixtures.swift

SwiftCompile normal arm64 Compiling\ AppInfoTests.swift,\ AppViewModelSyncWiringTests.swift,\ BackgroundCardTests.swift,\ BackgroundFadeTests.swift,\ BackgroundImageStoreTests.swift,\ BackgroundPhotoLayerTests.swift,\ BackgroundTestFixtures.swift /Users/vardy/dev/alanvardy-var-1014-lower-deployment-targets-from-ios-187watchos-265-to-the/SingleThreadTests/AppInfoTests.swift /Users/vardy/dev/alanvardy-var-1014-lower-deployment-targets-from-ios-187watchos-265-to-the/SingleThreadTests/AppViewModelSyncWiringTests.swift /Users/vardy/dev/alanvardy-var-1014-lower-deployment-targets-from-ios-187watchos-265-to-the/SingleThreadTests/BackgroundCardTests.swift /Users/vardy/dev/alanvardy-var-1014-lower-deployment-targets-from-ios-187watchos-265-to-the/SingleThreadTests/BackgroundFadeTests.swift /Users/vardy/dev/alanvardy-var-1014-lower-deployment-targets-from-ios-187watchos-265-to-the/SingleThreadTests/BackgroundImageStoreTests.swift /Users/vardy/dev/alanvardy-var-1014-lower-deployment-targets-from-ios-187watchos-265-to-the/SingleThreadTests/BackgroundPhotoLayerTests.swift /Users/vardy/dev/alanvardy-var-1014-lower-deployment-targets-from-ios-187watchos-265-to-the/SingleThreadTests/BackgroundTestFixtures.swift (in target 'SingleThreadTests' from project 'SingleThread')

SwiftCompile normal arm64 /Users/vardy/dev/alanvardy-var-1014-lower-deployment-targets-from-ios-187watchos-265-to-the/SingleThreadTests/AppInfoTests.swift (in target 'SingleThreadTests' from project 'SingleThread')
    cd /Users/vardy/dev/alanvardy-var-1014-lower-deployment-targets-from-ios-187watchos-265-to-the
    builtin-SwiftPerFileCompile AppInfoTests.swift

SwiftCompile normal arm64 /Users/vardy/dev/alanvardy-var-1014-lower-deployment-targets-from-ios-187watchos-265-to-the/SingleThreadTests/AppViewModelSyncWiringTests.swift (in target 'SingleThreadTests' from project 'SingleThread')
    cd /Users/vardy/dev/alanvardy-var-1014-lower-deployment-targets-from-ios-187watchos-265-to-the
    builtin-SwiftPerFileCompile AppViewModelSyncWiringTests.swift

SwiftCompile normal arm64 /Users/vardy/dev/alanvardy-var-1014-lower-deployment-targets-from-ios-187watchos-265-to-the/SingleThreadTests/BackgroundCardTests.swift (in target 'SingleThreadTests' from project 'SingleThread')
    cd /Users/vardy/dev/alanvardy-var-1014-lower-deployment-targets-from-ios-187watchos-265-to-the
    builtin-SwiftPerFileCompile BackgroundCardTests.swift

SwiftCompile normal arm64 /Users/vardy/dev/alanvardy-var-1014-lower-deployment-targets-from-ios-187watchos-265-to-the/SingleThreadTests/BackgroundFadeTests.swift (in target 'SingleThreadTests' from project 'SingleThread')
    cd /Users/vardy/dev/alanvardy-var-1014-lower-deployment-targets-from-ios-187watchos-265-to-the
    builtin-SwiftPerFileCompile BackgroundFadeTests.swift

SwiftCompile normal arm64 /Users/vardy/dev/alanvardy-var-1014-lower-deployment-targets-from-ios-187watchos-265-to-the/SingleThreadTests/BackgroundImageStoreTests.swift (in target 'SingleThreadTests' from project 'SingleThread')
    cd /Users/vardy/dev/alanvardy-var-1014-lower-deployment-targets-from-ios-187watchos-265-to-the
    builtin-SwiftPerFileCompile BackgroundImageStoreTests.swift

SwiftCompile normal arm64 /Users/vardy/dev/alanvardy-var-1014-lower-deployment-targets-from-ios-187watchos-265-to-the/SingleThreadTests/BackgroundPhotoLayerTests.swift (in target 'SingleThreadTests' from project 'SingleThread')
    cd /Users/vardy/dev/alanvardy-var-1014-lower-deployment-targets-from-ios-187watchos-265-to-the
    builtin-SwiftPerFileCompile BackgroundPhotoLayerTests.swift

SwiftCompile normal arm64 /Users/vardy/dev/alanvardy-var-1014-lower-deployment-targets-from-ios-187watchos-265-to-the/SingleThreadTests/BackgroundTestFixtures.swift (in target 'SingleThreadTests' from project 'SingleThread')
    cd /Users/vardy/dev/alanvardy-var-1014-lower-deployment-targets-from-ios-187watchos-265-to-the
    builtin-SwiftPerFileCompile BackgroundTestFixtures.swift

SwiftCompile normal arm64 Compiling\ AboutViewTests.swift,\ ActionButtonTests.swift,\ ActionMenuGateTests.swift,\ AppDelegateTests.swift,\ AppearanceModePreferenceTests.swift,\ AppearanceModeTests.swift,\ AppGroupTests.swift /Users/vardy/dev/alanvardy-var-1014-lower-deployment-targets-from-ios-187watchos-265-to-the/SingleThreadTests/AboutViewTests.swift /Users/vardy/dev/alanvardy-var-1014-lower-deployment-targets-from-ios-187watchos-265-to-the/SingleThreadTests/ActionButtonTests.swift /Users/vardy/dev/alanvardy-var-1014-lower-deployment-targets-from-ios-187watchos-265-to-the/SingleThreadTests/ActionMenuGateTests.swift /Users/vardy/dev/alanvardy-var-1014-lower-deployment-targets-from-ios-187watchos-265-to-the/SingleThreadTests/AppDelegateTests.swift /Users/vardy/dev/alanvardy-var-1014-lower-deployment-targets-from-ios-187watchos-265-to-the/SingleThreadTests/AppearanceModePreferenceTests.swift /Users/vardy/dev/alanvardy-var-1014-lower-deployment-targets-from-ios-187watchos-265-to-the/SingleThreadTests/AppearanceModeTests.swift /Users/vardy/dev/alanvardy-var-1014-lower-deployment-targets-from-ios-187watchos-265-to-the/SingleThreadTests/AppGroupTests.swift (in target 'SingleThreadTests' from project 'SingleThread')

SwiftCompile normal arm64 /Users/vardy/dev/alanvardy-var-1014-lower-deployment-targets-from-ios-187watchos-265-to-the/SingleThreadTests/AboutViewTests.swift (in target 'SingleThreadTests' from project 'SingleThread')
    cd /Users/vardy/dev/alanvardy-var-1014-lower-deployment-targets-from-ios-187watchos-265-to-the
    builtin-SwiftPerFileCompile AboutViewTests.swift

SwiftCompile normal arm64 /Users/vardy/dev/alanvardy-var-1014-lower-deployment-targets-from-ios-187watchos-265-to-the/SingleThreadTests/ActionButtonTests.swift (in target 'SingleThreadTests' from project 'SingleThread')
    cd /Users/vardy/dev/alanvardy-var-1014-lower-deployment-targets-from-ios-187watchos-265-to-the
    builtin-SwiftPerFileCompile ActionButtonTests.swift

SwiftCompile normal arm64 /Users/vardy/dev/alanvardy-var-1014-lower-deployment-targets-from-ios-187watchos-265-to-the/SingleThreadTests/ActionMenuGateTests.swift (in target 'SingleThreadTests' from project 'SingleThread')
    cd /Users/vardy/dev/alanvardy-var-1014-lower-deployment-targets-from-ios-187watchos-265-to-the
    builtin-SwiftPerFileCompile ActionMenuGateTests.swift

SwiftCompile normal arm64 /Users/vardy/dev/alanvardy-var-1014-lower-deployment-targets-from-ios-187watchos-265-to-the/SingleThreadTests/AppDelegateTests.swift (in target 'SingleThreadTests' from project 'SingleThread')
    cd /Users/vardy/dev/alanvardy-var-1014-lower-deployment-targets-from-ios-187watchos-265-to-the
    builtin-SwiftPerFileCompile AppDelegateTests.swift

SwiftCompile normal arm64 /Users/vardy/dev/alanvardy-var-1014-lower-deployment-targets-from-ios-187watchos-265-to-the/SingleThreadTests/AppearanceModePreferenceTests.swift (in target 'SingleThreadTests' from project 'SingleThread')
    cd /Users/vardy/dev/alanvardy-var-1014-lower-deployment-targets-from-ios-187watchos-265-to-the
    builtin-SwiftPerFileCompile AppearanceModePreferenceTests.swift

SwiftCompile normal arm64 /Users/vardy/dev/alanvardy-var-1014-lower-deployment-targets-from-ios-187watchos-265-to-the/SingleThreadTests/AppearanceModeTests.swift (in target 'SingleThreadTests' from project 'SingleThread')
    cd /Users/vardy/dev/alanvardy-var-1014-lower-deployment-targets-from-ios-187watchos-265-to-the
    builtin-SwiftPerFileCompile AppearanceModeTests.swift

SwiftCompile normal arm64 /Users/vardy/dev/alanvardy-var-1014-lower-deployment-targets-from-ios-187watchos-265-to-the/SingleThreadTests/AppGroupTests.swift (in target 'SingleThreadTests' from project 'SingleThread')
    cd /Users/vardy/dev/alanvardy-var-1014-lower-deployment-targets-from-ios-187watchos-265-to-the
    builtin-SwiftPerFileCompile AppGroupTests.swift

SwiftDriverJobDiscovery normal arm64 Compiling SingleThreadUITests.swift (in target 'SingleThreadUITests' from project 'SingleThread')

SwiftDriver\ Compilation SingleThreadUITests normal arm64 com.apple.xcode.tools.swift.compiler (in target 'SingleThreadUITests' from project 'SingleThread')
    cd /Users/vardy/dev/alanvardy-var-1014-lower-deployment-targets-from-ios-187watchos-265-to-the
    builtin-Swift-Compilation -- /Applications/Xcode.app/Contents/Developer/Toolchains/XcodeDefault.xctoolchain/usr/bin/swiftc -module-name SingleThreadUITests -Onone @/Users/vardy/dev/alanvardy-var-1014-lower-deployment-targets-from-ios-187watchos-265-to-the/DerivedData/Build/Intermediates.noindex/SingleThread.build/Debug/SingleThreadUITests.build/Objects-normal/arm64/SingleThreadUITests.SwiftFileList -DDEBUG -module-alias Testing\=_Testing_Unavailable -plugin-path /Applications/Xcode.app/Contents/Developer/Toolchains/XcodeDefault.xctoolchain/usr/lib/swift/host/plugins/testing -enable-upcoming-feature MemberImportVisibility -enable-upcoming-feature InferIsolatedConformances -enable-upcoming-feature NonisolatedNonsendingByDefault -enable-experimental-feature DebugDescriptionMacro -sdk /Applications/Xcode.app/Contents/Developer/Platforms/MacOSX.platform/Developer/SDKs/MacOSX27.0.sdk -target arm64-apple-macos26.5 -g -module-cache-path /Users/vardy/dev/alanvardy-var-1014-lower-deployment-targets-from-ios-187watchos-265-to-the/DerivedData/ModuleCache.noindex -Xfrontend -serialize-debugging-options -profile-coverage-mapping -profile-generate -enable-testing -warnings-as-errors -index-store-path /Users/vardy/dev/alanvardy-var-1014-lower-deployment-targets-from-ios-187watchos-265-to-the/DerivedData/Index.noindex/DataStore -Xcc -D_LIBCPP_HARDENING_MODE\=_LIBCPP_HARDENING_MODE_DEBUG -swift-version 6 -I /Users/vardy/dev/alanvardy-var-1014-lower-deployment-targets-from-ios-187watchos-265-to-the/DerivedData/Build/Products/Debug -Isystem /Applications/Xcode.app/Contents/Developer/Platforms/MacOSX.platform/Developer/usr/lib -F /Users/vardy/dev/alanvardy-var-1014-lower-deployment-targets-from-ios-187watchos-265-to-the/DerivedData/Build/Products/Debug/PackageFrameworks -F /Users/vardy/dev/alanvardy-var-1014-lower-deployment-targets-from-ios-187watchos-265-to-the/DerivedData/Build/Products/Debug -F /Applications/Xcode.app/Contents/Developer/Platforms/MacOSX.platform/Developer/Library/Frameworks -parse-as-library -c -j12 -enable-batch-mode -incremental -Xcc -ivfsstatcache -Xcc /Users/vardy/dev/alanvardy-var-1014-lower-deployment-targets-from-ios-187watchos-265-to-the/DerivedData/SDKStatCaches.noindex/macosx27.0-26A425-7231f6df4def33e022ae2eb8f782df1a.sdkstatcache -output-file-map /Users/vardy/dev/alanvardy-var-1014-lower-deployment-targets-from-ios-187watchos-265-to-the/DerivedData/Build/Intermediates.noindex/SingleThread.build/Debug/SingleThreadUITests.build/Objects-normal/arm64/SingleThreadUITests-OutputFileMap.json -save-temps -no-color-diagnostics -explicit-module-build -module-cache-path /Users/vardy/dev/alanvardy-var-1014-lower-deployment-targets-from-ios-187watchos-265-to-the/DerivedData/Build/Intermediates.noindex/SwiftExplicitPrecompiledModules -clang-scanner-module-cache-path /Users/vardy/dev/alanvardy-var-1014-lower-deployment-targets-from-ios-187watchos-265-to-the/DerivedData/ModuleCache.noindex -sdk-module-cache-path /Users/vardy/dev/alanvardy-var-1014-lower-deployment-targets-from-ios-187watchos-265-to-the/DerivedData/SDKExplicitPrecompiledModules -emit-dependencies -emit-module -emit-module-path /Users/vardy/dev/alanvardy-var-1014-lower-deployment-targets-from-ios-187watchos-265-to-the/DerivedData/Build/Intermediates.noindex/SingleThread.build/Debug/SingleThreadUITests.build/Objects-normal/arm64/SingleThreadUITests.swiftmodule -serialize-diagnostics -dependency-scan-serialize-diagnostics-path /Users/vardy/dev/alanvardy-var-1014-lower-deployment-targets-from-ios-187watchos-265-to-the/DerivedData/Build/Intermediates.noindex/SingleThread.build/Debug/SingleThreadUITests.build/Objects-normal/arm64/SingleThreadUITests-dependency-scan.dia -validate-clang-modules-once -clang-build-session-file /Users/vardy/dev/alanvardy-var-1014-lower-deployment-targets-from-ios-187watchos-265-to-the/DerivedData/ModuleCache.noindex/Session.modulevalidation -Xcc -fmodules-prune-interval\=86400 -Xcc -fmodules-prune-after\=345600 -emit-const-values -const-gather-protocols-list /Users/vardy/dev/alanvardy-var-1014-lower-deployment-targets-from-ios-187watchos-265-to-the/DerivedData/Build/Intermediates.noindex/SingleThread.build/Debug/SingleThreadUITests.build/Objects-normal/arm64/SingleThreadUITests_const_extract_protocols.json -Xcc -iquote -Xcc /Users/vardy/dev/alanvardy-var-1014-lower-deployment-targets-from-ios-187watchos-265-to-the/DerivedData/Build/Intermediates.noindex/SingleThread.build/Debug/SingleThreadUITests.build/SingleThreadUITests-generated-files.hmap -Xcc -I/Users/vardy/dev/alanvardy-var-1014-lower-deployment-targets-from-ios-187watchos-265-to-the/DerivedData/Build/Intermediates.noindex/SingleThread.build/Debug/SingleThreadUITests.build/SingleThreadUITests-own-target-headers.hmap -Xcc -I/Users/vardy/dev/alanvardy-var-1014-lower-deployment-targets-from-ios-187watchos-265-to-the/DerivedData/Build/Intermediates.noindex/SingleThread.build/Debug/SingleThreadUITests.build/SingleThreadUITests-all-non-framework-target-headers.hmap -Xcc -ivfsoverlay -Xcc /Users/vardy/dev/alanvardy-var-1014-lower-deployment-targets-from-ios-187watchos-265-to-the/DerivedData/Build/Intermediates.noindex/SingleThread.build/Debug/SingleThread-33ec346c36bc7f11d2672a35e2382a55-VFS/all-product-headers.yaml -Xcc -iquote -Xcc /Users/vardy/dev/alanvardy-var-1014-lower-deployment-targets-from-ios-187watchos-265-to-the/DerivedData/Build/Intermediates.noindex/SingleThread.build/Debug/SingleThreadUITests.build/SingleThreadUITests-project-headers.hmap -Xcc -I/Users/vardy/dev/alanvardy-var-1014-lower-deployment-targets-from-ios-187watchos-265-to-the/DerivedData/Build/Products/Debug/include -Xcc -I/Users/vardy/dev/alanvardy-var-1014-lower-deployment-targets-from-ios-187watchos-265-to-the/DerivedData/Build/Intermediates.noindex/SingleThread.build/Debug/SingleThreadUITests.build/DerivedSources-normal/arm64 -Xcc -I/Users/vardy/dev/alanvardy-var-1014-lower-deployment-targets-from-ios-187watchos-265-to-the/DerivedData/Build/Intermediates.noindex/SingleThread.build/Debug/SingleThreadUITests.build/DerivedSources/arm64 -Xcc -I/Users/vardy/dev/alanvardy-var-1014-lower-deployment-targets-from-ios-187watchos-265-to-the/DerivedData/Build/Intermediates.noindex/SingleThread.build/Debug/SingleThreadUITests.build/DerivedSources -Xcc -DDEBUG\=1 -emit-objc-header -emit-objc-header-path /Users/vardy/dev/alanvardy-var-1014-lower-deployment-targets-from-ios-187watchos-265-to-the/DerivedData/Build/Intermediates.noindex/SingleThread.build/Debug/SingleThreadUITests.build/Objects-normal/arm64/SingleThreadUITests-Swift.h -working-directory /Users/vardy/dev/alanvardy-var-1014-lower-deployment-targets-from-ios-187watchos-265-to-the -experimental-emit-module-separately -disable-cmo

SwiftDriverJobDiscovery normal arm64 Compiling ContentView.swift, ContentView+ActionMenu.swift, ContentView+iOS.swift, ContentView+Previews.swift (in target 'SingleThread' from project 'SingleThread')

SwiftCompile normal arm64 Compiling\ CompletionCounterStoreTests.swift,\ CompletionGlowTests.swift,\ CompletionMomentumOverlayTests.swift,\ ContentViewModelTests.swift,\ DailyCompletionStoreTests.swift,\ EnableActionButtonsMigrationTests.swift,\ EnableActionButtonsSyncTests.swift /Users/vardy/dev/alanvardy-var-1014-lower-deployment-targets-from-ios-187watchos-265-to-the/SingleThreadTests/CompletionCounterStoreTests.swift /Users/vardy/dev/alanvardy-var-1014-lower-deployment-targets-from-ios-187watchos-265-to-the/SingleThreadTests/CompletionGlowTests.swift /Users/vardy/dev/alanvardy-var-1014-lower-deployment-targets-from-ios-187watchos-265-to-the/SingleThreadTests/CompletionMomentumOverlayTests.swift /Users/vardy/dev/alanvardy-var-1014-lower-deployment-targets-from-ios-187watchos-265-to-the/SingleThreadTests/ContentViewModelTests.swift /Users/vardy/dev/alanvardy-var-1014-lower-deployment-targets-from-ios-187watchos-265-to-the/SingleThreadTests/DailyCompletionStoreTests.swift /Users/vardy/dev/alanvardy-var-1014-lower-deployment-targets-from-ios-187watchos-265-to-the/SingleThreadTests/EnableActionButtonsMigrationTests.swift /Users/vardy/dev/alanvardy-var-1014-lower-deployment-targets-from-ios-187watchos-265-to-the/SingleThreadTests/EnableActionButtonsSyncTests.swift (in target 'SingleThreadTests' from project 'SingleThread')

SwiftCompile normal arm64 /Users/vardy/dev/alanvardy-var-1014-lower-deployment-targets-from-ios-187watchos-265-to-the/SingleThreadTests/CompletionCounterStoreTests.swift (in target 'SingleThreadTests' from project 'SingleThread')
    cd /Users/vardy/dev/alanvardy-var-1014-lower-deployment-targets-from-ios-187watchos-265-to-the
    builtin-SwiftPerFileCompile CompletionCounterStoreTests.swift

SwiftCompile normal arm64 /Users/vardy/dev/alanvardy-var-1014-lower-deployment-targets-from-ios-187watchos-265-to-the/SingleThreadTests/CompletionGlowTests.swift (in target 'SingleThreadTests' from project 'SingleThread')
    cd /Users/vardy/dev/alanvardy-var-1014-lower-deployment-targets-from-ios-187watchos-265-to-the
    builtin-SwiftPerFileCompile CompletionGlowTests.swift

SwiftCompile normal arm64 /Users/vardy/dev/alanvardy-var-1014-lower-deployment-targets-from-ios-187watchos-265-to-the/SingleThreadTests/CompletionMomentumOverlayTests.swift (in target 'SingleThreadTests' from project 'SingleThread')
    cd /Users/vardy/dev/alanvardy-var-1014-lower-deployment-targets-from-ios-187watchos-265-to-the
    builtin-SwiftPerFileCompile CompletionMomentumOverlayTests.swift

SwiftCompile normal arm64 /Users/vardy/dev/alanvardy-var-1014-lower-deployment-targets-from-ios-187watchos-265-to-the/SingleThreadTests/ContentViewModelTests.swift (in target 'SingleThreadTests' from project 'SingleThread')
    cd /Users/vardy/dev/alanvardy-var-1014-lower-deployment-targets-from-ios-187watchos-265-to-the
    builtin-SwiftPerFileCompile ContentViewModelTests.swift

SwiftCompile normal arm64 /Users/vardy/dev/alanvardy-var-1014-lower-deployment-targets-from-ios-187watchos-265-to-the/SingleThreadTests/DailyCompletionStoreTests.swift (in target 'SingleThreadTests' from project 'SingleThread')
    cd /Users/vardy/dev/alanvardy-var-1014-lower-deployment-targets-from-ios-187watchos-265-to-the
    builtin-SwiftPerFileCompile DailyCompletionStoreTests.swift

SwiftCompile normal arm64 /Users/vardy/dev/alanvardy-var-1014-lower-deployment-targets-from-ios-187watchos-265-to-the/SingleThreadTests/EnableActionButtonsMigrationTests.swift (in target 'SingleThreadTests' from project 'SingleThread')
    cd /Users/vardy/dev/alanvardy-var-1014-lower-deployment-targets-from-ios-187watchos-265-to-the
    builtin-SwiftPerFileCompile EnableActionButtonsMigrationTests.swift

SwiftCompile normal arm64 /Users/vardy/dev/alanvardy-var-1014-lower-deployment-targets-from-ios-187watchos-265-to-the/SingleThreadTests/EnableActionButtonsSyncTests.swift (in target 'SingleThreadTests' from project 'SingleThread')
    cd /Users/vardy/dev/alanvardy-var-1014-lower-deployment-targets-from-ios-187watchos-265-to-the
    builtin-SwiftPerFileCompile EnableActionButtonsSyncTests.swift

SwiftCompile normal arm64 Compiling\ BoolPreferenceKeyTests.swift,\ BoolPreferenceStoreTests.swift,\ CardPlateModifierTests.swift,\ CardPlateTests.swift,\ CardWidthTests.swift,\ CodeSpanFormatterTests.swift,\ ColorCrossPlatformTests.swift /Users/vardy/dev/alanvardy-var-1014-lower-deployment-targets-from-ios-187watchos-265-to-the/SingleThreadTests/BoolPreferenceKeyTests.swift /Users/vardy/dev/alanvardy-var-1014-lower-deployment-targets-from-ios-187watchos-265-to-the/SingleThreadTests/BoolPreferenceStoreTests.swift /Users/vardy/dev/alanvardy-var-1014-lower-deployment-targets-from-ios-187watchos-265-to-the/SingleThreadTests/CardPlateModifierTests.swift /Users/vardy/dev/alanvardy-var-1014-lower-deployment-targets-from-ios-187watchos-265-to-the/SingleThreadTests/CardPlateTests.swift /Users/vardy/dev/alanvardy-var-1014-lower-deployment-targets-from-ios-187watchos-265-to-the/SingleThreadTests/CardWidthTests.swift /Users/vardy/dev/alanvardy-var-1014-lower-deployment-targets-from-ios-187watchos-265-to-the/SingleThreadTests/CodeSpanFormatterTests.swift /Users/vardy/dev/alanvardy-var-1014-lower-deployment-targets-from-ios-187watchos-265-to-the/SingleThreadTests/ColorCrossPlatformTests.swift (in target 'SingleThreadTests' from project 'SingleThread')

SwiftCompile normal arm64 /Users/vardy/dev/alanvardy-var-1014-lower-deployment-targets-from-ios-187watchos-265-to-the/SingleThreadTests/BoolPreferenceKeyTests.swift (in target 'SingleThreadTests' from project 'SingleThread')
    cd /Users/vardy/dev/alanvardy-var-1014-lower-deployment-targets-from-ios-187watchos-265-to-the
    builtin-SwiftPerFileCompile BoolPreferenceKeyTests.swift

SwiftCompile normal arm64 /Users/vardy/dev/alanvardy-var-1014-lower-deployment-targets-from-ios-187watchos-265-to-the/SingleThreadTests/BoolPreferenceStoreTests.swift (in target 'SingleThreadTests' from project 'SingleThread')
    cd /Users/vardy/dev/alanvardy-var-1014-lower-deployment-targets-from-ios-187watchos-265-to-the
    builtin-SwiftPerFileCompile BoolPreferenceStoreTests.swift

SwiftCompile normal arm64 /Users/vardy/dev/alanvardy-var-1014-lower-deployment-targets-from-ios-187watchos-265-to-the/SingleThreadTests/CardPlateModifierTests.swift (in target 'SingleThreadTests' from project 'SingleThread')
    cd /Users/vardy/dev/alanvardy-var-1014-lower-deployment-targets-from-ios-187watchos-265-to-the
    builtin-SwiftPerFileCompile CardPlateModifierTests.swift

SwiftCompile normal arm64 /Users/vardy/dev/alanvardy-var-1014-lower-deployment-targets-from-ios-187watchos-265-to-the/SingleThreadTests/CardPlateTests.swift (in target 'SingleThreadTests' from project 'SingleThread')
    cd /Users/vardy/dev/alanvardy-var-1014-lower-deployment-targets-from-ios-187watchos-265-to-the
    builtin-SwiftPerFileCompile CardPlateTests.swift

SwiftCompile normal arm64 /Users/vardy/dev/alanvardy-var-1014-lower-deployment-targets-from-ios-187watchos-265-to-the/SingleThreadTests/CardWidthTests.swift (in target 'SingleThreadTests' from project 'SingleThread')
    cd /Users/vardy/dev/alanvardy-var-1014-lower-deployment-targets-from-ios-187watchos-265-to-the
    builtin-SwiftPerFileCompile CardWidthTests.swift

SwiftCompile normal arm64 /Users/vardy/dev/alanvardy-var-1014-lower-deployment-targets-from-ios-187watchos-265-to-the/SingleThreadTests/CodeSpanFormatterTests.swift (in target 'SingleThreadTests' from project 'SingleThread')
    cd /Users/vardy/dev/alanvardy-var-1014-lower-deployment-targets-from-ios-187watchos-265-to-the
    builtin-SwiftPerFileCompile CodeSpanFormatterTests.swift

SwiftCompile normal arm64 /Users/vardy/dev/alanvardy-var-1014-lower-deployment-targets-from-ios-187watchos-265-to-the/SingleThreadTests/ColorCrossPlatformTests.swift (in target 'SingleThreadTests' from project 'SingleThread')
    cd /Users/vardy/dev/alanvardy-var-1014-lower-deployment-targets-from-ios-187watchos-265-to-the
    builtin-SwiftPerFileCompile ColorCrossPlatformTests.swift

SwiftDriverJobDiscovery normal arm64 Compiling SkippedReminderSyncServiceTests.swift, SortOptionTests.swift, StaleReminderRecheckerTests.swift, StubBundle.swift, SwipePromptTests.swift, TestFixtures.swift (in target 'SingleThreadTests' from project 'SingleThread')

SwiftDriver\ Compilation SingleThread normal arm64 com.apple.xcode.tools.swift.compiler (in target 'SingleThread' from project 'SingleThread')
    cd /Users/vardy/dev/alanvardy-var-1014-lower-deployment-targets-from-ios-187watchos-265-to-the
    builtin-Swift-Compilation -- /Applications/Xcode.app/Contents/Developer/Toolchains/XcodeDefault.xctoolchain/usr/bin/swiftc -module-name SingleThread -Onone @/Users/vardy/dev/alanvardy-var-1014-lower-deployment-targets-from-ios-187watchos-265-to-the/DerivedData/Build/Intermediates.noindex/SingleThread.build/Debug/SingleThread.build/Objects-normal/arm64/SingleThread.SwiftFileList -DDEBUG -default-isolation\=MainActor -enable-upcoming-feature MemberImportVisibility -enable-upcoming-feature InferIsolatedConformances -enable-upcoming-feature NonisolatedNonsendingByDefault -enable-experimental-feature DebugDescriptionMacro -sdk /Applications/Xcode.app/Contents/Developer/Platforms/MacOSX.platform/Developer/SDKs/MacOSX27.0.sdk -target arm64-apple-macos26.5 -g -module-cache-path /Users/vardy/dev/alanvardy-var-1014-lower-deployment-targets-from-ios-187watchos-265-to-the/DerivedData/ModuleCache.noindex -Xfrontend -serialize-debugging-options -profile-coverage-mapping -profile-generate -enable-testing -warnings-as-errors -index-store-path /Users/vardy/dev/alanvardy-var-1014-lower-deployment-targets-from-ios-187watchos-265-to-the/DerivedData/Index.noindex/DataStore -Xcc -D_LIBCPP_HARDENING_MODE\=_LIBCPP_HARDENING_MODE_DEBUG -swift-version 6 -I /Users/vardy/dev/alanvardy-var-1014-lower-deployment-targets-from-ios-187watchos-265-to-the/DerivedData/Build/Products/Debug -F /Users/vardy/dev/alanvardy-var-1014-lower-deployment-targets-from-ios-187watchos-265-to-the/DerivedData/Build/Products/Debug/PackageFrameworks -F /Users/vardy/dev/alanvardy-var-1014-lower-deployment-targets-from-ios-187watchos-265-to-the/DerivedData/Build/Products/Debug -emit-localized-strings -emit-localized-strings-path /Users/vardy/dev/alanvardy-var-1014-lower-deployment-targets-from-ios-187watchos-265-to-the/DerivedData/Build/Intermediates.noindex/SingleThread.build/Debug/SingleThread.build/Objects-normal/arm64 -c -j12 -enable-batch-mode -incremental -Xcc -ivfsstatcache -Xcc /Users/vardy/dev/alanvardy-var-1014-lower-deployment-targets-from-ios-187watchos-265-to-the/DerivedData/SDKStatCaches.noindex/macosx27.0-26A425-7231f6df4def33e022ae2eb8f782df1a.sdkstatcache -output-file-map /Users/vardy/dev/alanvardy-var-1014-lower-deployment-targets-from-ios-187watchos-265-to-the/DerivedData/Build/Intermediates.noindex/SingleThread.build/Debug/SingleThread.build/Objects-normal/arm64/SingleThread-OutputFileMap.json -save-temps -no-color-diagnostics -explicit-module-build -module-cache-path /Users/vardy/dev/alanvardy-var-1014-lower-deployment-targets-from-ios-187watchos-265-to-the/DerivedData/Build/Intermediates.noindex/SwiftExplicitPrecompiledModules -clang-scanner-module-cache-path /Users/vardy/dev/alanvardy-var-1014-lower-deployment-targets-from-ios-187watchos-265-to-the/DerivedData/ModuleCache.noindex -sdk-module-cache-path /Users/vardy/dev/alanvardy-var-1014-lower-deployment-targets-from-ios-187watchos-265-to-the/DerivedData/SDKExplicitPrecompiledModules -emit-dependencies -emit-module -emit-module-path /Users/vardy/dev/alanvardy-var-1014-lower-deployment-targets-from-ios-187watchos-265-to-the/DerivedData/Build/Intermediates.noindex/SingleThread.build/Debug/SingleThread.build/Objects-normal/arm64/SingleThread.swiftmodule -serialize-diagnostics -dependency-scan-serialize-diagnostics-path /Users/vardy/dev/alanvardy-var-1014-lower-deployment-targets-from-ios-187watchos-265-to-the/DerivedData/Build/Intermediates.noindex/SingleThread.build/Debug/SingleThread.build/Objects-normal/arm64/SingleThread-dependency-scan.dia -validate-clang-modules-once -clang-build-session-file /Users/vardy/dev/alanvardy-var-1014-lower-deployment-targets-from-ios-187watchos-265-to-the/DerivedData/ModuleCache.noindex/Session.modulevalidation -Xcc -fmodules-prune-interval\=86400 -Xcc -fmodules-prune-after\=345600 -emit-const-values -const-gather-protocols-list /Users/vardy/dev/alanvardy-var-1014-lower-deployment-targets-from-ios-187watchos-265-to-the/DerivedData/Build/Intermediates.noindex/SingleThread.build/Debug/SingleThread.build/Objects-normal/arm64/SingleThread_const_extract_protocols.json -Xcc -iquote -Xcc /Users/vardy/dev/alanvardy-var-1014-lower-deployment-targets-from-ios-187watchos-265-to-the/DerivedData/Build/Intermediates.noindex/SingleThread.build/Debug/SingleThread.build/SingleThread-generated-files.hmap -Xcc -I/Users/vardy/dev/alanvardy-var-1014-lower-deployment-targets-from-ios-187watchos-265-to-the/DerivedData/Build/Intermediates.noindex/SingleThread.build/Debug/SingleThread.build/SingleThread-own-target-headers.hmap -Xcc -I/Users/vardy/dev/alanvardy-var-1014-lower-deployment-targets-from-ios-187watchos-265-to-the/DerivedData/Build/Intermediates.noindex/SingleThread.build/Debug/SingleThread.build/SingleThread-all-non-framework-target-headers.hmap -Xcc -ivfsoverlay -Xcc /Users/vardy/dev/alanvardy-var-1014-lower-deployment-targets-from-ios-187watchos-265-to-the/DerivedData/Build/Intermediates.noindex/SingleThread.build/Debug/SingleThread-33ec346c36bc7f11d2672a35e2382a55-VFS/all-product-headers.yaml -Xcc -iquote -Xcc /Users/vardy/dev/alanvardy-var-1014-lower-deployment-targets-from-ios-187watchos-265-to-the/DerivedData/Build/Intermediates.noindex/SingleThread.build/Debug/SingleThread.build/SingleThread-project-headers.hmap -Xcc -I/Users/vardy/dev/alanvardy-var-1014-lower-deployment-targets-from-ios-187watchos-265-to-the/DerivedData/Build/Products/Debug/include -Xcc -I/Users/vardy/dev/alanvardy-var-1014-lower-deployment-targets-from-ios-187watchos-265-to-the/DerivedData/Build/Intermediates.noindex/SingleThread.build/Debug/SingleThread.build/DerivedSources-normal/arm64 -Xcc -I/Users/vardy/dev/alanvardy-var-1014-lower-deployment-targets-from-ios-187watchos-265-to-the/DerivedData/Build/Intermediates.noindex/SingleThread.build/Debug/SingleThread.build/DerivedSources/arm64 -Xcc -I/Users/vardy/dev/alanvardy-var-1014-lower-deployment-targets-from-ios-187watchos-265-to-the/DerivedData/Build/Intermediates.noindex/SingleThread.build/Debug/SingleThread.build/DerivedSources -Xcc -DDEBUG\=1 -emit-objc-header -emit-objc-header-path /Users/vardy/dev/alanvardy-var-1014-lower-deployment-targets-from-ios-187watchos-265-to-the/DerivedData/Build/Intermediates.noindex/SingleThread.build/Debug/SingleThread.build/Objects-normal/arm64/SingleThread-Swift.h -working-directory /Users/vardy/dev/alanvardy-var-1014-lower-deployment-targets-from-ios-187watchos-265-to-the -experimental-emit-module-separately -disable-cmo

SwiftDriverJobDiscovery normal arm64 Compiling NotificationSchedulerTests.swift, OrientationPreferenceTests.swift, PendingCompletionLogicTests.swift, PendingCompletionStoreTests.swift, PreferenceHolderTests.swift, PrivacySettingsContentTests.swift, ReminderDeepLinkTests.swift (in target 'SingleThreadTests' from project 'SingleThread')

SwiftDriverJobDiscovery normal arm64 Compiling AboutViewTests.swift, ActionButtonTests.swift, ActionMenuGateTests.swift, AppDelegateTests.swift, AppearanceModePreferenceTests.swift, AppearanceModeTests.swift, AppGroupTests.swift (in target 'SingleThreadTests' from project 'SingleThread')

Ld /Users/vardy/dev/alanvardy-var-1014-lower-deployment-targets-from-ios-187watchos-265-to-the/DerivedData/Build/Products/Debug/SingleThread.app/Contents/MacOS/SingleThread.debug.dylib normal (in target 'SingleThread' from project 'SingleThread')
    cd /Users/vardy/dev/alanvardy-var-1014-lower-deployment-targets-from-ios-187watchos-265-to-the
    /Applications/Xcode.app/Contents/Developer/Toolchains/XcodeDefault.xctoolchain/usr/bin/clang -Xlinker -reproducible -target arm64-apple-macos26.5 -dynamiclib -isysroot /Applications/Xcode.app/Contents/Developer/Platforms/MacOSX.platform/Developer/SDKs/MacOSX27.0.sdk -O0 -Xlinker -no_warn_duplicate_libraries -L/Users/vardy/dev/alanvardy-var-1014-lower-deployment-targets-from-ios-187watchos-265-to-the/DerivedData/Build/Intermediates.noindex/EagerLinkingTBDs/Debug -L/Users/vardy/dev/alanvardy-var-1014-lower-deployment-targets-from-ios-187watchos-265-to-the/DerivedData/Build/Products/Debug -F/Users/vardy/dev/alanvardy-var-1014-lower-deployment-targets-from-ios-187watchos-265-to-the/DerivedData/Build/Intermediates.noindex/EagerLinkingTBDs/Debug -F/Users/vardy/dev/alanvardy-var-1014-lower-deployment-targets-from-ios-187watchos-265-to-the/DerivedData/Build/Products/Debug/PackageFrameworks -F/Users/vardy/dev/alanvardy-var-1014-lower-deployment-targets-from-ios-187watchos-265-to-the/DerivedData/Build/Products/Debug -filelist /Users/vardy/dev/alanvardy-var-1014-lower-deployment-targets-from-ios-187watchos-265-to-the/DerivedData/Build/Intermediates.noindex/SingleThread.build/Debug/SingleThread.build/Objects-normal/arm64/SingleThread.LinkFileList -install_name @rpath/SingleThread.debug.dylib -Xlinker -rpath -Xlinker @loader_path -Xlinker -rpath -Xlinker /Users/vardy/dev/alanvardy-var-1014-lower-deployment-targets-from-ios-187watchos-265-to-the/DerivedData/Build/Products/Debug/PackageFrameworks -Xlinker -rpath -Xlinker @executable_path/../Frameworks -Xlinker -object_path_lto -Xlinker /Users/vardy/dev/alanvardy-var-1014-lower-deployment-targets-from-ios-187watchos-265-to-the/DerivedData/Build/Intermediates.noindex/SingleThread.build/Debug/SingleThread.build/Objects-normal/arm64/SingleThread_lto.o -rdynamic -Xlinker -no_deduplicate -Xlinker -debug_variant -Xlinker -dependency_info -Xlinker /Users/vardy/dev/alanvardy-var-1014-lower-deployment-targets-from-ios-187watchos-265-to-the/DerivedData/Build/Intermediates.noindex/SingleThread.build/Debug/SingleThread.build/Objects-normal/arm64/SingleThread_dependency_info.dat -fobjc-link-runtime -fprofile-instr-generate -L/Applications/Xcode.app/Contents/Developer/Toolchains/XcodeDefault.xctoolchain/usr/lib/swift/macosx -L/usr/lib/swift -Xlinker -add_ast_path -Xlinker /Users/vardy/dev/alanvardy-var-1014-lower-deployment-targets-from-ios-187watchos-265-to-the/DerivedData/Build/Intermediates.noindex/SingleThread.build/Debug/SingleThread.build/Objects-normal/arm64/SingleThread.swiftmodule -Xlinker -alias -Xlinker _main -Xlinker ___debug_main_executable_dylib_entry_point /Users/vardy/dev/alanvardy-var-1014-lower-deployment-targets-from-ios-187watchos-265-to-the/DerivedData/Build/Products/Debug/PackageFrameworks/SingleThreadCore_38C46E065536DF53_PackageProduct.framework/Versions/A/SingleThreadCore_38C46E065536DF53_PackageProduct -o /Users/vardy/dev/alanvardy-var-1014-lower-deployment-targets-from-ios-187watchos-265-to-the/DerivedData/Build/Products/Debug/SingleThread.app/Contents/MacOS/SingleThread.debug.dylib

ConstructStubExecutorLinkFileList /Users/vardy/dev/alanvardy-var-1014-lower-deployment-targets-from-ios-187watchos-265-to-the/DerivedData/Build/Intermediates.noindex/SingleThread.build/Debug/SingleThread.build/SingleThread-ExecutorLinkFileList-normal-arm64.txt (in target 'SingleThread' from project 'SingleThread')
    cd /Users/vardy/dev/alanvardy-var-1014-lower-deployment-targets-from-ios-187watchos-265-to-the
    construct-stub-executor-link-file-list /Users/vardy/dev/alanvardy-var-1014-lower-deployment-targets-from-ios-187watchos-265-to-the/DerivedData/Build/Products/Debug/SingleThread.app/Contents/MacOS/SingleThread.debug.dylib /Applications/Xcode.app/Contents/Developer/Platforms/MacOSX.platform/Developer/usr/lib/libPreviewsJITStubExecutor_no_swift_entry_point.a /Applications/Xcode.app/Contents/Developer/Platforms/MacOSX.platform/Developer/usr/lib/libPreviewsJITStubExecutor.a --output /Users/vardy/dev/alanvardy-var-1014-lower-deployment-targets-from-ios-187watchos-265-to-the/DerivedData/Build/Intermediates.noindex/SingleThread.build/Debug/SingleThread.build/SingleThread-ExecutorLinkFileList-normal-arm64.txt
note: Using stub executor library with Swift entry point. (in target 'SingleThread' from project 'SingleThread')

Ld /Users/vardy/dev/alanvardy-var-1014-lower-deployment-targets-from-ios-187watchos-265-to-the/DerivedData/Build/Products/Debug/SingleThread.app/Contents/MacOS/SingleThread normal (in target 'SingleThread' from project 'SingleThread')
    cd /Users/vardy/dev/alanvardy-var-1014-lower-deployment-targets-from-ios-187watchos-265-to-the
    /Applications/Xcode.app/Contents/Developer/Toolchains/XcodeDefault.xctoolchain/usr/bin/clang -Xlinker -reproducible -target arm64-apple-macos26.5 -isysroot /Applications/Xcode.app/Contents/Developer/Platforms/MacOSX.platform/Developer/SDKs/MacOSX27.0.sdk -O0 -Xlinker -no_warn_duplicate_libraries -L/Users/vardy/dev/alanvardy-var-1014-lower-deployment-targets-from-ios-187watchos-265-to-the/DerivedData/Build/Products/Debug -F/Users/vardy/dev/alanvardy-var-1014-lower-deployment-targets-from-ios-187watchos-265-to-the/DerivedData/Build/Products/Debug/PackageFrameworks -F/Users/vardy/dev/alanvardy-var-1014-lower-deployment-targets-from-ios-187watchos-265-to-the/DerivedData/Build/Products/Debug -Xlinker -rpath -Xlinker @executable_path -Xlinker -rpath -Xlinker @loader_path -Xlinker -rpath -Xlinker /Users/vardy/dev/alanvardy-var-1014-lower-deployment-targets-from-ios-187watchos-265-to-the/DerivedData/Build/Products/Debug/PackageFrameworks -Xlinker -rpath -Xlinker @executable_path/../Frameworks -rdynamic -Xlinker -no_deduplicate -Xlinker -debug_variant -e ___debug_blank_executor_main -Xlinker -sectcreate -Xlinker __TEXT -Xlinker __debug_dylib -Xlinker /Users/vardy/dev/alanvardy-var-1014-lower-deployment-targets-from-ios-187watchos-265-to-the/DerivedData/Build/Intermediates.noindex/SingleThread.build/Debug/SingleThread.build/SingleThread-DebugDylibPath-normal-arm64.txt -Xlinker -sectcreate -Xlinker __TEXT -Xlinker __debug_instlnm -Xlinker /Users/vardy/dev/alanvardy-var-1014-lower-deployment-targets-from-ios-187watchos-265-to-the/DerivedData/Build/Intermediates.noindex/SingleThread.build/Debug/SingleThread.build/SingleThread-DebugDylibInstallName-normal-arm64.txt -Xlinker -filelist -Xlinker /Users/vardy/dev/alanvardy-var-1014-lower-deployment-targets-from-ios-187watchos-265-to-the/DerivedData/Build/Intermediates.noindex/SingleThread.build/Debug/SingleThread.build/SingleThread-ExecutorLinkFileList-normal-arm64.txt /Users/vardy/dev/alanvardy-var-1014-lower-deployment-targets-from-ios-187watchos-265-to-the/DerivedData/Build/Products/Debug/SingleThread.app/Contents/MacOS/SingleThread.debug.dylib -o /Users/vardy/dev/alanvardy-var-1014-lower-deployment-targets-from-ios-187watchos-265-to-the/DerivedData/Build/Products/Debug/SingleThread.app/Contents/MacOS/SingleThread

ExtractAppIntentsMetadata (in target 'SingleThread' from project 'SingleThread')
    cd /Users/vardy/dev/alanvardy-var-1014-lower-deployment-targets-from-ios-187watchos-265-to-the
    /Applications/Xcode.app/Contents/Developer/Toolchains/XcodeDefault.xctoolchain/usr/bin/appintentsmetadataprocessor --toolchain-dir /Applications/Xcode.app/Contents/Developer/Toolchains/XcodeDefault.xctoolchain --module-name SingleThread --sdk-root /Applications/Xcode.app/Contents/Developer/Platforms/MacOSX.platform/Developer/SDKs/MacOSX27.0.sdk --xcode-version 27A266a --platform-family macOS --deployment-target 26.5 --bundle-identifier app.alanvardy.SingleThread --output /Users/vardy/dev/alanvardy-var-1014-lower-deployment-targets-from-ios-187watchos-265-to-the/DerivedData/Build/Products/Debug/SingleThread.app/Contents/Resources --target-triple arm64-apple-macos26.5 --binary-file /Users/vardy/dev/alanvardy-var-1014-lower-deployment-targets-from-ios-187watchos-265-to-the/DerivedData/Build/Products/Debug/SingleThread.app/Contents/MacOS/SingleThread --dependency-file /Users/vardy/dev/alanvardy-var-1014-lower-deployment-targets-from-ios-187watchos-265-to-the/DerivedData/Build/Intermediates.noindex/SingleThread.build/Debug/SingleThread.build/Objects-normal/arm64/SingleThread_dependency_info.dat --stringsdata-file /Users/vardy/dev/alanvardy-var-1014-lower-deployment-targets-from-ios-187watchos-265-to-the/DerivedData/Build/Intermediates.noindex/SingleThread.build/Debug/SingleThread.build/Objects-normal/arm64/ExtractedAppShortcutsMetadata.stringsdata --source-file-list /Users/vardy/dev/alanvardy-var-1014-lower-deployment-targets-from-ios-187watchos-265-to-the/DerivedData/Build/Intermediates.noindex/SingleThread.build/Debug/SingleThread.build/Objects-normal/arm64/SingleThread.SwiftFileList --metadata-file-list /Users/vardy/dev/alanvardy-var-1014-lower-deployment-targets-from-ios-187watchos-265-to-the/DerivedData/Build/Intermediates.noindex/SingleThread.build/Debug/SingleThread.build/SingleThread.DependencyMetadataFileList --static-metadata-file-list /Users/vardy/dev/alanvardy-var-1014-lower-deployment-targets-from-ios-187watchos-265-to-the/DerivedData/Build/Intermediates.noindex/SingleThread.build/Debug/SingleThread.build/SingleThread.DependencyStaticMetadataFileList --swift-const-vals-list /Users/vardy/dev/alanvardy-var-1014-lower-deployment-targets-from-ios-187watchos-265-to-the/DerivedData/Build/Intermediates.noindex/SingleThread.build/Debug/SingleThread.build/Objects-normal/arm64/SingleThread.SwiftConstValuesFileList --compile-time-extraction --deployment-aware-processing --no-app-shortcuts-localization
2026-09-15 19:21:34.773 appintentsmetadataprocessor[46632:15855820] Starting appintentsmetadataprocessor export
2026-09-15 19:21:34.844 appintentsmetadataprocessor[46632:15855820] Writing Metadata.appintents
2026-09-15 19:21:34.844 appintentsmetadataprocessor[46632:15855820] Metadata root: /Users/vardy/dev/alanvardy-var-1014-lower-deployment-targets-from-ios-187watchos-265-to-the/DerivedData/Build/Products/Debug/SingleThread.app/Contents/Resources/Metadata.appintents

CopySwiftLibs /Users/vardy/dev/alanvardy-var-1014-lower-deployment-targets-from-ios-187watchos-265-to-the/DerivedData/Build/Products/Debug/SingleThread.app (in target 'SingleThread' from project 'SingleThread')
    cd /Users/vardy/dev/alanvardy-var-1014-lower-deployment-targets-from-ios-187watchos-265-to-the
    builtin-swiftStdLibTool --copy --verbose --scan-executable /Users/vardy/dev/alanvardy-var-1014-lower-deployment-targets-from-ios-187watchos-265-to-the/DerivedData/Build/Products/Debug/SingleThread.app/Contents/MacOS/SingleThread.debug.dylib --scan-folder /Users/vardy/dev/alanvardy-var-1014-lower-deployment-targets-from-ios-187watchos-265-to-the/DerivedData/Build/Products/Debug/SingleThread.app/Contents/Frameworks --scan-folder /Users/vardy/dev/alanvardy-var-1014-lower-deployment-targets-from-ios-187watchos-265-to-the/DerivedData/Build/Products/Debug/SingleThread.app/Contents/PlugIns --scan-folder /Users/vardy/dev/alanvardy-var-1014-lower-deployment-targets-from-ios-187watchos-265-to-the/DerivedData/Build/Products/Debug/SingleThread.app/Contents/Library/SystemExtensions --scan-folder /Users/vardy/dev/alanvardy-var-1014-lower-deployment-targets-from-ios-187watchos-265-to-the/DerivedData/Build/Products/Debug/SingleThread.app/Contents/Extensions --scan-folder /Users/vardy/dev/alanvardy-var-1014-lower-deployment-targets-from-ios-187watchos-265-to-the/DerivedData/Build/Products/Debug/PackageFrameworks/SingleThreadCore_38C46E065536DF53_PackageProduct.framework --platform macosx --toolchain /Applications/Xcode.app/Contents/Developer/Toolchains/XcodeDefault.xctoolchain --destination /Users/vardy/dev/alanvardy-var-1014-lower-deployment-targets-from-ios-187watchos-265-to-the/DerivedData/Build/Products/Debug/SingleThread.app/Contents/Frameworks --strip-bitcode --strip-bitcode-tool /Applications/Xcode.app/Contents/Developer/Toolchains/XcodeDefault.xctoolchain/usr/bin/bitcode_strip --emit-dependency-info /Users/vardy/dev/alanvardy-var-1014-lower-deployment-targets-from-ios-187watchos-265-to-the/DerivedData/Build/Intermediates.noindex/SingleThread.build/Debug/SingleThread.build/SwiftStdLibToolInputDependencies.dep --filter-for-swift-os
Ignoring --strip-bitcode because --sign was not passed

CpResource /Users/vardy/dev/alanvardy-var-1014-lower-deployment-targets-from-ios-187watchos-265-to-the/DerivedData/Build/Products/Debug/SingleThread.app/Contents/PlugIns/SingleThreadTests.xctest/Contents/Resources/.swiftlint.yml /Users/vardy/dev/alanvardy-var-1014-lower-deployment-targets-from-ios-187watchos-265-to-the/SingleThreadTests/.swiftlint.yml (in target 'SingleThreadTests' from project 'SingleThread')
    cd /Users/vardy/dev/alanvardy-var-1014-lower-deployment-targets-from-ios-187watchos-265-to-the
    builtin-copy -exclude .DS_Store -exclude CVS -exclude .svn -exclude .git -exclude .hg -resolve-src-symlinks /Users/vardy/dev/alanvardy-var-1014-lower-deployment-targets-from-ios-187watchos-265-to-the/SingleThreadTests/.swiftlint.yml /Users/vardy/dev/alanvardy-var-1014-lower-deployment-targets-from-ios-187watchos-265-to-the/DerivedData/Build/Products/Debug/SingleThread.app/Contents/PlugIns/SingleThreadTests.xctest/Contents/Resources

Copy /Users/vardy/dev/alanvardy-var-1014-lower-deployment-targets-from-ios-187watchos-265-to-the/DerivedData/Build/Products/Debug/SingleThread.app/Contents/PlugIns/SingleThreadTests.xctest/Contents/Resources/SingleThreadCore_SingleThreadCore.bundle /Users/vardy/dev/alanvardy-var-1014-lower-deployment-targets-from-ios-187watchos-265-to-the/DerivedData/Build/Products/Debug/SingleThreadCore_SingleThreadCore.bundle (in target 'SingleThreadTests' from project 'SingleThread')
    cd /Users/vardy/dev/alanvardy-var-1014-lower-deployment-targets-from-ios-187watchos-265-to-the
    builtin-copy -exclude .DS_Store -exclude CVS -exclude .svn -exclude .git -exclude .hg -resolve-src-symlinks /Users/vardy/dev/alanvardy-var-1014-lower-deployment-targets-from-ios-187watchos-265-to-the/DerivedData/Build/Products/Debug/SingleThreadCore_SingleThreadCore.bundle /Users/vardy/dev/alanvardy-var-1014-lower-deployment-targets-from-ios-187watchos-265-to-the/DerivedData/Build/Products/Debug/SingleThread.app/Contents/PlugIns/SingleThreadTests.xctest/Contents/Resources

Copy /Users/vardy/dev/alanvardy-var-1014-lower-deployment-targets-from-ios-187watchos-265-to-the/DerivedData/Build/Products/Debug/SingleThread.app/Contents/PlugIns/SingleThreadTests.xctest/Contents/Frameworks/SingleThreadCore_38C46E065536DF53_PackageProduct.framework /Users/vardy/dev/alanvardy-var-1014-lower-deployment-targets-from-ios-187watchos-265-to-the/DerivedData/Build/Products/Debug/PackageFrameworks/SingleThreadCore_38C46E065536DF53_PackageProduct.framework (in target 'SingleThreadTests' from project 'SingleThread')
    cd /Users/vardy/dev/alanvardy-var-1014-lower-deployment-targets-from-ios-187watchos-265-to-the
    builtin-copy -exclude .DS_Store -exclude CVS -exclude .svn -exclude .git -exclude .hg -resolve-src-symlinks -remove-static-executable /Users/vardy/dev/alanvardy-var-1014-lower-deployment-targets-from-ios-187watchos-265-to-the/DerivedData/Build/Products/Debug/PackageFrameworks/SingleThreadCore_38C46E065536DF53_PackageProduct.framework /Users/vardy/dev/alanvardy-var-1014-lower-deployment-targets-from-ios-187watchos-265-to-the/DerivedData/Build/Products/Debug/SingleThread.app/Contents/PlugIns/SingleThreadTests.xctest/Contents/Frameworks

ProcessInfoPlistFile /Users/vardy/dev/alanvardy-var-1014-lower-deployment-targets-from-ios-187watchos-265-to-the/DerivedData/Build/Products/Debug/SingleThread.app/Contents/PlugIns/SingleThreadTests.xctest/Contents/Info.plist /Users/vardy/dev/alanvardy-var-1014-lower-deployment-targets-from-ios-187watchos-265-to-the/DerivedData/Build/Intermediates.noindex/SingleThread.build/Debug/SingleThreadTests.build/empty-SingleThreadTests.plist (in target 'SingleThreadTests' from project 'SingleThread')
    cd /Users/vardy/dev/alanvardy-var-1014-lower-deployment-targets-from-ios-187watchos-265-to-the
    builtin-infoPlistUtility /Users/vardy/dev/alanvardy-var-1014-lower-deployment-targets-from-ios-187watchos-265-to-the/DerivedData/Build/Intermediates.noindex/SingleThread.build/Debug/SingleThreadTests.build/empty-SingleThreadTests.plist -producttype com.apple.product-type.bundle.unit-test -expandbuildsettings -platform macosx -scanforprivacyfile /Users/vardy/dev/alanvardy-var-1014-lower-deployment-targets-from-ios-187watchos-265-to-the/DerivedData/Build/Products/Debug/SingleThread.app/Contents/PlugIns/SingleThreadTests.xctest/Contents/Resources/SingleThreadCore_SingleThreadCore.bundle -o /Users/vardy/dev/alanvardy-var-1014-lower-deployment-targets-from-ios-187watchos-265-to-the/DerivedData/Build/Products/Debug/SingleThread.app/Contents/PlugIns/SingleThreadTests.xctest/Contents/Info.plist

SwiftDriverJobDiscovery normal arm64 Compiling LocalizationTests.swift, MacOSActionButtonChromeTests.swift, MenuBarExtraOptionsTests.swift, MenuBarExtraPreferenceTests.swift, MicrophoneToggleTests.swift, MinimumDisplayDurationTests.swift, NotificationPreferenceTests.swift (in target 'SingleThreadTests' from project 'SingleThread')

SwiftDriverJobDiscovery normal arm64 Compiling AppInfoTests.swift, AppViewModelSyncWiringTests.swift, BackgroundCardTests.swift, BackgroundFadeTests.swift, BackgroundImageStoreTests.swift, BackgroundPhotoLayerTests.swift, BackgroundTestFixtures.swift (in target 'SingleThreadTests' from project 'SingleThread')

SwiftDriverJobDiscovery normal arm64 Compiling SettingsViewTests.swift, ShowAlarmsTests.swift, ShowDateTests.swift, ShowRecurrenceTests.swift, SingleThreadButtonModifierTests.swift, SingleThreadTests.swift, SkipCountStoreTests.swift (in target 'SingleThreadTests' from project 'SingleThread')

SwiftDriverJobDiscovery normal arm64 Compiling CompletionCounterStoreTests.swift, CompletionGlowTests.swift, CompletionMomentumOverlayTests.swift, ContentViewModelTests.swift, DailyCompletionStoreTests.swift, EnableActionButtonsMigrationTests.swift, EnableActionButtonsSyncTests.swift (in target 'SingleThreadTests' from project 'SingleThread')

SwiftDriverJobDiscovery normal arm64 Compiling TextSizeTests.swift, TranscriptionAccumulatorTests.swift, UITestingSeedTests.swift, UndoStoreTests.swift, URLOpeningTests.swift, UserNotificationCenteringTests.swift (in target 'SingleThreadTests' from project 'SingleThread')

SwiftDriverJobDiscovery normal arm64 Emitting module for SingleThreadTests (in target 'SingleThreadTests' from project 'SingleThread')

SwiftDriver\ Compilation\ Requirements SingleThreadTests normal arm64 com.apple.xcode.tools.swift.compiler (in target 'SingleThreadTests' from project 'SingleThread')
    cd /Users/vardy/dev/alanvardy-var-1014-lower-deployment-targets-from-ios-187watchos-265-to-the
    builtin-Swift-Compilation-Requirements -- /Applications/Xcode.app/Contents/Developer/Toolchains/XcodeDefault.xctoolchain/usr/bin/swiftc -module-name SingleThreadTests -Onone @/Users/vardy/dev/alanvardy-var-1014-lower-deployment-targets-from-ios-187watchos-265-to-the/DerivedData/Build/Intermediates.noindex/SingleThread.build/Debug/SingleThreadTests.build/Objects-normal/arm64/SingleThreadTests.SwiftFileList -DDEBUG -plugin-path /Applications/Xcode.app/Contents/Developer/Toolchains/XcodeDefault.xctoolchain/usr/lib/swift/host/plugins/testing -enable-upcoming-feature MemberImportVisibility -enable-upcoming-feature InferIsolatedConformances -enable-upcoming-feature NonisolatedNonsendingByDefault -enable-experimental-feature DebugDescriptionMacro -sdk /Applications/Xcode.app/Contents/Developer/Platforms/MacOSX.platform/Developer/SDKs/MacOSX27.0.sdk -target arm64-apple-macos26.5 -g -module-cache-path /Users/vardy/dev/alanvardy-var-1014-lower-deployment-targets-from-ios-187watchos-265-to-the/DerivedData/ModuleCache.noindex -Xfrontend -serialize-debugging-options -profile-coverage-mapping -profile-generate -enable-testing -index-store-path /Users/vardy/dev/alanvardy-var-1014-lower-deployment-targets-from-ios-187watchos-265-to-the/DerivedData/Index.noindex/DataStore -Xcc -D_LIBCPP_HARDENING_MODE\=_LIBCPP_HARDENING_MODE_DEBUG -swift-version 6 -I /Users/vardy/dev/alanvardy-var-1014-lower-deployment-targets-from-ios-187watchos-265-to-the/DerivedData/Build/Products/Debug -Isystem /Applications/Xcode.app/Contents/Developer/Platforms/MacOSX.platform/Developer/usr/lib -F /Users/vardy/dev/alanvardy-var-1014-lower-deployment-targets-from-ios-187watchos-265-to-the/DerivedData/Build/Products/Debug/PackageFrameworks -F /Users/vardy/dev/alanvardy-var-1014-lower-deployment-targets-from-ios-187watchos-265-to-the/DerivedData/Build/Products/Debug -F /Applications/Xcode.app/Contents/Developer/Platforms/MacOSX.platform/Developer/Library/Frameworks -c -j12 -enable-batch-mode -incremental -Xcc -ivfsstatcache -Xcc /Users/vardy/dev/alanvardy-var-1014-lower-deployment-targets-from-ios-187watchos-265-to-the/DerivedData/SDKStatCaches.noindex/macosx27.0-26A425-7231f6df4def33e022ae2eb8f782df1a.sdkstatcache -output-file-map /Users/vardy/dev/alanvardy-var-1014-lower-deployment-targets-from-ios-187watchos-265-to-the/DerivedData/Build/Intermediates.noindex/SingleThread.build/Debug/SingleThreadTests.build/Objects-normal/arm64/SingleThreadTests-OutputFileMap.json -save-temps -no-color-diagnostics -explicit-module-build -module-cache-path /Users/vardy/dev/alanvardy-var-1014-lower-deployment-targets-from-ios-187watchos-265-to-the/DerivedData/Build/Intermediates.noindex/SwiftExplicitPrecompiledModules -clang-scanner-module-cache-path /Users/vardy/dev/alanvardy-var-1014-lower-deployment-targets-from-ios-187watchos-265-to-the/DerivedData/ModuleCache.noindex -sdk-module-cache-path /Users/vardy/dev/alanvardy-var-1014-lower-deployment-targets-from-ios-187watchos-265-to-the/DerivedData/SDKExplicitPrecompiledModules -emit-dependencies -emit-module -emit-module-path /Users/vardy/dev/alanvardy-var-1014-lower-deployment-targets-from-ios-187watchos-265-to-the/DerivedData/Build/Intermediates.noindex/SingleThread.build/Debug/SingleThreadTests.build/Objects-normal/arm64/SingleThreadTests.swiftmodule -serialize-diagnostics -dependency-scan-serialize-diagnostics-path /Users/vardy/dev/alanvardy-var-1014-lower-deployment-targets-from-ios-187watchos-265-to-the/DerivedData/Build/Intermediates.noindex/SingleThread.build/Debug/SingleThreadTests.build/Objects-normal/arm64/SingleThreadTests-dependency-scan.dia -validate-clang-modules-once -clang-build-session-file /Users/vardy/dev/alanvardy-var-1014-lower-deployment-targets-from-ios-187watchos-265-to-the/DerivedData/ModuleCache.noindex/Session.modulevalidation -Xcc -fmodules-prune-interval\=86400 -Xcc -fmodules-prune-after\=345600 -emit-const-values -const-gather-protocols-list /Users/vardy/dev/alanvardy-var-1014-lower-deployment-targets-from-ios-187watchos-265-to-the/DerivedData/Build/Intermediates.noindex/SingleThread.build/Debug/SingleThreadTests.build/Objects-normal/arm64/SingleThreadTests_const_extract_protocols.json -Xcc -iquote -Xcc /Users/vardy/dev/alanvardy-var-1014-lower-deployment-targets-from-ios-187watchos-265-to-the/DerivedData/Build/Intermediates.noindex/SingleThread.build/Debug/SingleThreadTests.build/SingleThreadTests-generated-files.hmap -Xcc -I/Users/vardy/dev/alanvardy-var-1014-lower-deployment-targets-from-ios-187watchos-265-to-the/DerivedData/Build/Intermediates.noindex/SingleThread.build/Debug/SingleThreadTests.build/SingleThreadTests-own-target-headers.hmap -Xcc -I/Users/vardy/dev/alanvardy-var-1014-lower-deployment-targets-from-ios-187watchos-265-to-the/DerivedData/Build/Intermediates.noindex/SingleThread.build/Debug/SingleThreadTests.build/SingleThreadTests-all-non-framework-target-headers.hmap -Xcc -ivfsoverlay -Xcc /Users/vardy/dev/alanvardy-var-1014-lower-deployment-targets-from-ios-187watchos-265-to-the/DerivedData/Build/Intermediates.noindex/SingleThread.build/Debug/SingleThread-33ec346c36bc7f11d2672a35e2382a55-VFS/all-product-headers.yaml -Xcc -iquote -Xcc /Users/vardy/dev/alanvardy-var-1014-lower-deployment-targets-from-ios-187watchos-265-to-the/DerivedData/Build/Intermediates.noindex/SingleThread.build/Debug/SingleThreadTests.build/SingleThreadTests-project-headers.hmap -Xcc -I/Users/vardy/dev/alanvardy-var-1014-lower-deployment-targets-from-ios-187watchos-265-to-the/DerivedData/Build/Products/Debug/include -Xcc -I/Users/vardy/dev/alanvardy-var-1014-lower-deployment-targets-from-ios-187watchos-265-to-the/DerivedData/Build/Intermediates.noindex/SingleThread.build/Debug/SingleThreadTests.build/DerivedSources-normal/arm64 -Xcc -I/Users/vardy/dev/alanvardy-var-1014-lower-deployment-targets-from-ios-187watchos-265-to-the/DerivedData/Build/Intermediates.noindex/SingleThread.build/Debug/SingleThreadTests.build/DerivedSources/arm64 -Xcc -I/Users/vardy/dev/alanvardy-var-1014-lower-deployment-targets-from-ios-187watchos-265-to-the/DerivedData/Build/Intermediates.noindex/SingleThread.build/Debug/SingleThreadTests.build/DerivedSources -Xcc -DDEBUG\=1 -emit-objc-header -emit-objc-header-path /Users/vardy/dev/alanvardy-var-1014-lower-deployment-targets-from-ios-187watchos-265-to-the/DerivedData/Build/Intermediates.noindex/SingleThread.build/Debug/SingleThreadTests.build/Objects-normal/arm64/SingleThreadTests-Swift.h -working-directory /Users/vardy/dev/alanvardy-var-1014-lower-deployment-targets-from-ios-187watchos-265-to-the -experimental-emit-module-separately -disable-cmo

Copy /Users/vardy/dev/alanvardy-var-1014-lower-deployment-targets-from-ios-187watchos-265-to-the/DerivedData/Build/Products/Debug/SingleThreadTests.swiftmodule/arm64-apple-macos.abi.json /Users/vardy/dev/alanvardy-var-1014-lower-deployment-targets-from-ios-187watchos-265-to-the/DerivedData/Build/Intermediates.noindex/SingleThread.build/Debug/SingleThreadTests.build/Objects-normal/arm64/SingleThreadTests.abi.json (in target 'SingleThreadTests' from project 'SingleThread')
    cd /Users/vardy/dev/alanvardy-var-1014-lower-deployment-targets-from-ios-187watchos-265-to-the
    builtin-copy -exclude .DS_Store -exclude CVS -exclude .svn -exclude .git -exclude .hg -resolve-src-symlinks -rename /Users/vardy/dev/alanvardy-var-1014-lower-deployment-targets-from-ios-187watchos-265-to-the/DerivedData/Build/Intermediates.noindex/SingleThread.build/Debug/SingleThreadTests.build/Objects-normal/arm64/SingleThreadTests.abi.json /Users/vardy/dev/alanvardy-var-1014-lower-deployment-targets-from-ios-187watchos-265-to-the/DerivedData/Build/Products/Debug/SingleThreadTests.swiftmodule/arm64-apple-macos.abi.json

Copy /Users/vardy/dev/alanvardy-var-1014-lower-deployment-targets-from-ios-187watchos-265-to-the/DerivedData/Build/Products/Debug/SingleThreadTests.swiftmodule/arm64-apple-macos.swiftmodule /Users/vardy/dev/alanvardy-var-1014-lower-deployment-targets-from-ios-187watchos-265-to-the/DerivedData/Build/Intermediates.noindex/SingleThread.build/Debug/SingleThreadTests.build/Objects-normal/arm64/SingleThreadTests.swiftmodule (in target 'SingleThreadTests' from project 'SingleThread')
    cd /Users/vardy/dev/alanvardy-var-1014-lower-deployment-targets-from-ios-187watchos-265-to-the
    builtin-copy -exclude .DS_Store -exclude CVS -exclude .svn -exclude .git -exclude .hg -resolve-src-symlinks -rename /Users/vardy/dev/alanvardy-var-1014-lower-deployment-targets-from-ios-187watchos-265-to-the/DerivedData/Build/Intermediates.noindex/SingleThread.build/Debug/SingleThreadTests.build/Objects-normal/arm64/SingleThreadTests.swiftmodule /Users/vardy/dev/alanvardy-var-1014-lower-deployment-targets-from-ios-187watchos-265-to-the/DerivedData/Build/Products/Debug/SingleThreadTests.swiftmodule/arm64-apple-macos.swiftmodule

Copy /Users/vardy/dev/alanvardy-var-1014-lower-deployment-targets-from-ios-187watchos-265-to-the/DerivedData/Build/Products/Debug/SingleThreadTests.swiftmodule/arm64-apple-macos.swiftdoc /Users/vardy/dev/alanvardy-var-1014-lower-deployment-targets-from-ios-187watchos-265-to-the/DerivedData/Build/Intermediates.noindex/SingleThread.build/Debug/SingleThreadTests.build/Objects-normal/arm64/SingleThreadTests.swiftdoc (in target 'SingleThreadTests' from project 'SingleThread')
    cd /Users/vardy/dev/alanvardy-var-1014-lower-deployment-targets-from-ios-187watchos-265-to-the
    builtin-copy -exclude .DS_Store -exclude CVS -exclude .svn -exclude .git -exclude .hg -resolve-src-symlinks -rename /Users/vardy/dev/alanvardy-var-1014-lower-deployment-targets-from-ios-187watchos-265-to-the/DerivedData/Build/Intermediates.noindex/SingleThread.build/Debug/SingleThreadTests.build/Objects-normal/arm64/SingleThreadTests.swiftdoc /Users/vardy/dev/alanvardy-var-1014-lower-deployment-targets-from-ios-187watchos-265-to-the/DerivedData/Build/Products/Debug/SingleThreadTests.swiftmodule/arm64-apple-macos.swiftdoc

SwiftMergeGeneratedHeaders /Users/vardy/dev/alanvardy-var-1014-lower-deployment-targets-from-ios-187watchos-265-to-the/DerivedData/Build/Intermediates.noindex/SingleThread.build/Debug/SingleThreadTests.build/DerivedSources/SingleThreadTests-Swift.h /Users/vardy/dev/alanvardy-var-1014-lower-deployment-targets-from-ios-187watchos-265-to-the/DerivedData/Build/Intermediates.noindex/SingleThread.build/Debug/SingleThreadTests.build/Objects-normal/arm64/SingleThreadTests-Swift.h (in target 'SingleThreadTests' from project 'SingleThread')
    cd /Users/vardy/dev/alanvardy-var-1014-lower-deployment-targets-from-ios-187watchos-265-to-the
    builtin-swiftHeaderTool -arch arm64 /Users/vardy/dev/alanvardy-var-1014-lower-deployment-targets-from-ios-187watchos-265-to-the/DerivedData/Build/Intermediates.noindex/SingleThread.build/Debug/SingleThreadTests.build/Objects-normal/arm64/SingleThreadTests-Swift.h -o /Users/vardy/dev/alanvardy-var-1014-lower-deployment-targets-from-ios-187watchos-265-to-the/DerivedData/Build/Intermediates.noindex/SingleThread.build/Debug/SingleThreadTests.build/DerivedSources/SingleThreadTests-Swift.h

Copy /Users/vardy/dev/alanvardy-var-1014-lower-deployment-targets-from-ios-187watchos-265-to-the/DerivedData/Build/Products/Debug/SingleThreadTests.swiftmodule/Project/arm64-apple-macos.swiftsourceinfo /Users/vardy/dev/alanvardy-var-1014-lower-deployment-targets-from-ios-187watchos-265-to-the/DerivedData/Build/Intermediates.noindex/SingleThread.build/Debug/SingleThreadTests.build/Objects-normal/arm64/SingleThreadTests.swiftsourceinfo (in target 'SingleThreadTests' from project 'SingleThread')
    cd /Users/vardy/dev/alanvardy-var-1014-lower-deployment-targets-from-ios-187watchos-265-to-the
    builtin-copy -exclude .DS_Store -exclude CVS -exclude .svn -exclude .git -exclude .hg -resolve-src-symlinks -rename /Users/vardy/dev/alanvardy-var-1014-lower-deployment-targets-from-ios-187watchos-265-to-the/DerivedData/Build/Intermediates.noindex/SingleThread.build/Debug/SingleThreadTests.build/Objects-normal/arm64/SingleThreadTests.swiftsourceinfo /Users/vardy/dev/alanvardy-var-1014-lower-deployment-targets-from-ios-187watchos-265-to-the/DerivedData/Build/Products/Debug/SingleThreadTests.swiftmodule/Project/arm64-apple-macos.swiftsourceinfo

SwiftDriverJobDiscovery normal arm64 Compiling BoolPreferenceKeyTests.swift, BoolPreferenceStoreTests.swift, CardPlateModifierTests.swift, CardPlateTests.swift, CardWidthTests.swift, CodeSpanFormatterTests.swift, ColorCrossPlatformTests.swift (in target 'SingleThreadTests' from project 'SingleThread')

SwiftDriverJobDiscovery normal arm64 Compiling EntitlementStoreTests.swift, EntitlementSyncTests.swift, EventKitStoringTests.swift, EventStoreChangedObserverTests.swift, ExcludedListStoreTests.swift, ListContentTests.swift, LocalizationTestHelpers.swift (in target 'SingleThreadTests' from project 'SingleThread')

SwiftDriverJobDiscovery normal arm64 Compiling ReminderStoreTests.swift, RescheduleSheetTests.swift, RescheduleSyncTests.swift, ResumptionGateTests.swift, SettingsCaptionTests.swift, SettingsSubscreenLayoutTests.swift, SettingsViewModelTests.swift (in target 'SingleThreadTests' from project 'SingleThread')

SwiftDriverJobDiscovery normal arm64 Compiling ReminderDictationParserTests.swift, ReminderDictationTests.swift, ReminderDisplayTests.swift, ReminderIntentsTests.swift, ReminderRecurrenceFormatterTests.swift, ReminderSkipTests.swift, ReminderStoreGateTests.swift (in target 'SingleThreadTests' from project 'SingleThread')

SwiftDriver\ Compilation SingleThreadTests normal arm64 com.apple.xcode.tools.swift.compiler (in target 'SingleThreadTests' from project 'SingleThread')
    cd /Users/vardy/dev/alanvardy-var-1014-lower-deployment-targets-from-ios-187watchos-265-to-the
    builtin-Swift-Compilation -- /Applications/Xcode.app/Contents/Developer/Toolchains/XcodeDefault.xctoolchain/usr/bin/swiftc -module-name SingleThreadTests -Onone @/Users/vardy/dev/alanvardy-var-1014-lower-deployment-targets-from-ios-187watchos-265-to-the/DerivedData/Build/Intermediates.noindex/SingleThread.build/Debug/SingleThreadTests.build/Objects-normal/arm64/SingleThreadTests.SwiftFileList -DDEBUG -plugin-path /Applications/Xcode.app/Contents/Developer/Toolchains/XcodeDefault.xctoolchain/usr/lib/swift/host/plugins/testing -enable-upcoming-feature MemberImportVisibility -enable-upcoming-feature InferIsolatedConformances -enable-upcoming-feature NonisolatedNonsendingByDefault -enable-experimental-feature DebugDescriptionMacro -sdk /Applications/Xcode.app/Contents/Developer/Platforms/MacOSX.platform/Developer/SDKs/MacOSX27.0.sdk -target arm64-apple-macos26.5 -g -module-cache-path /Users/vardy/dev/alanvardy-var-1014-lower-deployment-targets-from-ios-187watchos-265-to-the/DerivedData/ModuleCache.noindex -Xfrontend -serialize-debugging-options -profile-coverage-mapping -profile-generate -enable-testing -index-store-path /Users/vardy/dev/alanvardy-var-1014-lower-deployment-targets-from-ios-187watchos-265-to-the/DerivedData/Index.noindex/DataStore -Xcc -D_LIBCPP_HARDENING_MODE\=_LIBCPP_HARDENING_MODE_DEBUG -swift-version 6 -I /Users/vardy/dev/alanvardy-var-1014-lower-deployment-targets-from-ios-187watchos-265-to-the/DerivedData/Build/Products/Debug -Isystem /Applications/Xcode.app/Contents/Developer/Platforms/MacOSX.platform/Developer/usr/lib -F /Users/vardy/dev/alanvardy-var-1014-lower-deployment-targets-from-ios-187watchos-265-to-the/DerivedData/Build/Products/Debug/PackageFrameworks -F /Users/vardy/dev/alanvardy-var-1014-lower-deployment-targets-from-ios-187watchos-265-to-the/DerivedData/Build/Products/Debug -F /Applications/Xcode.app/Contents/Developer/Platforms/MacOSX.platform/Developer/Library/Frameworks -c -j12 -enable-batch-mode -incremental -Xcc -ivfsstatcache -Xcc /Users/vardy/dev/alanvardy-var-1014-lower-deployment-targets-from-ios-187watchos-265-to-the/DerivedData/SDKStatCaches.noindex/macosx27.0-26A425-7231f6df4def33e022ae2eb8f782df1a.sdkstatcache -output-file-map /Users/vardy/dev/alanvardy-var-1014-lower-deployment-targets-from-ios-187watchos-265-to-the/DerivedData/Build/Intermediates.noindex/SingleThread.build/Debug/SingleThreadTests.build/Objects-normal/arm64/SingleThreadTests-OutputFileMap.json -save-temps -no-color-diagnostics -explicit-module-build -module-cache-path /Users/vardy/dev/alanvardy-var-1014-lower-deployment-targets-from-ios-187watchos-265-to-the/DerivedData/Build/Intermediates.noindex/SwiftExplicitPrecompiledModules -clang-scanner-module-cache-path /Users/vardy/dev/alanvardy-var-1014-lower-deployment-targets-from-ios-187watchos-265-to-the/DerivedData/ModuleCache.noindex -sdk-module-cache-path /Users/vardy/dev/alanvardy-var-1014-lower-deployment-targets-from-ios-187watchos-265-to-the/DerivedData/SDKExplicitPrecompiledModules -emit-dependencies -emit-module -emit-module-path /Users/vardy/dev/alanvardy-var-1014-lower-deployment-targets-from-ios-187watchos-265-to-the/DerivedData/Build/Intermediates.noindex/SingleThread.build/Debug/SingleThreadTests.build/Objects-normal/arm64/SingleThreadTests.swiftmodule -serialize-diagnostics -dependency-scan-serialize-diagnostics-path /Users/vardy/dev/alanvardy-var-1014-lower-deployment-targets-from-ios-187watchos-265-to-the/DerivedData/Build/Intermediates.noindex/SingleThread.build/Debug/SingleThreadTests.build/Objects-normal/arm64/SingleThreadTests-dependency-scan.dia -validate-clang-modules-once -clang-build-session-file /Users/vardy/dev/alanvardy-var-1014-lower-deployment-targets-from-ios-187watchos-265-to-the/DerivedData/ModuleCache.noindex/Session.modulevalidation -Xcc -fmodules-prune-interval\=86400 -Xcc -fmodules-prune-after\=345600 -emit-const-values -const-gather-protocols-list /Users/vardy/dev/alanvardy-var-1014-lower-deployment-targets-from-ios-187watchos-265-to-the/DerivedData/Build/Intermediates.noindex/SingleThread.build/Debug/SingleThreadTests.build/Objects-normal/arm64/SingleThreadTests_const_extract_protocols.json -Xcc -iquote -Xcc /Users/vardy/dev/alanvardy-var-1014-lower-deployment-targets-from-ios-187watchos-265-to-the/DerivedData/Build/Intermediates.noindex/SingleThread.build/Debug/SingleThreadTests.build/SingleThreadTests-generated-files.hmap -Xcc -I/Users/vardy/dev/alanvardy-var-1014-lower-deployment-targets-from-ios-187watchos-265-to-the/DerivedData/Build/Intermediates.noindex/SingleThread.build/Debug/SingleThreadTests.build/SingleThreadTests-own-target-headers.hmap -Xcc -I/Users/vardy/dev/alanvardy-var-1014-lower-deployment-targets-from-ios-187watchos-265-to-the/DerivedData/Build/Intermediates.noindex/SingleThread.build/Debug/SingleThreadTests.build/SingleThreadTests-all-non-framework-target-headers.hmap -Xcc -ivfsoverlay -Xcc /Users/vardy/dev/alanvardy-var-1014-lower-deployment-targets-from-ios-187watchos-265-to-the/DerivedData/Build/Intermediates.noindex/SingleThread.build/Debug/SingleThread-33ec346c36bc7f11d2672a35e2382a55-VFS/all-product-headers.yaml -Xcc -iquote -Xcc /Users/vardy/dev/alanvardy-var-1014-lower-deployment-targets-from-ios-187watchos-265-to-the/DerivedData/Build/Intermediates.noindex/SingleThread.build/Debug/SingleThreadTests.build/SingleThreadTests-project-headers.hmap -Xcc -I/Users/vardy/dev/alanvardy-var-1014-lower-deployment-targets-from-ios-187watchos-265-to-the/DerivedData/Build/Products/Debug/include -Xcc -I/Users/vardy/dev/alanvardy-var-1014-lower-deployment-targets-from-ios-187watchos-265-to-the/DerivedData/Build/Intermediates.noindex/SingleThread.build/Debug/SingleThreadTests.build/DerivedSources-normal/arm64 -Xcc -I/Users/vardy/dev/alanvardy-var-1014-lower-deployment-targets-from-ios-187watchos-265-to-the/DerivedData/Build/Intermediates.noindex/SingleThread.build/Debug/SingleThreadTests.build/DerivedSources/arm64 -Xcc -I/Users/vardy/dev/alanvardy-var-1014-lower-deployment-targets-from-ios-187watchos-265-to-the/DerivedData/Build/Intermediates.noindex/SingleThread.build/Debug/SingleThreadTests.build/DerivedSources -Xcc -DDEBUG\=1 -emit-objc-header -emit-objc-header-path /Users/vardy/dev/alanvardy-var-1014-lower-deployment-targets-from-ios-187watchos-265-to-the/DerivedData/Build/Intermediates.noindex/SingleThread.build/Debug/SingleThreadTests.build/Objects-normal/arm64/SingleThreadTests-Swift.h -working-directory /Users/vardy/dev/alanvardy-var-1014-lower-deployment-targets-from-ios-187watchos-265-to-the -experimental-emit-module-separately -disable-cmo

Ld /Users/vardy/dev/alanvardy-var-1014-lower-deployment-targets-from-ios-187watchos-265-to-the/DerivedData/Build/Products/Debug/SingleThread.app/Contents/PlugIns/SingleThreadTests.xctest/Contents/MacOS/SingleThreadTests normal (in target 'SingleThreadTests' from project 'SingleThread')
    cd /Users/vardy/dev/alanvardy-var-1014-lower-deployment-targets-from-ios-187watchos-265-to-the
    /Applications/Xcode.app/Contents/Developer/Toolchains/XcodeDefault.xctoolchain/usr/bin/clang -Xlinker -reproducible -target arm64-apple-macos26.5 -bundle -isysroot /Applications/Xcode.app/Contents/Developer/Platforms/MacOSX.platform/Developer/SDKs/MacOSX27.0.sdk -O0 -Xlinker -no_warn_duplicate_libraries -L/Users/vardy/dev/alanvardy-var-1014-lower-deployment-targets-from-ios-187watchos-265-to-the/DerivedData/Build/Intermediates.noindex/EagerLinkingTBDs/Debug -L/Users/vardy/dev/alanvardy-var-1014-lower-deployment-targets-from-ios-187watchos-265-to-the/DerivedData/Build/Products/Debug -L/Applications/Xcode.app/Contents/Developer/Platforms/MacOSX.platform/Developer/usr/lib -F/Users/vardy/dev/alanvardy-var-1014-lower-deployment-targets-from-ios-187watchos-265-to-the/DerivedData/Build/Intermediates.noindex/EagerLinkingTBDs/Debug -F/Users/vardy/dev/alanvardy-var-1014-lower-deployment-targets-from-ios-187watchos-265-to-the/DerivedData/Build/Products/Debug/PackageFrameworks -F/Users/vardy/dev/alanvardy-var-1014-lower-deployment-targets-from-ios-187watchos-265-to-the/DerivedData/Build/Products/Debug -iframework /Applications/Xcode.app/Contents/Developer/Platforms/MacOSX.platform/Developer/Library/Frameworks -filelist /Users/vardy/dev/alanvardy-var-1014-lower-deployment-targets-from-ios-187watchos-265-to-the/DerivedData/Build/Intermediates.noindex/SingleThread.build/Debug/SingleThreadTests.build/Objects-normal/arm64/SingleThreadTests.LinkFileList -Xlinker -rpath -Xlinker @loader_path -Xlinker -rpath -Xlinker /Users/vardy/dev/alanvardy-var-1014-lower-deployment-targets-from-ios-187watchos-265-to-the/DerivedData/Build/Products/Debug/PackageFrameworks -Xlinker -rpath -Xlinker @loader_path/../Frameworks -Xlinker -rpath -Xlinker @executable_path/../Frameworks -bundle_loader /Users/vardy/dev/alanvardy-var-1014-lower-deployment-targets-from-ios-187watchos-265-to-the/DerivedData/Build/Products/Debug/SingleThread.app/Contents/MacOS/SingleThread -Xlinker -object_path_lto -Xlinker /Users/vardy/dev/alanvardy-var-1014-lower-deployment-targets-from-ios-187watchos-265-to-the/DerivedData/Build/Intermediates.noindex/SingleThread.build/Debug/SingleThreadTests.build/Objects-normal/arm64/SingleThreadTests_lto.o -rdynamic -Xlinker -no_deduplicate -Xlinker -debug_variant -Xlinker -dependency_info -Xlinker /Users/vardy/dev/alanvardy-var-1014-lower-deployment-targets-from-ios-187watchos-265-to-the/DerivedData/Build/Intermediates.noindex/SingleThread.build/Debug/SingleThreadTests.build/Objects-normal/arm64/SingleThreadTests_dependency_info.dat -fobjc-link-runtime -fprofile-instr-generate -L/Applications/Xcode.app/Contents/Developer/Toolchains/XcodeDefault.xctoolchain/usr/lib/swift/macosx -L/usr/lib/swift -Xlinker -add_ast_path -Xlinker /Users/vardy/dev/alanvardy-var-1014-lower-deployment-targets-from-ios-187watchos-265-to-the/DerivedData/Build/Intermediates.noindex/SingleThread.build/Debug/SingleThreadTests.build/Objects-normal/arm64/SingleThreadTests.swiftmodule -Xlinker -needed_framework -Xlinker XCTest -framework XCTest -Xlinker -needed-lXCTestSwiftSupport -lXCTestSwiftSupport /Users/vardy/dev/alanvardy-var-1014-lower-deployment-targets-from-ios-187watchos-265-to-the/DerivedData/Build/Products/Debug/PackageFrameworks/SingleThreadCore_38C46E065536DF53_PackageProduct.framework/Versions/A/SingleThreadCore_38C46E065536DF53_PackageProduct /Users/vardy/dev/alanvardy-var-1014-lower-deployment-targets-from-ios-187watchos-265-to-the/DerivedData/Build/Products/Debug/SingleThread.app/Contents/MacOS/SingleThread.debug.dylib -o /Users/vardy/dev/alanvardy-var-1014-lower-deployment-targets-from-ios-187watchos-265-to-the/DerivedData/Build/Products/Debug/SingleThread.app/Contents/PlugIns/SingleThreadTests.xctest/Contents/MacOS/SingleThreadTests

CopySwiftLibs /Users/vardy/dev/alanvardy-var-1014-lower-deployment-targets-from-ios-187watchos-265-to-the/DerivedData/Build/Products/Debug/SingleThread.app/Contents/PlugIns/SingleThreadTests.xctest (in target 'SingleThreadTests' from project 'SingleThread')
    cd /Users/vardy/dev/alanvardy-var-1014-lower-deployment-targets-from-ios-187watchos-265-to-the
    builtin-swiftStdLibTool --copy --verbose --scan-executable /Users/vardy/dev/alanvardy-var-1014-lower-deployment-targets-from-ios-187watchos-265-to-the/DerivedData/Build/Products/Debug/SingleThread.app/Contents/PlugIns/SingleThreadTests.xctest/Contents/MacOS/SingleThreadTests --scan-folder /Users/vardy/dev/alanvardy-var-1014-lower-deployment-targets-from-ios-187watchos-265-to-the/DerivedData/Build/Products/Debug/SingleThread.app/Contents/PlugIns/SingleThreadTests.xctest/Contents/Frameworks --scan-folder /Users/vardy/dev/alanvardy-var-1014-lower-deployment-targets-from-ios-187watchos-265-to-the/DerivedData/Build/Products/Debug/SingleThread.app/Contents/PlugIns/SingleThreadTests.xctest/Contents/PlugIns --scan-folder /Users/vardy/dev/alanvardy-var-1014-lower-deployment-targets-from-ios-187watchos-265-to-the/DerivedData/Build/Products/Debug/SingleThread.app/Contents/PlugIns/SingleThreadTests.xctest/Contents/Library/SystemExtensions --scan-folder /Users/vardy/dev/alanvardy-var-1014-lower-deployment-targets-from-ios-187watchos-265-to-the/DerivedData/Build/Products/Debug/SingleThread.app/Contents/PlugIns/SingleThreadTests.xctest/Contents/Extensions --scan-folder /Users/vardy/dev/alanvardy-var-1014-lower-deployment-targets-from-ios-187watchos-265-to-the/DerivedData/Build/Products/Debug/PackageFrameworks/SingleThreadCore_38C46E065536DF53_PackageProduct.framework --platform macosx --toolchain /Applications/Xcode.app/Contents/Developer/Toolchains/XcodeDefault.xctoolchain --destination /Users/vardy/dev/alanvardy-var-1014-lower-deployment-targets-from-ios-187watchos-265-to-the/DerivedData/Build/Products/Debug/SingleThread.app/Contents/PlugIns/SingleThreadTests.xctest/Contents/Frameworks --strip-bitcode --scan-executable /Applications/Xcode.app/Contents/Developer/Platforms/MacOSX.platform/Developer/usr/lib/libXCTestSwiftSupport.dylib --strip-bitcode-tool /Applications/Xcode.app/Contents/Developer/Toolchains/XcodeDefault.xctoolchain/usr/bin/bitcode_strip --emit-dependency-info /Users/vardy/dev/alanvardy-var-1014-lower-deployment-targets-from-ios-187watchos-265-to-the/DerivedData/Build/Intermediates.noindex/SingleThread.build/Debug/SingleThreadTests.build/SwiftStdLibToolInputDependencies.dep --filter-for-swift-os
Ignoring --strip-bitcode because --sign was not passed

ExtractAppIntentsMetadata (in target 'SingleThreadTests' from project 'SingleThread')
    cd /Users/vardy/dev/alanvardy-var-1014-lower-deployment-targets-from-ios-187watchos-265-to-the
    /Applications/Xcode.app/Contents/Developer/Toolchains/XcodeDefault.xctoolchain/usr/bin/appintentsmetadataprocessor --toolchain-dir /Applications/Xcode.app/Contents/Developer/Toolchains/XcodeDefault.xctoolchain --module-name SingleThreadTests --sdk-root /Applications/Xcode.app/Contents/Developer/Platforms/MacOSX.platform/Developer/SDKs/MacOSX27.0.sdk --xcode-version 27A266a --platform-family macOS --deployment-target 26.5 --bundle-identifier app.alanvardy.SingleThreadTests --output /Users/vardy/dev/alanvardy-var-1014-lower-deployment-targets-from-ios-187watchos-265-to-the/DerivedData/Build/Products/Debug/SingleThread.app/Contents/PlugIns/SingleThreadTests.xctest/Contents/Resources --target-triple arm64-apple-macos26.5 --binary-file /Users/vardy/dev/alanvardy-var-1014-lower-deployment-targets-from-ios-187watchos-265-to-the/DerivedData/Build/Products/Debug/SingleThread.app/Contents/PlugIns/SingleThreadTests.xctest/Contents/MacOS/SingleThreadTests --dependency-file /Users/vardy/dev/alanvardy-var-1014-lower-deployment-targets-from-ios-187watchos-265-to-the/DerivedData/Build/Intermediates.noindex/SingleThread.build/Debug/SingleThreadTests.build/Objects-normal/arm64/SingleThreadTests_dependency_info.dat --stringsdata-file /Users/vardy/dev/alanvardy-var-1014-lower-deployment-targets-from-ios-187watchos-265-to-the/DerivedData/Build/Intermediates.noindex/SingleThread.build/Debug/SingleThreadTests.build/Objects-normal/arm64/ExtractedAppShortcutsMetadata.stringsdata --source-file-list /Users/vardy/dev/alanvardy-var-1014-lower-deployment-targets-from-ios-187watchos-265-to-the/DerivedData/Build/Intermediates.noindex/SingleThread.build/Debug/SingleThreadTests.build/Objects-normal/arm64/SingleThreadTests.SwiftFileList --metadata-file-list /Users/vardy/dev/alanvardy-var-1014-lower-deployment-targets-from-ios-187watchos-265-to-the/DerivedData/Build/Intermediates.noindex/SingleThread.build/Debug/SingleThreadTests.build/SingleThreadTests.DependencyMetadataFileList --static-metadata-file-list /Users/vardy/dev/alanvardy-var-1014-lower-deployment-targets-from-ios-187watchos-265-to-the/DerivedData/Build/Intermediates.noindex/SingleThread.build/Debug/SingleThreadTests.build/SingleThreadTests.DependencyStaticMetadataFileList --swift-const-vals-list /Users/vardy/dev/alanvardy-var-1014-lower-deployment-targets-from-ios-187watchos-265-to-the/DerivedData/Build/Intermediates.noindex/SingleThread.build/Debug/SingleThreadTests.build/Objects-normal/arm64/SingleThreadTests.SwiftConstValuesFileList --compile-time-extraction --deployment-aware-processing --no-app-shortcuts-localization
2026-09-15 19:21:38.145 appintentsmetadataprocessor[47163:15856681] Starting appintentsmetadataprocessor export
2026-09-15 19:21:38.183 appintentsmetadataprocessor[47163:15856681] Writing Metadata.appintents
2026-09-15 19:21:38.183 appintentsmetadataprocessor[47163:15856681] Metadata root: /Users/vardy/dev/alanvardy-var-1014-lower-deployment-targets-from-ios-187watchos-265-to-the/DerivedData/Build/Products/Debug/SingleThread.app/Contents/PlugIns/SingleThreadTests.xctest/Contents/Resources/Metadata.appintents

RegisterExecutionPolicyException /Users/vardy/dev/alanvardy-var-1014-lower-deployment-targets-from-ios-187watchos-265-to-the/DerivedData/Build/Products/Debug/SingleThread.app/Contents/PlugIns/SingleThreadTests.xctest (in target 'SingleThreadTests' from project 'SingleThread')
    cd /Users/vardy/dev/alanvardy-var-1014-lower-deployment-targets-from-ios-187watchos-265-to-the
    builtin-RegisterExecutionPolicyException /Users/vardy/dev/alanvardy-var-1014-lower-deployment-targets-from-ios-187watchos-265-to-the/DerivedData/Build/Products/Debug/SingleThread.app/Contents/PlugIns/SingleThreadTests.xctest

Touch /Users/vardy/dev/alanvardy-var-1014-lower-deployment-targets-from-ios-187watchos-265-to-the/DerivedData/Build/Products/Debug/SingleThread.app/Contents/PlugIns/SingleThreadTests.xctest (in target 'SingleThreadTests' from project 'SingleThread')
    cd /Users/vardy/dev/alanvardy-var-1014-lower-deployment-targets-from-ios-187watchos-265-to-the
    /usr/bin/touch -c /Users/vardy/dev/alanvardy-var-1014-lower-deployment-targets-from-ios-187watchos-265-to-the/DerivedData/Build/Products/Debug/SingleThread.app/Contents/PlugIns/SingleThreadTests.xctest

RegisterExecutionPolicyException /Users/vardy/dev/alanvardy-var-1014-lower-deployment-targets-from-ios-187watchos-265-to-the/DerivedData/Build/Products/Debug/SingleThread.app (in target 'SingleThread' from project 'SingleThread')
    cd /Users/vardy/dev/alanvardy-var-1014-lower-deployment-targets-from-ios-187watchos-265-to-the
    builtin-RegisterExecutionPolicyException /Users/vardy/dev/alanvardy-var-1014-lower-deployment-targets-from-ios-187watchos-265-to-the/DerivedData/Build/Products/Debug/SingleThread.app

Validate /Users/vardy/dev/alanvardy-var-1014-lower-deployment-targets-from-ios-187watchos-265-to-the/DerivedData/Build/Products/Debug/SingleThread.app (in target 'SingleThread' from project 'SingleThread')
    cd /Users/vardy/dev/alanvardy-var-1014-lower-deployment-targets-from-ios-187watchos-265-to-the
    builtin-validationUtility /Users/vardy/dev/alanvardy-var-1014-lower-deployment-targets-from-ios-187watchos-265-to-the/DerivedData/Build/Products/Debug/SingleThread.app -no-validate-extension -infoplist-subpath Contents/Info.plist

Touch /Users/vardy/dev/alanvardy-var-1014-lower-deployment-targets-from-ios-187watchos-265-to-the/DerivedData/Build/Products/Debug/SingleThread.app (in target 'SingleThread' from project 'SingleThread')
    cd /Users/vardy/dev/alanvardy-var-1014-lower-deployment-targets-from-ios-187watchos-265-to-the
    /usr/bin/touch -c /Users/vardy/dev/alanvardy-var-1014-lower-deployment-targets-from-ios-187watchos-265-to-the/DerivedData/Build/Products/Debug/SingleThread.app

RegisterWithLaunchServices /Users/vardy/dev/alanvardy-var-1014-lower-deployment-targets-from-ios-187watchos-265-to-the/DerivedData/Build/Products/Debug/SingleThread.app (in target 'SingleThread' from project 'SingleThread')
    cd /Users/vardy/dev/alanvardy-var-1014-lower-deployment-targets-from-ios-187watchos-265-to-the
    builtin-lsregisterurl --record-path /Users/vardy/dev/alanvardy-var-1014-lower-deployment-targets-from-ios-187watchos-265-to-the/DerivedData/Build/Intermediates.noindex/XCBuildData/registered-launchservices.txt -- /System/Library/Frameworks/CoreServices.framework/Versions/Current/Frameworks/LaunchServices.framework/Versions/Current/Support/lsregister -f -R -trusted /Users/vardy/dev/alanvardy-var-1014-lower-deployment-targets-from-ios-187watchos-265-to-the/DerivedData/Build/Products/Debug/SingleThread.app

Copy /Users/vardy/dev/alanvardy-var-1014-lower-deployment-targets-from-ios-187watchos-265-to-the/DerivedData/Build/Products/Debug/SingleThreadUITests-Runner.app/Contents/PlugIns/SingleThreadUITests.xctest/Contents/Resources/SingleThreadCore_SingleThreadCore.bundle /Users/vardy/dev/alanvardy-var-1014-lower-deployment-targets-from-ios-187watchos-265-to-the/DerivedData/Build/Products/Debug/SingleThreadCore_SingleThreadCore.bundle (in target 'SingleThreadUITests' from project 'SingleThread')
    cd /Users/vardy/dev/alanvardy-var-1014-lower-deployment-targets-from-ios-187watchos-265-to-the
    builtin-copy -exclude .DS_Store -exclude CVS -exclude .svn -exclude .git -exclude .hg -resolve-src-symlinks /Users/vardy/dev/alanvardy-var-1014-lower-deployment-targets-from-ios-187watchos-265-to-the/DerivedData/Build/Products/Debug/SingleThreadCore_SingleThreadCore.bundle /Users/vardy/dev/alanvardy-var-1014-lower-deployment-targets-from-ios-187watchos-265-to-the/DerivedData/Build/Products/Debug/SingleThreadUITests-Runner.app/Contents/PlugIns/SingleThreadUITests.xctest/Contents/Resources

Ld /Users/vardy/dev/alanvardy-var-1014-lower-deployment-targets-from-ios-187watchos-265-to-the/DerivedData/Build/Products/Debug/SingleThreadUITests-Runner.app/Contents/PlugIns/SingleThreadUITests.xctest/Contents/MacOS/SingleThreadUITests normal (in target 'SingleThreadUITests' from project 'SingleThread')
    cd /Users/vardy/dev/alanvardy-var-1014-lower-deployment-targets-from-ios-187watchos-265-to-the
    /Applications/Xcode.app/Contents/Developer/Toolchains/XcodeDefault.xctoolchain/usr/bin/clang -Xlinker -reproducible -target arm64-apple-macos26.5 -bundle -isysroot /Applications/Xcode.app/Contents/Developer/Platforms/MacOSX.platform/Developer/SDKs/MacOSX27.0.sdk -O0 -Xlinker -no_warn_duplicate_libraries -L/Users/vardy/dev/alanvardy-var-1014-lower-deployment-targets-from-ios-187watchos-265-to-the/DerivedData/Build/Intermediates.noindex/EagerLinkingTBDs/Debug -L/Users/vardy/dev/alanvardy-var-1014-lower-deployment-targets-from-ios-187watchos-265-to-the/DerivedData/Build/Products/Debug -L/Applications/Xcode.app/Contents/Developer/Platforms/MacOSX.platform/Developer/usr/lib -F/Users/vardy/dev/alanvardy-var-1014-lower-deployment-targets-from-ios-187watchos-265-to-the/DerivedData/Build/Intermediates.noindex/EagerLinkingTBDs/Debug -F/Users/vardy/dev/alanvardy-var-1014-lower-deployment-targets-from-ios-187watchos-265-to-the/DerivedData/Build/Products/Debug/PackageFrameworks -F/Users/vardy/dev/alanvardy-var-1014-lower-deployment-targets-from-ios-187watchos-265-to-the/DerivedData/Build/Products/Debug -iframework /Applications/Xcode.app/Contents/Developer/Platforms/MacOSX.platform/Developer/Library/Frameworks -filelist /Users/vardy/dev/alanvardy-var-1014-lower-deployment-targets-from-ios-187watchos-265-to-the/DerivedData/Build/Intermediates.noindex/SingleThread.build/Debug/SingleThreadUITests.build/Objects-normal/arm64/SingleThreadUITests.LinkFileList -Xlinker -rpath -Xlinker @loader_path -Xlinker -rpath -Xlinker /Users/vardy/dev/alanvardy-var-1014-lower-deployment-targets-from-ios-187watchos-265-to-the/DerivedData/Build/Products/Debug/PackageFrameworks -Xlinker -rpath -Xlinker @loader_path/../Frameworks -Xlinker -object_path_lto -Xlinker /Users/vardy/dev/alanvardy-var-1014-lower-deployment-targets-from-ios-187watchos-265-to-the/DerivedData/Build/Intermediates.noindex/SingleThread.build/Debug/SingleThreadUITests.build/Objects-normal/arm64/SingleThreadUITests_lto.o -rdynamic -Xlinker -no_deduplicate -Xlinker -debug_variant -Xlinker -dependency_info -Xlinker /Users/vardy/dev/alanvardy-var-1014-lower-deployment-targets-from-ios-187watchos-265-to-the/DerivedData/Build/Intermediates.noindex/SingleThread.build/Debug/SingleThreadUITests.build/Objects-normal/arm64/SingleThreadUITests_dependency_info.dat -fobjc-link-runtime -fprofile-instr-generate -L/Applications/Xcode.app/Contents/Developer/Toolchains/XcodeDefault.xctoolchain/usr/lib/swift/macosx -L/usr/lib/swift -Xlinker -add_ast_path -Xlinker /Users/vardy/dev/alanvardy-var-1014-lower-deployment-targets-from-ios-187watchos-265-to-the/DerivedData/Build/Intermediates.noindex/SingleThread.build/Debug/SingleThreadUITests.build/Objects-normal/arm64/SingleThreadUITests.swiftmodule -Xlinker -needed_framework -Xlinker XCTest -framework XCTest -Xlinker -needed-lXCTestSwiftSupport -lXCTestSwiftSupport /Users/vardy/dev/alanvardy-var-1014-lower-deployment-targets-from-ios-187watchos-265-to-the/DerivedData/Build/Products/Debug/PackageFrameworks/SingleThreadCore_38C46E065536DF53_PackageProduct.framework/Versions/A/SingleThreadCore_38C46E065536DF53_PackageProduct -o /Users/vardy/dev/alanvardy-var-1014-lower-deployment-targets-from-ios-187watchos-265-to-the/DerivedData/Build/Products/Debug/SingleThreadUITests-Runner.app/Contents/PlugIns/SingleThreadUITests.xctest/Contents/MacOS/SingleThreadUITests

Copy /Users/vardy/dev/alanvardy-var-1014-lower-deployment-targets-from-ios-187watchos-265-to-the/DerivedData/Build/Products/Debug/SingleThreadUITests-Runner.app/Contents/PlugIns/SingleThreadUITests.xctest/Contents/Frameworks/SingleThreadCore_38C46E065536DF53_PackageProduct.framework /Users/vardy/dev/alanvardy-var-1014-lower-deployment-targets-from-ios-187watchos-265-to-the/DerivedData/Build/Products/Debug/PackageFrameworks/SingleThreadCore_38C46E065536DF53_PackageProduct.framework (in target 'SingleThreadUITests' from project 'SingleThread')
    cd /Users/vardy/dev/alanvardy-var-1014-lower-deployment-targets-from-ios-187watchos-265-to-the
    builtin-copy -exclude .DS_Store -exclude CVS -exclude .svn -exclude .git -exclude .hg -resolve-src-symlinks -remove-static-executable /Users/vardy/dev/alanvardy-var-1014-lower-deployment-targets-from-ios-187watchos-265-to-the/DerivedData/Build/Products/Debug/PackageFrameworks/SingleThreadCore_38C46E065536DF53_PackageProduct.framework /Users/vardy/dev/alanvardy-var-1014-lower-deployment-targets-from-ios-187watchos-265-to-the/DerivedData/Build/Products/Debug/SingleThreadUITests-Runner.app/Contents/PlugIns/SingleThreadUITests.xctest/Contents/Frameworks

ProcessInfoPlistFile /Users/vardy/dev/alanvardy-var-1014-lower-deployment-targets-from-ios-187watchos-265-to-the/DerivedData/Build/Products/Debug/SingleThreadUITests-Runner.app/Contents/PlugIns/SingleThreadUITests.xctest/Contents/Info.plist /Users/vardy/dev/alanvardy-var-1014-lower-deployment-targets-from-ios-187watchos-265-to-the/DerivedData/Build/Intermediates.noindex/SingleThread.build/Debug/SingleThreadUITests.build/empty-SingleThreadUITests.plist (in target 'SingleThreadUITests' from project 'SingleThread')
    cd /Users/vardy/dev/alanvardy-var-1014-lower-deployment-targets-from-ios-187watchos-265-to-the
    builtin-infoPlistUtility /Users/vardy/dev/alanvardy-var-1014-lower-deployment-targets-from-ios-187watchos-265-to-the/DerivedData/Build/Intermediates.noindex/SingleThread.build/Debug/SingleThreadUITests.build/empty-SingleThreadUITests.plist -producttype com.apple.product-type.bundle.ui-testing -expandbuildsettings -platform macosx -additionalcontentfile /Users/vardy/dev/alanvardy-var-1014-lower-deployment-targets-from-ios-187watchos-265-to-the/DerivedData/Build/Intermediates.noindex/SingleThread.build/Debug/SingleThreadUITests.build/ProductTypeInfoPlistAdditions.plist -scanforprivacyfile /Users/vardy/dev/alanvardy-var-1014-lower-deployment-targets-from-ios-187watchos-265-to-the/DerivedData/Build/Products/Debug/SingleThreadUITests-Runner.app/Contents/PlugIns/SingleThreadUITests.xctest/Contents/Resources/SingleThreadCore_SingleThreadCore.bundle -o /Users/vardy/dev/alanvardy-var-1014-lower-deployment-targets-from-ios-187watchos-265-to-the/DerivedData/Build/Products/Debug/SingleThreadUITests-Runner.app/Contents/PlugIns/SingleThreadUITests.xctest/Contents/Info.plist

CopySwiftLibs /Users/vardy/dev/alanvardy-var-1014-lower-deployment-targets-from-ios-187watchos-265-to-the/DerivedData/Build/Products/Debug/SingleThreadUITests-Runner.app/Contents/PlugIns/SingleThreadUITests.xctest (in target 'SingleThreadUITests' from project 'SingleThread')
    cd /Users/vardy/dev/alanvardy-var-1014-lower-deployment-targets-from-ios-187watchos-265-to-the
    builtin-swiftStdLibTool --copy --verbose --scan-executable /Users/vardy/dev/alanvardy-var-1014-lower-deployment-targets-from-ios-187watchos-265-to-the/DerivedData/Build/Products/Debug/SingleThreadUITests-Runner.app/Contents/PlugIns/SingleThreadUITests.xctest/Contents/MacOS/SingleThreadUITests --scan-folder /Users/vardy/dev/alanvardy-var-1014-lower-deployment-targets-from-ios-187watchos-265-to-the/DerivedData/Build/Products/Debug/SingleThreadUITests-Runner.app/Contents/PlugIns/SingleThreadUITests.xctest/Contents/Frameworks --scan-folder /Users/vardy/dev/alanvardy-var-1014-lower-deployment-targets-from-ios-187watchos-265-to-the/DerivedData/Build/Products/Debug/SingleThreadUITests-Runner.app/Contents/PlugIns/SingleThreadUITests.xctest/Contents/PlugIns --scan-folder /Users/vardy/dev/alanvardy-var-1014-lower-deployment-targets-from-ios-187watchos-265-to-the/DerivedData/Build/Products/Debug/SingleThreadUITests-Runner.app/Contents/PlugIns/SingleThreadUITests.xctest/Contents/Library/SystemExtensions --scan-folder /Users/vardy/dev/alanvardy-var-1014-lower-deployment-targets-from-ios-187watchos-265-to-the/DerivedData/Build/Products/Debug/SingleThreadUITests-Runner.app/Contents/PlugIns/SingleThreadUITests.xctest/Contents/Extensions --scan-folder /Users/vardy/dev/alanvardy-var-1014-lower-deployment-targets-from-ios-187watchos-265-to-the/DerivedData/Build/Products/Debug/PackageFrameworks/SingleThreadCore_38C46E065536DF53_PackageProduct.framework --platform macosx --toolchain /Applications/Xcode.app/Contents/Developer/Toolchains/XcodeDefault.xctoolchain --destination /Users/vardy/dev/alanvardy-var-1014-lower-deployment-targets-from-ios-187watchos-265-to-the/DerivedData/Build/Products/Debug/SingleThreadUITests-Runner.app/Contents/PlugIns/SingleThreadUITests.xctest/Contents/Frameworks --strip-bitcode --scan-executable /Applications/Xcode.app/Contents/Developer/Platforms/MacOSX.platform/Developer/usr/lib/libXCTestSwiftSupport.dylib --strip-bitcode-tool /Applications/Xcode.app/Contents/Developer/Toolchains/XcodeDefault.xctoolchain/usr/bin/bitcode_strip --emit-dependency-info /Users/vardy/dev/alanvardy-var-1014-lower-deployment-targets-from-ios-187watchos-265-to-the/DerivedData/Build/Intermediates.noindex/SingleThread.build/Debug/SingleThreadUITests.build/SwiftStdLibToolInputDependencies.dep --filter-for-swift-os
Ignoring --strip-bitcode because --sign was not passed

ExtractAppIntentsMetadata (in target 'SingleThreadUITests' from project 'SingleThread')
    cd /Users/vardy/dev/alanvardy-var-1014-lower-deployment-targets-from-ios-187watchos-265-to-the
    /Applications/Xcode.app/Contents/Developer/Toolchains/XcodeDefault.xctoolchain/usr/bin/appintentsmetadataprocessor --toolchain-dir /Applications/Xcode.app/Contents/Developer/Toolchains/XcodeDefault.xctoolchain --module-name SingleThreadUITests --sdk-root /Applications/Xcode.app/Contents/Developer/Platforms/MacOSX.platform/Developer/SDKs/MacOSX27.0.sdk --xcode-version 27A266a --platform-family macOS --deployment-target 26.5 --bundle-identifier app.alanvardy.SingleThreadUITests --output /Users/vardy/dev/alanvardy-var-1014-lower-deployment-targets-from-ios-187watchos-265-to-the/DerivedData/Build/Products/Debug/SingleThreadUITests-Runner.app/Contents/PlugIns/SingleThreadUITests.xctest/Contents/Resources --target-triple arm64-apple-macos26.5 --binary-file /Users/vardy/dev/alanvardy-var-1014-lower-deployment-targets-from-ios-187watchos-265-to-the/DerivedData/Build/Products/Debug/SingleThreadUITests-Runner.app/Contents/PlugIns/SingleThreadUITests.xctest/Contents/MacOS/SingleThreadUITests --dependency-file /Users/vardy/dev/alanvardy-var-1014-lower-deployment-targets-from-ios-187watchos-265-to-the/DerivedData/Build/Intermediates.noindex/SingleThread.build/Debug/SingleThreadUITests.build/Objects-normal/arm64/SingleThreadUITests_dependency_info.dat --stringsdata-file /Users/vardy/dev/alanvardy-var-1014-lower-deployment-targets-from-ios-187watchos-265-to-the/DerivedData/Build/Intermediates.noindex/SingleThread.build/Debug/SingleThreadUITests.build/Objects-normal/arm64/ExtractedAppShortcutsMetadata.stringsdata --source-file-list /Users/vardy/dev/alanvardy-var-1014-lower-deployment-targets-from-ios-187watchos-265-to-the/DerivedData/Build/Intermediates.noindex/SingleThread.build/Debug/SingleThreadUITests.build/Objects-normal/arm64/SingleThreadUITests.SwiftFileList --metadata-file-list /Users/vardy/dev/alanvardy-var-1014-lower-deployment-targets-from-ios-187watchos-265-to-the/DerivedData/Build/Intermediates.noindex/SingleThread.build/Debug/SingleThreadUITests.build/SingleThreadUITests.DependencyMetadataFileList --static-metadata-file-list /Users/vardy/dev/alanvardy-var-1014-lower-deployment-targets-from-ios-187watchos-265-to-the/DerivedData/Build/Intermediates.noindex/SingleThread.build/Debug/SingleThreadUITests.build/SingleThreadUITests.DependencyStaticMetadataFileList --swift-const-vals-list /Users/vardy/dev/alanvardy-var-1014-lower-deployment-targets-from-ios-187watchos-265-to-the/DerivedData/Build/Intermediates.noindex/SingleThread.build/Debug/SingleThreadUITests.build/Objects-normal/arm64/SingleThreadUITests.SwiftConstValuesFileList --compile-time-extraction --deployment-aware-processing --no-app-shortcuts-localization
2026-09-15 19:21:38.402 appintentsmetadataprocessor[47248:15856853] Starting appintentsmetadataprocessor export
2026-09-15 19:21:38.403 appintentsmetadataprocessor[47248:15856853] warning: Metadata extraction skipped, no AppIntents.framework dependency found

MkDir /Users/vardy/dev/alanvardy-var-1014-lower-deployment-targets-from-ios-187watchos-265-to-the/DerivedData/Build/Products/Debug/SingleThreadUITests-Runner.app (in target 'SingleThreadUITests' from project 'SingleThread')
    cd /Users/vardy/dev/alanvardy-var-1014-lower-deployment-targets-from-ios-187watchos-265-to-the
    /bin/mkdir -p /Users/vardy/dev/alanvardy-var-1014-lower-deployment-targets-from-ios-187watchos-265-to-the/DerivedData/Build/Products/Debug/SingleThreadUITests-Runner.app

CopyPlistFile /Users/vardy/dev/alanvardy-var-1014-lower-deployment-targets-from-ios-187watchos-265-to-the/DerivedData/Build/Products/Debug/SingleThreadUITests-Runner.app/Contents/Info.plist /Applications/Xcode.app/Contents/Developer/Platforms/MacOSX.platform/Developer/Library/Xcode/Agents/XCTRunner.app/Contents/Info.plist (in target 'SingleThreadUITests' from project 'SingleThread')
    cd /Users/vardy/dev/alanvardy-var-1014-lower-deployment-targets-from-ios-187watchos-265-to-the
    builtin-copyPlist --validate --convert xml1 --macro-expansion WRAPPEDPRODUCTNAME SingleThreadUITests-Runner --macro-expansion WRAPPEDPRODUCTBUNDLEIDENTIFIER app.alanvardy.SingleThreadUITests.xctrunner --macro-expansion TESTPRODUCTNAME SingleThreadUITests --macro-expansion TESTPRODUCTBUNDLEIDENTIFIER app.alanvardy.SingleThreadUITests --copy-value UIDeviceFamily /Users/vardy/dev/alanvardy-var-1014-lower-deployment-targets-from-ios-187watchos-265-to-the/DerivedData/Build/Products/Debug/SingleThreadUITests-Runner.app/Contents/PlugIns/SingleThreadUITests.xctest/Contents/Info.plist --outdir /Users/vardy/dev/alanvardy-var-1014-lower-deployment-targets-from-ios-187watchos-265-to-the/DerivedData/Build/Products/Debug/SingleThreadUITests-Runner.app/Contents -- /Applications/Xcode.app/Contents/Developer/Platforms/MacOSX.platform/Developer/Library/Xcode/Agents/XCTRunner.app/Contents/Info.plist

Copy /Users/vardy/dev/alanvardy-var-1014-lower-deployment-targets-from-ios-187watchos-265-to-the/DerivedData/Build/Products/Debug/SingleThreadUITests-Runner.app/Contents/PkgInfo /Applications/Xcode.app/Contents/Developer/Platforms/MacOSX.platform/Developer/Library/Xcode/Agents/XCTRunner.app/Contents/PkgInfo (in target 'SingleThreadUITests' from project 'SingleThread')
    cd /Users/vardy/dev/alanvardy-var-1014-lower-deployment-targets-from-ios-187watchos-265-to-the
    builtin-copy -exclude .DS_Store -exclude CVS -exclude .svn -exclude .git -exclude .hg -resolve-src-symlinks /Applications/Xcode.app/Contents/Developer/Platforms/MacOSX.platform/Developer/Library/Xcode/Agents/XCTRunner.app/Contents/PkgInfo /Users/vardy/dev/alanvardy-var-1014-lower-deployment-targets-from-ios-187watchos-265-to-the/DerivedData/Build/Products/Debug/SingleThreadUITests-Runner.app/Contents

CopyAndPreserveArchs /Users/vardy/dev/alanvardy-var-1014-lower-deployment-targets-from-ios-187watchos-265-to-the/DerivedData/Build/Products/Debug/SingleThreadUITests-Runner.app/Contents/MacOS/SingleThreadUITests-Runner (in target 'SingleThreadUITests' from project 'SingleThread')
    cd /Users/vardy/dev/alanvardy-var-1014-lower-deployment-targets-from-ios-187watchos-265-to-the
    /Applications/Xcode.app/Contents/Developer/Toolchains/XcodeDefault.xctoolchain/usr/bin/lipo /Applications/Xcode.app/Contents/Developer/Platforms/MacOSX.platform/Developer/Library/Xcode/Agents/XCTRunner.app/Contents/MacOS/XCTRunner -output /Users/vardy/dev/alanvardy-var-1014-lower-deployment-targets-from-ios-187watchos-265-to-the/DerivedData/Build/Products/Debug/SingleThreadUITests-Runner.app/Contents/MacOS/SingleThreadUITests-Runner -extract arm64

RegisterExecutionPolicyException /Users/vardy/dev/alanvardy-var-1014-lower-deployment-targets-from-ios-187watchos-265-to-the/DerivedData/Build/Products/Debug/SingleThreadUITests-Runner.app/Contents/PlugIns/SingleThreadUITests.xctest (in target 'SingleThreadUITests' from project 'SingleThread')
    cd /Users/vardy/dev/alanvardy-var-1014-lower-deployment-targets-from-ios-187watchos-265-to-the
    builtin-RegisterExecutionPolicyException /Users/vardy/dev/alanvardy-var-1014-lower-deployment-targets-from-ios-187watchos-265-to-the/DerivedData/Build/Products/Debug/SingleThreadUITests-Runner.app/Contents/PlugIns/SingleThreadUITests.xctest

Touch /Users/vardy/dev/alanvardy-var-1014-lower-deployment-targets-from-ios-187watchos-265-to-the/DerivedData/Build/Products/Debug/SingleThreadUITests-Runner.app/Contents/PlugIns/SingleThreadUITests.xctest (in target 'SingleThreadUITests' from project 'SingleThread')
    cd /Users/vardy/dev/alanvardy-var-1014-lower-deployment-targets-from-ios-187watchos-265-to-the
    /usr/bin/touch -c /Users/vardy/dev/alanvardy-var-1014-lower-deployment-targets-from-ios-187watchos-265-to-the/DerivedData/Build/Products/Debug/SingleThreadUITests-Runner.app/Contents/PlugIns/SingleThreadUITests.xctest

PruneExplicitPrecompiledModules /Users/vardy/dev/alanvardy-var-1014-lower-deployment-targets-from-ios-187watchos-265-to-the/DerivedData/Build/Intermediates.noindex/ExplicitPrecompiledModules

PruneExplicitPrecompiledModules /Users/vardy/dev/alanvardy-var-1014-lower-deployment-targets-from-ios-187watchos-265-to-the/DerivedData/Build/Intermediates.noindex/SwiftExplicitPrecompiledModules

PruneExplicitPrecompiledModules /Users/vardy/dev/alanvardy-var-1014-lower-deployment-targets-from-ios-187watchos-265-to-the/DerivedData/SDKExplicitPrecompiledModules

Testing started
Test suite 'CardPlateTests' started on 'My Mac - SingleThread (47285)'
Test suite 'AppGroupTests' started on 'My Mac - SingleThread (47285)'
Test suite 'URLOpeningTests' started on 'My Mac - SingleThread (47285)'
Test suite 'BackgroundFadeTests' started on 'My Mac - SingleThread (47285)'
Test suite 'StaleReminderRecheckerTests' started on 'My Mac - SingleThread (47285)'
Test suite 'CompletionCounterStoreTests' started on 'My Mac - SingleThread (47285)'
Test suite 'UndoStoreTests' started on 'My Mac - SingleThread (47285)'
Test suite 'NotificationPreferenceTests' started on 'My Mac - SingleThread (47285)'
Test suite 'PreferenceHolderTests' started on 'My Mac - SingleThread (47285)'
Test suite 'MacOSActionButtonChromeTests' started on 'My Mac - SingleThread (47285)'
Test suite 'PendingCompletionStoreTests' started on 'My Mac - SingleThread (47285)'
Test suite 'CompletionGlowTests' started on 'My Mac - SingleThread (47285)'
Test suite 'SingleThreadButtonModifierTests' started on 'My Mac - SingleThread (47285)'
Test suite 'SettingsViewModelTests' started on 'My Mac - SingleThread (47285)'
Test suite 'OrientationPreferenceTests' started on 'My Mac - SingleThread (47285)'
Test suite 'EntitlementStoreTests' started on 'My Mac - SingleThread (47285)'
Test suite 'SettingsCaptionTests' started on 'My Mac - SingleThread (47285)'
Test suite 'ListContentTests' started on 'My Mac - SingleThread (47285)'
Test suite 'AppearanceModeTests' started on 'My Mac - SingleThread (47285)'
Test suite 'BoolPreferenceStoreTests' started on 'My Mac - SingleThread (47285)'
Test suite 'MenuBarExtraOptionsTests' started on 'My Mac - SingleThread (47285)'
Test suite 'SettingsSubscreenLayoutTests' started on 'My Mac - SingleThread (47285)'
Test suite 'ReminderDictationTests' started on 'My Mac - SingleThread (47285)'
Test suite 'ReminderNotesFormatterTests' started on 'My Mac - SingleThread (47285)'
Test suite 'ReminderStoreTests' started on 'My Mac - SingleThread (47285)'
Test suite 'ReminderRecurrenceFormatterTests' started on 'My Mac - SingleThread (47285)'
Test suite 'ReminderIntentsTests' started on 'My Mac - SingleThread (47285)'
Test suite 'ReminderStoreSkipCountTests' started on 'My Mac - SingleThread (47285)'
Test suite 'ReminderDateFilterTests' started on 'My Mac - SingleThread (47285)'
Test suite 'ActionMenuGateTests' started on 'My Mac - SingleThread (47285)'
Test suite 'CompletionGlowViewModelTests' started on 'My Mac - SingleThread (47285)'
Test suite 'ExcludedListStoreTests' started on 'My Mac - SingleThread (47285)'
Test suite 'ColorCrossPlatformTests' started on 'My Mac - SingleThread (47285)'
Test suite 'ReminderSkipLogicTests' started on 'My Mac - SingleThread (47285)'
Test suite 'TextSizeTests' started on 'My Mac - SingleThread (47285)'
Test suite 'AppearanceModePreferenceTests' started on 'My Mac - SingleThread (47285)'
Test suite 'NotificationSchedulerTests' started on 'My Mac - SingleThread (47285)'
Test suite 'SingleThreadTests' started on 'My Mac - SingleThread (47285)'
Test suite 'UndoCompletionTests' started on 'My Mac - SingleThread (47285)'
Test suite 'ShowRecurrenceTests' started on 'My Mac - SingleThread (47285)'
Test suite 'UITestingSeedTests' started on 'My Mac - SingleThread (47285)'
Test suite 'ResumptionGateTests' started on 'My Mac - SingleThread (47285)'
Test suite 'LocalizationTests' started on 'My Mac - SingleThread (47285)'
Test suite 'EventStoreChangedObserverTests' started on 'My Mac - SingleThread (47285)'
Test suite 'MinimumDisplayDurationTests' started on 'My Mac - SingleThread (47285)'
Test suite 'EnableActionButtonsMigrationTests' started on 'My Mac - SingleThread (47285)'
Test suite 'SwipePromptTests' started on 'My Mac - SingleThread (47285)'
Test suite 'ShowDateTests' started on 'My Mac - SingleThread (47285)'
Test suite 'SortOptionStoreTests' started on 'My Mac - SingleThread (47285)'
Test suite 'CompletionMomentumOverlayTests' started on 'My Mac - SingleThread (47285)'
Test suite 'ReminderStoreLifecycleTests' started on 'My Mac - SingleThread (47285)'
Test suite 'MenuBarExtraPreferenceTests' started on 'My Mac - SingleThread (47285)'
Test suite 'DailyCompletionStoreTests' started on 'My Mac - SingleThread (47285)'
Test suite 'CardWidthTests' started on 'My Mac - SingleThread (47285)'
Test suite 'MakeReminderTests' started on 'My Mac - SingleThread (47285)'
Test suite 'BackgroundImageStoreTests' started on 'My Mac - SingleThread (47285)'
Test suite 'PrivacySettingsContentTests' started on 'My Mac - SingleThread (47285)'
Test suite 'ReminderDisplayTests' started on 'My Mac - SingleThread (47285)'
Test suite 'ShowAlarmsTests' started on 'My Mac - SingleThread (47285)'
Test suite 'ReminderDictationParserTests' started on 'My Mac - SingleThread (47285)'
Test suite 'TranscriptionAccumulatorTests' started on 'My Mac - SingleThread (47285)'
Test suite 'DictationErrorTests' started on 'My Mac - SingleThread (47285)'
Test suite 'ContentViewModelTests' started on 'My Mac - SingleThread (47285)'
Test suite 'ActionButtonTests' started on 'My Mac - SingleThread (47285)'
Test suite 'PendingCompletionLogicTests' started on 'My Mac - SingleThread (47285)'
Test suite 'SkipCountStoreTests' started on 'My Mac - SingleThread (47285)'
Test suite 'CardPlateModifierTests' started on 'My Mac - SingleThread (47285)'
Test suite 'ReminderSortTests' started on 'My Mac - SingleThread (47285)'
Test suite 'ReminderStoreAvailableListsTests' started on 'My Mac - SingleThread (47285)'
Test suite 'SettingsViewTests' started on 'My Mac - SingleThread (47285)'
Test suite 'MicrophoneToggleTests' started on 'My Mac - SingleThread (47285)'
Test suite 'RescheduleSheetTests' started on 'My Mac - SingleThread (47285)'
Test suite 'BoolPreferenceKeyTests' started on 'My Mac - SingleThread (47285)'
Test suite 'ReminderStoreGateTests' started on 'My Mac - SingleThread (47285)'
Test suite 'ReminderPriorityTests' started on 'My Mac - SingleThread (47285)'
Test suite 'AboutViewTests' started on 'My Mac - SingleThread (47285)'
Test suite 'ReloadPendingCompletionTests' started on 'My Mac - SingleThread (47285)'
Test suite 'ReminderStoreWriteTests' started on 'My Mac - SingleThread (47285)'
Test suite 'CodeSpanFormatterTests' started on 'My Mac - SingleThread (47285)'
Test suite 'AppInfoTests' started on 'My Mac - SingleThread (47285)'
Test suite 'ReminderDeepLinkTests' started on 'My Mac - SingleThread (47285)'
Test suite 'SortOptionTests' started on 'My Mac - SingleThread (47285)'
Test suite 'BackgroundPhotoLayerTests' started on 'My Mac - SingleThread (47285)'
Test suite 'UserNotificationCenteringTests' started on 'My Mac - SingleThread (47285)'
Test case 'AppGroupTests/suiteNameIsConfigured()' passed on 'My Mac - SingleThread (47285)' (0.000 seconds)
Test case 'CompletionCounterStoreTests/countStartsAtZeroOnFreshKey()' passed on 'My Mac - SingleThread (47285)' (0.000 seconds)
Test case 'AppGroupTests/defaultsRoundTripsValues()' passed on 'My Mac - SingleThread (47285)' (0.008 seconds)
Test case 'BoolPreferenceStoreTests/absentValueFallsBackToConfiguredDefault(_:)' passed on 'My Mac - SingleThread (47285)' (0.007 seconds)
Test case 'BoolPreferenceStoreTests/absentValueFallsBackToConfiguredDefault(_:)' passed on 'My Mac - SingleThread (47285)' (0.004 seconds)
Test case 'ReminderNotesFormatterTests/formatTransforms(_:)' passed on 'My Mac - SingleThread (47285)' (0.000 seconds)
Test case 'ReminderNotesFormatterTests/formatTransforms(_:)' passed on 'My Mac - SingleThread (47285)' (0.000 seconds)
Test case 'ReminderNotesFormatterTests/formatTransforms(_:)' passed on 'My Mac - SingleThread (47285)' (0.000 seconds)
Test case 'PendingCompletionStoreTests/usesInjectedSuiteNotStandard()' passed on 'My Mac - SingleThread (47285)' (0.014 seconds)
Test case 'BoolPreferenceStoreTests/absentValueFallsBackToConfiguredDefault(_:)' passed on 'My Mac - SingleThread (47285)' (0.006 seconds)
Test case 'ReminderNotesFormatterTests/formatTransforms(_:)' passed on 'My Mac - SingleThread (47285)' (0.000 seconds)
Test case 'ReminderNotesFormatterTests/formatTransforms(_:)' passed on 'My Mac - SingleThread (47285)' (0.000 seconds)
Test case 'ReminderNotesFormatterTests/formatReturnsNilForBlankOrPrefixOnly(_:)' passed on 'My Mac - SingleThread (47285)' (0.000 seconds)
Test case 'ReminderNotesFormatterTests/formatTransforms(_:)' passed on 'My Mac - SingleThread (47285)' (0.000 seconds)
Test case 'BoolPreferenceStoreTests/absentValueFallsBackToConfiguredDefault(_:)' passed on 'My Mac - SingleThread (47285)' (0.010 seconds)
Test case 'ReminderNotesFormatterTests/formatReturnsNilForBlankOrPrefixOnly(_:)' passed on 'My Mac - SingleThread (47285)' (0.000 seconds)
Test case 'ReminderNotesFormatterTests/formatReturnsNilForBlankOrPrefixOnly(_:)' passed on 'My Mac - SingleThread (47285)' (0.000 seconds)
Test case 'ReminderNotesFormatterTests/formatTransforms(_:)' passed on 'My Mac - SingleThread (47285)' (0.000 seconds)
Test case 'BoolPreferenceStoreTests/absentValueFallsBackToConfiguredDefault(_:)' passed on 'My Mac - SingleThread (47285)' (0.024 seconds)
Test case 'ReminderRecurrenceFormatterTests/nilOrEmptyRulesReturnsNil()' passed on 'My Mac - SingleThread (47285)' (0.000 seconds)
Test case 'ReminderNotesFormatterTests/formatReturnsNilForBlankOrPrefixOnly(_:)' passed on 'My Mac - SingleThread (47285)' (0.000 seconds)
Test case 'ReminderNotesFormatterTests/formatTransforms(_:)' passed on 'My Mac - SingleThread (47285)' (0.000 seconds)
Test case 'NotificationPreferenceTests/defaultAndRoundTrips()' passed on 'My Mac - SingleThread (47285)' (0.044 seconds)
Test case 'ReminderNotesFormatterTests/formatReturnsNilForBlankOrPrefixOnly(_:)' passed on 'My Mac - SingleThread (47285)' (0.000 seconds)
Test case 'ReminderNotesFormatterTests/formatReturnsNilForBlankOrPrefixOnly(_:)' passed on 'My Mac - SingleThread (47285)' (0.000 seconds)
Test case 'BoolPreferenceStoreTests/roundTripTrue(_:)' passed on 'My Mac - SingleThread (47285)' (0.036 seconds)
Test case 'ReminderNotesFormatterTests/formatTransforms(_:)' passed on 'My Mac - SingleThread (47285)' (0.000 seconds)
Test case 'ReminderNotesFormatterTests/formatTransforms(_:)' passed on 'My Mac - SingleThread (47285)' (0.000 seconds)
Test case 'ReminderIntentsTests/completeIntentIsConfigured()' passed on 'My Mac - SingleThread (47285)' (0.001 seconds)
Test case 'ReminderIntentsTests/skipIntentIsConfigured()' passed on 'My Mac - SingleThread (47285)' (0.000 seconds)
Test case 'BoolPreferenceStoreTests/roundTripTrue(_:)' passed on 'My Mac - SingleThread (47285)' (0.049 seconds)
Test case 'BoolPreferenceStoreTests/roundTripTrue(_:)' passed on 'My Mac - SingleThread (47285)' (0.046 seconds)
Test case 'BoolPreferenceStoreTests/absentValueFallsBackToConfiguredDefault(_:)' passed on 'My Mac - SingleThread (47285)' (0.060 seconds)
Test case 'PendingCompletionStoreTests/expiryDropsStaleEntriesWithoutResurfacing()' passed on 'My Mac - SingleThread (47285)' (0.060 seconds)
Test case 'ReminderDateFilterTests/overdueCutoffIncludesReminderThirtyDaysOverdue()' passed on 'My Mac - SingleThread (47285)' (0.000 seconds)
Test case 'ReminderDateFilterTests/isInCurrentWindowExcludesOldOverdue()' passed on 'My Mac - SingleThread (47285)' (0.000 seconds)
Test case 'ActionMenuGateTests/showsActionMenu(enableActionButtons:canMutate:hasVisibleReminder:expected:)' passed on 'My Mac - SingleThread (47285)' (0.000 seconds)
Test case 'BoolPreferenceStoreTests/roundTripTrue(_:)' passed on 'My Mac - SingleThread (47285)' (0.043 seconds)
Test case 'BoolPreferenceStoreTests/customDefaultsInjection()' passed on 'My Mac - SingleThread (47285)' (0.010 seconds)
Test case 'OrientationPreferenceTests/defaultAndRoundTrips()' passed on 'My Mac - SingleThread (47285)' (0.082 seconds)
Test case 'ReminderDateFilterTests/isInCurrentWindowIncludesTodaysReminder()' passed on 'My Mac - SingleThread (47285)' (0.000 seconds)
Test case 'ActionMenuGateTests/showsActionMenu(enableActionButtons:canMutate:hasVisibleReminder:expected:)' passed on 'My Mac - SingleThread (47285)' (0.000 seconds)
Test case 'PendingCompletionStoreTests/recordPreservesPreviousEntries()' passed on 'My Mac - SingleThread (47285)' (0.083 seconds)
Test case 'BoolPreferenceStoreTests/roundTripTrue(_:)' passed on 'My Mac - SingleThread (47285)' (0.065 seconds)
Test case 'ActionMenuGateTests/showsActionMenu(enableActionButtons:canMutate:hasVisibleReminder:expected:)' passed on 'My Mac - SingleThread (47285)' (0.000 seconds)
Test case 'ReminderDateFilterTests/overdueCutoffDefaultsToThirtyDaysAgo()' passed on 'My Mac - SingleThread (47285)' (0.000 seconds)
Test case 'ReminderDateFilterTests/isInCurrentWindowExcludesTomorrow()' passed on 'My Mac - SingleThread (47285)' (0.000 seconds)
Test case 'ActionMenuGateTests/showsActionMenu(enableActionButtons:canMutate:hasVisibleReminder:expected:)' passed on 'My Mac - SingleThread (47285)' (0.000 seconds)
Test case 'ReminderDateFilterTests/isInCurrentWindowIncludesOverdueCutoffBoundary()' passed on 'My Mac - SingleThread (47285)' (0.000 seconds)
Test case 'ReminderDateFilterTests/isInCurrentWindowIncludesNilDate()' passed on 'My Mac - SingleThread (47285)' (0.000 seconds)
Test case 'ReminderDateFilterTests/endOfTodayIsLastInstantOfToday()' passed on 'My Mac - SingleThread (47285)' (0.000 seconds)
Test case 'ActionMenuGateTests/showsActionMenu(enableActionButtons:canMutate:hasVisibleReminder:expected:)' passed on 'My Mac - SingleThread (47285)' (0.000 seconds)
Test case 'ActionMenuGateTests/showsActionMenu(enableActionButtons:canMutate:hasVisibleReminder:expected:)' passed on 'My Mac - SingleThread (47285)' (0.000 seconds)
Test case 'ActionMenuGateTests/showsActionMenu(enableActionButtons:canMutate:hasVisibleReminder:expected:)' passed on 'My Mac - SingleThread (47285)' (0.000 seconds)
Test case 'ActionMenuGateTests/showsActionMenu(enableActionButtons:canMutate:hasVisibleReminder:expected:)' passed on 'My Mac - SingleThread (47285)' (0.000 seconds)
Test case 'ReminderDateFilterTests/overdueCutoffExcludesReminderMoreThanThirtyDaysOverdue()' passed on 'My Mac - SingleThread (47285)' (0.000 seconds)
Test case 'ReminderDateFilterTests/reminderDueTodayIsIncluded()' passed on 'My Mac - SingleThread (47285)' (0.000 seconds)
Test case 'ReminderDateFilterTests/reminderDueTomorrowIsExcluded()' passed on 'My Mac - SingleThread (47285)' (0.000 seconds)
Test case 'ReminderDateFilterTests/reminderDueYesterdayIsIncluded()' passed on 'My Mac - SingleThread (47285)' (0.000 seconds)
Test case 'ReminderRecurrenceFormatterTests/formatsKnownRules()' passed on 'My Mac - SingleThread (47285)' (0.004 seconds)
Test case 'ReminderSkipLogicTests/resolveIntersectsFetchedAndSkipped(_:)' passed on 'My Mac - SingleThread (47285)' (0.000 seconds)
Test case 'ReminderSkipLogicTests/resolveIntersectsFetchedAndSkipped(_:)' passed on 'My Mac - SingleThread (47285)' (0.000 seconds)
Test case 'ReminderSkipLogicTests/resolveIntersectsFetchedAndSkipped(_:)' passed on 'My Mac - SingleThread (47285)' (0.000 seconds)
Test case 'ReminderSkipLogicTests/resolveIntersectsFetchedAndSkipped(_:)' passed on 'My Mac - SingleThread (47285)' (0.000 seconds)
Test case 'ReminderSkipLogicTests/resolveIntersectsFetchedAndSkipped(_:)' passed on 'My Mac - SingleThread (47285)' (0.000 seconds)
Test case 'LocalizationTests/infoPlistStringsHaveRequiredKeysPerLanguage()' passed on 'My Mac - SingleThread (47285)' (0.002 seconds)
Test case 'BoolPreferenceStoreTests/roundTripTrue(_:)' passed on 'My Mac - SingleThread (47285)' (0.049 seconds)
Test case 'BoolPreferenceStoreTests/roundTripFalse(_:)' passed on 'My Mac - SingleThread (47285)' (0.036 seconds)
Test case 'LocalizationTests/nonEnglishValuesDifferFromEnglish()' passed on 'My Mac - SingleThread (47285)' (0.005 seconds)
Test case 'LocalizationTests/catalogsParseAndHaveNonEmptyEnglish()' passed on 'My Mac - SingleThread (47285)' (0.002 seconds)
Test case 'LocalizationTests/catalogsHaveAllSixLanguages()' passed on 'My Mac - SingleThread (47285)' (0.005 seconds)
Test case 'ReminderSkipLogicTests/skippingAddsIdentifierAndPrunesStale(_:)' passed on 'My Mac - SingleThread (47285)' (0.000 seconds)
Test case 'ReminderSkipLogicTests/skippingAddsIdentifierAndPrunesStale(_:)' passed on 'My Mac - SingleThread (47285)' (0.000 seconds)
Test case 'DailyCompletionStoreTests/defaultsAreZero()' passed on 'My Mac - SingleThread (47285)' (0.000 seconds)
Test case 'ReminderSkipLogicTests/skippingAddsIdentifierAndPrunesStale(_:)' passed on 'My Mac - SingleThread (47285)' (0.000 seconds)
Test case 'ReminderSkipLogicTests/skippingAddsIdentifierAndPrunesStale(_:)' passed on 'My Mac - SingleThread (47285)' (0.000 seconds)
Test case 'ReminderSkipLogicTests/skippingAddsIdentifierAndPrunesStale(_:)' passed on 'My Mac - SingleThread (47285)' (0.000 seconds)
Test case 'SortOptionStoreTests/loadsPriorityDefaultWhenMissing()' passed on 'My Mac - SingleThread (47285)' (0.002 seconds)
Test case 'ExcludedListStoreTests/storesAreIsolatedByKey()' passed on 'My Mac - SingleThread (47285)' (0.019 seconds)
Test case 'MinimumDisplayDurationTests/remainingSleepScalesWithElapsed(_:)' passed on 'My Mac - SingleThread (47285)' (0.000 seconds)
Test case 'MinimumDisplayDurationTests/remainingSleepScalesWithElapsed(_:)' passed on 'My Mac - SingleThread (47285)' (0.000 seconds)
Test case 'MinimumDisplayDurationTests/remainingSleepScalesWithElapsed(_:)' passed on 'My Mac - SingleThread (47285)' (0.000 seconds)
Test case 'MinimumDisplayDurationTests/remainingSleepScalesWithElapsed(_:)' passed on 'My Mac - SingleThread (47285)' (0.000 seconds)
Test case 'LocalizationTests/pluralKeysCarryPluralVariationsInAllLanguages()' passed on 'My Mac - SingleThread (47285)' (0.001 seconds)
Test case 'DictationErrorTests/noSpeechDetectedHasDescription()' passed on 'My Mac - SingleThread (47285)' (0.000 seconds)
Test case 'DictationErrorTests/recognizerUnavailableHasDescription()' passed on 'My Mac - SingleThread (47285)' (0.000 seconds)
Test case 'DictationErrorTests/alreadyRecordingHasDescription()' passed on 'My Mac - SingleThread (47285)' (0.000 seconds)
Test case 'DictationErrorTests/microphoneDeniedHasDescription()' passed on 'My Mac - SingleThread (47285)' (0.000 seconds)
Test case 'CardWidthTests/maxContentWidthIsNonNegativeAtZeroViewport()' passed on 'My Mac - SingleThread (47285)' (0.000 seconds)
Test case 'CardWidthTests/maxContentWidthHitsCeilingAtBoundary()' passed on 'My Mac - SingleThread (47285)' (0.000 seconds)
Test case 'CardWidthTests/maxContentWidthPinsAtCeiling()' passed on 'My Mac - SingleThread (47285)' (0.000 seconds)
Test case 'SkipCountStoreTests/loadsEmptyByDefault()' passed on 'My Mac - SingleThread (47285)' (0.001 seconds)
Test case 'SkipCountStoreTests/crossedThresholdFiresOnlyOnce(_:)' passed on 'My Mac - SingleThread (47285)' (0.000 seconds)
Test case 'SkipCountStoreTests/crossedThresholdFiresOnlyOnce(_:)' passed on 'My Mac - SingleThread (47285)' (0.000 seconds)
Test case 'SkipCountStoreTests/crossedThresholdFiresOnlyOnce(_:)' passed on 'My Mac - SingleThread (47285)' (0.000 seconds)
Test case 'SkipCountStoreTests/crossedThresholdFiresOnlyOnce(_:)' passed on 'My Mac - SingleThread (47285)' (0.000 seconds)
Test case 'CardWidthTests/maxContentWidthScalesBelowCeiling()' passed on 'My Mac - SingleThread (47285)' (0.000 seconds)
Test case 'SkipCountStoreTests/crossedThresholdFiresOnlyOnce(_:)' passed on 'My Mac - SingleThread (47285)' (0.000 seconds)
Test case 'PendingCompletionStoreTests/defaultsAndRoundTrips()' passed on 'My Mac - SingleThread (47285)' (0.123 seconds)
Test case 'BoolPreferenceStoreTests/roundTripFalse(_:)' passed on 'My Mac - SingleThread (47285)' (0.056 seconds)
Test case 'SkipCountStoreTests/shouldNudgeFiresOnlyAtOrPastThreshold(_:)' passed on 'My Mac - SingleThread (47285)' (0.000 seconds)
Test case 'SkipCountStoreTests/shouldNudgeFiresOnlyAtOrPastThreshold(_:)' passed on 'My Mac - SingleThread (47285)' (0.000 seconds)
Test case 'SkipCountStoreTests/shouldNudgeFiresOnlyAtOrPastThreshold(_:)' passed on 'My Mac - SingleThread (47285)' (0.000 seconds)
Test case 'SkipCountStoreTests/shouldNudgeFiresOnlyAtOrPastThreshold(_:)' passed on 'My Mac - SingleThread (47285)' (0.000 seconds)
Test case 'SkipCountStoreTests/shouldNudgeFiresOnlyAtOrPastThreshold(_:)' passed on 'My Mac - SingleThread (47285)' (0.000 seconds)
Test case 'SkipCountStoreTests/shouldNudgeFiresOnlyAtOrPastThreshold(_:)' passed on 'My Mac - SingleThread (47285)' (0.000 seconds)
Test case 'SkipCountStoreTests/shouldNudgeFiresOnlyAtOrPastThreshold(_:)' passed on 'My Mac - SingleThread (47285)' (0.000 seconds)
Test case 'ReminderSortTests/titleOptionSortsCaseInsensitively()' passed on 'My Mac - SingleThread (47285)' (0.000 seconds)
Test case 'ReminderSortTests/listCollationIsCaseAndLocaleInsensitive()' passed on 'My Mac - SingleThread (47285)' (0.001 seconds)
Test case 'ReminderSortTests/priorityOptionMatchesLegacyComparator()' passed on 'My Mac - SingleThread (47285)' (0.000 seconds)
Test case 'ReminderSortTests/sortsByPriorityThenDateThenTitle()' passed on 'My Mac - SingleThread (47285)' (0.000 seconds)
Test case 'ReminderSortTests/groupsByListWithinDueDateBucket()' passed on 'My Mac - SingleThread (47285)' (0.000 seconds)
Test case 'BoolPreferenceKeyTests/isSendable()' passed on 'My Mac - SingleThread (47285)' (0.000 seconds)
Test case 'ReminderSortTests/groupsByListWithinTitleBucket()' passed on 'My Mac - SingleThread (47285)' (0.000 seconds)
Test case 'BoolPreferenceKeyTests/keyStringsMatchExistingHardcodedKeys(_:_:)' passed on 'My Mac - SingleThread (47285)' (0.000 seconds)
Test case 'BoolPreferenceKeyTests/keyStringsMatchExistingHardcodedKeys(_:_:)' passed on 'My Mac - SingleThread (47285)' (0.000 seconds)
Test case 'ReminderSortTests/nilListSortsLast()' passed on 'My Mac - SingleThread (47285)' (0.000 seconds)
Test case 'BoolPreferenceKeyTests/keyStringsMatchExistingHardcodedKeys(_:_:)' passed on 'My Mac - SingleThread (47285)' (0.000 seconds)
Test case 'BoolPreferenceKeyTests/keyStringsMatchExistingHardcodedKeys(_:_:)' passed on 'My Mac - SingleThread (47285)' (0.000 seconds)
Test case 'BoolPreferenceKeyTests/keyStringsMatchExistingHardcodedKeys(_:_:)' passed on 'My Mac - SingleThread (47285)' (0.000 seconds)
Test case 'BoolPreferenceKeyTests/keyStringsMatchExistingHardcodedKeys(_:_:)' passed on 'My Mac - SingleThread (47285)' (0.000 seconds)
Test case 'BoolPreferenceKeyTests/keyStringsMatchExistingHardcodedKeys(_:_:)' passed on 'My Mac - SingleThread (47285)' (0.000 seconds)
Test case 'BoolPreferenceKeyTests/keyStringsMatchExistingHardcodedKeys(_:_:)' passed on 'My Mac - SingleThread (47285)' (0.000 seconds)
Test case 'BoolPreferenceKeyTests/allCasesIsExhaustive()' passed on 'My Mac - SingleThread (47285)' (0.000 seconds)
Test case 'ReminderSortTests/groupsByListWithinPriorityBucket()' passed on 'My Mac - SingleThread (47285)' (0.000 seconds)
Test case 'ReminderSortTests/sortsWithinSamePriorityByDateThenTitle()' passed on 'My Mac - SingleThread (47285)' (0.000 seconds)
Test case 'ReminderSortTests/sameListFallsThroughToDateThenTitle()' passed on 'My Mac - SingleThread (47285)' (0.000 seconds)
Test case 'ReminderSortTests/dueDateOptionSortsSoonestFirst()' passed on 'My Mac - SingleThread (47285)' (0.000 seconds)
Test case 'ReminderPriorityTests/levelMapsEveryPriority(_:)' passed on 'My Mac - SingleThread (47285)' (0.000 seconds)
Test case 'ReminderPriorityTests/levelMapsEveryPriority(_:)' passed on 'My Mac - SingleThread (47285)' (0.000 seconds)
Test case 'ReminderPriorityTests/levelMapsEveryPriority(_:)' passed on 'My Mac - SingleThread (47285)' (0.000 seconds)
Test case 'ReminderPriorityTests/levelMapsEveryPriority(_:)' passed on 'My Mac - SingleThread (47285)' (0.000 seconds)
Test case 'ReminderPriorityTests/levelMapsEveryPriority(_:)' passed on 'My Mac - SingleThread (47285)' (0.000 seconds)
Test case 'ReminderPriorityTests/levelMapsEveryPriority(_:)' passed on 'My Mac - SingleThread (47285)' (0.000 seconds)
Test case 'ReminderPriorityTests/levelMapsEveryPriority(_:)' passed on 'My Mac - SingleThread (47285)' (0.000 seconds)
Test case 'ReminderPriorityTests/levelMapsEveryPriority(_:)' passed on 'My Mac - SingleThread (47285)' (0.000 seconds)
Test case 'ReminderPriorityTests/levelMapsEveryPriority(_:)' passed on 'My Mac - SingleThread (47285)' (0.000 seconds)
Test case 'ReminderPriorityTests/displayNameLocalizes()' passed on 'My Mac - SingleThread (47285)' (0.000 seconds)
Test case 'ReminderPriorityTests/levelMapsEveryPriority(_:)' passed on 'My Mac - SingleThread (47285)' (0.000 seconds)
Test case 'BoolPreferenceStoreTests/roundTripFalse(_:)' passed on 'My Mac - SingleThread (47285)' (0.056 seconds)
Test case 'CodeSpanFormatterTests/unmatchedBackticksRenderLiterally(_:)' passed on 'My Mac - SingleThread (47285)' (0.001 seconds)
Test case 'CodeSpanFormatterTests/unmatchedBackticksRenderLiterally(_:)' passed on 'My Mac - SingleThread (47285)' (0.001 seconds)
Test case 'ReminderPriorityTests/markerAndRankMap(_:)' passed on 'My Mac - SingleThread (47285)' (0.000 seconds)
Test case 'ReminderPriorityTests/markerAndRankMap(_:)' passed on 'My Mac - SingleThread (47285)' (0.000 seconds)
Test case 'ReminderPriorityTests/markerAndRankMap(_:)' passed on 'My Mac - SingleThread (47285)' (0.000 seconds)
Test case 'ReminderPriorityTests/markerAndRankMap(_:)' passed on 'My Mac - SingleThread (47285)' (0.000 seconds)
Test case 'ReminderPriorityTests/markerAndRankMap(_:)' passed on 'My Mac - SingleThread (47285)' (0.000 seconds)
Test case 'ReminderPriorityTests/markerAndRankMap(_:)' passed on 'My Mac - SingleThread (47285)' (0.000 seconds)
Test case 'BoolPreferenceStoreTests/setOverwritesPreviousValue()' passed on 'My Mac - SingleThread (47285)' (0.129 seconds)
Test case 'BoolPreferenceStoreTests/roundTripFalse(_:)' passed on 'My Mac - SingleThread (47285)' (0.072 seconds)
Test case 'SortOptionStoreTests/saveAndLoadRoundTrip()' passed on 'My Mac - SingleThread (47285)' (0.030 seconds)
Test case 'BoolPreferenceStoreTests/roundTripFalse(_:)' passed on 'My Mac - SingleThread (47285)' (0.082 seconds)
Test case 'SortOptionStoreTests/loadsPriorityDefaultWhenInvalid()' passed on 'My Mac - SingleThread (47285)' (0.031 seconds)
Test case 'CodeSpanFormatterTests/codeSpanHasBackgroundAttribute()' passed on 'My Mac - SingleThread (47285)' (0.006 seconds)
Test case 'CodeSpanFormatterTests/inlineCodeStripsBackticks(_:)' passed on 'My Mac - SingleThread (47285)' (0.004 seconds)
Test case 'CodeSpanFormatterTests/inlineCodeStripsBackticks(_:)' passed on 'My Mac - SingleThread (47285)' (0.000 seconds)
Test case 'CodeSpanFormatterTests/inlineCodeStripsBackticks(_:)' passed on 'My Mac - SingleThread (47285)' (0.006 seconds)
Test case 'CodeSpanFormatterTests/inlineCodeStripsBackticks(_:)' passed on 'My Mac - SingleThread (47285)' (0.001 seconds)
Test case 'CodeSpanFormatterTests/inlineCodeStripsBackticks(_:)' passed on 'My Mac - SingleThread (47285)' (0.000 seconds)
Test case 'AppInfoTests/fallsBackWhenIdentityKeysAreAbsent()' passed on 'My Mac - SingleThread (47285)' (0.000 seconds)
Test case 'CodeSpanFormatterTests/emptyAndPlainText()' passed on 'My Mac - SingleThread (47285)' (0.000 seconds)
Test case 'CodeSpanFormatterTests/plainTextHasNoCodeAttributes()' passed on 'My Mac - SingleThread (47285)' (0.000 seconds)
Test case 'CodeSpanFormatterTests/inlineCodeStripsBackticks(_:)' passed on 'My Mac - SingleThread (47285)' (0.000 seconds)
Test case 'ReminderDeepLinkTests/urlReturnsCorrectScheme()' passed on 'My Mac - SingleThread (47285)' (0.000 seconds)
Test case 'AppInfoTests/emptyVersionWhenMarketingAbsentButBuildPresent()' passed on 'My Mac - SingleThread (47285)' (0.000 seconds)
Test case 'ReminderDeepLinkTests/urlReturnsNilForEmptyIdentifier()' passed on 'My Mac - SingleThread (47285)' (0.000 seconds)
Test case 'ReminderDeepLinkTests/urlEmbedsIdentifierInPath()' passed on 'My Mac - SingleThread (47285)' (0.000 seconds)
Test case 'CodeSpanFormatterTests/fencedAndUnclosedFencesStripFencesKeepContent()' passed on 'My Mac - SingleThread (47285)' (0.000 seconds)
Test case 'AppInfoTests/readsMarketingVersionBuildNumberAndDisplayName()' passed on 'My Mac - SingleThread (47285)' (0.000 seconds)
Test case 'AppInfoTests/omitsBuildParentheticalWhenBuildIsAbsent()' passed on 'My Mac - SingleThread (47285)' (0.000 seconds)
Test case 'AppInfoTests/fallsBackToBundleNameWhenDisplayNameAbsent()' passed on 'My Mac - SingleThread (47285)' (0.000 seconds)
Test case 'ReminderDictationTests/fakeRecordsAuthorizationCall()' passed on 'My Mac - SingleThread (47285)' (0.126 seconds)
Test case 'NotificationSchedulerTests/scheduleReplacesExistingPending()' passed on 'My Mac - SingleThread (47285)' (0.057 seconds)
Test case 'BoolPreferenceStoreTests/roundTripFalse(_:)' passed on 'My Mac - SingleThread (47285)' (0.080 seconds)
Test case 'NotificationSchedulerTests/cancelRemovesPendingAndDelivered()' passed on 'My Mac - SingleThread (47285)' (0.077 seconds)
Test case 'NotificationSchedulerTests/skipsScheduleWhenDisabled()' passed on 'My Mac - SingleThread (47285)' (0.077 seconds)
Test case 'ExcludedListStoreTests/loadDefaultsAndRoundTrips()' passed on 'My Mac - SingleThread (47285)' (0.075 seconds)
Test case 'SkipCountStoreTests/roundTripsSaveAndLoad()' passed on 'My Mac - SingleThread (47285)' (0.038 seconds)
Test case 'SkipCountStoreTests/isolatesByUUIDKey()' passed on 'My Mac - SingleThread (47285)' (0.018 seconds)
Test case 'AppearanceModePreferenceTests/defaultAndRoundTrips()' passed on 'My Mac - SingleThread (47285)' (0.073 seconds)
Test case 'NotificationSchedulerTests/schedulesWhenEnabled()' passed on 'My Mac - SingleThread (47285)' (0.078 seconds)
Test case 'NotificationSchedulerTests/requestsPermissionWhenNotDetermined()' passed on 'My Mac - SingleThread (47285)' (0.078 seconds)
Test case 'NotificationSchedulerTests/skipsScheduleWhenNoReminders()' passed on 'My Mac - SingleThread (47285)' (0.078 seconds)
Test case 'NotificationSchedulerTests/skipsPermissionWhenAlreadyAuthorized()' passed on 'My Mac - SingleThread (47285)' (0.078 seconds)
Test case 'NotificationSchedulerTests/usesConfiguredInterval()' passed on 'My Mac - SingleThread (47285)' (0.078 seconds)
Test case 'NotificationSchedulerTests/schedulesWhenHasHidden()' passed on 'My Mac - SingleThread (47285)' (0.078 seconds)
Test case 'EventStoreChangedObserverTests/onChangeFiresWhenEventStoreChangedPosted()' passed on 'My Mac - SingleThread (47285)' (0.067 seconds)
Test case 'BackgroundImageStoreTests/successfulFetchStoresBytesAndMetadata()' passed on 'My Mac - SingleThread (47285)' (0.093 seconds)
Test case 'SettingsViewTests/pinToggleVisibleWhenBackgroundDisabled()' passed on 'My Mac - SingleThread (47285)' (0.076 seconds)
Test case 'SettingsViewTests/backgroundSettingsViewContainsExpectedRows()' passed on 'My Mac - SingleThread (47285)' (0.075 seconds)
Test case 'SettingsViewTests/backgroundSettingsViewContainsPinToggle()' passed on 'My Mac - SingleThread (47285)' (0.077 seconds)
Test case 'DailyCompletionStoreTests/incrementSetsCountToOne()' passed on 'My Mac - SingleThread (47285)' (0.004 seconds)
Test case 'DailyCompletionStoreTests/incrementSameDay()' passed on 'My Mac - SingleThread (47285)' (0.003 seconds)
Test case 'CompletionCounterStoreTests/incrementAdvancesCount()' passed on 'My Mac - SingleThread (47285)' (0.012 seconds)
Test case 'UserNotificationCenteringTests/fakeRecordsAddedRequest()' passed on 'My Mac - SingleThread (47285)' (0.081 seconds)
Test case 'UserNotificationCenteringTests/fakeRecordsAuthorizationFailure()' passed on 'My Mac - SingleThread (47285)' (0.081 seconds)
Test case 'UserNotificationCenteringTests/fakeReturnsInjectedAuthorizationStatus()' passed on 'My Mac - SingleThread (47285)' (0.081 seconds)
Test case 'UserNotificationCenteringTests/fakeRecordsAuthorizationRequest()' passed on 'My Mac - SingleThread (47285)' (0.081 seconds)
Test case 'DailyCompletionStoreTests/dayRolloverResetsCount()' passed on 'My Mac - SingleThread (47285)' (0.011 seconds)
Test case 'DailyCompletionStoreTests/decrementClamps()' passed on 'My Mac - SingleThread (47285)' (0.002 seconds)
Test case 'DailyCompletionStoreTests/decrementAfterIncrement()' passed on 'My Mac - SingleThread (47285)' (0.002 seconds)
Test case 'CompletionCounterStoreTests/countSurvivesStoreRecreation()' passed on 'My Mac - SingleThread (47285)' (0.011 seconds)
Test case 'DailyCompletionStoreTests/survivesRecreation()' passed on 'My Mac - SingleThread (47285)' (0.009 seconds)
Test case 'DailyCompletionStoreTests/perKeyIsolation()' passed on 'My Mac - SingleThread (47285)' (0.002 seconds)
Test case 'ReminderDictationTests/requestAuthorizationResumesOnMainActorFromOffMainQueue()' passed on 'My Mac - SingleThread (47285)' (0.225 seconds)
Test case 'StaleReminderRecheckerTests/startFiresImmediateReloadWhenReminderShowing()' passed on 'My Mac - SingleThread (47285)' (0.236 seconds)
Test case 'DailyCompletionStoreTests/resetForTesting()' passed on 'My Mac - SingleThread (47285)' (0.009 seconds)
Test case 'CompletionCounterStoreTests/storesAreIsolatedByKey()' passed on 'My Mac - SingleThread (47285)' (0.019 seconds)
Test case 'CompletionCounterStoreTests/resetForTestingZeroesCounter()' passed on 'My Mac - SingleThread (47285)' (0.021 seconds)
Test case 'CompletionCounterStoreTests/decrementReducesCount()' passed on 'My Mac - SingleThread (47285)' (0.031 seconds)
Test case 'CompletionCounterStoreTests/decrementDoesNotGoBelowZero()' passed on 'My Mac - SingleThread (47285)' (0.009 seconds)
Test case 'CompletionCounterStoreTests/countOnSeededKeyReads100()' passed on 'My Mac - SingleThread (47285)' (0.010 seconds)
Test case 'EventStoreChangedObserverTests/unregisterRemovesObserver()' passed on 'My Mac - SingleThread (47285)' (0.442 seconds)
Test case 'ReminderDictationTests/fakeTranscribeThrowsPresetError()' passed on 'My Mac - SingleThread (47285)' (0.577 seconds)
Test case 'ReminderDictationTests/fakeTranscribeSetsRecordingFlag()' passed on 'My Mac - SingleThread (47285)' (0.566 seconds)
Test case 'ReminderDictationTests/fakeTranscribeReturnsPresetResult()' passed on 'My Mac - SingleThread (47285)' (0.577 seconds)
Test case 'BackgroundImageStoreTests/nonImagePayloadRejected()' passed on 'My Mac - SingleThread (47285)' (0.399 seconds)
Test case 'CardPlateTests/skipHintColorDarkenedOrangeInLightMode()' passed on 'My Mac - SingleThread (47285)' (0.620 seconds)
Test case 'CardPlateTests/plateFillOffWhiteInLightMode()' passed on 'My Mac - SingleThread (47285)' (0.619 seconds)
Test case 'URLOpeningTests/spyRecordsOpenedURL()' passed on 'My Mac - SingleThread (47285)' (0.620 seconds)
Test case 'URLOpeningTests/systemURLOpenerForwards()' passed on 'My Mac - SingleThread (47285)' (0.619 seconds)
Test case 'CardPlateTests/cornerRadiusIsTenPoints()' passed on 'My Mac - SingleThread (47285)' (0.619 seconds)
Test case 'CardPlateTests/plateFillDarkDiffersFromLight()' passed on 'My Mac - SingleThread (47285)' (0.619 seconds)
Test case 'CardPlateTests/completeHintColorDarkenedGreenInLightMode()' passed on 'My Mac - SingleThread (47285)' (0.619 seconds)
Test case 'CardPlateTests/skipHintColorOrangeInDarkMode()' passed on 'My Mac - SingleThread (47285)' (0.620 seconds)
Test case 'CardPlateTests/plateFillBlackInDarkMode()' passed on 'My Mac - SingleThread (47285)' (0.620 seconds)
Test case 'URLOpeningTests/spyAccumulatesMultipleOpens()' passed on 'My Mac - SingleThread (47285)' (0.620 seconds)
Test case 'PreferenceHolderTests/initializesFromStores()' passed on 'My Mac - SingleThread (47285)' (0.620 seconds)
Test case 'BackgroundFadeTests/opacityClampsOutOfRangePersistedValues()' passed on 'My Mac - SingleThread (47285)' (0.621 seconds)
Test case 'BackgroundFadeTests/opacityInvertsFadePercent()' passed on 'My Mac - SingleThread (47285)' (0.621 seconds)
Test case 'BackgroundFadeTests/allValuesAscendInTenPercentStepsUpToNinety()' passed on 'My Mac - SingleThread (47285)' (0.621 seconds)
Test case 'MacOSActionButtonChromeTests/actionClusterDoesNotTintItsButtons()' passed on 'My Mac - SingleThread (47285)' (0.621 seconds)
Test case 'CardPlateTests/completeHintColorGreenInDarkMode()' passed on 'My Mac - SingleThread (47285)' (0.621 seconds)
Test case 'SingleThreadButtonModifierTests/composedViewCarriesSingleThreadButtonModifier()' passed on 'My Mac - SingleThread (47285)' (0.621 seconds)
Test case 'BackgroundFadeTests/defaultIsFiftyPercent()' passed on 'My Mac - SingleThread (47285)' (0.621 seconds)
Test case 'MenuBarExtraOptionsTests/rendersNextReminderActions()' passed on 'My Mac - SingleThread (47285)' (0.621 seconds)
Test case 'MacOSActionButtonChromeTests/actionClusterButtonsUseControlPlateAndBorderlessChrome()' passed on 'My Mac - SingleThread (47285)' (0.621 seconds)
Test case 'SingleThreadButtonModifierTests/unmodifiedBorderedButtonDoesNotCarrySingleThreadButtonModifier()' passed on 'My Mac - SingleThread (47285)' (0.621 seconds)
Test case 'MacOSActionButtonChromeTests/actionMenuUsesBorderlessMenuStyleAndControlPlate()' passed on 'My Mac - SingleThread (47285)' (0.621 seconds)
Test case 'AppearanceModeTests/loadReadsPersistedValue()' passed on 'My Mac - SingleThread (47285)' (0.621 seconds)
Test case 'AppearanceModeTests/colorSchemeMaps(_:)' passed on 'My Mac - SingleThread (47285)' (0.621 seconds)
Test case 'AppearanceModeTests/appKitAppearanceMaps(_:)' passed on 'My Mac - SingleThread (47285)' (0.621 seconds)
Test case 'AppearanceModeTests/loadFallsBackToSystemOnMissingOrUnknown(_:)' passed on 'My Mac - SingleThread (47285)' (0.621 seconds)
Test case 'AppearanceModeTests/loadFallsBackToSystemOnMissingOrUnknown(_:)' passed on 'My Mac - SingleThread (47285)' (0.621 seconds)
Test case 'SettingsCaptionTests/linkLabelContainsTitleAndCaption()' passed on 'My Mac - SingleThread (47285)' (0.621 seconds)
Test case 'AppearanceModeTests/allCasesAndTitlesAreHumanReadable()' passed on 'My Mac - SingleThread (47285)' (0.621 seconds)
Test case 'CompletionGlowTests/glowStateMachine()' passed on 'My Mac - SingleThread (47285)' (0.621 seconds)
Test case 'AppearanceModeTests/appKitAppearanceMaps(_:)' passed on 'My Mac - SingleThread (47285)' (0.621 seconds)
Test case 'AppearanceModeTests/colorSchemeMaps(_:)' passed on 'My Mac - SingleThread (47285)' (0.621 seconds)
Test case 'AppearanceModeTests/appKitAppearanceMaps(_:)' passed on 'My Mac - SingleThread (47285)' (0.621 seconds)
Test case 'SettingsCaptionTests/captionRendersText()' passed on 'My Mac - SingleThread (47285)' (0.621 seconds)
Test case 'ReminderDictationTests/dictationViewModelCanInitWithStore()' passed on 'My Mac - SingleThread (47285)' (0.621 seconds)
Test case 'ReminderDictationTests/fakeAuthorizationIsPreset()' passed on 'My Mac - SingleThread (47285)' (0.621 seconds)
Test case 'ReminderDictationTests/dictationViewModelCanInitWithFakeTranscriber()' passed on 'My Mac - SingleThread (47285)' (0.621 seconds)
Test case 'ListContentTests/listContentReturnsAllDoneWhenAllSkipped()' passed on 'My Mac - SingleThread (47285)' (0.621 seconds)
Test case 'EntitlementStoreTests/isEntitledIsFalseByDefault()' passed on 'My Mac - SingleThread (47285)' (0.621 seconds)
Test case 'ReminderStoreSkipCountTests/incrementsSkipCountOnInteractiveSkip()' passed on 'My Mac - SingleThread (47285)' (0.570 seconds)
Test case 'TextSizeTests/smallMapsToSmallDynamicTypeSize()' passed on 'My Mac - SingleThread (47285)' (0.538 seconds)
Test case 'SettingsCaptionTests/captionTextDoesNotMatchExistingLabels()' passed on 'My Mac - SingleThread (47285)' (0.621 seconds)
Test case 'TextSizeTests/titlesAreHumanReadable()' passed on 'My Mac - SingleThread (47285)' (0.538 seconds)
Test case 'TextSizeTests/extraLargeMapsToXXXLargeDynamicTypeSize()' passed on 'My Mac - SingleThread (47285)' (0.538 seconds)
Test case 'TextSizeTests/largeMapsToXLargeDynamicTypeSize()' passed on 'My Mac - SingleThread (47285)' (0.538 seconds)
Test case 'AppearanceModeTests/colorSchemeMaps(_:)' passed on 'My Mac - SingleThread (47285)' (0.621 seconds)
Test case 'SettingsViewModelTests/initializationAndMutationsDoNotCrash()' passed on 'My Mac - SingleThread (47285)' (0.621 seconds)
Test case 'TextSizeTests/allCasesCoverFiveCases()' passed on 'My Mac - SingleThread (47285)' (0.538 seconds)
Test case 'SettingsSubscreenLayoutTests/settingsSubscreenLayoutTopAlignedOnMacOS()' passed on 'My Mac - SingleThread (47285)' (0.538 seconds)
Test case 'TextSizeTests/mediumMapsToMediumDynamicTypeSize()' passed on 'My Mac - SingleThread (47285)' (0.538 seconds)
Test case 'ReminderStoreTests/visibleRemindersFiltersSkippedReminder()' passed on 'My Mac - SingleThread (47285)' (0.535 seconds)
Test case 'ColorCrossPlatformTests/systemBackgroundResolves()' passed on 'My Mac - SingleThread (47285)' (0.538 seconds)
Test case 'SingleThreadTests/contentViewAllDoneShowsAllDoneCopy()' passed on 'My Mac - SingleThread (47285)' (0.535 seconds)
Test case 'PreferenceHolderTests/refreshesOnNotification()' passed on 'My Mac - SingleThread (47285)' (0.622 seconds)
Test case 'TextSizeTests/systemMapsToNilDynamicTypeSize()' passed on 'My Mac - SingleThread (47285)' (0.535 seconds)
Test case 'SingleThreadTests/contentViewBodyContainsRefreshableModifier()' passed on 'My Mac - SingleThread (47285)' (0.536 seconds)
Test case 'SingleThreadTests/contentViewModelInitializesWithoutReminders()' passed on 'My Mac - SingleThread (47285)' (0.542 seconds)
Test case 'SingleThreadTests/contentViewBodyContainsBorderlessDictateButtonOnMacOS()' passed on 'My Mac - SingleThread (47285)' (0.542 seconds)
Test case 'SingleThreadTests/rescheduleSheetTextButtonsKeepNativeChrome()' passed on 'My Mac - SingleThread (47285)' (0.542 seconds)
Test case 'SwipePromptTests/promptShownWhenEnabled()' passed on 'My Mac - SingleThread (47285)' (0.542 seconds)
Test case 'SingleThreadTests/contentViewBodyContainsRefreshButtonOnMacOS()' passed on 'My Mac - SingleThread (47285)' (0.542 seconds)
Test case 'SingleThreadTests/contentViewBodyContainsBorderlessSettingsGearOnMacOS()' passed on 'My Mac - SingleThread (47285)' (0.542 seconds)
Test case 'SingleThreadTests/contentViewEmptyStatesShowDistinctCopy()' passed on 'My Mac - SingleThread (47285)' (0.542 seconds)
Test case 'ResumptionGateTests/resolvesOnceAcrossMultipleClaimAttempts()' passed on 'My Mac - SingleThread (47285)' (0.537 seconds)
Test case 'MakeReminderTests/makeReminderSetsTitle()' passed on 'My Mac - SingleThread (47285)' (0.536 seconds)
Test case 'MenuBarExtraPreferenceTests/menuBarExtraPreferenceKeyIsStable()' passed on 'My Mac - SingleThread (47285)' (0.536 seconds)
Test case 'EnableActionButtonsMigrationTests/standardOnlyValueIsCopiedToAppGroup()' passed on 'My Mac - SingleThread (47285)' (0.542 seconds)
Test case 'ShowDateTests/dateAndListRowsFollowPreferences()' passed on 'My Mac - SingleThread (47285)' (0.537 seconds)
Test case 'MakeReminderTests/makeReminderUsesDefaultCalendar()' passed on 'My Mac - SingleThread (47285)' (0.535 seconds)
Test case 'ActionButtonTests/freshViewModelDefaultsToActionButtonsOn()' passed on 'My Mac - SingleThread (47285)' (0.535 seconds)
Test case 'MakeReminderTests/makeReminderSetsDueDate()' passed on 'My Mac - SingleThread (47285)' (0.535 seconds)
Test case 'CompletionGlowViewModelTests/glowTriggersOnSuccessfulCompletion()' passed on 'My Mac - SingleThread (47285)' (0.555 seconds)
Test case 'MakeReminderTests/makeReminderSetsDefaultCalendar()' passed on 'My Mac - SingleThread (47285)' (0.535 seconds)
Test case 'CompletionMomentumOverlayTests/triggerSetsActiveAndCount()' passed on 'My Mac - SingleThread (47285)' (0.537 seconds)
Test case 'ActionButtonTests/buttonsHiddenWhenAllSkipped()' passed on 'My Mac - SingleThread (47285)' (0.535 seconds)
Test case 'MakeReminderTests/makeReminderSetsRecurrenceRule()' passed on 'My Mac - SingleThread (47285)' (0.535 seconds)
Test case 'SwipePromptTests/promptHiddenWhenDisabled()' passed on 'My Mac - SingleThread (47285)' (0.542 seconds)
Test case 'MakeReminderTests/makeReminderSetsNotes()' passed on 'My Mac - SingleThread (47285)' (0.535 seconds)
Test case 'ReminderDisplayTests/titleAndNotesMap()' passed on 'My Mac - SingleThread (47285)' (0.534 seconds)
Test case 'ReminderDisplayTests/listNameFollowsCalendar()' passed on 'My Mac - SingleThread (47285)' (0.535 seconds)
Test case 'ActionButtonTests/buttonsHiddenWhenToggleOff()' passed on 'My Mac - SingleThread (47285)' (0.534 seconds)
Test case 'ReminderDisplayTests/directConstructorCreatesFields()' passed on 'My Mac - SingleThread (47285)' (0.534 seconds)
Test case 'ShowAlarmsTests/alarmsRowFollowsPreferenceAndData()' passed on 'My Mac - SingleThread (47285)' (0.534 seconds)
Test case 'ActionButtonTests/buttonsHiddenWhenNoVisibleReminder()' passed on 'My Mac - SingleThread (47285)' (0.534 seconds)
Test case 'ReminderDisplayTests/mapsDueDate()' passed on 'My Mac - SingleThread (47285)' (0.534 seconds)
Test case 'MakeReminderTests/makeReminderLeavesUnsetFieldsNil()' passed on 'My Mac - SingleThread (47285)' (0.535 seconds)
Test case 'ReminderDisplayTests/priorityMarkerMaps(_:)' passed on 'My Mac - SingleThread (47285)' (0.534 seconds)
Test case 'ReminderDisplayTests/priorityMarkerMaps(_:)' passed on 'My Mac - SingleThread (47285)' (0.534 seconds)
Test case 'ReminderDisplayTests/priorityMarkerMaps(_:)' passed on 'My Mac - SingleThread (47285)' (0.534 seconds)
Test case 'ReminderDisplayTests/priorityMarkerMaps(_:)' passed on 'My Mac - SingleThread (47285)' (0.534 seconds)
Test case 'PrivacySettingsContentTests/privacyGuideContentCoversAllDisclosures()' passed on 'My Mac - SingleThread (47285)' (0.534 seconds)
Test case 'ReminderDisplayTests/notesAttributedStripsBackticksAfterNotesFormatter()' passed on 'My Mac - SingleThread (47285)' (0.534 seconds)
Test case 'ReminderDisplayTests/alarmsFlagFollowsReminderAlarms(_:)' passed on 'My Mac - SingleThread (47285)' (0.534 seconds)
Test case 'TranscriptionAccumulatorTests/fullDictationAcrossPauses()' passed on 'My Mac - SingleThread (47285)' (0.534 seconds)
Test case 'ReminderDisplayTests/recurrenceFlagsAndSummary(_:)' passed on 'My Mac - SingleThread (47285)' (0.534 seconds)
Test case 'ReminderDisplayTests/priorityMarkerMaps(_:)' passed on 'My Mac - SingleThread (47285)' (0.534 seconds)
Test case 'PrivacySettingsContentTests/privacyGuideContentHasNoAnalyticsClaim()' passed on 'My Mac - SingleThread (47285)' (0.534 seconds)
Test case 'SwipePromptTests/dismissButtonHasAccessibilityLabel()' passed on 'My Mac - SingleThread (47285)' (0.532 seconds)
Test case 'TranscriptionAccumulatorTests/twoCommittedChunksJoin()' passed on 'My Mac - SingleThread (47285)' (0.534 seconds)
Test case 'TranscriptionAccumulatorTests/emptyAccumulatorIsEmpty()' passed on 'My Mac - SingleThread (47285)' (0.534 seconds)
Test case 'TranscriptionAccumulatorTests/consecutiveIdenticalCommittedChunksDeduped()' passed on 'My Mac - SingleThread (47285)' (0.534 seconds)
Test case 'ActionButtonTests/buttonsShowWhenToggleOnAndReminderVisible()' passed on 'My Mac - SingleThread (47285)' (0.534 seconds)
Test case 'TranscriptionAccumulatorTests/liveChunkReturnsItself()' passed on 'My Mac - SingleThread (47285)' (0.534 seconds)
Test case 'TranscriptionAccumulatorTests/chunksAreWhitespaceTrimmed()' passed on 'My Mac - SingleThread (47285)' (0.534 seconds)
Test case 'TranscriptionAccumulatorTests/committedChunkReturnsItself()' passed on 'My Mac - SingleThread (47285)' (0.534 seconds)
Test case 'ReminderDisplayTests/titleAttributedStripsCodeSpans(_:)' passed on 'My Mac - SingleThread (47285)' (0.534 seconds)
Test case 'ContentViewModelTests/openInRemindersWithEmptyIdentifierIsNoOp()' passed on 'My Mac - SingleThread (47285)' (0.534 seconds)
Test case 'UITestingSeedTests/parsesRemindersFromCompactJSON()' passed on 'My Mac - SingleThread (47285)' (0.532 seconds)
Test case 'ReminderDisplayTests/recurrenceFlagsAndSummary(_:)' passed on 'My Mac - SingleThread (47285)' (0.534 seconds)
Test case 'ShowRecurrenceTests/recurrenceRowFollowsPreferenceAndData()' passed on 'My Mac - SingleThread (47285)' (0.542 seconds)
Test case 'ContentViewModelTests/lastOpenedURLAccessorIsNilWithoutSpy()' passed on 'My Mac - SingleThread (47285)' (0.534 seconds)
Test case 'TranscriptionAccumulatorTests/emptyCommittedChunkDoesNotAppend()' passed on 'My Mac - SingleThread (47285)' (0.534 seconds)
Test case 'TranscriptionAccumulatorTests/committedChunkClearsLive()' passed on 'My Mac - SingleThread (47285)' (0.534 seconds)
Test case 'ReminderDisplayTests/priorityMarkerMaps(_:)' passed on 'My Mac - SingleThread (47285)' (0.534 seconds)
Test case 'ContentViewModelTests/openInRemindersWithValidReminderRecordsURL()' passed on 'My Mac - SingleThread (47285)' (0.533 seconds)
Test case 'ContentViewModelTests/openInRemindersOpensCorrectURL()' passed on 'My Mac - SingleThread (47285)' (0.533 seconds)
Test case 'SettingsViewTests/macOSEnableActionButtonsRoundTripsThroughAppGroup()' passed on 'My Mac - SingleThread (47285)' (0.515 seconds)
Test case 'ContentViewModelTests/openInRemindersIdentifierOpensCorrectURL()' passed on 'My Mac - SingleThread (47285)' (0.534 seconds)
Test case 'SettingsViewTests/reminderSettingsViewContainsExpectedRows()' passed on 'My Mac - SingleThread (47285)' (0.515 seconds)
Test case 'ReminderDisplayTests/alarmsFlagFollowsReminderAlarms(_:)' passed on 'My Mac - SingleThread (47285)' (0.534 seconds)
Test case 'SettingsViewTests/filterSortSettingsViewContainsExpectedRows()' passed on 'My Mac - SingleThread (47285)' (0.515 seconds)
Test case 'UndoCompletionTests/completeRetainsInUndoStore()' passed on 'My Mac - SingleThread (47285)' (0.542 seconds)
Test case 'SettingsViewTests/macOSBagIncludesEnableActionButtons()' passed on 'My Mac - SingleThread (47285)' (0.515 seconds)
Test case 'MicrophoneToggleTests/explanatoryLabelRendersBelowErrorTextWhenBothPresent()' passed on 'My Mac - SingleThread (47285)' (0.515 seconds)
Test case 'SettingsViewTests/interfaceSettingsViewContainsActionButtonsRowOnMacOS()' passed on 'My Mac - SingleThread (47285)' (0.515 seconds)
Test case 'SettingsViewTests/macOSBagDefaultsToShown()' passed on 'My Mac - SingleThread (47285)' (0.515 seconds)
Test case 'MicrophoneToggleTests/showMicrophoneButtonDefaultIsRegistered()' passed on 'My Mac - SingleThread (47285)' (0.515 seconds)
Test case 'TranscriptionAccumulatorTests/committedThenLiveJoinsThem()' passed on 'My Mac - SingleThread (47285)' (0.534 seconds)
Test case 'MicrophoneToggleTests/refreshAuthorizationStatusCallsThroughToTranscriber()' passed on 'My Mac - SingleThread (47285)' (0.515 seconds)
Test case 'MenuBarExtraPreferenceTests/menuBarExtraPreferenceDefaultsToShown()' passed on 'My Mac - SingleThread (47285)' (0.527 seconds)
Test case 'TranscriptionAccumulatorTests/liveChunkReplacesPreviousLive()' passed on 'My Mac - SingleThread (47285)' (0.534 seconds)
Test case 'MicrophoneToggleTests/settingsGearButtonIsPresent()' passed on 'My Mac - SingleThread (47285)' (0.515 seconds)
Test case 'ReminderDisplayTests/titleAttributedStripsCodeSpans(_:)' passed on 'My Mac - SingleThread (47285)' (0.534 seconds)
Test case 'MicrophoneToggleTests/micButtonWithToggleEnabledDoesNotCrash()' passed on 'My Mac - SingleThread (47285)' (0.515 seconds)
Test case 'MicrophoneToggleTests/explanatoryLabelAbsentWhenNotDetermined()' passed on 'My Mac - SingleThread (47285)' (0.515 seconds)
Test case 'MicrophoneToggleTests/authorizationStatusPassthroughMatchesTranscriber()' passed on 'My Mac - SingleThread (47285)' (0.515 seconds)
Test case 'MicrophoneToggleTests/explanatoryLabelAbsentWhenToggleOff()' passed on 'My Mac - SingleThread (47285)' (0.515 seconds)
Test case 'SettingsViewTests/showMenuBarExtraDefaultsToShownInBag()' passed on 'My Mac - SingleThread (47285)' (0.515 seconds)
Test case 'MicrophoneToggleTests/canDictateReflectsStatusAfterForegroundRefresh()' passed on 'My Mac - SingleThread (47285)' (0.515 seconds)
Test case 'SettingsViewTests/settingsViewContainsNavigationLinkLabels()' passed on 'My Mac - SingleThread (47285)' (0.515 seconds)
Test case 'MicrophoneToggleTests/explanatoryLabelAppearsWhenSpeechRestrictedAndToggleOn()' passed on 'My Mac - SingleThread (47285)' (0.515 seconds)
Test case 'MicrophoneToggleTests/micButtonHiddenWhenSpeechDenied()' passed on 'My Mac - SingleThread (47285)' (0.515 seconds)
Test case 'SettingsViewTests/macOSToggleTogglesBinding()' passed on 'My Mac - SingleThread (47285)' (0.514 seconds)
Test case 'MicrophoneToggleTests/explanatoryLabelAppearsWhenSpeechDeniedAndToggleOn()' passed on 'My Mac - SingleThread (47285)' (0.515 seconds)
Test case 'SettingsViewTests/purchaseSettingsViewContainsTopAnchor()' passed on 'My Mac - SingleThread (47285)' (0.515 seconds)
Test case 'SettingsViewTests/interfaceSettingsViewContainsExpectedRows()' passed on 'My Mac - SingleThread (47285)' (0.514 seconds)
Test case 'MicrophoneToggleTests/foregroundActiveDoesNotAffectBackgroundBehavior()' passed on 'My Mac - SingleThread (47285)' (0.515 seconds)
Test case 'SettingsViewTests/interfaceSettingsViewRendersMenuBarToggleOnce()' passed on 'My Mac - SingleThread (47285)' (0.514 seconds)
Test case 'SettingsViewTests/settingsBindingsCarriesShowUndoButton()' passed on 'My Mac - SingleThread (47285)' (0.514 seconds)
Test case 'SettingsViewTests/showMenuBarExtraRoundTripsThroughContentView()' passed on 'My Mac - SingleThread (47285)' (0.514 seconds)
Test case 'ReminderDictationTests/gateResumesAfterRecordingEnds()' passed on 'My Mac - SingleThread (47285)' (0.638 seconds)
Test case 'SettingsViewTests/enableActionButtonsDefaultsToOn()' passed on 'My Mac - SingleThread (47285)' (0.515 seconds)
Test case 'SettingsViewTests/settingsBindingsCarriesShowCompletionGlow()' passed on 'My Mac - SingleThread (47285)' (0.514 seconds)
Test case 'MicrophoneToggleTests/micButtonAbsentWhenToggleOff()' passed on 'My Mac - SingleThread (47285)' (0.514 seconds)
Test case 'SettingsViewTests/settingsBindingsCarriesShowSwipePrompt()' passed on 'My Mac - SingleThread (47285)' (0.513 seconds)
Test case 'SettingsViewTests/interfaceSettingsViewContainsMenuBarToggle()' passed on 'My Mac - SingleThread (47285)' (0.513 seconds)
Test case 'SettingsViewTests/excludedListsViewContainsTopAnchor()' passed on 'My Mac - SingleThread (47285)' (0.513 seconds)
Test case 'ReminderDictationParserTests/tomorrowExtractsDateAndStripsPhrase()' passed on 'My Mac - SingleThread (47285)' (0.513 seconds)
Test case 'MicrophoneToggleTests/foregroundActiveRefreshesAuthorizationStatus()' passed on 'My Mac - SingleThread (47285)' (0.515 seconds)
Test case 'ReminderDictationTests/isDictatingClearsAfterTranscribeBeforeParseAddAndSleep()' passed on 'My Mac - SingleThread (47285)' (0.624 seconds)
Test case 'ReminderDictationParserTests/everyTwoWeeksSetsWeeklyIntervalTwo()' passed on 'My Mac - SingleThread (47285)' (0.513 seconds)
Test case 'PendingCompletionLogicTests/filteringPruningAndRemoval()' passed on 'My Mac - SingleThread (47285)' (0.513 seconds)
Test case 'ReminderDictationParserTests/everyThreeDaysSetsDailyIntervalThree()' passed on 'My Mac - SingleThread (47285)' (0.513 seconds)
Test case 'ReminderDictationParserTests/everyOtherYearSetsYearlyIntervalTwo()' passed on 'My Mac - SingleThread (47285)' (0.513 seconds)
Test case 'ReminderDictationParserTests/todayAtBeginningOfText()' passed on 'My Mac - SingleThread (47285)' (0.513 seconds)
Test case 'ReminderDictationParserTests/todayExtractsDateAndStripsPhrase()' passed on 'My Mac - SingleThread (47285)' (0.513 seconds)
Test case 'ReminderDictationParserTests/namedTimeNoonKeepsHourAndMinute()' passed on 'My Mac - SingleThread (47285)' (0.513 seconds)
Test case 'ReminderDictationParserTests/dailySetsDailyRecurrence()' passed on 'My Mac - SingleThread (47285)' (0.513 seconds)
Test case 'ReminderDictationParserTests/everyWeekSetsWeeklyRecurrence()' passed on 'My Mac - SingleThread (47285)' (0.513 seconds)
Test case 'ReminderDictationParserTests/everyDaySetsDailyRecurrence()' passed on 'My Mac - SingleThread (47285)' (0.513 seconds)
Test case 'ReminderDictationParserTests/impliedTimeTonightKeepsHourAndMinute()' passed on 'My Mac - SingleThread (47285)' (0.513 seconds)
Test case 'AboutViewTests/aboutViewRendersWithoutCrashingWhenVersionIsNil()' passed on 'My Mac - SingleThread (47285)' (0.513 seconds)
Test case 'ReminderDictationParserTests/plainTextHasNoRecurrence()' passed on 'My Mac - SingleThread (47285)' (0.513 seconds)
Test case 'SettingsViewTests/privacySettingsViewContainsExpectedContent()' passed on 'My Mac - SingleThread (47285)' (0.513 seconds)
Test case 'BackgroundImageStoreTests/failedFetchRetainsPriorImage()' passed on 'My Mac - SingleThread (47285)' (0.038 seconds)
Test case 'RescheduleSheetTests/writeBackMaskFollowsDueTime()' passed on 'My Mac - SingleThread (47285)' (0.513 seconds)
Test case 'ReminderDictationParserTests/multipleDatesUsesFirst()' passed on 'My Mac - SingleThread (47285)' (0.513 seconds)
Test case 'ReminderDictationParserTests/emptyTextReturnsEmptyTitle()' passed on 'My Mac - SingleThread (47285)' (0.513 seconds)
Test case 'ReminderDictationParserTests/todayWithExplicitTimeKeepsHourAndMinute()' passed on 'My Mac - SingleThread (47285)' (0.513 seconds)
Test case 'ReminderStoreGateTests/canMutateTrueWhenCountBelow100AndNotEntitled()' passed on 'My Mac - SingleThread (47285)' (0.513 seconds)
Test case 'RescheduleSheetTests/rescheduleSheetConfirmUsesProminentStyle()' passed on 'My Mac - SingleThread (47285)' (0.513 seconds)
Test case 'ReminderDictationParserTests/everyWeekOnSundaySetsSundayRecurrence()' passed on 'My Mac - SingleThread (47285)' (0.512 seconds)
Test case 'ReminderDictationParserTests/everyDayAtNineKeepsTimeAndDailyRecurrence()' passed on 'My Mac - SingleThread (47285)' (0.513 seconds)
Test case 'CardPlateModifierTests/cardPlateAppliesCardPlateModifier()' passed on 'My Mac - SingleThread (47285)' (0.512 seconds)
Test case 'RescheduleSheetTests/rescheduleSheetPutsLabelBesidePicker()' passed on 'My Mac - SingleThread (47285)' (0.512 seconds)
Test case 'RescheduleSheetTests/nilReminderIsDateOnly()' passed on 'My Mac - SingleThread (47285)' (0.512 seconds)
Test case 'CardPlateModifierTests/restoresGeometryFlagChangesModifierChain()' passed on 'My Mac - SingleThread (47285)' (0.512 seconds)
Test case 'RescheduleSheetTests/dateOnlyReminderPicksDateWithoutTime()' passed on 'My Mac - SingleThread (47285)' (0.506 seconds)
Test case 'RescheduleSheetTests/timedReminderPicksDateAndTime()' passed on 'My Mac - SingleThread (47285)' (0.506 seconds)
Test case 'ReminderDictationParserTests/everyTwoWeeksOnMondayKeepsIntervalAndDay()' passed on 'My Mac - SingleThread (47285)' (0.505 seconds)
Test case 'ReminderDictationParserTests/plainTextReturnsAsTitle()' passed on 'My Mac - SingleThread (47285)' (0.506 seconds)
Test case 'ReminderDictationParserTests/monthlySetsMonthlyRecurrence()' passed on 'My Mac - SingleThread (47285)' (0.505 seconds)
Test case 'ReminderDictationParserTests/everyMonthSetsMonthlyRecurrence()' passed on 'My Mac - SingleThread (47285)' (0.506 seconds)
Test case 'ReminderDictationParserTests/nextMondayExtractsFutureWeekday()' passed on 'My Mac - SingleThread (47285)' (0.505 seconds)
Test case 'RescheduleSheetTests/dateOnlySheetStillRendersLabeledRow()' passed on 'My Mac - SingleThread (47285)' (0.506 seconds)
Test case 'ReminderDictationParserTests/impliedTimeEveningKeepsHourAndMinute()' passed on 'My Mac - SingleThread (47285)' (0.505 seconds)
Test case 'ReminderDictationParserTests/everyOtherMonthSetsMonthlyIntervalTwo()' passed on 'My Mac - SingleThread (47285)' (0.505 seconds)
Test case 'ReminderDictationParserTests/everyYearSetsYearlyRecurrence()' passed on 'My Mac - SingleThread (47285)' (0.505 seconds)
Test case 'ReminderDictationParserTests/timeOfDayExtractsHourAndMinute()' passed on 'My Mac - SingleThread (47285)' (0.505 seconds)
Test case 'ReminderDictationParserTests/weeklySetsWeeklyRecurrence()' passed on 'My Mac - SingleThread (47285)' (0.505 seconds)
Test case 'ReminderDictationParserTests/annuallySetsYearlyRecurrence()' passed on 'My Mac - SingleThread (47285)' (0.513 seconds)
Test case 'BackgroundPhotoLayerTests/constructsWithValidAndNilData()' passed on 'My Mac - SingleThread (47285)' (0.507 seconds)
Test case 'ReminderDictationParserTests/everyOtherDaySetsDailyIntervalTwo()' passed on 'My Mac - SingleThread (47285)' (0.505 seconds)
Test case 'ReminderDictationParserTests/everyOtherWeekSetsWeeklyIntervalTwo()' passed on 'My Mac - SingleThread (47285)' (0.505 seconds)
Test case 'UserNotificationCenteringTests/fakeRecordsRemovedDelivered()' passed on 'My Mac - SingleThread (47285)' (0.507 seconds)
Test case 'ReminderDictationParserTests/time24HourFormatExtractsHourAndMinute()' passed on 'My Mac - SingleThread (47285)' (0.505 seconds)
Test case 'SettingsViewTests/notificationsSettingsViewContainsExpectedRows()' passed on 'My Mac - SingleThread (47285)' (0.514 seconds)
Test case 'BackgroundPhotoLayerTests/imageFromValidJPEGDataIsNonNil()' passed on 'My Mac - SingleThread (47285)' (0.507 seconds)
Test case 'UndoStoreTests/hasUndoableReminderFalseInitially()' passed on 'My Mac - SingleThread (47285)' (0.641 seconds)
Test case 'UndoStoreTests/retainStoresReminder()' passed on 'My Mac - SingleThread (47285)' (0.641 seconds)
Test case 'UserNotificationCenteringTests/fakeRecordsRemovedPending()' passed on 'My Mac - SingleThread (47285)' (0.507 seconds)
Test case 'UndoStoreTests/retainOverwritesPrevious()' passed on 'My Mac - SingleThread (47285)' (0.641 seconds)
Test case 'AboutViewTests/aboutViewRendersAttributionAndIdentity()' passed on 'My Mac - SingleThread (47285)' (0.512 seconds)
Test case 'ReminderDictationParserTests/onlyDateReturnsEmptyTitle()' passed on 'My Mac - SingleThread (47285)' (0.505 seconds)
Test case 'ReminderDictationParserTests/tomorrowWithExplicitTimeKeepsHourAndMinute()' passed on 'My Mac - SingleThread (47285)' (0.505 seconds)
Test case 'SortOptionTests/rawValuesMatchPayloadKeys()' passed on 'My Mac - SingleThread (47285)' (0.478 seconds)
Test case 'ReminderDictationParserTests/everyMondaySetsMondayRecurrence()' passed on 'My Mac - SingleThread (47285)' (0.506 seconds)
Test case 'RescheduleSheetTests/reminderWithoutDueDateIsDateOnly()' passed on 'My Mac - SingleThread (47285)' (0.512 seconds)
Test case 'SortOptionTests/presentationSystemImagesAreValidSFSymbols()' passed on 'My Mac - SingleThread (47285)' (0.478 seconds)
Test case 'SortOptionTests/allCasesCoverAllOptions()' passed on 'My Mac - SingleThread (47285)' (0.478 seconds)
Test case 'UndoStoreTests/clearNilsReminder()' passed on 'My Mac - SingleThread (47285)' (0.641 seconds)
Test case 'SortOptionTests/defaultsKeyIsTheSharedConstant()' passed on 'My Mac - SingleThread (47285)' (0.478 seconds)
Test case 'SortOptionTests/presentationTitlesAreHumanReadable()' passed on 'My Mac - SingleThread (47285)' (0.478 seconds)
Test case 'BackgroundPhotoLayerTests/imageFromInvalidDataIsNil()' passed on 'My Mac - SingleThread (47285)' (0.507 seconds)
Test case 'ReminderStoreLifecycleTests/reloadPopulatesRemindersFromFetch()' passed on 'My Mac - SingleThread (47285)' (0.567 seconds)
Test case 'ReminderStoreAvailableListsTests/availableListsSortedAndDeduplicatedAfterReload()' passed on 'My Mac - SingleThread (47285)' (0.545 seconds)
Test case 'ReloadPendingCompletionTests/reloadFiltersPendingCompletions()' passed on 'My Mac - SingleThread (47285)' (0.548 seconds)
Test case 'ContentViewModelTests/nilRecheckerFactoryDoesNotCrash()' passed on 'My Mac - SingleThread (47285)' (0.585 seconds)
Test case 'ContentViewModelTests/taskCancellationStopsRecheckerOnce()' passed on 'My Mac - SingleThread (47285)' (0.584 seconds)
Test case 'ContentViewModelTests/taskStartsRecheckerAfterStoreStart()' passed on 'My Mac - SingleThread (47285)' (0.585 seconds)
Test case 'BackgroundImageStoreTests/staleSidecarTriggersRefetchWith24hDefault()' passed on 'My Mac - SingleThread (47285)' (0.026 seconds)
Test case 'CompletionGlowViewModelTests/glowStaysInactiveWhenNothingToComplete()' passed on 'My Mac - SingleThread (47285)' (0.026 seconds)
Test case 'ListContentTests/listContentReturnsReminderWhenVisible()' passed on 'My Mac - SingleThread (47285)' (0.061 seconds)
Test case 'MenuBarExtraOptionsTests/rendersNothingWhenNoReminderDue()' passed on 'My Mac - SingleThread (47285)' (0.061 seconds)
Test case 'BackgroundImageStoreTests/freshSidecarSkipsNetworkWith24hDefault()' passed on 'My Mac - SingleThread (47285)' (0.022 seconds)
Test case 'CompletionGlowViewModelTests/glowStaysInactiveWhenAllSkipped()' passed on 'My Mac - SingleThread (47285)' (0.029 seconds)
Test case 'EntitlementStoreTests/hasResolvedEntitlementIsFalseByDefault()' passed on 'My Mac - SingleThread (47285)' (0.058 seconds)
Test case 'ReminderStoreTests/visibleRemindersEmptyWhenAllSkipped()' passed on 'My Mac - SingleThread (47285)' (0.063 seconds)
Test case 'ReminderDictationTests/fakeTranscribeDeliversPartialResults()' passed on 'My Mac - SingleThread (47285)' (0.721 seconds)
Test case 'EnableActionButtonsMigrationTests/freshInstallLeavesNoAppGroupValue()' passed on 'My Mac - SingleThread (47285)' (0.055 seconds)
Test case 'ResumptionGateTests/freshGateAllowsFirstClaim()' passed on 'My Mac - SingleThread (47285)' (0.055 seconds)
Test case 'CompletionGlowTests/glowAutoDismissesAfterDuration()' passed on 'My Mac - SingleThread (47285)' (0.083 seconds)
Test case 'BackgroundImageStoreTests/corruptOrMissingSidecarTreatedAsNoImage()' passed on 'My Mac - SingleThread (47285)' (0.009 seconds)
Test case 'ReminderStoreGateTests/canMutateFalseWhenCountAt100AndNotEntitled()' passed on 'My Mac - SingleThread (47285)' (0.057 seconds)
Test case 'UITestingSeedTests/parse2026-09-15 19:21:52.497 xcodebuild[41399:15846917] [MT] IDETestOperationsObserverDebug: 14.063 elapsed -- Testing started completed.
2026-09-15 19:21:52.497 xcodebuild[41399:15846917] [MT] IDETestOperationsObserverDebug: 0.000 sec, +0.000 sec -- start
2026-09-15 19:21:52.497 xcodebuild[41399:15846917] [MT] IDETestOperationsObserverDebug: 14.063 sec, +14.063 sec -- end

Test session results, code coverage, and logs:
	/Users/vardy/dev/alanvardy-var-1014-lower-deployment-targets-from-ios-187watchos-265-to-the/DerivedData/Logs/Test/Test-SingleThread-2026.09.15_19-21-10--0700.xcresult

Failing tests:
	EntitlementStoreTests.isEntitledSurvivesStoreRecreation()
	EntitlementStoreTests.initialRefreshSettlesResolvedFlag()
	EntitlementStoreTests.hostStoreKitIsClean()

** TEST FAILED **

sCalendarsAndExcludedLists()' passed on 'My Mac - SingleThread (47285)' (0.056 seconds)
Test case 'StaleReminderRecheckerTests/pollTickRefiresReloadWhenSleepResolves()' passed on 'My Mac - SingleThread (47285)' (0.487 seconds)
Test case 'ReminderStoreSkipCountTests/receivePathDoesNotIncrementSkipCount()' passed on 'My Mac - SingleThread (47285)' (0.081 seconds)
Test case 'ListContentTests/listContentReturnsEmptyWithoutHidden()' passed on 'My Mac - SingleThread (47285)' (0.031 seconds)
Test case 'BackgroundImageStoreTests/photographerURLMatchesStoredPhotoAfterFetch()' passed on 'My Mac - SingleThread (47285)' (0.009 seconds)
Test case 'ReminderStoreLifecycleTests/startWithFullAccessFetchesWithoutRequesting()' passed on 'My Mac - SingleThread (47285)' (0.100 seconds)
Test case 'ReminderStoreAvailableListsTests/availableListsEmptyWhenNoCalendars()' passed on 'My Mac - SingleThread (47285)' (0.106 seconds)
Test case 'ReloadPendingCompletionTests/reloadPrunesStalePendingCompletions()' passed on 'My Mac - SingleThread (47285)' (0.105 seconds)
Test case 'StaleReminderRecheckerTests/startIdlesWhileNothingShowing()' passed on 'My Mac - SingleThread (47285)' (0.072 seconds)
Test case 'BackgroundImageStoreTests/photographerClearedWithoutValidSidecar()' passed on 'My Mac - SingleThread (47285)' (0.065 seconds)
Test case 'EnableActionButtonsMigrationTests/existingAppGroupOffIsNotClobbered()' passed on 'My Mac - SingleThread (47285)' (0.075 seconds)
Test case 'ReminderStoreTests/visibleRemindersEmptyWhenNoReminders()' passed on 'My Mac - SingleThread (47285)' (0.074 seconds)
Test case 'EntitlementStoreTests/seamSetsEntitlement()' passed on 'My Mac - SingleThread (47285)' (0.075 seconds)
Test case 'ReminderStoreGateTests/canMutateTrueWhenCountAt100AndEntitled()' passed on 'My Mac - SingleThread (47285)' (0.080 seconds)
Test case 'UITestingSeedTests/parsesCompletionCountAndIsEntitled()' passed on 'My Mac - SingleThread (47285)' (0.080 seconds)
Test case 'BackgroundImageStoreTests/forceRefreshBypassesFreshSidecar()' passed on 'My Mac - SingleThread (47285)' (0.008 seconds)
Test case 'ReminderStoreSkipCountTests/skipCountReturnsZeroForUnknownIdentifier()' passed on 'My Mac - SingleThread (47285)' (0.074 seconds)
Test case 'ListContentTests/listContentReturnsEmptyWithHidden()' passed on 'My Mac - SingleThread (47285)' (0.074 seconds)
Test case 'BackgroundImageStoreTests/forceRefreshRetainsPriorImageOnFailure()' passed on 'My Mac - SingleThread (47285)' (0.008 seconds)
Test case 'ReminderStoreTests/visibleRemindersSortsByPriorityAscending()' passed on 'My Mac - SingleThread (47285)' (0.037 seconds)
Test case 'EntitlementStoreTests/unresolvedSeamLeavesFlagsFalse()' passed on 'My Mac - SingleThread (47285)' (0.037 seconds)
Test case 'ReminderStoreGateTests/canMutateTrueWhenCountBelow100AndEntitled()' passed on 'My Mac - SingleThread (47285)' (0.030 seconds)
Test case 'ReminderStoreLifecycleTests/startWithoutAccessRequestsThenReloads()' passed on 'My Mac - SingleThread (47285)' (0.067 seconds)
Test case 'UITestingSeedTests/completionCountAndIsEntitledDefaultWhenAbsent()' passed on 'My Mac - SingleThread (47285)' (0.030 seconds)
Test case 'StaleReminderRecheckerTests/stopIsIdempotentAndCancelsLoop()' passed on 'My Mac - SingleThread (47285)' (0.039 seconds)
Test case 'BackgroundImageStoreTests/forceRefreshUpdatesAttributionAfterSuccess()' passed on 'My Mac - SingleThread (47285)' (0.022 seconds)
Test case 'CompletionMomentumOverlayTests/autoDismissAfterDuration()' passed on 'My Mac - SingleThread (47285)' (0.169 seconds)
Test case 'ReloadPendingCompletionTests/reloadKeepsPendingWhenStillFetched()' passed on 'My Mac - SingleThread (47285)' (0.054 seconds)
Test case 'ReminderStoreGateTests/completeReminderReturnsFalseWhenGated()' passed on 'My Mac - SingleThread (47285)' (0.023 seconds)
Test case 'ListContentTests/emptyStoreNeverReturnsAllDone()' passed on 'My Mac - SingleThread (47285)' (0.052 seconds)
Test case 'ReminderStoreSkipCountTests/nudgeDoesNotFireAtFive()' passed on 'My Mac - SingleThread (47285)' (0.059 seconds)
Test case 'UITestingSeedTests/preservesOutOfDomainCompletionCountVerbatim()' passed on 'My Mac - SingleThread (47285)' (0.045 seconds)
Test case 'ReminderStoreTests/visibleRemindersSortsDatedBeforeUndated()' passed on 'My Mac - SingleThread (47285)' (0.045 seconds)
Test case 'ReminderStoreLifecycleTests/requestAccessGrantSetsFullAccessAndReloads()' passed on 'My Mac - SingleThread (47285)' (0.074 seconds)
Test case 'EntitlementStoreTests/isEntitledSurvivesStoreRecreation()' failed on 'My Mac - SingleThread (47285)' (0.078 seconds)
Test case 'ListContentTests/emptyHasHiddenPayloadDiffers()' passed on 'My Mac - SingleThread (47285)' (0.054 seconds)
Test case 'StaleReminderRecheckerTests/stopBeforePendingSleepResolvesCancelsWithoutSecondReload()' passed on 'My Mac - SingleThread (47285)' (0.079 seconds)
Test case 'ReminderStoreLifecycleTests/requestAccessDenyRereadsStatusWithoutFetching()' passed on 'My Mac - SingleThread (47285)' (0.011 seconds)
Test case 'ReloadPendingCompletionTests/reloadWithEmptyFetchPreservesPendingCompletions()' passed on 'My Mac - SingleThread (47285)' (0.084 seconds)
Test case 'BackgroundImageStoreTests/isRefreshingToggledDuringForceRefresh()' passed on 'My Mac - SingleThread (47285)' (0.092 seconds)
Test case 'UITestingSeedTests/parsesEntitlementUnresolved()' passed on 'My Mac - SingleThread (47285)' (0.048 seconds)
Test case 'ReminderStoreTests/visibleRemindersFiltersExcludedListTitles()' passed on 'My Mac - SingleThread (47285)' (0.048 seconds)
Test case 'ReminderStoreSkipCountTests/seventhSkipAdvancesWithoutRenudging()' passed on 'My Mac - SingleThread (47285)' (0.062 seconds)
Test case 'ReminderStoreLifecycleTests/requestAccessErrorRereadsStatusWithoutFetching()' passed on 'My Mac - SingleThread (47285)' (0.008 seconds)
Test case 'ReminderStoreWriteTests/completeReminderMarksSavedAndReloads()' passed on 'My Mac - SingleThread (47285)' (0.794 seconds)
Test case 'BackgroundImageStoreTests/pinBlocksRefreshIfNeeded()' passed on 'My Mac - SingleThread (47285)' (0.023 seconds)
Test case 'EntitlementStoreTests/nonMatchingProductIDDoesNotSetEntitlement()' passed on 'My Mac - SingleThread (47285)' (0.038 seconds)
Test case 'CompletionGlowViewModelTests/glowStaysInactiveWhenPreferenceDisabled()' passed on 'My Mac - SingleThread (47285)' (0.229 seconds)
Test case 'BackgroundImageStoreTests/pinnedStoreWithNoImageStillFetches()' passed on 'My Mac - SingleThread (47285)' (0.001 seconds)
Test case 'ReminderStoreTests/visibleRemindersKeepsNilCalendarWhenListExcluded()' passed on 'My Mac - SingleThread (47285)' (0.025 seconds)
Test case 'UITestingSeedTests/entitlementUnresolvedDefaultsWhenAbsent()' passed on 'My Mac - SingleThread (47285)' (0.033 seconds)
Test case 'ReloadPendingCompletionTests/reloadDefensivelyDropsCompletedReminder()' passed on 'My Mac - SingleThread (47285)' (0.034 seconds)
Test case 'StaleReminderRecheckerTests/overlappingChangeTicksCoalesceToSingleTrailingReload()' passed on 'My Mac - SingleThread (47285)' (0.048 seconds)
Test case 'ReminderStoreLifecycleTests/reloadDefaultUsesWindowPredicate()' passed on 'My Mac - SingleThread (47285)' (0.040 seconds)
Test case 'ReminderStoreWriteTests/completeReminderSaveErrorStaysSilentAndSkipsReload()' passed on 'My Mac - SingleThread (47285)' (0.047 seconds)
Test case 'ReminderStoreSkipCountTests/completeResetsSkipCount()' passed on 'My Mac - SingleThread (47285)' (0.048 seconds)
Test case 'ReminderStoreTests/visibleRemindersEmptyWhenEveryListExcluded()' passed on 'My Mac - SingleThread (47285)' (0.023 seconds)
Test case 'UITestingSeedTests/parsesHasHidden()' passed on 'My Mac - SingleThread (47285)' (0.016 seconds)
Test case 'BackgroundImageStoreTests/repinDuringFetchDoesNotCommit()' passed on 'My Mac - SingleThread (47285)' (0.038 seconds)
Test case 'ReminderStoreLifecycleTests/reloadWithShowsUndatedUsesNilPredicateAndFiltersWindow()' passed on 'My Mac - SingleThread (47285)' (0.029 seconds)
Test case 'ReminderStoreTests/availableListsDefaultsToEmpty()' passed on 'My Mac - SingleThread (47285)' (0.021 seconds)
Test case 'BackgroundImageStoreTests/forceRefreshBypassesPin()' passed on 'My Mac - SingleThread (47285)' (0.008 seconds)
Test case 'UITestingSeedTests/hasHiddenDefaultsWhenAbsent()' passed on 'My Mac - SingleThread (47285)' (0.022 seconds)
Test case 'ReminderStoreLifecycleTests/loadsRemindersFalseMakesReadPathsNoOps()' passed on 'My Mac - SingleThread (47285)' (0.001 seconds)
Test case 'BackgroundImageStoreTests/unpinTriggersRefreshWhenStale()' passed on 'My Mac - SingleThread (47285)' (0.009 seconds)
Test case 'EntitlementStoreTests/initialRefreshSettlesResolvedFlag()' failed on 'My Mac - SingleThread (47285)' (0.064 seconds)
Test case 'ReminderStoreSkipCountTests/deleteResetsSkipCount()' passed on 'My Mac - SingleThread (47285)' (0.038 seconds)
Test case 'BackgroundImageStoreTests/unpinDoesNotRefreshWhenFresh()' passed on 'My Mac - SingleThread (47285)' (0.008 seconds)
Test case 'ReminderStoreTests/setExcludedListTitlesPersistsAndFiresHooks()' passed on 'My Mac - SingleThread (47285)' (0.018 seconds)
Test case 'UITestingSeedTests/seedParsesDailyCompletion()' passed on 'My Mac - SingleThread (47285)' (0.031 seconds)
Test case 'BackgroundImageStoreTests/unpinOnlyTriggersOnTrueToFalseTransition()' passed on 'My Mac - SingleThread (47285)' (0.015 seconds)
Test case 'EntitlementStoreTests/hostStoreKitIsClean()' failed on 'My Mac - SingleThread (47285)' (0.017 seconds)
Test case 'ReminderStoreTests/refreshExcludedListTitlesUpdatesSetAndFiresRemindersChangedOnly()' passed on 'My Mac - SingleThread (47285)' (0.015 seconds)
Test case 'UITestingSeedTests/seedDailyCountUnclamped()' passed on 'My Mac - SingleThread (47285)' (0.001 seconds)
Test case 'ReminderStoreSkipCountTests/rescheduleResetsSkipCount()' passed on 'My Mac - SingleThread (47285)' (0.017 seconds)
Test case 'ReminderStoreTests/setSortOptionDueDateReordersVisibleReminders()' passed on 'My Mac - SingleThread (47285)' (0.008 seconds)
Test case 'UITestingSeedTests/resetClearsDailyCompletion()' passed on 'My Mac - SingleThread (47285)' (0.008 seconds)
Test case 'ReminderStoreSkipCountTests/reschedulePreservesRecurrenceOnRepeatingReminder()' passed on 'My Mac - SingleThread (47285)' (0.008 seconds)
Test case 'ReminderStoreTests/setSortOptionFiresSortOptionAndRemindersChangedHooks()' passed on 'My Mac - SingleThread (47285)' (0.001 seconds)
Test case 'UITestingSeedTests/resetPersistedStateClearsShowCompletionMomentum()' passed on 'My Mac - SingleThread (47285)' (0.008 seconds)
Test case 'ReminderStoreTests/setSortOptionNotifiesOncePerIdenticalSet()' passed on 'My Mac - SingleThread (47285)' (0.007 seconds)
Test case 'ReminderStoreSkipCountTests/reconcilePrunesSkipCountForAbsentIdentifier()' passed on 'My Mac - SingleThread (47285)' (0.014 seconds)
Test case 'UITestingSeedTests/returnsNilWhenSeedAbsentOrMalformed()' passed on 'My Mac - SingleThread (47285)' (0.007 seconds)
Test case 'UITestingSeedTests/inMemoryStoreRendersSeededRemindersThroughStore()' passed on 'My Mac - SingleThread (47285)' (0.000 seconds)
Test case 'UITestingSeedTests/resetPersistedStateClearsSkipCounts()' passed on 'My Mac - SingleThread (47285)' (0.014 seconds)
Test case 'ReminderStoreGateTests/completeReminderIncrementsCounterOnSuccess()' passed on 'My Mac - SingleThread (47285)' (0.226 seconds)
Test case 'UITestingSeedTests/resetPersistedStateClearsBackgroundEnabled()' passed on 'My Mac - SingleThread (47285)' (0.014 seconds)
Test case 'ReminderStoreGateTests/skipCurrentReminderNoOpsWhenGated()' passed on 'My Mac - SingleThread (47285)' (0.007 seconds)
Test case 'UITestingSeedTests/resetPersistedStateClearsShowSwipePrompt()' passed on 'My Mac - SingleThread (47285)' (0.028 seconds)
Test case 'UndoCompletionTests/undoLastCompletionRevertsReminder()' passed on 'My Mac - SingleThread (47285)' (0.445 seconds)
Test case 'ReminderStoreGateTests/skipCurrentReminderWorksWhenNotGated()' passed on 'My Mac - SingleThread (47285)' (0.028 seconds)
Test case 'ReminderStoreGateTests/deleteReminderNoOpsWhenGated()' passed on 'My Mac - SingleThread (47285)' (0.022 seconds)
Test case 'UITestingSeedTests/resetPersistedStateClearsBackgroundFadePercent()' passed on 'My Mac - SingleThread (47285)' (0.029 seconds)
Test case 'UITestingSeedTests/resetPersistedStateClearsBackgroundPinned()' passed on 'My Mac - SingleThread (47285)' (0.014 seconds)
Test case 'CompletionGlowViewModelTests/glowTriggersWhenPreferenceEnabled()' passed on 'My Mac - SingleThread (47285)' (0.212 seconds)
Test case 'ContentViewModelTests/refreshManualTogglesIsRefreshing()' passed on 'My Mac - SingleThread (47285)' (1.060 seconds)
Test case 'ContentViewModelTests/refreshManualMinimumDisplayDuration()' passed on 'My Mac - SingleThread (47285)' (1.060 seconds)
Test case 'ContentViewModelTests/refreshManualPreservesSkippedWhenVisible()' passed on 'My Mac - SingleThread (47285)' (1.078 seconds)
Test case 'ContentViewModelTests/refreshManualClearsSkippedWhenAllSkipped()' passed on 'My Mac - SingleThread (47285)' (1.098 seconds)
Test case 'ReminderStoreWriteTests/undoLastCompletionSaveErrorClearsUndoStore()' passed on 'My Mac - SingleThread (47285)' (0.230 seconds)
Test case 'ContentViewModelTests/refreshManualGateBlocksReentrantCall()' passed on 'My Mac - SingleThread (47285)' (1.255 seconds)
Test case 'ReminderStoreWriteTests/addReminderSavesAndReturnsTrue()' passed on 'My Mac - SingleThread (47285)' (0.220 seconds)
Test case 'ReminderStoreWriteTests/addReminderSaveErrorReturnsFalse()' passed on 'My Mac - SingleThread (47285)' (0.000 seconds)
Test case 'ReminderStoreTests/addReminderSucceedsAndKeepsExistingReminders()' passed on 'My Mac - SingleThread (47285)' (0.423 seconds)
Test case 'ReminderStoreTests/skipCurrentReminderNoOpsWhenNoVisibleReminders()' passed on 'My Mac - SingleThread (47285)' (0.000 seconds)
Test case 'CompletionMomentumOverlayTests/retriggerResetsTimer()' passed on 'My Mac - SingleThread (47285)' (0.679 seconds)
Test case 'CompletionMomentumOverlayTests/defaultDuration()' passed on 'My Mac - SingleThread (47285)' (0.000 seconds)
Test case 'UndoCompletionTests/undoLastCompletionClearsUndoStore()' passed on 'My Mac - SingleThread (47285)' (0.421 seconds)
Test case 'ReminderStoreWriteTests/deleteReminderRemovesAndReloads()' passed on 'My Mac - SingleThread (47285)' (0.214 seconds)
Test case 'ReminderStoreWriteTests/deleteReminderRemoveErrorStaysSilentAndSkipsReload()' passed on 'My Mac - SingleThread (47285)' (0.024 seconds)
Test case 'ReminderStoreTests/skipCurrentReminderSkipsVisibleReminder()' passed on 'My Mac - SingleThread (47285)' (0.206 seconds)
Test case 'ReminderDictationTests/isProcessingSetDuringPostTranscribeTail()' passed on 'My Mac - SingleThread (47285)' (1.852 seconds)
Test case 'ReminderDictationTests/startDictationAddsReminderAndFlowsText()' passed on 'My Mac - SingleThread (47285)' (1.871 seconds)
Test case 'ReminderStoreTests/skipCurrentReminderFiresRemindersChangedHook()' passed on 'My Mac - SingleThread (47285)' (0.206 seconds)
Test case 'ReminderStoreWriteTests/reschedulePersistsDueDateAndReloads()' passed on 'My Mac - SingleThread (47285)' (0.220 seconds)
Test case 'ReminderStoreWriteTests/rescheduleUnknownIdentifierIsNoop()' passed on 'My Mac - SingleThread (47285)' (0.023 seconds)
Test case 'ReminderStoreTests/skipCurrentReminderRefetchesAndDropsCompletedReminder()' passed on 'My Mac - SingleThread (47285)' (0.024 seconds)
Test case 'ReminderStoreWriteTests/rescheduleFailureReturnsFalse()' passed on 'My Mac - SingleThread (47285)' (0.013 seconds)
Test case 'ReminderStoreTests/skipCurrentReminderRefetchKeepsSkippedReminder()' passed on 'My Mac - SingleThread (47285)' (0.014 seconds)
Test case 'ReminderStoreTests/skipCurrentReminderDiscardedAfterClearSkipped()' passed on 'My Mac - SingleThread (47285)' (0.013 seconds)
Test case 'ReminderStoreTests/completeCurrentReminderNoOpsWhenNoneVisible()' passed on 'My Mac - SingleThread (47285)' (0.000 seconds)
Test case 'ReminderStoreTests/completeCurrentReminderNoOpsWhenAllSkipped()' passed on 'My Mac - SingleThread (47285)' (0.000 seconds)
Test case 'UndoCompletionTests/secondCompleteOverwritesUndoStore()' passed on 'My Mac - SingleThread (47285)' (0.615 seconds)
Test case 'ReminderStoreTests/completeCurrentReminderCompletesVisibleReminder()' passed on 'My Mac - SingleThread (47285)' (0.213 seconds)
Test case 'ReminderStoreWriteTests/reschedulePreservesRecurrenceRules()' passed on 'My Mac - SingleThread (47285)' (0.227 seconds)
Test case 'ReminderStoreTests/completeReminderDoesNothingWhenIdentifierNotFound()' passed on 'My Mac - SingleThread (47285)' (0.000 seconds)
Test case 'UndoCompletionTests/undoReturnsFalseWhenNoRetainedReminder()' passed on 'My Mac - SingleThread (47285)' (0.000 seconds)
Test case 'UndoCompletionTests/undoReturnsFalseWhenGated()' passed on 'My Mac - SingleThread (47285)' (0.018 seconds)
Test case 'ReminderStoreTests/reloadResumesOnMainActorAfterOffMainFetch()' passed on 'My Mac - SingleThread (47285)' (0.053 seconds)
Test case 'ReminderStoreTests/loadsRemindersFalseNoOpsStartAndReload()' passed on 'My Mac - SingleThread (47285)' (0.000 seconds)
Test case 'ReminderStoreTests/hasHiddenDefaultsToFalse()' passed on 'My Mac - SingleThread (47285)' (0.000 seconds)
Test case 'ReminderStoreTests/hasHiddenSeedsFromInit()' passed on 'My Mac - SingleThread (47285)' (0.000 seconds)
Test case 'ReminderStoreTests/hasHiddenForMatchesShownAndAllIncompleteSets()' passed on 'My Mac - SingleThread (47285)' (0.000 seconds)
Test case 'ReminderStoreTests/allSkippedTrueWhenAllRemindersSkipped()' passed on 'My Mac - SingleThread (47285)' (0.000 seconds)
Test case 'ReminderStoreTests/allSkippedFalseWhenNoReminders()' passed on 'My Mac - SingleThread (47285)' (0.000 seconds)
Test case 'ReminderDictationTests/reentryGuardBlocksConcurrentCalls()' passed on 'My Mac - SingleThread (47285)' (2.203 seconds)
Test case 'ReminderStoreTests/allSkippedFalseWhenVisibleReminderExists()' passed on 'My Mac - SingleThread (47285)' (0.000 seconds)
Test case 'ReminderStoreTests/allSkippedTrueWhenEveryReminderExcluded()' passed on 'My Mac - SingleThread (47285)' (0.000 seconds)
Test case 'ReminderStoreWriteTests/deleteReminderWhileSkippedPrunesSkipIDOnReload()' passed on 'My Mac - SingleThread (47285)' (0.292 seconds)
Test case 'UndoCompletionTests/undoDecrementsCompletionCounter()' passed on 'My Mac - SingleThread (47285)' (0.465 seconds)
Test case 'UndoCompletionTests/completeReminderIncrementsDailyCount()' passed on 'My Mac - SingleThread (47285)' (0.037 seconds)
Test case 'UndoCompletionTests/completeReminderSameDayIncrements()' passed on 'My Mac - SingleThread (47285)' (0.034 seconds)
Test case 'UndoCompletionTests/undoDecrementsDailyCount()' passed on 'My Mac - SingleThread (47285)' (0.023 seconds)
Test case 'UndoCompletionTests/undoClampsDailyCountAtZero()' passed on 'My Mac - SingleThread (47285)' (0.000 seconds)
Test case 'UndoCompletionTests/dailyCountSurvivesReload()' passed on 'My Mac - SingleThread (47285)' (0.014 seconds)
Test case 'UndoCompletionTests/completingSameReminderConcurrentlyDoesNotDoubleIncrement()' passed on 'My Mac - SingleThread (47285)' (0.119 seconds)
