xcodebuild -scheme SingleThreadWatch -destination 'generic/platform=watchOS Simulator' -configuration Debug -derivedDataPath 'DerivedData' build
Command line invocation:
    /Applications/Xcode.app/Contents/Developer/usr/bin/xcodebuild -scheme SingleThreadWatch -destination "generic/platform=watchOS Simulator" -configuration Debug -derivedDataPath DerivedData build

Resolve Package Graph


Resolved source packages:
  SingleThreadCore: /Users/vardy/dev/alanvardy-var-1014-lower-deployment-targets-from-ios-187watchos-265-to-the/SingleThreadCore @ local

ComputePackagePrebuildTargetDependencyGraph

Prepare packages

CreateBuildRequest

SendProjectDescription

CreateBuildOperation

ComputeTargetDependencyGraph
note: Building targets in dependency order
note: Target dependency graph (4 targets)
    Target 'SingleThreadWatch' in project 'SingleThread'
        ➜ Explicit dependency on target 'SingleThreadCore-product' in project 'SingleThreadCore'
    Target 'SingleThreadCore-product' in project 'SingleThreadCore'
        ➜ Explicit dependency on target 'SingleThreadCore' in project 'SingleThreadCore'
        ➜ Explicit dependency on target 'SingleThreadCore_SingleThreadCore' in project 'SingleThreadCore'
    Target 'SingleThreadCore' in project 'SingleThreadCore'
        ➜ Explicit dependency on target 'SingleThreadCore_SingleThreadCore' in project 'SingleThreadCore'
    Target 'SingleThreadCore_SingleThreadCore' in project 'SingleThreadCore' (no dependencies)

GatherProvisioningInputs

CreateBuildDescription

ExecuteExternalTool /Applications/Xcode.app/Contents/Developer/usr/bin/xcstringstool compile --dry-run --output-directory /Users/vardy/dev/alanvardy-var-1014-lower-deployment-targets-from-ios-187watchos-265-to-the/DerivedData/Build/Intermediates.noindex/SingleThreadCore.build/Debug-watchsimulator/SingleThreadCore_SingleThreadCore-b.build /Users/vardy/dev/alanvardy-var-1014-lower-deployment-targets-from-ios-187watchos-265-to-the/SingleThreadCore/Sources/SingleThreadCore/Resources/Localizable.xcstrings

ExecuteExternalTool /Applications/Xcode.app/Contents/Developer/Toolchains/XcodeDefault.xctoolchain/usr/bin/clang -v -E -dM -isysroot /Applications/Xcode.app/Contents/Developer/Platforms/WatchSimulator.platform/Developer/SDKs/WatchSimulator27.0.sdk -x c -c /dev/null

ExecuteExternalTool /Applications/Xcode.app/Contents/Developer/usr/bin/actool --print-asset-tag-combinations --output-format xml1 /Users/vardy/dev/alanvardy-var-1014-lower-deployment-targets-from-ios-187watchos-265-to-the/SingleThreadWatch/Assets.xcassets

ExecuteExternalTool /Applications/Xcode.app/Contents/Developer/Toolchains/XcodeDefault.xctoolchain/usr/bin/swiftc --version

ExecuteExternalTool /Applications/Xcode.app/Contents/Developer/usr/bin/xcstringstool compile --dry-run --output-directory /Users/vardy/dev/alanvardy-var-1014-lower-deployment-targets-from-ios-187watchos-265-to-the/DerivedData/Build/Intermediates.noindex/SingleThread.build/Debug-watchsimulator/SingleThreadWatch.build /Users/vardy/dev/alanvardy-var-1014-lower-deployment-targets-from-ios-187watchos-265-to-the/SingleThreadWatch/Resources/Localizable.xcstrings

ExecuteExternalTool /Applications/Xcode.app/Contents/Developer/Toolchains/XcodeDefault.xctoolchain/usr/bin/ld -version_details

ExecuteExternalTool /Applications/Xcode.app/Contents/Developer/usr/bin/actool --version --output-format xml1

Build description signature: d8142ac1f54a59769255b8b6b827c93b
Build description path: /Users/vardy/dev/alanvardy-var-1014-lower-deployment-targets-from-ios-187watchos-265-to-the/DerivedData/Build/Intermediates.noindex/XCBuildData/d8142ac1f54a59769255b8b6b827c93b.xcbuilddata
ClangStatCache /Applications/Xcode.app/Contents/Developer/Toolchains/XcodeDefault.xctoolchain/usr/bin/clang-stat-cache /Applications/Xcode.app/Contents/Developer/Platforms/WatchSimulator.platform/Developer/SDKs/WatchSimulator27.0.sdk /Users/vardy/dev/alanvardy-var-1014-lower-deployment-targets-from-ios-187watchos-265-to-the/DerivedData/SDKStatCaches.noindex/watchsimulator27.0-24R360-c50668d93734557a32a78b937f5ceaf1.sdkstatcache
    cd /Users/vardy/dev/alanvardy-var-1014-lower-deployment-targets-from-ios-187watchos-265-to-the/SingleThread.xcodeproj
    /Applications/Xcode.app/Contents/Developer/Toolchains/XcodeDefault.xctoolchain/usr/bin/clang-stat-cache /Applications/Xcode.app/Contents/Developer/Platforms/WatchSimulator.platform/Developer/SDKs/WatchSimulator27.0.sdk -o /Users/vardy/dev/alanvardy-var-1014-lower-deployment-targets-from-ios-187watchos-265-to-the/DerivedData/SDKStatCaches.noindex/watchsimulator27.0-24R360-c50668d93734557a32a78b937f5ceaf1.sdkstatcache

Copy /Users/vardy/dev/alanvardy-var-1014-lower-deployment-targets-from-ios-187watchos-265-to-the/DerivedData/Build/Intermediates.noindex/GeneratedModuleMaps-watchsimulator/SingleThreadCore.modulemap /Users/vardy/dev/alanvardy-var-1014-lower-deployment-targets-from-ios-187watchos-265-to-the/DerivedData/Build/Intermediates.noindex/SingleThreadCore.build/Debug-watchsimulator/SingleThreadCore-t.build/SingleThreadCore.modulemap (in target 'SingleThreadCore' from project 'SingleThreadCore')
    cd /Users/vardy/dev/alanvardy-var-1014-lower-deployment-targets-from-ios-187watchos-265-to-the/SingleThreadCore
    builtin-copy -exclude .DS_Store -exclude CVS -exclude .svn -exclude .git -exclude .hg -resolve-src-symlinks /Users/vardy/dev/alanvardy-var-1014-lower-deployment-targets-from-ios-187watchos-265-to-the/DerivedData/Build/Intermediates.noindex/SingleThreadCore.build/Debug-watchsimulator/SingleThreadCore-t.build/SingleThreadCore.modulemap /Users/vardy/dev/alanvardy-var-1014-lower-deployment-targets-from-ios-187watchos-265-to-the/DerivedData/Build/Intermediates.noindex/GeneratedModuleMaps-watchsimulator

ProcessInfoPlistFile /Users/vardy/dev/alanvardy-var-1014-lower-deployment-targets-from-ios-187watchos-265-to-the/DerivedData/Build/Products/Debug-watchsimulator/SingleThreadCore_SingleThreadCore.bundle/Info.plist /Users/vardy/dev/alanvardy-var-1014-lower-deployment-targets-from-ios-187watchos-265-to-the/DerivedData/Build/Intermediates.noindex/SingleThreadCore.build/Debug-watchsimulator/SingleThreadCore_SingleThreadCore-b.build/empty-SingleThreadCore_SingleThreadCore.plist (in target 'SingleThreadCore_SingleThreadCore' from project 'SingleThreadCore')
    cd /Users/vardy/dev/alanvardy-var-1014-lower-deployment-targets-from-ios-187watchos-265-to-the/SingleThreadCore
    builtin-infoPlistUtility /Users/vardy/dev/alanvardy-var-1014-lower-deployment-targets-from-ios-187watchos-265-to-the/DerivedData/Build/Intermediates.noindex/SingleThreadCore.build/Debug-watchsimulator/SingleThreadCore_SingleThreadCore-b.build/empty-SingleThreadCore_SingleThreadCore.plist -producttype com.apple.product-type.bundle -expandbuildsettings -format binary -platform watchsimulator -o /Users/vardy/dev/alanvardy-var-1014-lower-deployment-targets-from-ios-187watchos-265-to-the/DerivedData/Build/Products/Debug-watchsimulator/SingleThreadCore_SingleThreadCore.bundle/Info.plist

CodeSign /Users/vardy/dev/alanvardy-var-1014-lower-deployment-targets-from-ios-187watchos-265-to-the/DerivedData/Build/Products/Debug-watchsimulator/SingleThreadCore_SingleThreadCore.bundle (in target 'SingleThreadCore_SingleThreadCore' from project 'SingleThreadCore')
    cd /Users/vardy/dev/alanvardy-var-1014-lower-deployment-targets-from-ios-187watchos-265-to-the/SingleThreadCore
    
    Signing Identity:     "Sign to Run Locally"
    
    /usr/bin/codesign --force --sign - --timestamp\=none --generate-entitlement-der /Users/vardy/dev/alanvardy-var-1014-lower-deployment-targets-from-ios-187watchos-265-to-the/DerivedData/Build/Products/Debug-watchsimulator/SingleThreadCore_SingleThreadCore.bundle
/Users/vardy/dev/alanvardy-var-1014-lower-deployment-targets-from-ios-187watchos-265-to-the/DerivedData/Build/Products/Debug-watchsimulator/SingleThreadCore_SingleThreadCore.bundle: replacing existing signature

SwiftDriver SingleThreadCore normal arm64 com.apple.xcode.tools.swift.compiler (in target 'SingleThreadCore' from project 'SingleThreadCore')
    cd /Users/vardy/dev/alanvardy-var-1014-lower-deployment-targets-from-ios-187watchos-265-to-the/SingleThread.xcodeproj
    builtin-SwiftDriver -- /Applications/Xcode.app/Contents/Developer/Toolchains/XcodeDefault.xctoolchain/usr/bin/swiftc -parse-as-library -module-name SingleThreadCore -Onone @/Users/vardy/dev/alanvardy-var-1014-lower-deployment-targets-from-ios-187watchos-265-to-the/DerivedData/Build/Intermediates.noindex/SingleThreadCore.build/Debug-watchsimulator/SingleThreadCore-t.build/Objects-normal/arm64/SingleThreadCore.SwiftFileList -DSWIFT_PACKAGE -DDEBUG -DSWIFT_MODULE_RESOURCE_BUNDLE_AVAILABLE -DXcode -plugin-path /Applications/Xcode.app/Contents/Developer/Toolchains/XcodeDefault.xctoolchain/usr/lib/swift/host/plugins/testing -enable-experimental-feature DebugDescriptionMacro -sdk /Applications/Xcode.app/Contents/Developer/Platforms/WatchSimulator.platform/Developer/SDKs/WatchSimulator27.0.sdk -target arm64-apple-watchos11.0-simulator -g -module-cache-path /Users/vardy/dev/alanvardy-var-1014-lower-deployment-targets-from-ios-187watchos-265-to-the/DerivedData/ModuleCache.noindex -Xfrontend -serialize-debugging-options -profile-coverage-mapping -profile-generate -enable-testing -index-store-path /Users/vardy/dev/alanvardy-var-1014-lower-deployment-targets-from-ios-187watchos-265-to-the/DerivedData/Index.noindex/DataStore -Xcc -D_LIBCPP_HARDENING_MODE\=_LIBCPP_HARDENING_MODE_DEBUG -swift-version 6 -I /Users/vardy/dev/alanvardy-var-1014-lower-deployment-targets-from-ios-187watchos-265-to-the/DerivedData/Build/Products/Debug-watchsimulator -Isystem /Applications/Xcode.app/Contents/Developer/Platforms/WatchSimulator.platform/Developer/usr/lib -F /Users/vardy/dev/alanvardy-var-1014-lower-deployment-targets-from-ios-187watchos-265-to-the/DerivedData/Build/Products/Debug-watchsimulator -F /Applications/Xcode.app/Contents/Developer/Platforms/WatchSimulator.platform/Developer/Library/Frameworks -F /Applications/Xcode.app/Contents/Developer/Platforms/WatchSimulator.platform/Developer/SDKs/WatchSimulator27.0.sdk/Developer/Library/Frameworks -c -j12 -enable-batch-mode -incremental -Xcc -ivfsstatcache -Xcc /Users/vardy/dev/alanvardy-var-1014-lower-deployment-targets-from-ios-187watchos-265-to-the/DerivedData/SDKStatCaches.noindex/watchsimulator27.0-24R360-c50668d93734557a32a78b937f5ceaf1.sdkstatcache -output-file-map /Users/vardy/dev/alanvardy-var-1014-lower-deployment-targets-from-ios-187watchos-265-to-the/DerivedData/Build/Intermediates.noindex/SingleThreadCore.build/Debug-watchsimulator/SingleThreadCore-t.build/Objects-normal/arm64/SingleThreadCore-OutputFileMap.json -save-temps -no-color-diagnostics -explicit-module-build -module-cache-path /Users/vardy/dev/alanvardy-var-1014-lower-deployment-targets-from-ios-187watchos-265-to-the/DerivedData/Build/Intermediates.noindex/SwiftExplicitPrecompiledModules -clang-scanner-module-cache-path /Users/vardy/dev/alanvardy-var-1014-lower-deployment-targets-from-ios-187watchos-265-to-the/DerivedData/ModuleCache.noindex -sdk-module-cache-path /Users/vardy/dev/alanvardy-var-1014-lower-deployment-targets-from-ios-187watchos-265-to-the/DerivedData/SDKExplicitPrecompiledModules -emit-dependencies -emit-module -emit-module-path /Users/vardy/dev/alanvardy-var-1014-lower-deployment-targets-from-ios-187watchos-265-to-the/DerivedData/Build/Intermediates.noindex/SingleThreadCore.build/Debug-watchsimulator/SingleThreadCore-t.build/Objects-normal/arm64/SingleThreadCore.swiftmodule -serialize-diagnostics -dependency-scan-serialize-diagnostics-path /Users/vardy/dev/alanvardy-var-1014-lower-deployment-targets-from-ios-187watchos-265-to-the/DerivedData/Build/Intermediates.noindex/SingleThreadCore.build/Debug-watchsimulator/SingleThreadCore-t.build/Objects-normal/arm64/SingleThreadCore-dependency-scan.dia -validate-clang-modules-once -clang-build-session-file /Users/vardy/dev/alanvardy-var-1014-lower-deployment-targets-from-ios-187watchos-265-to-the/DerivedData/ModuleCache.noindex/Session.modulevalidation -Xcc -fmodules-prune-interval\=86400 -Xcc -fmodules-prune-after\=345600 -package-name singlethreadcore -emit-const-values -const-gather-protocols-list /Users/vardy/dev/alanvardy-var-1014-lower-deployment-targets-from-ios-187watchos-265-to-the/DerivedData/Build/Intermediates.noindex/SingleThreadCore.build/Debug-watchsimulator/SingleThreadCore-t.build/Objects-normal/arm64/SingleThreadCore_const_extract_protocols.json -Xcc -I/Users/vardy/dev/alanvardy-var-1014-lower-deployment-targets-from-ios-187watchos-265-to-the/DerivedData/Build/Products/Debug-watchsimulator/include -Xcc -I/Users/vardy/dev/alanvardy-var-1014-lower-deployment-targets-from-ios-187watchos-265-to-the/DerivedData/Build/Intermediates.noindex/SingleThreadCore.build/Debug-watchsimulator/SingleThreadCore-t.build/DerivedSources-normal/arm64 -Xcc -I/Users/vardy/dev/alanvardy-var-1014-lower-deployment-targets-from-ios-187watchos-265-to-the/DerivedData/Build/Intermediates.noindex/SingleThreadCore.build/Debug-watchsimulator/SingleThreadCore-t.build/DerivedSources/arm64 -Xcc -I/Users/vardy/dev/alanvardy-var-1014-lower-deployment-targets-from-ios-187watchos-265-to-the/DerivedData/Build/Intermediates.noindex/SingleThreadCore.build/Debug-watchsimulator/SingleThreadCore-t.build/DerivedSources -Xcc -DSWIFT_PACKAGE -Xcc -DDEBUG\=1 -emit-objc-header -emit-objc-header-path /Users/vardy/dev/alanvardy-var-1014-lower-deployment-targets-from-ios-187watchos-265-to-the/DerivedData/Build/Intermediates.noindex/SingleThreadCore.build/Debug-watchsimulator/SingleThreadCore-t.build/Objects-normal/arm64/SingleThreadCore-Swift.h -working-directory /Users/vardy/dev/alanvardy-var-1014-lower-deployment-targets-from-ios-187watchos-265-to-the/SingleThread.xcodeproj -experimental-emit-module-separately -disable-cmo

SwiftDriver SingleThreadCore normal x86_64 com.apple.xcode.tools.swift.compiler (in target 'SingleThreadCore' from project 'SingleThreadCore')
    cd /Users/vardy/dev/alanvardy-var-1014-lower-deployment-targets-from-ios-187watchos-265-to-the/SingleThread.xcodeproj
    builtin-SwiftDriver -- /Applications/Xcode.app/Contents/Developer/Toolchains/XcodeDefault.xctoolchain/usr/bin/swiftc -parse-as-library -module-name SingleThreadCore -Onone @/Users/vardy/dev/alanvardy-var-1014-lower-deployment-targets-from-ios-187watchos-265-to-the/DerivedData/Build/Intermediates.noindex/SingleThreadCore.build/Debug-watchsimulator/SingleThreadCore-t.build/Objects-normal/x86_64/SingleThreadCore.SwiftFileList -DSWIFT_PACKAGE -DDEBUG -DSWIFT_MODULE_RESOURCE_BUNDLE_AVAILABLE -DXcode -plugin-path /Applications/Xcode.app/Contents/Developer/Toolchains/XcodeDefault.xctoolchain/usr/lib/swift/host/plugins/testing -enable-experimental-feature DebugDescriptionMacro -sdk /Applications/Xcode.app/Contents/Developer/Platforms/WatchSimulator.platform/Developer/SDKs/WatchSimulator27.0.sdk -target x86_64-apple-watchos11.0-simulator -g -module-cache-path /Users/vardy/dev/alanvardy-var-1014-lower-deployment-targets-from-ios-187watchos-265-to-the/DerivedData/ModuleCache.noindex -Xfrontend -serialize-debugging-options -profile-coverage-mapping -profile-generate -enable-testing -index-store-path /Users/vardy/dev/alanvardy-var-1014-lower-deployment-targets-from-ios-187watchos-265-to-the/DerivedData/Index.noindex/DataStore -Xcc -D_LIBCPP_HARDENING_MODE\=_LIBCPP_HARDENING_MODE_DEBUG -swift-version 6 -I /Users/vardy/dev/alanvardy-var-1014-lower-deployment-targets-from-ios-187watchos-265-to-the/DerivedData/Build/Products/Debug-watchsimulator -Isystem /Applications/Xcode.app/Contents/Developer/Platforms/WatchSimulator.platform/Developer/usr/lib -F /Users/vardy/dev/alanvardy-var-1014-lower-deployment-targets-from-ios-187watchos-265-to-the/DerivedData/Build/Products/Debug-watchsimulator -F /Applications/Xcode.app/Contents/Developer/Platforms/WatchSimulator.platform/Developer/Library/Frameworks -F /Applications/Xcode.app/Contents/Developer/Platforms/WatchSimulator.platform/Developer/SDKs/WatchSimulator27.0.sdk/Developer/Library/Frameworks -c -j12 -enable-batch-mode -incremental -Xcc -ivfsstatcache -Xcc /Users/vardy/dev/alanvardy-var-1014-lower-deployment-targets-from-ios-187watchos-265-to-the/DerivedData/SDKStatCaches.noindex/watchsimulator27.0-24R360-c50668d93734557a32a78b937f5ceaf1.sdkstatcache -output-file-map /Users/vardy/dev/alanvardy-var-1014-lower-deployment-targets-from-ios-187watchos-265-to-the/DerivedData/Build/Intermediates.noindex/SingleThreadCore.build/Debug-watchsimulator/SingleThreadCore-t.build/Objects-normal/x86_64/SingleThreadCore-OutputFileMap.json -save-temps -no-color-diagnostics -explicit-module-build -module-cache-path /Users/vardy/dev/alanvardy-var-1014-lower-deployment-targets-from-ios-187watchos-265-to-the/DerivedData/Build/Intermediates.noindex/SwiftExplicitPrecompiledModules -clang-scanner-module-cache-path /Users/vardy/dev/alanvardy-var-1014-lower-deployment-targets-from-ios-187watchos-265-to-the/DerivedData/ModuleCache.noindex -sdk-module-cache-path /Users/vardy/dev/alanvardy-var-1014-lower-deployment-targets-from-ios-187watchos-265-to-the/DerivedData/SDKExplicitPrecompiledModules -emit-dependencies -emit-module -emit-module-path /Users/vardy/dev/alanvardy-var-1014-lower-deployment-targets-from-ios-187watchos-265-to-the/DerivedData/Build/Intermediates.noindex/SingleThreadCore.build/Debug-watchsimulator/SingleThreadCore-t.build/Objects-normal/x86_64/SingleThreadCore.swiftmodule -serialize-diagnostics -dependency-scan-serialize-diagnostics-path /Users/vardy/dev/alanvardy-var-1014-lower-deployment-targets-from-ios-187watchos-265-to-the/DerivedData/Build/Intermediates.noindex/SingleThreadCore.build/Debug-watchsimulator/SingleThreadCore-t.build/Objects-normal/x86_64/SingleThreadCore-dependency-scan.dia -validate-clang-modules-once -clang-build-session-file /Users/vardy/dev/alanvardy-var-1014-lower-deployment-targets-from-ios-187watchos-265-to-the/DerivedData/ModuleCache.noindex/Session.modulevalidation -Xcc -fmodules-prune-interval\=86400 -Xcc -fmodules-prune-after\=345600 -package-name singlethreadcore -emit-const-values -const-gather-protocols-list /Users/vardy/dev/alanvardy-var-1014-lower-deployment-targets-from-ios-187watchos-265-to-the/DerivedData/Build/Intermediates.noindex/SingleThreadCore.build/Debug-watchsimulator/SingleThreadCore-t.build/Objects-normal/x86_64/SingleThreadCore_const_extract_protocols.json -Xcc -I/Users/vardy/dev/alanvardy-var-1014-lower-deployment-targets-from-ios-187watchos-265-to-the/DerivedData/Build/Products/Debug-watchsimulator/include -Xcc -I/Users/vardy/dev/alanvardy-var-1014-lower-deployment-targets-from-ios-187watchos-265-to-the/DerivedData/Build/Intermediates.noindex/SingleThreadCore.build/Debug-watchsimulator/SingleThreadCore-t.build/DerivedSources-normal/x86_64 -Xcc -I/Users/vardy/dev/alanvardy-var-1014-lower-deployment-targets-from-ios-187watchos-265-to-the/DerivedData/Build/Intermediates.noindex/SingleThreadCore.build/Debug-watchsimulator/SingleThreadCore-t.build/DerivedSources/x86_64 -Xcc -I/Users/vardy/dev/alanvardy-var-1014-lower-deployment-targets-from-ios-187watchos-265-to-the/DerivedData/Build/Intermediates.noindex/SingleThreadCore.build/Debug-watchsimulator/SingleThreadCore-t.build/DerivedSources -Xcc -DSWIFT_PACKAGE -Xcc -DDEBUG\=1 -emit-objc-header -emit-objc-header-path /Users/vardy/dev/alanvardy-var-1014-lower-deployment-targets-from-ios-187watchos-265-to-the/DerivedData/Build/Intermediates.noindex/SingleThreadCore.build/Debug-watchsimulator/SingleThreadCore-t.build/Objects-normal/x86_64/SingleThreadCore-Swift.h -working-directory /Users/vardy/dev/alanvardy-var-1014-lower-deployment-targets-from-ios-187watchos-265-to-the/SingleThread.xcodeproj -experimental-emit-module-separately -disable-cmo

SwiftCompile normal x86_64 Compiling\ CompletionCounterStore.swift,\ CompletionGlow.swift,\ CompletionMomentumOverlay.swift,\ DailyCompletionStore.swift /Users/vardy/dev/alanvardy-var-1014-lower-deployment-targets-from-ios-187watchos-265-to-the/SingleThreadCore/Sources/SingleThreadCore/CompletionCounterStore.swift /Users/vardy/dev/alanvardy-var-1014-lower-deployment-targets-from-ios-187watchos-265-to-the/SingleThreadCore/Sources/SingleThreadCore/CompletionGlow.swift /Users/vardy/dev/alanvardy-var-1014-lower-deployment-targets-from-ios-187watchos-265-to-the/SingleThreadCore/Sources/SingleThreadCore/CompletionMomentumOverlay.swift /Users/vardy/dev/alanvardy-var-1014-lower-deployment-targets-from-ios-187watchos-265-to-the/SingleThreadCore/Sources/SingleThreadCore/DailyCompletionStore.swift (in target 'SingleThreadCore' from project 'SingleThreadCore')

SwiftCompile normal x86_64 /Users/vardy/dev/alanvardy-var-1014-lower-deployment-targets-from-ios-187watchos-265-to-the/SingleThreadCore/Sources/SingleThreadCore/CompletionCounterStore.swift (in target 'SingleThreadCore' from project 'SingleThreadCore')
    cd /Users/vardy/dev/alanvardy-var-1014-lower-deployment-targets-from-ios-187watchos-265-to-the/SingleThread.xcodeproj
    builtin-SwiftPerFileCompile CompletionCounterStore.swift

SwiftCompile normal x86_64 /Users/vardy/dev/alanvardy-var-1014-lower-deployment-targets-from-ios-187watchos-265-to-the/SingleThreadCore/Sources/SingleThreadCore/CompletionGlow.swift (in target 'SingleThreadCore' from project 'SingleThreadCore')
    cd /Users/vardy/dev/alanvardy-var-1014-lower-deployment-targets-from-ios-187watchos-265-to-the/SingleThread.xcodeproj
    builtin-SwiftPerFileCompile CompletionGlow.swift

SwiftCompile normal x86_64 /Users/vardy/dev/alanvardy-var-1014-lower-deployment-targets-from-ios-187watchos-265-to-the/SingleThreadCore/Sources/SingleThreadCore/CompletionMomentumOverlay.swift (in target 'SingleThreadCore' from project 'SingleThreadCore')
    cd /Users/vardy/dev/alanvardy-var-1014-lower-deployment-targets-from-ios-187watchos-265-to-the/SingleThread.xcodeproj
    builtin-SwiftPerFileCompile CompletionMomentumOverlay.swift

SwiftCompile normal x86_64 /Users/vardy/dev/alanvardy-var-1014-lower-deployment-targets-from-ios-187watchos-265-to-the/SingleThreadCore/Sources/SingleThreadCore/DailyCompletionStore.swift (in target 'SingleThreadCore' from project 'SingleThreadCore')
    cd /Users/vardy/dev/alanvardy-var-1014-lower-deployment-targets-from-ios-187watchos-265-to-the/SingleThread.xcodeproj
    builtin-SwiftPerFileCompile DailyCompletionStore.swift

SwiftCompile normal x86_64 Compiling\ ExcludedListStore.swift,\ InMemoryEventStore.swift,\ ListContent.swift,\ LocalizedString+Shared.swift /Users/vardy/dev/alanvardy-var-1014-lower-deployment-targets-from-ios-187watchos-265-to-the/SingleThreadCore/Sources/SingleThreadCore/ExcludedListStore.swift /Users/vardy/dev/alanvardy-var-1014-lower-deployment-targets-from-ios-187watchos-265-to-the/SingleThreadCore/Sources/SingleThreadCore/InMemoryEventStore.swift /Users/vardy/dev/alanvardy-var-1014-lower-deployment-targets-from-ios-187watchos-265-to-the/SingleThreadCore/Sources/SingleThreadCore/ListContent.swift /Users/vardy/dev/alanvardy-var-1014-lower-deployment-targets-from-ios-187watchos-265-to-the/SingleThreadCore/Sources/SingleThreadCore/LocalizedString+Shared.swift (in target 'SingleThreadCore' from project 'SingleThreadCore')

SwiftCompile normal x86_64 /Users/vardy/dev/alanvardy-var-1014-lower-deployment-targets-from-ios-187watchos-265-to-the/SingleThreadCore/Sources/SingleThreadCore/ExcludedListStore.swift (in target 'SingleThreadCore' from project 'SingleThreadCore')
    cd /Users/vardy/dev/alanvardy-var-1014-lower-deployment-targets-from-ios-187watchos-265-to-the/SingleThread.xcodeproj
    builtin-SwiftPerFileCompile ExcludedListStore.swift

SwiftCompile normal x86_64 /Users/vardy/dev/alanvardy-var-1014-lower-deployment-targets-from-ios-187watchos-265-to-the/SingleThreadCore/Sources/SingleThreadCore/InMemoryEventStore.swift (in target 'SingleThreadCore' from project 'SingleThreadCore')
    cd /Users/vardy/dev/alanvardy-var-1014-lower-deployment-targets-from-ios-187watchos-265-to-the/SingleThread.xcodeproj
    builtin-SwiftPerFileCompile InMemoryEventStore.swift

SwiftCompile normal x86_64 /Users/vardy/dev/alanvardy-var-1014-lower-deployment-targets-from-ios-187watchos-265-to-the/SingleThreadCore/Sources/SingleThreadCore/ListContent.swift (in target 'SingleThreadCore' from project 'SingleThreadCore')
    cd /Users/vardy/dev/alanvardy-var-1014-lower-deployment-targets-from-ios-187watchos-265-to-the/SingleThread.xcodeproj
    builtin-SwiftPerFileCompile ListContent.swift

SwiftCompile normal x86_64 /Users/vardy/dev/alanvardy-var-1014-lower-deployment-targets-from-ios-187watchos-265-to-the/SingleThreadCore/Sources/SingleThreadCore/LocalizedString+Shared.swift (in target 'SingleThreadCore' from project 'SingleThreadCore')
    cd /Users/vardy/dev/alanvardy-var-1014-lower-deployment-targets-from-ios-187watchos-265-to-the/SingleThread.xcodeproj
    builtin-SwiftPerFileCompile LocalizedString+Shared.swift

SwiftCompile normal x86_64 Compiling\ AppearanceModePreference.swift,\ BoolPreferenceKey.swift,\ BoolPreferenceStore.swift,\ CodeSpanFormatter.swift /Users/vardy/dev/alanvardy-var-1014-lower-deployment-targets-from-ios-187watchos-265-to-the/SingleThreadCore/Sources/SingleThreadCore/AppearanceModePreference.swift /Users/vardy/dev/alanvardy-var-1014-lower-deployment-targets-from-ios-187watchos-265-to-the/SingleThreadCore/Sources/SingleThreadCore/BoolPreferenceKey.swift /Users/vardy/dev/alanvardy-var-1014-lower-deployment-targets-from-ios-187watchos-265-to-the/SingleThreadCore/Sources/SingleThreadCore/BoolPreferenceStore.swift /Users/vardy/dev/alanvardy-var-1014-lower-deployment-targets-from-ios-187watchos-265-to-the/SingleThreadCore/Sources/SingleThreadCore/CodeSpanFormatter.swift (in target 'SingleThreadCore' from project 'SingleThreadCore')

SwiftCompile normal x86_64 /Users/vardy/dev/alanvardy-var-1014-lower-deployment-targets-from-ios-187watchos-265-to-the/SingleThreadCore/Sources/SingleThreadCore/AppearanceModePreference.swift (in target 'SingleThreadCore' from project 'SingleThreadCore')
    cd /Users/vardy/dev/alanvardy-var-1014-lower-deployment-targets-from-ios-187watchos-265-to-the/SingleThread.xcodeproj
    builtin-SwiftPerFileCompile AppearanceModePreference.swift

SwiftCompile normal x86_64 /Users/vardy/dev/alanvardy-var-1014-lower-deployment-targets-from-ios-187watchos-265-to-the/SingleThreadCore/Sources/SingleThreadCore/BoolPreferenceKey.swift (in target 'SingleThreadCore' from project 'SingleThreadCore')
    cd /Users/vardy/dev/alanvardy-var-1014-lower-deployment-targets-from-ios-187watchos-265-to-the/SingleThread.xcodeproj
    builtin-SwiftPerFileCompile BoolPreferenceKey.swift

SwiftCompile normal x86_64 /Users/vardy/dev/alanvardy-var-1014-lower-deployment-targets-from-ios-187watchos-265-to-the/SingleThreadCore/Sources/SingleThreadCore/BoolPreferenceStore.swift (in target 'SingleThreadCore' from project 'SingleThreadCore')
    cd /Users/vardy/dev/alanvardy-var-1014-lower-deployment-targets-from-ios-187watchos-265-to-the/SingleThread.xcodeproj
    builtin-SwiftPerFileCompile BoolPreferenceStore.swift

SwiftCompile normal x86_64 /Users/vardy/dev/alanvardy-var-1014-lower-deployment-targets-from-ios-187watchos-265-to-the/SingleThreadCore/Sources/SingleThreadCore/CodeSpanFormatter.swift (in target 'SingleThreadCore' from project 'SingleThreadCore')
    cd /Users/vardy/dev/alanvardy-var-1014-lower-deployment-targets-from-ios-187watchos-265-to-the/SingleThread.xcodeproj
    builtin-SwiftPerFileCompile CodeSpanFormatter.swift

SwiftCompile normal x86_64 Compiling\ resource_bundle_accessor.swift,\ ActionMenuGate.swift,\ AppGroup.swift,\ AppInfo.swift /Users/vardy/dev/alanvardy-var-1014-lower-deployment-targets-from-ios-187watchos-265-to-the/DerivedData/Build/Intermediates.noindex/SingleThreadCore.build/Debug-watchsimulator/SingleThreadCore-t.build/DerivedSources/resource_bundle_accessor.swift /Users/vardy/dev/alanvardy-var-1014-lower-deployment-targets-from-ios-187watchos-265-to-the/SingleThreadCore/Sources/SingleThreadCore/ActionMenuGate.swift /Users/vardy/dev/alanvardy-var-1014-lower-deployment-targets-from-ios-187watchos-265-to-the/SingleThreadCore/Sources/SingleThreadCore/AppGroup.swift /Users/vardy/dev/alanvardy-var-1014-lower-deployment-targets-from-ios-187watchos-265-to-the/SingleThreadCore/Sources/SingleThreadCore/AppInfo.swift (in target 'SingleThreadCore' from project 'SingleThreadCore')

SwiftCompile normal x86_64 /Users/vardy/dev/alanvardy-var-1014-lower-deployment-targets-from-ios-187watchos-265-to-the/DerivedData/Build/Intermediates.noindex/SingleThreadCore.build/Debug-watchsimulator/SingleThreadCore-t.build/DerivedSources/resource_bundle_accessor.swift (in target 'SingleThreadCore' from project 'SingleThreadCore')
    cd /Users/vardy/dev/alanvardy-var-1014-lower-deployment-targets-from-ios-187watchos-265-to-the/SingleThread.xcodeproj
    builtin-SwiftPerFileCompile resource_bundle_accessor.swift

SwiftCompile normal x86_64 /Users/vardy/dev/alanvardy-var-1014-lower-deployment-targets-from-ios-187watchos-265-to-the/SingleThreadCore/Sources/SingleThreadCore/ActionMenuGate.swift (in target 'SingleThreadCore' from project 'SingleThreadCore')
    cd /Users/vardy/dev/alanvardy-var-1014-lower-deployment-targets-from-ios-187watchos-265-to-the/SingleThread.xcodeproj
    builtin-SwiftPerFileCompile ActionMenuGate.swift

SwiftCompile normal x86_64 /Users/vardy/dev/alanvardy-var-1014-lower-deployment-targets-from-ios-187watchos-265-to-the/SingleThreadCore/Sources/SingleThreadCore/AppGroup.swift (in target 'SingleThreadCore' from project 'SingleThreadCore')
    cd /Users/vardy/dev/alanvardy-var-1014-lower-deployment-targets-from-ios-187watchos-265-to-the/SingleThread.xcodeproj
    builtin-SwiftPerFileCompile AppGroup.swift

SwiftCompile normal x86_64 /Users/vardy/dev/alanvardy-var-1014-lower-deployment-targets-from-ios-187watchos-265-to-the/SingleThreadCore/Sources/SingleThreadCore/AppInfo.swift (in target 'SingleThreadCore' from project 'SingleThreadCore')
    cd /Users/vardy/dev/alanvardy-var-1014-lower-deployment-targets-from-ios-187watchos-265-to-the/SingleThread.xcodeproj
    builtin-SwiftPerFileCompile AppInfo.swift

SwiftCompile normal x86_64 Compiling\ ReminderDeepLink.swift,\ ReminderDictationParser.swift,\ ReminderDisplay.swift,\ ReminderIntents.swift /Users/vardy/dev/alanvardy-var-1014-lower-deployment-targets-from-ios-187watchos-265-to-the/SingleThreadCore/Sources/SingleThreadCore/ReminderDeepLink.swift /Users/vardy/dev/alanvardy-var-1014-lower-deployment-targets-from-ios-187watchos-265-to-the/SingleThreadCore/Sources/SingleThreadCore/ReminderDictationParser.swift /Users/vardy/dev/alanvardy-var-1014-lower-deployment-targets-from-ios-187watchos-265-to-the/SingleThreadCore/Sources/SingleThreadCore/ReminderDisplay.swift /Users/vardy/dev/alanvardy-var-1014-lower-deployment-targets-from-ios-187watchos-265-to-the/SingleThreadCore/Sources/SingleThreadCore/ReminderIntents.swift (in target 'SingleThreadCore' from project 'SingleThreadCore')

SwiftCompile normal x86_64 /Users/vardy/dev/alanvardy-var-1014-lower-deployment-targets-from-ios-187watchos-265-to-the/SingleThreadCore/Sources/SingleThreadCore/ReminderDeepLink.swift (in target 'SingleThreadCore' from project 'SingleThreadCore')
    cd /Users/vardy/dev/alanvardy-var-1014-lower-deployment-targets-from-ios-187watchos-265-to-the/SingleThread.xcodeproj
    builtin-SwiftPerFileCompile ReminderDeepLink.swift

SwiftCompile normal x86_64 /Users/vardy/dev/alanvardy-var-1014-lower-deployment-targets-from-ios-187watchos-265-to-the/SingleThreadCore/Sources/SingleThreadCore/ReminderDictationParser.swift (in target 'SingleThreadCore' from project 'SingleThreadCore')
    cd /Users/vardy/dev/alanvardy-var-1014-lower-deployment-targets-from-ios-187watchos-265-to-the/SingleThread.xcodeproj
    builtin-SwiftPerFileCompile ReminderDictationParser.swift

SwiftCompile normal x86_64 /Users/vardy/dev/alanvardy-var-1014-lower-deployment-targets-from-ios-187watchos-265-to-the/SingleThreadCore/Sources/SingleThreadCore/ReminderDisplay.swift (in target 'SingleThreadCore' from project 'SingleThreadCore')
    cd /Users/vardy/dev/alanvardy-var-1014-lower-deployment-targets-from-ios-187watchos-265-to-the/SingleThread.xcodeproj
    builtin-SwiftPerFileCompile ReminderDisplay.swift

SwiftCompile normal x86_64 /Users/vardy/dev/alanvardy-var-1014-lower-deployment-targets-from-ios-187watchos-265-to-the/SingleThreadCore/Sources/SingleThreadCore/ReminderIntents.swift (in target 'SingleThreadCore' from project 'SingleThreadCore')
    cd /Users/vardy/dev/alanvardy-var-1014-lower-deployment-targets-from-ios-187watchos-265-to-the/SingleThread.xcodeproj
    builtin-SwiftPerFileCompile ReminderIntents.swift

SwiftCompile normal arm64 Compiling\ EntitlementState.swift,\ EntitlementStore.swift,\ EventKitStoring.swift,\ EventStoreChangedObserver.swift /Users/vardy/dev/alanvardy-var-1014-lower-deployment-targets-from-ios-187watchos-265-to-the/SingleThreadCore/Sources/SingleThreadCore/EntitlementState.swift /Users/vardy/dev/alanvardy-var-1014-lower-deployment-targets-from-ios-187watchos-265-to-the/SingleThreadCore/Sources/SingleThreadCore/EntitlementStore.swift /Users/vardy/dev/alanvardy-var-1014-lower-deployment-targets-from-ios-187watchos-265-to-the/SingleThreadCore/Sources/SingleThreadCore/EventKitStoring.swift /Users/vardy/dev/alanvardy-var-1014-lower-deployment-targets-from-ios-187watchos-265-to-the/SingleThreadCore/Sources/SingleThreadCore/EventStoreChangedObserver.swift (in target 'SingleThreadCore' from project 'SingleThreadCore')
/Users/vardy/dev/alanvardy-var-1014-lower-deployment-targets-from-ios-187watchos-265-to-the/SingleThreadCore/Sources/SingleThreadCore/EntitlementStore.swift:91:13: warning: 'nonisolated(unsafe)' has no effect on property 'observationTask', consider using 'nonisolated'
 89 |     /// task; the task captures `self` weakly and is only read/written on the
 90 |     /// main actor in normal operation.
 91 |     private nonisolated(unsafe) var observationTask: Task<Void, Never>?
    |             `- warning: 'nonisolated(unsafe)' has no effect on property 'observationTask', consider using 'nonisolated'
 92 | 
 93 |     private func observeTransactionUpdates() async {

SwiftCompile normal arm64 /Users/vardy/dev/alanvardy-var-1014-lower-deployment-targets-from-ios-187watchos-265-to-the/SingleThreadCore/Sources/SingleThreadCore/EntitlementState.swift (in target 'SingleThreadCore' from project 'SingleThreadCore')
    cd /Users/vardy/dev/alanvardy-var-1014-lower-deployment-targets-from-ios-187watchos-265-to-the/SingleThread.xcodeproj
    builtin-SwiftPerFileCompile EntitlementState.swift

SwiftCompile normal arm64 /Users/vardy/dev/alanvardy-var-1014-lower-deployment-targets-from-ios-187watchos-265-to-the/SingleThreadCore/Sources/SingleThreadCore/EntitlementStore.swift (in target 'SingleThreadCore' from project 'SingleThreadCore')
    cd /Users/vardy/dev/alanvardy-var-1014-lower-deployment-targets-from-ios-187watchos-265-to-the/SingleThread.xcodeproj
    builtin-SwiftPerFileCompile EntitlementStore.swift

SwiftCompile normal arm64 /Users/vardy/dev/alanvardy-var-1014-lower-deployment-targets-from-ios-187watchos-265-to-the/SingleThreadCore/Sources/SingleThreadCore/EventKitStoring.swift (in target 'SingleThreadCore' from project 'SingleThreadCore')
    cd /Users/vardy/dev/alanvardy-var-1014-lower-deployment-targets-from-ios-187watchos-265-to-the/SingleThread.xcodeproj
    builtin-SwiftPerFileCompile EventKitStoring.swift

SwiftCompile normal arm64 /Users/vardy/dev/alanvardy-var-1014-lower-deployment-targets-from-ios-187watchos-265-to-the/SingleThreadCore/Sources/SingleThreadCore/EventStoreChangedObserver.swift (in target 'SingleThreadCore' from project 'SingleThreadCore')
    cd /Users/vardy/dev/alanvardy-var-1014-lower-deployment-targets-from-ios-187watchos-265-to-the/SingleThread.xcodeproj
    builtin-SwiftPerFileCompile EventStoreChangedObserver.swift

SwiftEmitModule normal arm64 Emitting\ module\ for\ SingleThreadCore (in target 'SingleThreadCore' from project 'SingleThreadCore')

SwiftCompile normal arm64 (in target 'SingleThreadCore' from project 'SingleThreadCore')
    cd /Users/vardy/dev/alanvardy-var-1014-lower-deployment-targets-from-ios-187watchos-265-to-the/SingleThread.xcodeproj
    

/Users/vardy/dev/alanvardy-var-1014-lower-deployment-targets-from-ios-187watchos-265-to-the/SingleThreadCore/Sources/SingleThreadCore/EntitlementStore.swift:91:13: warning: 'nonisolated(unsafe)' has no effect on property 'observationTask', consider using 'nonisolated'
 89 |     /// task; the task captures `self` weakly and is only read/written on the
 90 |     /// main actor in normal operation.
 91 |     private nonisolated(unsafe) var observationTask: Task<Void, Never>?
    |             `- warning: 'nonisolated(unsafe)' has no effect on property 'observationTask', consider using 'nonisolated'
 92 | 
 93 |     private func observeTransactionUpdates() async {
SwiftCompile normal arm64 Compiling\ resource_bundle_accessor.swift,\ ActionMenuGate.swift,\ AppGroup.swift,\ AppInfo.swift /Users/vardy/dev/alanvardy-var-1014-lower-deployment-targets-from-ios-187watchos-265-to-the/DerivedData/Build/Intermediates.noindex/SingleThreadCore.build/Debug-watchsimulator/SingleThreadCore-t.build/DerivedSources/resource_bundle_accessor.swift /Users/vardy/dev/alanvardy-var-1014-lower-deployment-targets-from-ios-187watchos-265-to-the/SingleThreadCore/Sources/SingleThreadCore/ActionMenuGate.swift /Users/vardy/dev/alanvardy-var-1014-lower-deployment-targets-from-ios-187watchos-265-to-the/SingleThreadCore/Sources/SingleThreadCore/AppGroup.swift /Users/vardy/dev/alanvardy-var-1014-lower-deployment-targets-from-ios-187watchos-265-to-the/SingleThreadCore/Sources/SingleThreadCore/AppInfo.swift (in target 'SingleThreadCore' from project 'SingleThreadCore')

SwiftCompile normal arm64 /Users/vardy/dev/alanvardy-var-1014-lower-deployment-targets-from-ios-187watchos-265-to-the/DerivedData/Build/Intermediates.noindex/SingleThreadCore.build/Debug-watchsimulator/SingleThreadCore-t.build/DerivedSources/resource_bundle_accessor.swift (in target 'SingleThreadCore' from project 'SingleThreadCore')
    cd /Users/vardy/dev/alanvardy-var-1014-lower-deployment-targets-from-ios-187watchos-265-to-the/SingleThread.xcodeproj
    builtin-SwiftPerFileCompile resource_bundle_accessor.swift

SwiftCompile normal arm64 /Users/vardy/dev/alanvardy-var-1014-lower-deployment-targets-from-ios-187watchos-265-to-the/SingleThreadCore/Sources/SingleThreadCore/ActionMenuGate.swift (in target 'SingleThreadCore' from project 'SingleThreadCore')
    cd /Users/vardy/dev/alanvardy-var-1014-lower-deployment-targets-from-ios-187watchos-265-to-the/SingleThread.xcodeproj
    builtin-SwiftPerFileCompile ActionMenuGate.swift

SwiftCompile normal arm64 /Users/vardy/dev/alanvardy-var-1014-lower-deployment-targets-from-ios-187watchos-265-to-the/SingleThreadCore/Sources/SingleThreadCore/AppGroup.swift (in target 'SingleThreadCore' from project 'SingleThreadCore')
    cd /Users/vardy/dev/alanvardy-var-1014-lower-deployment-targets-from-ios-187watchos-265-to-the/SingleThread.xcodeproj
    builtin-SwiftPerFileCompile AppGroup.swift

SwiftCompile normal arm64 /Users/vardy/dev/alanvardy-var-1014-lower-deployment-targets-from-ios-187watchos-265-to-the/SingleThreadCore/Sources/SingleThreadCore/AppInfo.swift (in target 'SingleThreadCore' from project 'SingleThreadCore')
    cd /Users/vardy/dev/alanvardy-var-1014-lower-deployment-targets-from-ios-187watchos-265-to-the/SingleThread.xcodeproj
    builtin-SwiftPerFileCompile AppInfo.swift

SwiftEmitModule normal x86_64 Emitting\ module\ for\ SingleThreadCore (in target 'SingleThreadCore' from project 'SingleThreadCore')

SwiftCompile normal x86_64 (in target 'SingleThreadCore' from project 'SingleThreadCore')
    cd /Users/vardy/dev/alanvardy-var-1014-lower-deployment-targets-from-ios-187watchos-265-to-the/SingleThread.xcodeproj
    

/Users/vardy/dev/alanvardy-var-1014-lower-deployment-targets-from-ios-187watchos-265-to-the/SingleThreadCore/Sources/SingleThreadCore/EntitlementStore.swift:91:13: warning: 'nonisolated(unsafe)' has no effect on property 'observationTask', consider using 'nonisolated'
 89 |     /// task; the task captures `self` weakly and is only read/written on the
 90 |     /// main actor in normal operation.
 91 |     private nonisolated(unsafe) var observationTask: Task<Void, Never>?
    |             `- warning: 'nonisolated(unsafe)' has no effect on property 'observationTask', consider using 'nonisolated'
 92 | 
 93 |     private func observeTransactionUpdates() async {
SwiftCompile normal arm64 Compiling\ ReminderRecurrenceFormatter.swift,\ ReminderSkip.swift,\ ReminderSort.swift,\ ReminderStore.swift /Users/vardy/dev/alanvardy-var-1014-lower-deployment-targets-from-ios-187watchos-265-to-the/SingleThreadCore/Sources/SingleThreadCore/ReminderRecurrenceFormatter.swift /Users/vardy/dev/alanvardy-var-1014-lower-deployment-targets-from-ios-187watchos-265-to-the/SingleThreadCore/Sources/SingleThreadCore/ReminderSkip.swift /Users/vardy/dev/alanvardy-var-1014-lower-deployment-targets-from-ios-187watchos-265-to-the/SingleThreadCore/Sources/SingleThreadCore/ReminderSort.swift /Users/vardy/dev/alanvardy-var-1014-lower-deployment-targets-from-ios-187watchos-265-to-the/SingleThreadCore/Sources/SingleThreadCore/ReminderStore.swift (in target 'SingleThreadCore' from project 'SingleThreadCore')

SwiftCompile normal arm64 /Users/vardy/dev/alanvardy-var-1014-lower-deployment-targets-from-ios-187watchos-265-to-the/SingleThreadCore/Sources/SingleThreadCore/ReminderRecurrenceFormatter.swift (in target 'SingleThreadCore' from project 'SingleThreadCore')
    cd /Users/vardy/dev/alanvardy-var-1014-lower-deployment-targets-from-ios-187watchos-265-to-the/SingleThread.xcodeproj
    builtin-SwiftPerFileCompile ReminderRecurrenceFormatter.swift

SwiftCompile normal arm64 /Users/vardy/dev/alanvardy-var-1014-lower-deployment-targets-from-ios-187watchos-265-to-the/SingleThreadCore/Sources/SingleThreadCore/ReminderSkip.swift (in target 'SingleThreadCore' from project 'SingleThreadCore')
    cd /Users/vardy/dev/alanvardy-var-1014-lower-deployment-targets-from-ios-187watchos-265-to-the/SingleThread.xcodeproj
    builtin-SwiftPerFileCompile ReminderSkip.swift

SwiftCompile normal arm64 /Users/vardy/dev/alanvardy-var-1014-lower-deployment-targets-from-ios-187watchos-265-to-the/SingleThreadCore/Sources/SingleThreadCore/ReminderSort.swift (in target 'SingleThreadCore' from project 'SingleThreadCore')
    cd /Users/vardy/dev/alanvardy-var-1014-lower-deployment-targets-from-ios-187watchos-265-to-the/SingleThread.xcodeproj
    builtin-SwiftPerFileCompile ReminderSort.swift

SwiftCompile normal arm64 /Users/vardy/dev/alanvardy-var-1014-lower-deployment-targets-from-ios-187watchos-265-to-the/SingleThreadCore/Sources/SingleThreadCore/ReminderStore.swift (in target 'SingleThreadCore' from project 'SingleThreadCore')
    cd /Users/vardy/dev/alanvardy-var-1014-lower-deployment-targets-from-ios-187watchos-265-to-the/SingleThread.xcodeproj
    builtin-SwiftPerFileCompile ReminderStore.swift

SwiftCompile normal arm64 Compiling\ ExcludedListStore.swift,\ InMemoryEventStore.swift,\ ListContent.swift,\ LocalizedString+Shared.swift /Users/vardy/dev/alanvardy-var-1014-lower-deployment-targets-from-ios-187watchos-265-to-the/SingleThreadCore/Sources/SingleThreadCore/ExcludedListStore.swift /Users/vardy/dev/alanvardy-var-1014-lower-deployment-targets-from-ios-187watchos-265-to-the/SingleThreadCore/Sources/SingleThreadCore/InMemoryEventStore.swift /Users/vardy/dev/alanvardy-var-1014-lower-deployment-targets-from-ios-187watchos-265-to-the/SingleThreadCore/Sources/SingleThreadCore/ListContent.swift /Users/vardy/dev/alanvardy-var-1014-lower-deployment-targets-from-ios-187watchos-265-to-the/SingleThreadCore/Sources/SingleThreadCore/LocalizedString+Shared.swift (in target 'SingleThreadCore' from project 'SingleThreadCore')

SwiftCompile normal arm64 /Users/vardy/dev/alanvardy-var-1014-lower-deployment-targets-from-ios-187watchos-265-to-the/SingleThreadCore/Sources/SingleThreadCore/ExcludedListStore.swift (in target 'SingleThreadCore' from project 'SingleThreadCore')
    cd /Users/vardy/dev/alanvardy-var-1014-lower-deployment-targets-from-ios-187watchos-265-to-the/SingleThread.xcodeproj
    builtin-SwiftPerFileCompile ExcludedListStore.swift

SwiftCompile normal arm64 /Users/vardy/dev/alanvardy-var-1014-lower-deployment-targets-from-ios-187watchos-265-to-the/SingleThreadCore/Sources/SingleThreadCore/InMemoryEventStore.swift (in target 'SingleThreadCore' from project 'SingleThreadCore')
    cd /Users/vardy/dev/alanvardy-var-1014-lower-deployment-targets-from-ios-187watchos-265-to-the/SingleThread.xcodeproj
    builtin-SwiftPerFileCompile InMemoryEventStore.swift

SwiftCompile normal arm64 /Users/vardy/dev/alanvardy-var-1014-lower-deployment-targets-from-ios-187watchos-265-to-the/SingleThreadCore/Sources/SingleThreadCore/ListContent.swift (in target 'SingleThreadCore' from project 'SingleThreadCore')
    cd /Users/vardy/dev/alanvardy-var-1014-lower-deployment-targets-from-ios-187watchos-265-to-the/SingleThread.xcodeproj
    builtin-SwiftPerFileCompile ListContent.swift

SwiftCompile normal arm64 /Users/vardy/dev/alanvardy-var-1014-lower-deployment-targets-from-ios-187watchos-265-to-the/SingleThreadCore/Sources/SingleThreadCore/LocalizedString+Shared.swift (in target 'SingleThreadCore' from project 'SingleThreadCore')
    cd /Users/vardy/dev/alanvardy-var-1014-lower-deployment-targets-from-ios-187watchos-265-to-the/SingleThread.xcodeproj
    builtin-SwiftPerFileCompile LocalizedString+Shared.swift

SwiftCompile normal x86_64 Compiling\ PendingCompletionLogic.swift,\ PendingCompletionStore.swift,\ PreferenceHolder.swift,\ ReminderDateFilter.swift /Users/vardy/dev/alanvardy-var-1014-lower-deployment-targets-from-ios-187watchos-265-to-the/SingleThreadCore/Sources/SingleThreadCore/PendingCompletionLogic.swift /Users/vardy/dev/alanvardy-var-1014-lower-deployment-targets-from-ios-187watchos-265-to-the/SingleThreadCore/Sources/SingleThreadCore/PendingCompletionStore.swift /Users/vardy/dev/alanvardy-var-1014-lower-deployment-targets-from-ios-187watchos-265-to-the/SingleThreadCore/Sources/SingleThreadCore/PreferenceHolder.swift /Users/vardy/dev/alanvardy-var-1014-lower-deployment-targets-from-ios-187watchos-265-to-the/SingleThreadCore/Sources/SingleThreadCore/ReminderDateFilter.swift (in target 'SingleThreadCore' from project 'SingleThreadCore')

SwiftCompile normal x86_64 /Users/vardy/dev/alanvardy-var-1014-lower-deployment-targets-from-ios-187watchos-265-to-the/SingleThreadCore/Sources/SingleThreadCore/PendingCompletionLogic.swift (in target 'SingleThreadCore' from project 'SingleThreadCore')
    cd /Users/vardy/dev/alanvardy-var-1014-lower-deployment-targets-from-ios-187watchos-265-to-the/SingleThread.xcodeproj
    builtin-SwiftPerFileCompile PendingCompletionLogic.swift

SwiftCompile normal x86_64 /Users/vardy/dev/alanvardy-var-1014-lower-deployment-targets-from-ios-187watchos-265-to-the/SingleThreadCore/Sources/SingleThreadCore/PendingCompletionStore.swift (in target 'SingleThreadCore' from project 'SingleThreadCore')
    cd /Users/vardy/dev/alanvardy-var-1014-lower-deployment-targets-from-ios-187watchos-265-to-the/SingleThread.xcodeproj
    builtin-SwiftPerFileCompile PendingCompletionStore.swift

SwiftCompile normal x86_64 /Users/vardy/dev/alanvardy-var-1014-lower-deployment-targets-from-ios-187watchos-265-to-the/SingleThreadCore/Sources/SingleThreadCore/PreferenceHolder.swift (in target 'SingleThreadCore' from project 'SingleThreadCore')
    cd /Users/vardy/dev/alanvardy-var-1014-lower-deployment-targets-from-ios-187watchos-265-to-the/SingleThread.xcodeproj
    builtin-SwiftPerFileCompile PreferenceHolder.swift

SwiftCompile normal x86_64 /Users/vardy/dev/alanvardy-var-1014-lower-deployment-targets-from-ios-187watchos-265-to-the/SingleThreadCore/Sources/SingleThreadCore/ReminderDateFilter.swift (in target 'SingleThreadCore' from project 'SingleThreadCore')
    cd /Users/vardy/dev/alanvardy-var-1014-lower-deployment-targets-from-ios-187watchos-265-to-the/SingleThread.xcodeproj
    builtin-SwiftPerFileCompile ReminderDateFilter.swift

SwiftCompile normal x86_64 Compiling\ SortOption.swift,\ StaleReminderRechecker.swift,\ TranscriptionAccumulator.swift /Users/vardy/dev/alanvardy-var-1014-lower-deployment-targets-from-ios-187watchos-265-to-the/SingleThreadCore/Sources/SingleThreadCore/SortOption.swift /Users/vardy/dev/alanvardy-var-1014-lower-deployment-targets-from-ios-187watchos-265-to-the/SingleThreadCore/Sources/SingleThreadCore/StaleReminderRechecker.swift /Users/vardy/dev/alanvardy-var-1014-lower-deployment-targets-from-ios-187watchos-265-to-the/SingleThreadCore/Sources/SingleThreadCore/TranscriptionAccumulator.swift (in target 'SingleThreadCore' from project 'SingleThreadCore')

SwiftCompile normal x86_64 /Users/vardy/dev/alanvardy-var-1014-lower-deployment-targets-from-ios-187watchos-265-to-the/SingleThreadCore/Sources/SingleThreadCore/SortOption.swift (in target 'SingleThreadCore' from project 'SingleThreadCore')
    cd /Users/vardy/dev/alanvardy-var-1014-lower-deployment-targets-from-ios-187watchos-265-to-the/SingleThread.xcodeproj
    builtin-SwiftPerFileCompile SortOption.swift

SwiftCompile normal x86_64 /Users/vardy/dev/alanvardy-var-1014-lower-deployment-targets-from-ios-187watchos-265-to-the/SingleThreadCore/Sources/SingleThreadCore/StaleReminderRechecker.swift (in target 'SingleThreadCore' from project 'SingleThreadCore')
    cd /Users/vardy/dev/alanvardy-var-1014-lower-deployment-targets-from-ios-187watchos-265-to-the/SingleThread.xcodeproj
    builtin-SwiftPerFileCompile StaleReminderRechecker.swift

SwiftCompile normal x86_64 /Users/vardy/dev/alanvardy-var-1014-lower-deployment-targets-from-ios-187watchos-265-to-the/SingleThreadCore/Sources/SingleThreadCore/TranscriptionAccumulator.swift (in target 'SingleThreadCore' from project 'SingleThreadCore')
    cd /Users/vardy/dev/alanvardy-var-1014-lower-deployment-targets-from-ios-187watchos-265-to-the/SingleThread.xcodeproj
    builtin-SwiftPerFileCompile TranscriptionAccumulator.swift

SwiftDriverJobDiscovery normal x86_64 Compiling resource_bundle_accessor.swift, ActionMenuGate.swift, AppGroup.swift, AppInfo.swift (in target 'SingleThreadCore' from project 'SingleThreadCore')

SwiftCompile normal arm64 Compiling\ ReminderDeepLink.swift,\ ReminderDictationParser.swift,\ ReminderDisplay.swift,\ ReminderIntents.swift /Users/vardy/dev/alanvardy-var-1014-lower-deployment-targets-from-ios-187watchos-265-to-the/SingleThreadCore/Sources/SingleThreadCore/ReminderDeepLink.swift /Users/vardy/dev/alanvardy-var-1014-lower-deployment-targets-from-ios-187watchos-265-to-the/SingleThreadCore/Sources/SingleThreadCore/ReminderDictationParser.swift /Users/vardy/dev/alanvardy-var-1014-lower-deployment-targets-from-ios-187watchos-265-to-the/SingleThreadCore/Sources/SingleThreadCore/ReminderDisplay.swift /Users/vardy/dev/alanvardy-var-1014-lower-deployment-targets-from-ios-187watchos-265-to-the/SingleThreadCore/Sources/SingleThreadCore/ReminderIntents.swift (in target 'SingleThreadCore' from project 'SingleThreadCore')

SwiftCompile normal arm64 /Users/vardy/dev/alanvardy-var-1014-lower-deployment-targets-from-ios-187watchos-265-to-the/SingleThreadCore/Sources/SingleThreadCore/ReminderDeepLink.swift (in target 'SingleThreadCore' from project 'SingleThreadCore')
    cd /Users/vardy/dev/alanvardy-var-1014-lower-deployment-targets-from-ios-187watchos-265-to-the/SingleThread.xcodeproj
    builtin-SwiftPerFileCompile ReminderDeepLink.swift

SwiftCompile normal arm64 /Users/vardy/dev/alanvardy-var-1014-lower-deployment-targets-from-ios-187watchos-265-to-the/SingleThreadCore/Sources/SingleThreadCore/ReminderDictationParser.swift (in target 'SingleThreadCore' from project 'SingleThreadCore')
    cd /Users/vardy/dev/alanvardy-var-1014-lower-deployment-targets-from-ios-187watchos-265-to-the/SingleThread.xcodeproj
    builtin-SwiftPerFileCompile ReminderDictationParser.swift

SwiftCompile normal arm64 /Users/vardy/dev/alanvardy-var-1014-lower-deployment-targets-from-ios-187watchos-265-to-the/SingleThreadCore/Sources/SingleThreadCore/ReminderDisplay.swift (in target 'SingleThreadCore' from project 'SingleThreadCore')
    cd /Users/vardy/dev/alanvardy-var-1014-lower-deployment-targets-from-ios-187watchos-265-to-the/SingleThread.xcodeproj
    builtin-SwiftPerFileCompile ReminderDisplay.swift

SwiftCompile normal arm64 /Users/vardy/dev/alanvardy-var-1014-lower-deployment-targets-from-ios-187watchos-265-to-the/SingleThreadCore/Sources/SingleThreadCore/ReminderIntents.swift (in target 'SingleThreadCore' from project 'SingleThreadCore')
    cd /Users/vardy/dev/alanvardy-var-1014-lower-deployment-targets-from-ios-187watchos-265-to-the/SingleThread.xcodeproj
    builtin-SwiftPerFileCompile ReminderIntents.swift

SwiftDriverJobDiscovery normal arm64 Compiling resource_bundle_accessor.swift, ActionMenuGate.swift, AppGroup.swift, AppInfo.swift (in target 'SingleThreadCore' from project 'SingleThreadCore')

SwiftCompile normal arm64 Compiling\ ResumptionGate.swift,\ SkipCountStore.swift,\ SkippedReminderSyncService.swift /Users/vardy/dev/alanvardy-var-1014-lower-deployment-targets-from-ios-187watchos-265-to-the/SingleThreadCore/Sources/SingleThreadCore/ResumptionGate.swift /Users/vardy/dev/alanvardy-var-1014-lower-deployment-targets-from-ios-187watchos-265-to-the/SingleThreadCore/Sources/SingleThreadCore/SkipCountStore.swift /Users/vardy/dev/alanvardy-var-1014-lower-deployment-targets-from-ios-187watchos-265-to-the/SingleThreadCore/Sources/SingleThreadCore/SkippedReminderSyncService.swift (in target 'SingleThreadCore' from project 'SingleThreadCore')
/Users/vardy/dev/alanvardy-var-1014-lower-deployment-targets-from-ios-187watchos-265-to-the/SingleThreadCore/Sources/SingleThreadCore/SkippedReminderSyncService.swift:28:40: warning: comparing non-optional value of type 'WCSessionUserInfoTransfer' to 'nil' always returns true
 26 |         @discardableResult
 27 |         public func queueUserInfo(_ userInfo: [String: Any]) -> Bool {
 28 |             transferUserInfo(userInfo) != nil
    |                                        `- warning: comparing non-optional value of type 'WCSessionUserInfoTransfer' to 'nil' always returns true
 29 |         }
 30 |     }

SwiftCompile normal arm64 /Users/vardy/dev/alanvardy-var-1014-lower-deployment-targets-from-ios-187watchos-265-to-the/SingleThreadCore/Sources/SingleThreadCore/ResumptionGate.swift (in target 'SingleThreadCore' from project 'SingleThreadCore')
    cd /Users/vardy/dev/alanvardy-var-1014-lower-deployment-targets-from-ios-187watchos-265-to-the/SingleThread.xcodeproj
    builtin-SwiftPerFileCompile ResumptionGate.swift

SwiftCompile normal arm64 /Users/vardy/dev/alanvardy-var-1014-lower-deployment-targets-from-ios-187watchos-265-to-the/SingleThreadCore/Sources/SingleThreadCore/SkipCountStore.swift (in target 'SingleThreadCore' from project 'SingleThreadCore')
    cd /Users/vardy/dev/alanvardy-var-1014-lower-deployment-targets-from-ios-187watchos-265-to-the/SingleThread.xcodeproj
    builtin-SwiftPerFileCompile SkipCountStore.swift

SwiftCompile normal arm64 /Users/vardy/dev/alanvardy-var-1014-lower-deployment-targets-from-ios-187watchos-265-to-the/SingleThreadCore/Sources/SingleThreadCore/SkippedReminderSyncService.swift (in target 'SingleThreadCore' from project 'SingleThreadCore')
    cd /Users/vardy/dev/alanvardy-var-1014-lower-deployment-targets-from-ios-187watchos-265-to-the/SingleThread.xcodeproj
    builtin-SwiftPerFileCompile SkippedReminderSyncService.swift

SwiftDriverJobDiscovery normal x86_64 Compiling ExcludedListStore.swift, InMemoryEventStore.swift, ListContent.swift, LocalizedString+Shared.swift (in target 'SingleThreadCore' from project 'SingleThreadCore')

SwiftCompile normal x86_64 Compiling\ UITestingSeed.swift,\ UndoStore.swift,\ UserNotificationCentering.swift /Users/vardy/dev/alanvardy-var-1014-lower-deployment-targets-from-ios-187watchos-265-to-the/SingleThreadCore/Sources/SingleThreadCore/UITestingSeed.swift /Users/vardy/dev/alanvardy-var-1014-lower-deployment-targets-from-ios-187watchos-265-to-the/SingleThreadCore/Sources/SingleThreadCore/UndoStore.swift /Users/vardy/dev/alanvardy-var-1014-lower-deployment-targets-from-ios-187watchos-265-to-the/SingleThreadCore/Sources/SingleThreadCore/UserNotificationCentering.swift (in target 'SingleThreadCore' from project 'SingleThreadCore')

SwiftCompile normal x86_64 /Users/vardy/dev/alanvardy-var-1014-lower-deployment-targets-from-ios-187watchos-265-to-the/SingleThreadCore/Sources/SingleThreadCore/UITestingSeed.swift (in target 'SingleThreadCore' from project 'SingleThreadCore')
    cd /Users/vardy/dev/alanvardy-var-1014-lower-deployment-targets-from-ios-187watchos-265-to-the/SingleThread.xcodeproj
    builtin-SwiftPerFileCompile UITestingSeed.swift

SwiftCompile normal x86_64 /Users/vardy/dev/alanvardy-var-1014-lower-deployment-targets-from-ios-187watchos-265-to-the/SingleThreadCore/Sources/SingleThreadCore/UndoStore.swift (in target 'SingleThreadCore' from project 'SingleThreadCore')
    cd /Users/vardy/dev/alanvardy-var-1014-lower-deployment-targets-from-ios-187watchos-265-to-the/SingleThread.xcodeproj
    builtin-SwiftPerFileCompile UndoStore.swift

SwiftCompile normal x86_64 /Users/vardy/dev/alanvardy-var-1014-lower-deployment-targets-from-ios-187watchos-265-to-the/SingleThreadCore/Sources/SingleThreadCore/UserNotificationCentering.swift (in target 'SingleThreadCore' from project 'SingleThreadCore')
    cd /Users/vardy/dev/alanvardy-var-1014-lower-deployment-targets-from-ios-187watchos-265-to-the/SingleThread.xcodeproj
    builtin-SwiftPerFileCompile UserNotificationCentering.swift

SwiftDriverJobDiscovery normal arm64 Compiling ExcludedListStore.swift, InMemoryEventStore.swift, ListContent.swift, LocalizedString+Shared.swift (in target 'SingleThreadCore' from project 'SingleThreadCore')

SwiftCompile normal arm64 Compiling\ SortOption.swift,\ StaleReminderRechecker.swift,\ TranscriptionAccumulator.swift /Users/vardy/dev/alanvardy-var-1014-lower-deployment-targets-from-ios-187watchos-265-to-the/SingleThreadCore/Sources/SingleThreadCore/SortOption.swift /Users/vardy/dev/alanvardy-var-1014-lower-deployment-targets-from-ios-187watchos-265-to-the/SingleThreadCore/Sources/SingleThreadCore/StaleReminderRechecker.swift /Users/vardy/dev/alanvardy-var-1014-lower-deployment-targets-from-ios-187watchos-265-to-the/SingleThreadCore/Sources/SingleThreadCore/TranscriptionAccumulator.swift (in target 'SingleThreadCore' from project 'SingleThreadCore')

SwiftCompile normal arm64 /Users/vardy/dev/alanvardy-var-1014-lower-deployment-targets-from-ios-187watchos-265-to-the/SingleThreadCore/Sources/SingleThreadCore/SortOption.swift (in target 'SingleThreadCore' from project 'SingleThreadCore')
    cd /Users/vardy/dev/alanvardy-var-1014-lower-deployment-targets-from-ios-187watchos-265-to-the/SingleThread.xcodeproj
    builtin-SwiftPerFileCompile SortOption.swift

SwiftCompile normal arm64 /Users/vardy/dev/alanvardy-var-1014-lower-deployment-targets-from-ios-187watchos-265-to-the/SingleThreadCore/Sources/SingleThreadCore/StaleReminderRechecker.swift (in target 'SingleThreadCore' from project 'SingleThreadCore')
    cd /Users/vardy/dev/alanvardy-var-1014-lower-deployment-targets-from-ios-187watchos-265-to-the/SingleThread.xcodeproj
    builtin-SwiftPerFileCompile StaleReminderRechecker.swift

SwiftCompile normal arm64 /Users/vardy/dev/alanvardy-var-1014-lower-deployment-targets-from-ios-187watchos-265-to-the/SingleThreadCore/Sources/SingleThreadCore/TranscriptionAccumulator.swift (in target 'SingleThreadCore' from project 'SingleThreadCore')
    cd /Users/vardy/dev/alanvardy-var-1014-lower-deployment-targets-from-ios-187watchos-265-to-the/SingleThread.xcodeproj
    builtin-SwiftPerFileCompile TranscriptionAccumulator.swift

SwiftDriverJobDiscovery normal x86_64 Compiling AppearanceModePreference.swift, BoolPreferenceKey.swift, BoolPreferenceStore.swift, CodeSpanFormatter.swift (in target 'SingleThreadCore' from project 'SingleThreadCore')

SwiftCompile normal arm64 Compiling\ PendingCompletionLogic.swift,\ PendingCompletionStore.swift,\ PreferenceHolder.swift,\ ReminderDateFilter.swift /Users/vardy/dev/alanvardy-var-1014-lower-deployment-targets-from-ios-187watchos-265-to-the/SingleThreadCore/Sources/SingleThreadCore/PendingCompletionLogic.swift /Users/vardy/dev/alanvardy-var-1014-lower-deployment-targets-from-ios-187watchos-265-to-the/SingleThreadCore/Sources/SingleThreadCore/PendingCompletionStore.swift /Users/vardy/dev/alanvardy-var-1014-lower-deployment-targets-from-ios-187watchos-265-to-the/SingleThreadCore/Sources/SingleThreadCore/PreferenceHolder.swift /Users/vardy/dev/alanvardy-var-1014-lower-deployment-targets-from-ios-187watchos-265-to-the/SingleThreadCore/Sources/SingleThreadCore/ReminderDateFilter.swift (in target 'SingleThreadCore' from project 'SingleThreadCore')

SwiftCompile normal arm64 /Users/vardy/dev/alanvardy-var-1014-lower-deployment-targets-from-ios-187watchos-265-to-the/SingleThreadCore/Sources/SingleThreadCore/PendingCompletionLogic.swift (in target 'SingleThreadCore' from project 'SingleThreadCore')
    cd /Users/vardy/dev/alanvardy-var-1014-lower-deployment-targets-from-ios-187watchos-265-to-the/SingleThread.xcodeproj
    builtin-SwiftPerFileCompile PendingCompletionLogic.swift

SwiftCompile normal arm64 /Users/vardy/dev/alanvardy-var-1014-lower-deployment-targets-from-ios-187watchos-265-to-the/SingleThreadCore/Sources/SingleThreadCore/PendingCompletionStore.swift (in target 'SingleThreadCore' from project 'SingleThreadCore')
    cd /Users/vardy/dev/alanvardy-var-1014-lower-deployment-targets-from-ios-187watchos-265-to-the/SingleThread.xcodeproj
    builtin-SwiftPerFileCompile PendingCompletionStore.swift

SwiftCompile normal arm64 /Users/vardy/dev/alanvardy-var-1014-lower-deployment-targets-from-ios-187watchos-265-to-the/SingleThreadCore/Sources/SingleThreadCore/PreferenceHolder.swift (in target 'SingleThreadCore' from project 'SingleThreadCore')
    cd /Users/vardy/dev/alanvardy-var-1014-lower-deployment-targets-from-ios-187watchos-265-to-the/SingleThread.xcodeproj
    builtin-SwiftPerFileCompile PreferenceHolder.swift

SwiftCompile normal arm64 /Users/vardy/dev/alanvardy-var-1014-lower-deployment-targets-from-ios-187watchos-265-to-the/SingleThreadCore/Sources/SingleThreadCore/ReminderDateFilter.swift (in target 'SingleThreadCore' from project 'SingleThreadCore')
    cd /Users/vardy/dev/alanvardy-var-1014-lower-deployment-targets-from-ios-187watchos-265-to-the/SingleThread.xcodeproj
    builtin-SwiftPerFileCompile ReminderDateFilter.swift

SwiftDriverJobDiscovery normal x86_64 Compiling CompletionCounterStore.swift, CompletionGlow.swift, CompletionMomentumOverlay.swift, DailyCompletionStore.swift (in target 'SingleThreadCore' from project 'SingleThreadCore')

SwiftCompile normal arm64 Compiling\ AppearanceModePreference.swift,\ BoolPreferenceKey.swift,\ BoolPreferenceStore.swift,\ CodeSpanFormatter.swift /Users/vardy/dev/alanvardy-var-1014-lower-deployment-targets-from-ios-187watchos-265-to-the/SingleThreadCore/Sources/SingleThreadCore/AppearanceModePreference.swift /Users/vardy/dev/alanvardy-var-1014-lower-deployment-targets-from-ios-187watchos-265-to-the/SingleThreadCore/Sources/SingleThreadCore/BoolPreferenceKey.swift /Users/vardy/dev/alanvardy-var-1014-lower-deployment-targets-from-ios-187watchos-265-to-the/SingleThreadCore/Sources/SingleThreadCore/BoolPreferenceStore.swift /Users/vardy/dev/alanvardy-var-1014-lower-deployment-targets-from-ios-187watchos-265-to-the/SingleThreadCore/Sources/SingleThreadCore/CodeSpanFormatter.swift (in target 'SingleThreadCore' from project 'SingleThreadCore')

SwiftCompile normal arm64 /Users/vardy/dev/alanvardy-var-1014-lower-deployment-targets-from-ios-187watchos-265-to-the/SingleThreadCore/Sources/SingleThreadCore/AppearanceModePreference.swift (in target 'SingleThreadCore' from project 'SingleThreadCore')
    cd /Users/vardy/dev/alanvardy-var-1014-lower-deployment-targets-from-ios-187watchos-265-to-the/SingleThread.xcodeproj
    builtin-SwiftPerFileCompile AppearanceModePreference.swift

SwiftCompile normal arm64 /Users/vardy/dev/alanvardy-var-1014-lower-deployment-targets-from-ios-187watchos-265-to-the/SingleThreadCore/Sources/SingleThreadCore/BoolPreferenceKey.swift (in target 'SingleThreadCore' from project 'SingleThreadCore')
    cd /Users/vardy/dev/alanvardy-var-1014-lower-deployment-targets-from-ios-187watchos-265-to-the/SingleThread.xcodeproj
    builtin-SwiftPerFileCompile BoolPreferenceKey.swift

SwiftCompile normal arm64 /Users/vardy/dev/alanvardy-var-1014-lower-deployment-targets-from-ios-187watchos-265-to-the/SingleThreadCore/Sources/SingleThreadCore/BoolPreferenceStore.swift (in target 'SingleThreadCore' from project 'SingleThreadCore')
    cd /Users/vardy/dev/alanvardy-var-1014-lower-deployment-targets-from-ios-187watchos-265-to-the/SingleThread.xcodeproj
    builtin-SwiftPerFileCompile BoolPreferenceStore.swift

SwiftCompile normal arm64 /Users/vardy/dev/alanvardy-var-1014-lower-deployment-targets-from-ios-187watchos-265-to-the/SingleThreadCore/Sources/SingleThreadCore/CodeSpanFormatter.swift (in target 'SingleThreadCore' from project 'SingleThreadCore')
    cd /Users/vardy/dev/alanvardy-var-1014-lower-deployment-targets-from-ios-187watchos-265-to-the/SingleThread.xcodeproj
    builtin-SwiftPerFileCompile CodeSpanFormatter.swift

SwiftDriverJobDiscovery normal x86_64 Compiling PendingCompletionLogic.swift, PendingCompletionStore.swift, PreferenceHolder.swift, ReminderDateFilter.swift (in target 'SingleThreadCore' from project 'SingleThreadCore')

SwiftCompile normal arm64 Compiling\ MinimumDisplayDuration.swift,\ NotificationPreference.swift,\ NotificationScheduler.swift,\ OrientationPreference.swift /Users/vardy/dev/alanvardy-var-1014-lower-deployment-targets-from-ios-187watchos-265-to-the/SingleThreadCore/Sources/SingleThreadCore/MinimumDisplayDuration.swift /Users/vardy/dev/alanvardy-var-1014-lower-deployment-targets-from-ios-187watchos-265-to-the/SingleThreadCore/Sources/SingleThreadCore/NotificationPreference.swift /Users/vardy/dev/alanvardy-var-1014-lower-deployment-targets-from-ios-187watchos-265-to-the/SingleThreadCore/Sources/SingleThreadCore/NotificationScheduler.swift /Users/vardy/dev/alanvardy-var-1014-lower-deployment-targets-from-ios-187watchos-265-to-the/SingleThreadCore/Sources/SingleThreadCore/OrientationPreference.swift (in target 'SingleThreadCore' from project 'SingleThreadCore')

SwiftCompile normal arm64 /Users/vardy/dev/alanvardy-var-1014-lower-deployment-targets-from-ios-187watchos-265-to-the/SingleThreadCore/Sources/SingleThreadCore/MinimumDisplayDuration.swift (in target 'SingleThreadCore' from project 'SingleThreadCore')
    cd /Users/vardy/dev/alanvardy-var-1014-lower-deployment-targets-from-ios-187watchos-265-to-the/SingleThread.xcodeproj
    builtin-SwiftPerFileCompile MinimumDisplayDuration.swift

SwiftCompile normal arm64 /Users/vardy/dev/alanvardy-var-1014-lower-deployment-targets-from-ios-187watchos-265-to-the/SingleThreadCore/Sources/SingleThreadCore/NotificationPreference.swift (in target 'SingleThreadCore' from project 'SingleThreadCore')
    cd /Users/vardy/dev/alanvardy-var-1014-lower-deployment-targets-from-ios-187watchos-265-to-the/SingleThread.xcodeproj
    builtin-SwiftPerFileCompile NotificationPreference.swift

SwiftCompile normal arm64 /Users/vardy/dev/alanvardy-var-1014-lower-deployment-targets-from-ios-187watchos-265-to-the/SingleThreadCore/Sources/SingleThreadCore/NotificationScheduler.swift (in target 'SingleThreadCore' from project 'SingleThreadCore')
    cd /Users/vardy/dev/alanvardy-var-1014-lower-deployment-targets-from-ios-187watchos-265-to-the/SingleThread.xcodeproj
    builtin-SwiftPerFileCompile NotificationScheduler.swift

SwiftCompile normal arm64 /Users/vardy/dev/alanvardy-var-1014-lower-deployment-targets-from-ios-187watchos-265-to-the/SingleThreadCore/Sources/SingleThreadCore/OrientationPreference.swift (in target 'SingleThreadCore' from project 'SingleThreadCore')
    cd /Users/vardy/dev/alanvardy-var-1014-lower-deployment-targets-from-ios-187watchos-265-to-the/SingleThread.xcodeproj
    builtin-SwiftPerFileCompile OrientationPreference.swift

SwiftDriverJobDiscovery normal arm64 Compiling EntitlementState.swift, EntitlementStore.swift, EventKitStoring.swift, EventStoreChangedObserver.swift (in target 'SingleThreadCore' from project 'SingleThreadCore')

SwiftCompile normal x86_64 Compiling\ MinimumDisplayDuration.swift,\ NotificationPreference.swift,\ NotificationScheduler.swift,\ OrientationPreference.swift /Users/vardy/dev/alanvardy-var-1014-lower-deployment-targets-from-ios-187watchos-265-to-the/SingleThreadCore/Sources/SingleThreadCore/MinimumDisplayDuration.swift /Users/vardy/dev/alanvardy-var-1014-lower-deployment-targets-from-ios-187watchos-265-to-the/SingleThreadCore/Sources/SingleThreadCore/NotificationPreference.swift /Users/vardy/dev/alanvardy-var-1014-lower-deployment-targets-from-ios-187watchos-265-to-the/SingleThreadCore/Sources/SingleThreadCore/NotificationScheduler.swift /Users/vardy/dev/alanvardy-var-1014-lower-deployment-targets-from-ios-187watchos-265-to-the/SingleThreadCore/Sources/SingleThreadCore/OrientationPreference.swift (in target 'SingleThreadCore' from project 'SingleThreadCore')

SwiftCompile normal x86_64 /Users/vardy/dev/alanvardy-var-1014-lower-deployment-targets-from-ios-187watchos-265-to-the/SingleThreadCore/Sources/SingleThreadCore/MinimumDisplayDuration.swift (in target 'SingleThreadCore' from project 'SingleThreadCore')
    cd /Users/vardy/dev/alanvardy-var-1014-lower-deployment-targets-from-ios-187watchos-265-to-the/SingleThread.xcodeproj
    builtin-SwiftPerFileCompile MinimumDisplayDuration.swift

SwiftCompile normal x86_64 /Users/vardy/dev/alanvardy-var-1014-lower-deployment-targets-from-ios-187watchos-265-to-the/SingleThreadCore/Sources/SingleThreadCore/NotificationPreference.swift (in target 'SingleThreadCore' from project 'SingleThreadCore')
    cd /Users/vardy/dev/alanvardy-var-1014-lower-deployment-targets-from-ios-187watchos-265-to-the/SingleThread.xcodeproj
    builtin-SwiftPerFileCompile NotificationPreference.swift

SwiftCompile normal x86_64 /Users/vardy/dev/alanvardy-var-1014-lower-deployment-targets-from-ios-187watchos-265-to-the/SingleThreadCore/Sources/SingleThreadCore/NotificationScheduler.swift (in target 'SingleThreadCore' from project 'SingleThreadCore')
    cd /Users/vardy/dev/alanvardy-var-1014-lower-deployment-targets-from-ios-187watchos-265-to-the/SingleThread.xcodeproj
    builtin-SwiftPerFileCompile NotificationScheduler.swift

SwiftCompile normal x86_64 /Users/vardy/dev/alanvardy-var-1014-lower-deployment-targets-from-ios-187watchos-265-to-the/SingleThreadCore/Sources/SingleThreadCore/OrientationPreference.swift (in target 'SingleThreadCore' from project 'SingleThreadCore')
    cd /Users/vardy/dev/alanvardy-var-1014-lower-deployment-targets-from-ios-187watchos-265-to-the/SingleThread.xcodeproj
    builtin-SwiftPerFileCompile OrientationPreference.swift

SwiftDriverJobDiscovery normal x86_64 Compiling ReminderDeepLink.swift, ReminderDictationParser.swift, ReminderDisplay.swift, ReminderIntents.swift (in target 'SingleThreadCore' from project 'SingleThreadCore')

SwiftCompile normal x86_64 Compiling\ ResumptionGate.swift,\ SkipCountStore.swift,\ SkippedReminderSyncService.swift /Users/vardy/dev/alanvardy-var-1014-lower-deployment-targets-from-ios-187watchos-265-to-the/SingleThreadCore/Sources/SingleThreadCore/ResumptionGate.swift /Users/vardy/dev/alanvardy-var-1014-lower-deployment-targets-from-ios-187watchos-265-to-the/SingleThreadCore/Sources/SingleThreadCore/SkipCountStore.swift /Users/vardy/dev/alanvardy-var-1014-lower-deployment-targets-from-ios-187watchos-265-to-the/SingleThreadCore/Sources/SingleThreadCore/SkippedReminderSyncService.swift (in target 'SingleThreadCore' from project 'SingleThreadCore')

SwiftCompile normal x86_64 /Users/vardy/dev/alanvardy-var-1014-lower-deployment-targets-from-ios-187watchos-265-to-the/SingleThreadCore/Sources/SingleThreadCore/ResumptionGate.swift (in target 'SingleThreadCore' from project 'SingleThreadCore')
    cd /Users/vardy/dev/alanvardy-var-1014-lower-deployment-targets-from-ios-187watchos-265-to-the/SingleThread.xcodeproj
    builtin-SwiftPerFileCompile ResumptionGate.swift

SwiftCompile normal x86_64 /Users/vardy/dev/alanvardy-var-1014-lower-deployment-targets-from-ios-187watchos-265-to-the/SingleThreadCore/Sources/SingleThreadCore/SkipCountStore.swift (in target 'SingleThreadCore' from project 'SingleThreadCore')
    cd /Users/vardy/dev/alanvardy-var-1014-lower-deployment-targets-from-ios-187watchos-265-to-the/SingleThread.xcodeproj
    builtin-SwiftPerFileCompile SkipCountStore.swift

SwiftCompile normal x86_64 /Users/vardy/dev/alanvardy-var-1014-lower-deployment-targets-from-ios-187watchos-265-to-the/SingleThreadCore/Sources/SingleThreadCore/SkippedReminderSyncService.swift (in target 'SingleThreadCore' from project 'SingleThreadCore')
    cd /Users/vardy/dev/alanvardy-var-1014-lower-deployment-targets-from-ios-187watchos-265-to-the/SingleThread.xcodeproj
    builtin-SwiftPerFileCompile SkippedReminderSyncService.swift

/Users/vardy/dev/alanvardy-var-1014-lower-deployment-targets-from-ios-187watchos-265-to-the/SingleThreadCore/Sources/SingleThreadCore/SkippedReminderSyncService.swift:28:40: warning: comparing non-optional value of type 'WCSessionUserInfoTransfer' to 'nil' always returns true
 26 |         @discardableResult
 27 |         public func queueUserInfo(_ userInfo: [String: Any]) -> Bool {
 28 |             transferUserInfo(userInfo) != nil
    |                                        `- warning: comparing non-optional value of type 'WCSessionUserInfoTransfer' to 'nil' always returns true
 29 |         }
 30 |     }
SwiftDriverJobDiscovery normal x86_64 Compiling SortOption.swift, StaleReminderRechecker.swift, TranscriptionAccumulator.swift (in target 'SingleThreadCore' from project 'SingleThreadCore')

SwiftCompile normal x86_64 Compiling\ ReminderRecurrenceFormatter.swift,\ ReminderSkip.swift,\ ReminderSort.swift,\ ReminderStore.swift /Users/vardy/dev/alanvardy-var-1014-lower-deployment-targets-from-ios-187watchos-265-to-the/SingleThreadCore/Sources/SingleThreadCore/ReminderRecurrenceFormatter.swift /Users/vardy/dev/alanvardy-var-1014-lower-deployment-targets-from-ios-187watchos-265-to-the/SingleThreadCore/Sources/SingleThreadCore/ReminderSkip.swift /Users/vardy/dev/alanvardy-var-1014-lower-deployment-targets-from-ios-187watchos-265-to-the/SingleThreadCore/Sources/SingleThreadCore/ReminderSort.swift /Users/vardy/dev/alanvardy-var-1014-lower-deployment-targets-from-ios-187watchos-265-to-the/SingleThreadCore/Sources/SingleThreadCore/ReminderStore.swift (in target 'SingleThreadCore' from project 'SingleThreadCore')

SwiftCompile normal x86_64 /Users/vardy/dev/alanvardy-var-1014-lower-deployment-targets-from-ios-187watchos-265-to-the/SingleThreadCore/Sources/SingleThreadCore/ReminderRecurrenceFormatter.swift (in target 'SingleThreadCore' from project 'SingleThreadCore')
    cd /Users/vardy/dev/alanvardy-var-1014-lower-deployment-targets-from-ios-187watchos-265-to-the/SingleThread.xcodeproj
    builtin-SwiftPerFileCompile ReminderRecurrenceFormatter.swift

SwiftCompile normal x86_64 /Users/vardy/dev/alanvardy-var-1014-lower-deployment-targets-from-ios-187watchos-265-to-the/SingleThreadCore/Sources/SingleThreadCore/ReminderSkip.swift (in target 'SingleThreadCore' from project 'SingleThreadCore')
    cd /Users/vardy/dev/alanvardy-var-1014-lower-deployment-targets-from-ios-187watchos-265-to-the/SingleThread.xcodeproj
    builtin-SwiftPerFileCompile ReminderSkip.swift

SwiftCompile normal x86_64 /Users/vardy/dev/alanvardy-var-1014-lower-deployment-targets-from-ios-187watchos-265-to-the/SingleThreadCore/Sources/SingleThreadCore/ReminderSort.swift (in target 'SingleThreadCore' from project 'SingleThreadCore')
    cd /Users/vardy/dev/alanvardy-var-1014-lower-deployment-targets-from-ios-187watchos-265-to-the/SingleThread.xcodeproj
    builtin-SwiftPerFileCompile ReminderSort.swift

SwiftCompile normal x86_64 /Users/vardy/dev/alanvardy-var-1014-lower-deployment-targets-from-ios-187watchos-265-to-the/SingleThreadCore/Sources/SingleThreadCore/ReminderStore.swift (in target 'SingleThreadCore' from project 'SingleThreadCore')
    cd /Users/vardy/dev/alanvardy-var-1014-lower-deployment-targets-from-ios-187watchos-265-to-the/SingleThread.xcodeproj
    builtin-SwiftPerFileCompile ReminderStore.swift

SwiftDriverJobDiscovery normal arm64 Compiling SortOption.swift, StaleReminderRechecker.swift, TranscriptionAccumulator.swift (in target 'SingleThreadCore' from project 'SingleThreadCore')

SwiftCompile normal arm64 Compiling\ UITestingSeed.swift,\ UndoStore.swift,\ UserNotificationCentering.swift /Users/vardy/dev/alanvardy-var-1014-lower-deployment-targets-from-ios-187watchos-265-to-the/SingleThreadCore/Sources/SingleThreadCore/UITestingSeed.swift /Users/vardy/dev/alanvardy-var-1014-lower-deployment-targets-from-ios-187watchos-265-to-the/SingleThreadCore/Sources/SingleThreadCore/UndoStore.swift /Users/vardy/dev/alanvardy-var-1014-lower-deployment-targets-from-ios-187watchos-265-to-the/SingleThreadCore/Sources/SingleThreadCore/UserNotificationCentering.swift (in target 'SingleThreadCore' from project 'SingleThreadCore')

SwiftCompile normal arm64 /Users/vardy/dev/alanvardy-var-1014-lower-deployment-targets-from-ios-187watchos-265-to-the/SingleThreadCore/Sources/SingleThreadCore/UITestingSeed.swift (in target 'SingleThreadCore' from project 'SingleThreadCore')
    cd /Users/vardy/dev/alanvardy-var-1014-lower-deployment-targets-from-ios-187watchos-265-to-the/SingleThread.xcodeproj
    builtin-SwiftPerFileCompile UITestingSeed.swift

SwiftCompile normal arm64 /Users/vardy/dev/alanvardy-var-1014-lower-deployment-targets-from-ios-187watchos-265-to-the/SingleThreadCore/Sources/SingleThreadCore/UndoStore.swift (in target 'SingleThreadCore' from project 'SingleThreadCore')
    cd /Users/vardy/dev/alanvardy-var-1014-lower-deployment-targets-from-ios-187watchos-265-to-the/SingleThread.xcodeproj
    builtin-SwiftPerFileCompile UndoStore.swift

SwiftCompile normal arm64 /Users/vardy/dev/alanvardy-var-1014-lower-deployment-targets-from-ios-187watchos-265-to-the/SingleThreadCore/Sources/SingleThreadCore/UserNotificationCentering.swift (in target 'SingleThreadCore' from project 'SingleThreadCore')
    cd /Users/vardy/dev/alanvardy-var-1014-lower-deployment-targets-from-ios-187watchos-265-to-the/SingleThread.xcodeproj
    builtin-SwiftPerFileCompile UserNotificationCentering.swift

SwiftDriverJobDiscovery normal x86_64 Compiling UITestingSeed.swift, UndoStore.swift, UserNotificationCentering.swift (in target 'SingleThreadCore' from project 'SingleThreadCore')

SwiftCompile normal arm64 Compiling\ CompletionCounterStore.swift,\ CompletionGlow.swift,\ CompletionMomentumOverlay.swift,\ DailyCompletionStore.swift /Users/vardy/dev/alanvardy-var-1014-lower-deployment-targets-from-ios-187watchos-265-to-the/SingleThreadCore/Sources/SingleThreadCore/CompletionCounterStore.swift /Users/vardy/dev/alanvardy-var-1014-lower-deployment-targets-from-ios-187watchos-265-to-the/SingleThreadCore/Sources/SingleThreadCore/CompletionGlow.swift /Users/vardy/dev/alanvardy-var-1014-lower-deployment-targets-from-ios-187watchos-265-to-the/SingleThreadCore/Sources/SingleThreadCore/CompletionMomentumOverlay.swift /Users/vardy/dev/alanvardy-var-1014-lower-deployment-targets-from-ios-187watchos-265-to-the/SingleThreadCore/Sources/SingleThreadCore/DailyCompletionStore.swift (in target 'SingleThreadCore' from project 'SingleThreadCore')

SwiftCompile normal arm64 /Users/vardy/dev/alanvardy-var-1014-lower-deployment-targets-from-ios-187watchos-265-to-the/SingleThreadCore/Sources/SingleThreadCore/CompletionCounterStore.swift (in target 'SingleThreadCore' from project 'SingleThreadCore')
    cd /Users/vardy/dev/alanvardy-var-1014-lower-deployment-targets-from-ios-187watchos-265-to-the/SingleThread.xcodeproj
    builtin-SwiftPerFileCompile CompletionCounterStore.swift

SwiftCompile normal arm64 /Users/vardy/dev/alanvardy-var-1014-lower-deployment-targets-from-ios-187watchos-265-to-the/SingleThreadCore/Sources/SingleThreadCore/CompletionGlow.swift (in target 'SingleThreadCore' from project 'SingleThreadCore')
    cd /Users/vardy/dev/alanvardy-var-1014-lower-deployment-targets-from-ios-187watchos-265-to-the/SingleThread.xcodeproj
    builtin-SwiftPerFileCompile CompletionGlow.swift

SwiftCompile normal arm64 /Users/vardy/dev/alanvardy-var-1014-lower-deployment-targets-from-ios-187watchos-265-to-the/SingleThreadCore/Sources/SingleThreadCore/CompletionMomentumOverlay.swift (in target 'SingleThreadCore' from project 'SingleThreadCore')
    cd /Users/vardy/dev/alanvardy-var-1014-lower-deployment-targets-from-ios-187watchos-265-to-the/SingleThread.xcodeproj
    builtin-SwiftPerFileCompile CompletionMomentumOverlay.swift

SwiftCompile normal arm64 /Users/vardy/dev/alanvardy-var-1014-lower-deployment-targets-from-ios-187watchos-265-to-the/SingleThreadCore/Sources/SingleThreadCore/DailyCompletionStore.swift (in target 'SingleThreadCore' from project 'SingleThreadCore')
    cd /Users/vardy/dev/alanvardy-var-1014-lower-deployment-targets-from-ios-187watchos-265-to-the/SingleThread.xcodeproj
    builtin-SwiftPerFileCompile DailyCompletionStore.swift

SwiftDriverJobDiscovery normal arm64 Compiling AppearanceModePreference.swift, BoolPreferenceKey.swift, BoolPreferenceStore.swift, CodeSpanFormatter.swift (in target 'SingleThreadCore' from project 'SingleThreadCore')

SwiftCompile normal x86_64 Compiling\ EntitlementState.swift,\ EntitlementStore.swift,\ EventKitStoring.swift,\ EventStoreChangedObserver.swift /Users/vardy/dev/alanvardy-var-1014-lower-deployment-targets-from-ios-187watchos-265-to-the/SingleThreadCore/Sources/SingleThreadCore/EntitlementState.swift /Users/vardy/dev/alanvardy-var-1014-lower-deployment-targets-from-ios-187watchos-265-to-the/SingleThreadCore/Sources/SingleThreadCore/EntitlementStore.swift /Users/vardy/dev/alanvardy-var-1014-lower-deployment-targets-from-ios-187watchos-265-to-the/SingleThreadCore/Sources/SingleThreadCore/EventKitStoring.swift /Users/vardy/dev/alanvardy-var-1014-lower-deployment-targets-from-ios-187watchos-265-to-the/SingleThreadCore/Sources/SingleThreadCore/EventStoreChangedObserver.swift (in target 'SingleThreadCore' from project 'SingleThreadCore')
/Users/vardy/dev/alanvardy-var-1014-lower-deployment-targets-from-ios-187watchos-265-to-the/SingleThreadCore/Sources/SingleThreadCore/EntitlementStore.swift:91:13: warning: 'nonisolated(unsafe)' has no effect on property 'observationTask', consider using 'nonisolated'
 89 |     /// task; the task captures `self` weakly and is only read/written on the
 90 |     /// main actor in normal operation.
 91 |     private nonisolated(unsafe) var observationTask: Task<Void, Never>?
    |             `- warning: 'nonisolated(unsafe)' has no effect on property 'observationTask', consider using 'nonisolated'
 92 | 
 93 |     private func observeTransactionUpdates() async {

SwiftCompile normal x86_64 /Users/vardy/dev/alanvardy-var-1014-lower-deployment-targets-from-ios-187watchos-265-to-the/SingleThreadCore/Sources/SingleThreadCore/EntitlementState.swift (in target 'SingleThreadCore' from project 'SingleThreadCore')
    cd /Users/vardy/dev/alanvardy-var-1014-lower-deployment-targets-from-ios-187watchos-265-to-the/SingleThread.xcodeproj
    builtin-SwiftPerFileCompile EntitlementState.swift

SwiftCompile normal x86_64 /Users/vardy/dev/alanvardy-var-1014-lower-deployment-targets-from-ios-187watchos-265-to-the/SingleThreadCore/Sources/SingleThreadCore/EntitlementStore.swift (in target 'SingleThreadCore' from project 'SingleThreadCore')
    cd /Users/vardy/dev/alanvardy-var-1014-lower-deployment-targets-from-ios-187watchos-265-to-the/SingleThread.xcodeproj
    builtin-SwiftPerFileCompile EntitlementStore.swift

SwiftCompile normal x86_64 /Users/vardy/dev/alanvardy-var-1014-lower-deployment-targets-from-ios-187watchos-265-to-the/SingleThreadCore/Sources/SingleThreadCore/EventKitStoring.swift (in target 'SingleThreadCore' from project 'SingleThreadCore')
    cd /Users/vardy/dev/alanvardy-var-1014-lower-deployment-targets-from-ios-187watchos-265-to-the/SingleThread.xcodeproj
    builtin-SwiftPerFileCompile EventKitStoring.swift

SwiftCompile normal x86_64 /Users/vardy/dev/alanvardy-var-1014-lower-deployment-targets-from-ios-187watchos-265-to-the/SingleThreadCore/Sources/SingleThreadCore/EventStoreChangedObserver.swift (in target 'SingleThreadCore' from project 'SingleThreadCore')
    cd /Users/vardy/dev/alanvardy-var-1014-lower-deployment-targets-from-ios-187watchos-265-to-the/SingleThread.xcodeproj
    builtin-SwiftPerFileCompile EventStoreChangedObserver.swift

SwiftDriverJobDiscovery normal arm64 Emitting module for SingleThreadCore (in target 'SingleThreadCore' from project 'SingleThreadCore')

SwiftDriver\ Compilation\ Requirements SingleThreadCore normal arm64 com.apple.xcode.tools.swift.compiler (in target 'SingleThreadCore' from project 'SingleThreadCore')
    cd /Users/vardy/dev/alanvardy-var-1014-lower-deployment-targets-from-ios-187watchos-265-to-the/SingleThread.xcodeproj
    builtin-Swift-Compilation-Requirements -- /Applications/Xcode.app/Contents/Developer/Toolchains/XcodeDefault.xctoolchain/usr/bin/swiftc -parse-as-library -module-name SingleThreadCore -Onone @/Users/vardy/dev/alanvardy-var-1014-lower-deployment-targets-from-ios-187watchos-265-to-the/DerivedData/Build/Intermediates.noindex/SingleThreadCore.build/Debug-watchsimulator/SingleThreadCore-t.build/Objects-normal/arm64/SingleThreadCore.SwiftFileList -DSWIFT_PACKAGE -DDEBUG -DSWIFT_MODULE_RESOURCE_BUNDLE_AVAILABLE -DXcode -plugin-path /Applications/Xcode.app/Contents/Developer/Toolchains/XcodeDefault.xctoolchain/usr/lib/swift/host/plugins/testing -enable-experimental-feature DebugDescriptionMacro -sdk /Applications/Xcode.app/Contents/Developer/Platforms/WatchSimulator.platform/Developer/SDKs/WatchSimulator27.0.sdk -target arm64-apple-watchos11.0-simulator -g -module-cache-path /Users/vardy/dev/alanvardy-var-1014-lower-deployment-targets-from-ios-187watchos-265-to-the/DerivedData/ModuleCache.noindex -Xfrontend -serialize-debugging-options -profile-coverage-mapping -profile-generate -enable-testing -index-store-path /Users/vardy/dev/alanvardy-var-1014-lower-deployment-targets-from-ios-187watchos-265-to-the/DerivedData/Index.noindex/DataStore -Xcc -D_LIBCPP_HARDENING_MODE\=_LIBCPP_HARDENING_MODE_DEBUG -swift-version 6 -I /Users/vardy/dev/alanvardy-var-1014-lower-deployment-targets-from-ios-187watchos-265-to-the/DerivedData/Build/Products/Debug-watchsimulator -Isystem /Applications/Xcode.app/Contents/Developer/Platforms/WatchSimulator.platform/Developer/usr/lib -F /Users/vardy/dev/alanvardy-var-1014-lower-deployment-targets-from-ios-187watchos-265-to-the/DerivedData/Build/Products/Debug-watchsimulator -F /Applications/Xcode.app/Contents/Developer/Platforms/WatchSimulator.platform/Developer/Library/Frameworks -F /Applications/Xcode.app/Contents/Developer/Platforms/WatchSimulator.platform/Developer/SDKs/WatchSimulator27.0.sdk/Developer/Library/Frameworks -c -j12 -enable-batch-mode -incremental -Xcc -ivfsstatcache -Xcc /Users/vardy/dev/alanvardy-var-1014-lower-deployment-targets-from-ios-187watchos-265-to-the/DerivedData/SDKStatCaches.noindex/watchsimulator27.0-24R360-c50668d93734557a32a78b937f5ceaf1.sdkstatcache -output-file-map /Users/vardy/dev/alanvardy-var-1014-lower-deployment-targets-from-ios-187watchos-265-to-the/DerivedData/Build/Intermediates.noindex/SingleThreadCore.build/Debug-watchsimulator/SingleThreadCore-t.build/Objects-normal/arm64/SingleThreadCore-OutputFileMap.json -save-temps -no-color-diagnostics -explicit-module-build -module-cache-path /Users/vardy/dev/alanvardy-var-1014-lower-deployment-targets-from-ios-187watchos-265-to-the/DerivedData/Build/Intermediates.noindex/SwiftExplicitPrecompiledModules -clang-scanner-module-cache-path /Users/vardy/dev/alanvardy-var-1014-lower-deployment-targets-from-ios-187watchos-265-to-the/DerivedData/ModuleCache.noindex -sdk-module-cache-path /Users/vardy/dev/alanvardy-var-1014-lower-deployment-targets-from-ios-187watchos-265-to-the/DerivedData/SDKExplicitPrecompiledModules -emit-dependencies -emit-module -emit-module-path /Users/vardy/dev/alanvardy-var-1014-lower-deployment-targets-from-ios-187watchos-265-to-the/DerivedData/Build/Intermediates.noindex/SingleThreadCore.build/Debug-watchsimulator/SingleThreadCore-t.build/Objects-normal/arm64/SingleThreadCore.swiftmodule -serialize-diagnostics -dependency-scan-serialize-diagnostics-path /Users/vardy/dev/alanvardy-var-1014-lower-deployment-targets-from-ios-187watchos-265-to-the/DerivedData/Build/Intermediates.noindex/SingleThreadCore.build/Debug-watchsimulator/SingleThreadCore-t.build/Objects-normal/arm64/SingleThreadCore-dependency-scan.dia -validate-clang-modules-once -clang-build-session-file /Users/vardy/dev/alanvardy-var-1014-lower-deployment-targets-from-ios-187watchos-265-to-the/DerivedData/ModuleCache.noindex/Session.modulevalidation -Xcc -fmodules-prune-interval\=86400 -Xcc -fmodules-prune-after\=345600 -package-name singlethreadcore -emit-const-values -const-gather-protocols-list /Users/vardy/dev/alanvardy-var-1014-lower-deployment-targets-from-ios-187watchos-265-to-the/DerivedData/Build/Intermediates.noindex/SingleThreadCore.build/Debug-watchsimulator/SingleThreadCore-t.build/Objects-normal/arm64/SingleThreadCore_const_extract_protocols.json -Xcc -I/Users/vardy/dev/alanvardy-var-1014-lower-deployment-targets-from-ios-187watchos-265-to-the/DerivedData/Build/Products/Debug-watchsimulator/include -Xcc -I/Users/vardy/dev/alanvardy-var-1014-lower-deployment-targets-from-ios-187watchos-265-to-the/DerivedData/Build/Intermediates.noindex/SingleThreadCore.build/Debug-watchsimulator/SingleThreadCore-t.build/DerivedSources-normal/arm64 -Xcc -I/Users/vardy/dev/alanvardy-var-1014-lower-deployment-targets-from-ios-187watchos-265-to-the/DerivedData/Build/Intermediates.noindex/SingleThreadCore.build/Debug-watchsimulator/SingleThreadCore-t.build/DerivedSources/arm64 -Xcc -I/Users/vardy/dev/alanvardy-var-1014-lower-deployment-targets-from-ios-187watchos-265-to-the/DerivedData/Build/Intermediates.noindex/SingleThreadCore.build/Debug-watchsimulator/SingleThreadCore-t.build/DerivedSources -Xcc -DSWIFT_PACKAGE -Xcc -DDEBUG\=1 -emit-objc-header -emit-objc-header-path /Users/vardy/dev/alanvardy-var-1014-lower-deployment-targets-from-ios-187watchos-265-to-the/DerivedData/Build/Intermediates.noindex/SingleThreadCore.build/Debug-watchsimulator/SingleThreadCore-t.build/Objects-normal/arm64/SingleThreadCore-Swift.h -working-directory /Users/vardy/dev/alanvardy-var-1014-lower-deployment-targets-from-ios-187watchos-265-to-the/SingleThread.xcodeproj -experimental-emit-module-separately -disable-cmo

SwiftDriverJobDiscovery normal x86_64 Emitting module for SingleThreadCore (in target 'SingleThreadCore' from project 'SingleThreadCore')

Copy /Users/vardy/dev/alanvardy-var-1014-lower-deployment-targets-from-ios-187watchos-265-to-the/DerivedData/Build/Products/Debug-watchsimulator/SingleThreadCore.swiftmodule/Project/arm64-apple-watchos-simulator.swiftsourceinfo /Users/vardy/dev/alanvardy-var-1014-lower-deployment-targets-from-ios-187watchos-265-to-the/DerivedData/Build/Intermediates.noindex/SingleThreadCore.build/Debug-watchsimulator/SingleThreadCore-t.build/Objects-normal/arm64/SingleThreadCore.swiftsourceinfo (in target 'SingleThreadCore' from project 'SingleThreadCore')
    cd /Users/vardy/dev/alanvardy-var-1014-lower-deployment-targets-from-ios-187watchos-265-to-the/SingleThreadCore
    builtin-copy -exclude .DS_Store -exclude CVS -exclude .svn -exclude .git -exclude .hg -resolve-src-symlinks -rename /Users/vardy/dev/alanvardy-var-1014-lower-deployment-targets-from-ios-187watchos-265-to-the/DerivedData/Build/Intermediates.noindex/SingleThreadCore.build/Debug-watchsimulator/SingleThreadCore-t.build/Objects-normal/arm64/SingleThreadCore.swiftsourceinfo /Users/vardy/dev/alanvardy-var-1014-lower-deployment-targets-from-ios-187watchos-265-to-the/DerivedData/Build/Products/Debug-watchsimulator/SingleThreadCore.swiftmodule/Project/arm64-apple-watchos-simulator.swiftsourceinfo

SwiftDriver\ Compilation\ Requirements SingleThreadCore normal x86_64 com.apple.xcode.tools.swift.compiler (in target 'SingleThreadCore' from project 'SingleThreadCore')
    cd /Users/vardy/dev/alanvardy-var-1014-lower-deployment-targets-from-ios-187watchos-265-to-the/SingleThread.xcodeproj
    builtin-Swift-Compilation-Requirements -- /Applications/Xcode.app/Contents/Developer/Toolchains/XcodeDefault.xctoolchain/usr/bin/swiftc -parse-as-library -module-name SingleThreadCore -Onone @/Users/vardy/dev/alanvardy-var-1014-lower-deployment-targets-from-ios-187watchos-265-to-the/DerivedData/Build/Intermediates.noindex/SingleThreadCore.build/Debug-watchsimulator/SingleThreadCore-t.build/Objects-normal/x86_64/SingleThreadCore.SwiftFileList -DSWIFT_PACKAGE -DDEBUG -DSWIFT_MODULE_RESOURCE_BUNDLE_AVAILABLE -DXcode -plugin-path /Applications/Xcode.app/Contents/Developer/Toolchains/XcodeDefault.xctoolchain/usr/lib/swift/host/plugins/testing -enable-experimental-feature DebugDescriptionMacro -sdk /Applications/Xcode.app/Contents/Developer/Platforms/WatchSimulator.platform/Developer/SDKs/WatchSimulator27.0.sdk -target x86_64-apple-watchos11.0-simulator -g -module-cache-path /Users/vardy/dev/alanvardy-var-1014-lower-deployment-targets-from-ios-187watchos-265-to-the/DerivedData/ModuleCache.noindex -Xfrontend -serialize-debugging-options -profile-coverage-mapping -profile-generate -enable-testing -index-store-path /Users/vardy/dev/alanvardy-var-1014-lower-deployment-targets-from-ios-187watchos-265-to-the/DerivedData/Index.noindex/DataStore -Xcc -D_LIBCPP_HARDENING_MODE\=_LIBCPP_HARDENING_MODE_DEBUG -swift-version 6 -I /Users/vardy/dev/alanvardy-var-1014-lower-deployment-targets-from-ios-187watchos-265-to-the/DerivedData/Build/Products/Debug-watchsimulator -Isystem /Applications/Xcode.app/Contents/Developer/Platforms/WatchSimulator.platform/Developer/usr/lib -F /Users/vardy/dev/alanvardy-var-1014-lower-deployment-targets-from-ios-187watchos-265-to-the/DerivedData/Build/Products/Debug-watchsimulator -F /Applications/Xcode.app/Contents/Developer/Platforms/WatchSimulator.platform/Developer/Library/Frameworks -F /Applications/Xcode.app/Contents/Developer/Platforms/WatchSimulator.platform/Developer/SDKs/WatchSimulator27.0.sdk/Developer/Library/Frameworks -c -j12 -enable-batch-mode -incremental -Xcc -ivfsstatcache -Xcc /Users/vardy/dev/alanvardy-var-1014-lower-deployment-targets-from-ios-187watchos-265-to-the/DerivedData/SDKStatCaches.noindex/watchsimulator27.0-24R360-c50668d93734557a32a78b937f5ceaf1.sdkstatcache -output-file-map /Users/vardy/dev/alanvardy-var-1014-lower-deployment-targets-from-ios-187watchos-265-to-the/DerivedData/Build/Intermediates.noindex/SingleThreadCore.build/Debug-watchsimulator/SingleThreadCore-t.build/Objects-normal/x86_64/SingleThreadCore-OutputFileMap.json -save-temps -no-color-diagnostics -explicit-module-build -module-cache-path /Users/vardy/dev/alanvardy-var-1014-lower-deployment-targets-from-ios-187watchos-265-to-the/DerivedData/Build/Intermediates.noindex/SwiftExplicitPrecompiledModules -clang-scanner-module-cache-path /Users/vardy/dev/alanvardy-var-1014-lower-deployment-targets-from-ios-187watchos-265-to-the/DerivedData/ModuleCache.noindex -sdk-module-cache-path /Users/vardy/dev/alanvardy-var-1014-lower-deployment-targets-from-ios-187watchos-265-to-the/DerivedData/SDKExplicitPrecompiledModules -emit-dependencies -emit-module -emit-module-path /Users/vardy/dev/alanvardy-var-1014-lower-deployment-targets-from-ios-187watchos-265-to-the/DerivedData/Build/Intermediates.noindex/SingleThreadCore.build/Debug-watchsimulator/SingleThreadCore-t.build/Objects-normal/x86_64/SingleThreadCore.swiftmodule -serialize-diagnostics -dependency-scan-serialize-diagnostics-path /Users/vardy/dev/alanvardy-var-1014-lower-deployment-targets-from-ios-187watchos-265-to-the/DerivedData/Build/Intermediates.noindex/SingleThreadCore.build/Debug-watchsimulator/SingleThreadCore-t.build/Objects-normal/x86_64/SingleThreadCore-dependency-scan.dia -validate-clang-modules-once -clang-build-session-file /Users/vardy/dev/alanvardy-var-1014-lower-deployment-targets-from-ios-187watchos-265-to-the/DerivedData/ModuleCache.noindex/Session.modulevalidation -Xcc -fmodules-prune-interval\=86400 -Xcc -fmodules-prune-after\=345600 -package-name singlethreadcore -emit-const-values -const-gather-protocols-list /Users/vardy/dev/alanvardy-var-1014-lower-deployment-targets-from-ios-187watchos-265-to-the/DerivedData/Build/Intermediates.noindex/SingleThreadCore.build/Debug-watchsimulator/SingleThreadCore-t.build/Objects-normal/x86_64/SingleThreadCore_const_extract_protocols.json -Xcc -I/Users/vardy/dev/alanvardy-var-1014-lower-deployment-targets-from-ios-187watchos-265-to-the/DerivedData/Build/Products/Debug-watchsimulator/include -Xcc -I/Users/vardy/dev/alanvardy-var-1014-lower-deployment-targets-from-ios-187watchos-265-to-the/DerivedData/Build/Intermediates.noindex/SingleThreadCore.build/Debug-watchsimulator/SingleThreadCore-t.build/DerivedSources-normal/x86_64 -Xcc -I/Users/vardy/dev/alanvardy-var-1014-lower-deployment-targets-from-ios-187watchos-265-to-the/DerivedData/Build/Intermediates.noindex/SingleThreadCore.build/Debug-watchsimulator/SingleThreadCore-t.build/DerivedSources/x86_64 -Xcc -I/Users/vardy/dev/alanvardy-var-1014-lower-deployment-targets-from-ios-187watchos-265-to-the/DerivedData/Build/Intermediates.noindex/SingleThreadCore.build/Debug-watchsimulator/SingleThreadCore-t.build/DerivedSources -Xcc -DSWIFT_PACKAGE -Xcc -DDEBUG\=1 -emit-objc-header -emit-objc-header-path /Users/vardy/dev/alanvardy-var-1014-lower-deployment-targets-from-ios-187watchos-265-to-the/DerivedData/Build/Intermediates.noindex/SingleThreadCore.build/Debug-watchsimulator/SingleThreadCore-t.build/Objects-normal/x86_64/SingleThreadCore-Swift.h -working-directory /Users/vardy/dev/alanvardy-var-1014-lower-deployment-targets-from-ios-187watchos-265-to-the/SingleThread.xcodeproj -experimental-emit-module-separately -disable-cmo

SwiftDriverJobDiscovery normal arm64 Compiling ResumptionGate.swift, SkipCountStore.swift, SkippedReminderSyncService.swift (in target 'SingleThreadCore' from project 'SingleThreadCore')

Copy /Users/vardy/dev/alanvardy-var-1014-lower-deployment-targets-from-ios-187watchos-265-to-the/DerivedData/Build/Products/Debug-watchsimulator/SingleThreadCore.swiftmodule/x86_64-apple-watchos-simulator.swiftmodule /Users/vardy/dev/alanvardy-var-1014-lower-deployment-targets-from-ios-187watchos-265-to-the/DerivedData/Build/Intermediates.noindex/SingleThreadCore.build/Debug-watchsimulator/SingleThreadCore-t.build/Objects-normal/x86_64/SingleThreadCore.swiftmodule (in target 'SingleThreadCore' from project 'SingleThreadCore')
    cd /Users/vardy/dev/alanvardy-var-1014-lower-deployment-targets-from-ios-187watchos-265-to-the/SingleThreadCore
    builtin-copy -exclude .DS_Store -exclude CVS -exclude .svn -exclude .git -exclude .hg -resolve-src-symlinks -rename /Users/vardy/dev/alanvardy-var-1014-lower-deployment-targets-from-ios-187watchos-265-to-the/DerivedData/Build/Intermediates.noindex/SingleThreadCore.build/Debug-watchsimulator/SingleThreadCore-t.build/Objects-normal/x86_64/SingleThreadCore.swiftmodule /Users/vardy/dev/alanvardy-var-1014-lower-deployment-targets-from-ios-187watchos-265-to-the/DerivedData/Build/Products/Debug-watchsimulator/SingleThreadCore.swiftmodule/x86_64-apple-watchos-simulator.swiftmodule

Copy /Users/vardy/dev/alanvardy-var-1014-lower-deployment-targets-from-ios-187watchos-265-to-the/DerivedData/Build/Products/Debug-watchsimulator/SingleThreadCore.swiftmodule/x86_64-apple-watchos-simulator.swiftdoc /Users/vardy/dev/alanvardy-var-1014-lower-deployment-targets-from-ios-187watchos-265-to-the/DerivedData/Build/Intermediates.noindex/SingleThreadCore.build/Debug-watchsimulator/SingleThreadCore-t.build/Objects-normal/x86_64/SingleThreadCore.swiftdoc (in target 'SingleThreadCore' from project 'SingleThreadCore')
    cd /Users/vardy/dev/alanvardy-var-1014-lower-deployment-targets-from-ios-187watchos-265-to-the/SingleThreadCore
    builtin-copy -exclude .DS_Store -exclude CVS -exclude .svn -exclude .git -exclude .hg -resolve-src-symlinks -rename /Users/vardy/dev/alanvardy-var-1014-lower-deployment-targets-from-ios-187watchos-265-to-the/DerivedData/Build/Intermediates.noindex/SingleThreadCore.build/Debug-watchsimulator/SingleThreadCore-t.build/Objects-normal/x86_64/SingleThreadCore.swiftdoc /Users/vardy/dev/alanvardy-var-1014-lower-deployment-targets-from-ios-187watchos-265-to-the/DerivedData/Build/Products/Debug-watchsimulator/SingleThreadCore.swiftmodule/x86_64-apple-watchos-simulator.swiftdoc

Copy /Users/vardy/dev/alanvardy-var-1014-lower-deployment-targets-from-ios-187watchos-265-to-the/DerivedData/Build/Products/Debug-watchsimulator/SingleThreadCore.swiftmodule/x86_64-apple-watchos-simulator.abi.json /Users/vardy/dev/alanvardy-var-1014-lower-deployment-targets-from-ios-187watchos-265-to-the/DerivedData/Build/Intermediates.noindex/SingleThreadCore.build/Debug-watchsimulator/SingleThreadCore-t.build/Objects-normal/x86_64/SingleThreadCore.abi.json (in target 'SingleThreadCore' from project 'SingleThreadCore')
    cd /Users/vardy/dev/alanvardy-var-1014-lower-deployment-targets-from-ios-187watchos-265-to-the/SingleThreadCore
    builtin-copy -exclude .DS_Store -exclude CVS -exclude .svn -exclude .git -exclude .hg -resolve-src-symlinks -rename /Users/vardy/dev/alanvardy-var-1014-lower-deployment-targets-from-ios-187watchos-265-to-the/DerivedData/Build/Intermediates.noindex/SingleThreadCore.build/Debug-watchsimulator/SingleThreadCore-t.build/Objects-normal/x86_64/SingleThreadCore.abi.json /Users/vardy/dev/alanvardy-var-1014-lower-deployment-targets-from-ios-187watchos-265-to-the/DerivedData/Build/Products/Debug-watchsimulator/SingleThreadCore.swiftmodule/x86_64-apple-watchos-simulator.abi.json

Copy /Users/vardy/dev/alanvardy-var-1014-lower-deployment-targets-from-ios-187watchos-265-to-the/DerivedData/Build/Products/Debug-watchsimulator/SingleThreadCore.swiftmodule/arm64-apple-watchos-simulator.swiftmodule /Users/vardy/dev/alanvardy-var-1014-lower-deployment-targets-from-ios-187watchos-265-to-the/DerivedData/Build/Intermediates.noindex/SingleThreadCore.build/Debug-watchsimulator/SingleThreadCore-t.build/Objects-normal/arm64/SingleThreadCore.swiftmodule (in target 'SingleThreadCore' from project 'SingleThreadCore')
    cd /Users/vardy/dev/alanvardy-var-1014-lower-deployment-targets-from-ios-187watchos-265-to-the/SingleThreadCore
    builtin-copy -exclude .DS_Store -exclude CVS -exclude .svn -exclude .git -exclude .hg -resolve-src-symlinks -rename /Users/vardy/dev/alanvardy-var-1014-lower-deployment-targets-from-ios-187watchos-265-to-the/DerivedData/Build/Intermediates.noindex/SingleThreadCore.build/Debug-watchsimulator/SingleThreadCore-t.build/Objects-normal/arm64/SingleThreadCore.swiftmodule /Users/vardy/dev/alanvardy-var-1014-lower-deployment-targets-from-ios-187watchos-265-to-the/DerivedData/Build/Products/Debug-watchsimulator/SingleThreadCore.swiftmodule/arm64-apple-watchos-simulator.swiftmodule

Copy /Users/vardy/dev/alanvardy-var-1014-lower-deployment-targets-from-ios-187watchos-265-to-the/DerivedData/Build/Products/Debug-watchsimulator/SingleThreadCore.swiftmodule/arm64-apple-watchos-simulator.swiftdoc /Users/vardy/dev/alanvardy-var-1014-lower-deployment-targets-from-ios-187watchos-265-to-the/DerivedData/Build/Intermediates.noindex/SingleThreadCore.build/Debug-watchsimulator/SingleThreadCore-t.build/Objects-normal/arm64/SingleThreadCore.swiftdoc (in target 'SingleThreadCore' from project 'SingleThreadCore')
    cd /Users/vardy/dev/alanvardy-var-1014-lower-deployment-targets-from-ios-187watchos-265-to-the/SingleThreadCore
    builtin-copy -exclude .DS_Store -exclude CVS -exclude .svn -exclude .git -exclude .hg -resolve-src-symlinks -rename /Users/vardy/dev/alanvardy-var-1014-lower-deployment-targets-from-ios-187watchos-265-to-the/DerivedData/Build/Intermediates.noindex/SingleThreadCore.build/Debug-watchsimulator/SingleThreadCore-t.build/Objects-normal/arm64/SingleThreadCore.swiftdoc /Users/vardy/dev/alanvardy-var-1014-lower-deployment-targets-from-ios-187watchos-265-to-the/DerivedData/Build/Products/Debug-watchsimulator/SingleThreadCore.swiftmodule/arm64-apple-watchos-simulator.swiftdoc

Copy /Users/vardy/dev/alanvardy-var-1014-lower-deployment-targets-from-ios-187watchos-265-to-the/DerivedData/Build/Products/Debug-watchsimulator/SingleThreadCore.swiftmodule/arm64-apple-watchos-simulator.abi.json /Users/vardy/dev/alanvardy-var-1014-lower-deployment-targets-from-ios-187watchos-265-to-the/DerivedData/Build/Intermediates.noindex/SingleThreadCore.build/Debug-watchsimulator/SingleThreadCore-t.build/Objects-normal/arm64/SingleThreadCore.abi.json (in target 'SingleThreadCore' from project 'SingleThreadCore')
    cd /Users/vardy/dev/alanvardy-var-1014-lower-deployment-targets-from-ios-187watchos-265-to-the/SingleThreadCore
    builtin-copy -exclude .DS_Store -exclude CVS -exclude .svn -exclude .git -exclude .hg -resolve-src-symlinks -rename /Users/vardy/dev/alanvardy-var-1014-lower-deployment-targets-from-ios-187watchos-265-to-the/DerivedData/Build/Intermediates.noindex/SingleThreadCore.build/Debug-watchsimulator/SingleThreadCore-t.build/Objects-normal/arm64/SingleThreadCore.abi.json /Users/vardy/dev/alanvardy-var-1014-lower-deployment-targets-from-ios-187watchos-265-to-the/DerivedData/Build/Products/Debug-watchsimulator/SingleThreadCore.swiftmodule/arm64-apple-watchos-simulator.abi.json

Copy /Users/vardy/dev/alanvardy-var-1014-lower-deployment-targets-from-ios-187watchos-265-to-the/DerivedData/Build/Products/Debug-watchsimulator/SingleThreadCore.swiftmodule/Project/x86_64-apple-watchos-simulator.swiftsourceinfo /Users/vardy/dev/alanvardy-var-1014-lower-deployment-targets-from-ios-187watchos-265-to-the/DerivedData/Build/Intermediates.noindex/SingleThreadCore.build/Debug-watchsimulator/SingleThreadCore-t.build/Objects-normal/x86_64/SingleThreadCore.swiftsourceinfo (in target 'SingleThreadCore' from project 'SingleThreadCore')
    cd /Users/vardy/dev/alanvardy-var-1014-lower-deployment-targets-from-ios-187watchos-265-to-the/SingleThreadCore
    builtin-copy -exclude .DS_Store -exclude CVS -exclude .svn -exclude .git -exclude .hg -resolve-src-symlinks -rename /Users/vardy/dev/alanvardy-var-1014-lower-deployment-targets-from-ios-187watchos-265-to-the/DerivedData/Build/Intermediates.noindex/SingleThreadCore.build/Debug-watchsimulator/SingleThreadCore-t.build/Objects-normal/x86_64/SingleThreadCore.swiftsourceinfo /Users/vardy/dev/alanvardy-var-1014-lower-deployment-targets-from-ios-187watchos-265-to-the/DerivedData/Build/Products/Debug-watchsimulator/SingleThreadCore.swiftmodule/Project/x86_64-apple-watchos-simulator.swiftsourceinfo

GenerateAssetSymbols /Users/vardy/dev/alanvardy-var-1014-lower-deployment-targets-from-ios-187watchos-265-to-the/SingleThreadWatch/Assets.xcassets (in target 'SingleThreadWatch' from project 'SingleThread')
    cd /Users/vardy/dev/alanvardy-var-1014-lower-deployment-targets-from-ios-187watchos-265-to-the
    /Applications/Xcode.app/Contents/Developer/usr/bin/actool /Users/vardy/dev/alanvardy-var-1014-lower-deployment-targets-from-ios-187watchos-265-to-the/SingleThreadWatch/Assets.xcassets --compile /Users/vardy/dev/alanvardy-var-1014-lower-deployment-targets-from-ios-187watchos-265-to-the/DerivedData/Build/Products/Debug-watchsimulator/SingleThreadWatch.app --output-format human-readable-text --notices --warnings --export-dependency-info /Users/vardy/dev/alanvardy-var-1014-lower-deployment-targets-from-ios-187watchos-265-to-the/DerivedData/Build/Intermediates.noindex/SingleThread.build/Debug-watchsimulator/SingleThreadWatch.build/assetcatalog_dependencies --output-partial-info-plist /Users/vardy/dev/alanvardy-var-1014-lower-deployment-targets-from-ios-187watchos-265-to-the/DerivedData/Build/Intermediates.noindex/SingleThread.build/Debug-watchsimulator/SingleThreadWatch.build/assetcatalog_generated_info.plist --app-icon AppIcon --compress-pngs --enable-on-demand-resources YES --development-region en --target-device watch --minimum-deployment-target 11.0 --platform watchsimulator --bundle-identifier app.alanvardy.SingleThread.watchkitapp --generate-swift-asset-symbols /Users/vardy/dev/alanvardy-var-1014-lower-deployment-targets-from-ios-187watchos-265-to-the/DerivedData/Build/Intermediates.noindex/SingleThread.build/Debug-watchsimulator/SingleThreadWatch.build/DerivedSources/GeneratedAssetSymbols.swift --generate-objc-asset-symbols /Users/vardy/dev/alanvardy-var-1014-lower-deployment-targets-from-ios-187watchos-265-to-the/DerivedData/Build/Intermediates.noindex/SingleThread.build/Debug-watchsimulator/SingleThreadWatch.build/DerivedSources/GeneratedAssetSymbols.h --generate-asset-symbol-index /Users/vardy/dev/alanvardy-var-1014-lower-deployment-targets-from-ios-187watchos-265-to-the/DerivedData/Build/Intermediates.noindex/SingleThread.build/Debug-watchsimulator/SingleThreadWatch.build/DerivedSources/GeneratedAssetSymbols-Index.plist
/* com.apple.actool.compilation-results */
/Users/vardy/dev/alanvardy-var-1014-lower-deployment-targets-from-ios-187watchos-265-to-the/DerivedData/Build/Intermediates.noindex/SingleThread.build/Debug-watchsimulator/SingleThreadWatch.build/DerivedSources/GeneratedAssetSymbols-Index.plist
/Users/vardy/dev/alanvardy-var-1014-lower-deployment-targets-from-ios-187watchos-265-to-the/DerivedData/Build/Intermediates.noindex/SingleThread.build/Debug-watchsimulator/SingleThreadWatch.build/DerivedSources/GeneratedAssetSymbols.h
/Users/vardy/dev/alanvardy-var-1014-lower-deployment-targets-from-ios-187watchos-265-to-the/DerivedData/Build/Intermediates.noindex/SingleThread.build/Debug-watchsimulator/SingleThreadWatch.build/DerivedSources/GeneratedAssetSymbols.swift


CompileAssetCatalogVariant thinned /Users/vardy/dev/alanvardy-var-1014-lower-deployment-targets-from-ios-187watchos-265-to-the/DerivedData/Build/Products/Debug-watchsimulator/SingleThreadWatch.app /Users/vardy/dev/alanvardy-var-1014-lower-deployment-targets-from-ios-187watchos-265-to-the/SingleThreadWatch/Assets.xcassets (in target 'SingleThreadWatch' from project 'SingleThread')
    cd /Users/vardy/dev/alanvardy-var-1014-lower-deployment-targets-from-ios-187watchos-265-to-the
    /Applications/Xcode.app/Contents/Developer/usr/bin/actool /Users/vardy/dev/alanvardy-var-1014-lower-deployment-targets-from-ios-187watchos-265-to-the/SingleThreadWatch/Assets.xcassets --compile /Users/vardy/dev/alanvardy-var-1014-lower-deployment-targets-from-ios-187watchos-265-to-the/DerivedData/Build/Intermediates.noindex/SingleThread.build/Debug-watchsimulator/SingleThreadWatch.build/assetcatalog_output/thinned --output-format human-readable-text --notices --warnings --export-dependency-info /Users/vardy/dev/alanvardy-var-1014-lower-deployment-targets-from-ios-187watchos-265-to-the/DerivedData/Build/Intermediates.noindex/SingleThread.build/Debug-watchsimulator/SingleThreadWatch.build/assetcatalog_dependencies_thinned --output-partial-info-plist /Users/vardy/dev/alanvardy-var-1014-lower-deployment-targets-from-ios-187watchos-265-to-the/DerivedData/Build/Intermediates.noindex/SingleThread.build/Debug-watchsimulator/SingleThreadWatch.build/assetcatalog_generated_info.plist_thinned --app-icon AppIcon --compress-pngs --enable-on-demand-resources YES --development-region en --target-device watch --minimum-deployment-target 11.0 --platform watchsimulator
/* com.apple.actool.compilation-results */
/Users/vardy/dev/alanvardy-var-1014-lower-deployment-targets-from-ios-187watchos-265-to-the/DerivedData/Build/Intermediates.noindex/SingleThread.build/Debug-watchsimulator/SingleThreadWatch.build/assetcatalog_generated_info.plist_thinned
/Users/vardy/dev/alanvardy-var-1014-lower-deployment-targets-from-ios-187watchos-265-to-the/DerivedData/Build/Intermediates.noindex/SingleThread.build/Debug-watchsimulator/SingleThreadWatch.build/assetcatalog_output/thinned/Assets.car


SwiftDriverJobDiscovery normal arm64 Compiling MinimumDisplayDuration.swift, NotificationPreference.swift, NotificationScheduler.swift, OrientationPreference.swift (in target 'SingleThreadCore' from project 'SingleThreadCore')

SwiftDriver SingleThreadWatch normal x86_64 com.apple.xcode.tools.swift.compiler (in target 'SingleThreadWatch' from project 'SingleThread')
    cd /Users/vardy/dev/alanvardy-var-1014-lower-deployment-targets-from-ios-187watchos-265-to-the
    builtin-SwiftDriver -- /Applications/Xcode.app/Contents/Developer/Toolchains/XcodeDefault.xctoolchain/usr/bin/swiftc -module-name SingleThreadWatch -Onone @/Users/vardy/dev/alanvardy-var-1014-lower-deployment-targets-from-ios-187watchos-265-to-the/DerivedData/Build/Intermediates.noindex/SingleThread.build/Debug-watchsimulator/SingleThreadWatch.build/Objects-normal/x86_64/SingleThreadWatch.SwiftFileList -DDEBUG -default-isolation\=MainActor -enable-upcoming-feature InferIsolatedConformances -enable-upcoming-feature NonisolatedNonsendingByDefault -enable-experimental-feature DebugDescriptionMacro -sdk /Applications/Xcode.app/Contents/Developer/Platforms/WatchSimulator.platform/Developer/SDKs/WatchSimulator27.0.sdk -target x86_64-apple-watchos11.0-simulator -g -module-cache-path /Users/vardy/dev/alanvardy-var-1014-lower-deployment-targets-from-ios-187watchos-265-to-the/DerivedData/ModuleCache.noindex -Xfrontend -serialize-debugging-options -profile-coverage-mapping -profile-generate -enable-testing -warnings-as-errors -index-store-path /Users/vardy/dev/alanvardy-var-1014-lower-deployment-targets-from-ios-187watchos-265-to-the/DerivedData/Index.noindex/DataStore -Xcc -D_LIBCPP_HARDENING_MODE\=_LIBCPP_HARDENING_MODE_DEBUG -swift-version 6 -I /Users/vardy/dev/alanvardy-var-1014-lower-deployment-targets-from-ios-187watchos-265-to-the/DerivedData/Build/Products/Debug-watchsimulator -F /Users/vardy/dev/alanvardy-var-1014-lower-deployment-targets-from-ios-187watchos-265-to-the/DerivedData/Build/Products/Debug-watchsimulator/PackageFrameworks -F /Users/vardy/dev/alanvardy-var-1014-lower-deployment-targets-from-ios-187watchos-265-to-the/DerivedData/Build/Products/Debug-watchsimulator -emit-localized-strings -emit-localized-strings-path /Users/vardy/dev/alanvardy-var-1014-lower-deployment-targets-from-ios-187watchos-265-to-the/DerivedData/Build/Intermediates.noindex/SingleThread.build/Debug-watchsimulator/SingleThreadWatch.build/Objects-normal/x86_64 -c -j12 -enable-batch-mode -incremental -Xcc -ivfsstatcache -Xcc /Users/vardy/dev/alanvardy-var-1014-lower-deployment-targets-from-ios-187watchos-265-to-the/DerivedData/SDKStatCaches.noindex/watchsimulator27.0-24R360-c50668d93734557a32a78b937f5ceaf1.sdkstatcache -output-file-map /Users/vardy/dev/alanvardy-var-1014-lower-deployment-targets-from-ios-187watchos-265-to-the/DerivedData/Build/Intermediates.noindex/SingleThread.build/Debug-watchsimulator/SingleThreadWatch.build/Objects-normal/x86_64/SingleThreadWatch-OutputFileMap.json -save-temps -no-color-diagnostics -explicit-module-build -module-cache-path /Users/vardy/dev/alanvardy-var-1014-lower-deployment-targets-from-ios-187watchos-265-to-the/DerivedData/Build/Intermediates.noindex/SwiftExplicitPrecompiledModules -clang-scanner-module-cache-path /Users/vardy/dev/alanvardy-var-1014-lower-deployment-targets-from-ios-187watchos-265-to-the/DerivedData/ModuleCache.noindex -sdk-module-cache-path /Users/vardy/dev/alanvardy-var-1014-lower-deployment-targets-from-ios-187watchos-265-to-the/DerivedData/SDKExplicitPrecompiledModules -emit-dependencies -emit-module -emit-module-path /Users/vardy/dev/alanvardy-var-1014-lower-deployment-targets-from-ios-187watchos-265-to-the/DerivedData/Build/Intermediates.noindex/SingleThread.build/Debug-watchsimulator/SingleThreadWatch.build/Objects-normal/x86_64/SingleThreadWatch.swiftmodule -serialize-diagnostics -dependency-scan-serialize-diagnostics-path /Users/vardy/dev/alanvardy-var-1014-lower-deployment-targets-from-ios-187watchos-265-to-the/DerivedData/Build/Intermediates.noindex/SingleThread.build/Debug-watchsimulator/SingleThreadWatch.build/Objects-normal/x86_64/SingleThreadWatch-dependency-scan.dia -validate-clang-modules-once -clang-build-session-file /Users/vardy/dev/alanvardy-var-1014-lower-deployment-targets-from-ios-187watchos-265-to-the/DerivedData/ModuleCache.noindex/Session.modulevalidation -Xcc -fmodules-prune-interval\=86400 -Xcc -fmodules-prune-after\=345600 -emit-const-values -const-gather-protocols-list /Users/vardy/dev/alanvardy-var-1014-lower-deployment-targets-from-ios-187watchos-265-to-the/DerivedData/Build/Intermediates.noindex/SingleThread.build/Debug-watchsimulator/SingleThreadWatch.build/Objects-normal/x86_64/SingleThreadWatch_const_extract_protocols.json -Xcc -iquote -Xcc /Users/vardy/dev/alanvardy-var-1014-lower-deployment-targets-from-ios-187watchos-265-to-the/DerivedData/Build/Intermediates.noindex/SingleThread.build/Debug-watchsimulator/SingleThreadWatch.build/SingleThreadWatch-generated-files.hmap -Xcc -I/Users/vardy/dev/alanvardy-var-1014-lower-deployment-targets-from-ios-187watchos-265-to-the/DerivedData/Build/Intermediates.noindex/SingleThread.build/Debug-watchsimulator/SingleThreadWatch.build/SingleThreadWatch-own-target-headers.hmap -Xcc -I/Users/vardy/dev/alanvardy-var-1014-lower-deployment-targets-from-ios-187watchos-265-to-the/DerivedData/Build/Intermediates.noindex/SingleThread.build/Debug-watchsimulator/SingleThreadWatch.build/SingleThreadWatch-all-non-framework-target-headers.hmap -Xcc -ivfsoverlay -Xcc /Users/vardy/dev/alanvardy-var-1014-lower-deployment-targets-from-ios-187watchos-265-to-the/DerivedData/Build/Intermediates.noindex/SingleThread.build/Debug-watchsimulator/SingleThread-33ec346c36bc7f11d2672a35e2382a55-VFS-watchsimulator/all-product-headers.yaml -Xcc -iquote -Xcc /Users/vardy/dev/alanvardy-var-1014-lower-deployment-targets-from-ios-187watchos-265-to-the/DerivedData/Build/Intermediates.noindex/SingleThread.build/Debug-watchsimulator/SingleThreadWatch.build/SingleThreadWatch-project-headers.hmap -Xcc -I/Users/vardy/dev/alanvardy-var-1014-lower-deployment-targets-from-ios-187watchos-265-to-the/DerivedData/Build/Products/Debug-watchsimulator/include -Xcc -I/Users/vardy/dev/alanvardy-var-1014-lower-deployment-targets-from-ios-187watchos-265-to-the/DerivedData/Build/Intermediates.noindex/SingleThread.build/Debug-watchsimulator/SingleThreadWatch.build/DerivedSources-normal/x86_64 -Xcc -I/Users/vardy/dev/alanvardy-var-1014-lower-deployment-targets-from-ios-187watchos-265-to-the/DerivedData/Build/Intermediates.noindex/SingleThread.build/Debug-watchsimulator/SingleThreadWatch.build/DerivedSources/x86_64 -Xcc -I/Users/vardy/dev/alanvardy-var-1014-lower-deployment-targets-from-ios-187watchos-265-to-the/DerivedData/Build/Intermediates.noindex/SingleThread.build/Debug-watchsimulator/SingleThreadWatch.build/DerivedSources -Xcc -DDEBUG\=1 -emit-objc-header -emit-objc-header-path /Users/vardy/dev/alanvardy-var-1014-lower-deployment-targets-from-ios-187watchos-265-to-the/DerivedData/Build/Intermediates.noindex/SingleThread.build/Debug-watchsimulator/SingleThreadWatch.build/Objects-normal/x86_64/SingleThreadWatch-Swift.h -working-directory /Users/vardy/dev/alanvardy-var-1014-lower-deployment-targets-from-ios-187watchos-265-to-the -experimental-emit-module-separately -disable-cmo

SwiftDriver SingleThreadWatch normal arm64 com.apple.xcode.tools.swift.compiler (in target 'SingleThreadWatch' from project 'SingleThread')
    cd /Users/vardy/dev/alanvardy-var-1014-lower-deployment-targets-from-ios-187watchos-265-to-the
    builtin-SwiftDriver -- /Applications/Xcode.app/Contents/Developer/Toolchains/XcodeDefault.xctoolchain/usr/bin/swiftc -module-name SingleThreadWatch -Onone @/Users/vardy/dev/alanvardy-var-1014-lower-deployment-targets-from-ios-187watchos-265-to-the/DerivedData/Build/Intermediates.noindex/SingleThread.build/Debug-watchsimulator/SingleThreadWatch.build/Objects-normal/arm64/SingleThreadWatch.SwiftFileList -DDEBUG -default-isolation\=MainActor -enable-upcoming-feature InferIsolatedConformances -enable-upcoming-feature NonisolatedNonsendingByDefault -enable-experimental-feature DebugDescriptionMacro -sdk /Applications/Xcode.app/Contents/Developer/Platforms/WatchSimulator.platform/Developer/SDKs/WatchSimulator27.0.sdk -target arm64-apple-watchos11.0-simulator -g -module-cache-path /Users/vardy/dev/alanvardy-var-1014-lower-deployment-targets-from-ios-187watchos-265-to-the/DerivedData/ModuleCache.noindex -Xfrontend -serialize-debugging-options -profile-coverage-mapping -profile-generate -enable-testing -warnings-as-errors -index-store-path /Users/vardy/dev/alanvardy-var-1014-lower-deployment-targets-from-ios-187watchos-265-to-the/DerivedData/Index.noindex/DataStore -Xcc -D_LIBCPP_HARDENING_MODE\=_LIBCPP_HARDENING_MODE_DEBUG -swift-version 6 -I /Users/vardy/dev/alanvardy-var-1014-lower-deployment-targets-from-ios-187watchos-265-to-the/DerivedData/Build/Products/Debug-watchsimulator -F /Users/vardy/dev/alanvardy-var-1014-lower-deployment-targets-from-ios-187watchos-265-to-the/DerivedData/Build/Products/Debug-watchsimulator/PackageFrameworks -F /Users/vardy/dev/alanvardy-var-1014-lower-deployment-targets-from-ios-187watchos-265-to-the/DerivedData/Build/Products/Debug-watchsimulator -emit-localized-strings -emit-localized-strings-path /Users/vardy/dev/alanvardy-var-1014-lower-deployment-targets-from-ios-187watchos-265-to-the/DerivedData/Build/Intermediates.noindex/SingleThread.build/Debug-watchsimulator/SingleThreadWatch.build/Objects-normal/arm64 -c -j12 -enable-batch-mode -incremental -Xcc -ivfsstatcache -Xcc /Users/vardy/dev/alanvardy-var-1014-lower-deployment-targets-from-ios-187watchos-265-to-the/DerivedData/SDKStatCaches.noindex/watchsimulator27.0-24R360-c50668d93734557a32a78b937f5ceaf1.sdkstatcache -output-file-map /Users/vardy/dev/alanvardy-var-1014-lower-deployment-targets-from-ios-187watchos-265-to-the/DerivedData/Build/Intermediates.noindex/SingleThread.build/Debug-watchsimulator/SingleThreadWatch.build/Objects-normal/arm64/SingleThreadWatch-OutputFileMap.json -save-temps -no-color-diagnostics -explicit-module-build -module-cache-path /Users/vardy/dev/alanvardy-var-1014-lower-deployment-targets-from-ios-187watchos-265-to-the/DerivedData/Build/Intermediates.noindex/SwiftExplicitPrecompiledModules -clang-scanner-module-cache-path /Users/vardy/dev/alanvardy-var-1014-lower-deployment-targets-from-ios-187watchos-265-to-the/DerivedData/ModuleCache.noindex -sdk-module-cache-path /Users/vardy/dev/alanvardy-var-1014-lower-deployment-targets-from-ios-187watchos-265-to-the/DerivedData/SDKExplicitPrecompiledModules -emit-dependencies -emit-module -emit-module-path /Users/vardy/dev/alanvardy-var-1014-lower-deployment-targets-from-ios-187watchos-265-to-the/DerivedData/Build/Intermediates.noindex/SingleThread.build/Debug-watchsimulator/SingleThreadWatch.build/Objects-normal/arm64/SingleThreadWatch.swiftmodule -serialize-diagnostics -dependency-scan-serialize-diagnostics-path /Users/vardy/dev/alanvardy-var-1014-lower-deployment-targets-from-ios-187watchos-265-to-the/DerivedData/Build/Intermediates.noindex/SingleThread.build/Debug-watchsimulator/SingleThreadWatch.build/Objects-normal/arm64/SingleThreadWatch-dependency-scan.dia -validate-clang-modules-once -clang-build-session-file /Users/vardy/dev/alanvardy-var-1014-lower-deployment-targets-from-ios-187watchos-265-to-the/DerivedData/ModuleCache.noindex/Session.modulevalidation -Xcc -fmodules-prune-interval\=86400 -Xcc -fmodules-prune-after\=345600 -emit-const-values -const-gather-protocols-list /Users/vardy/dev/alanvardy-var-1014-lower-deployment-targets-from-ios-187watchos-265-to-the/DerivedData/Build/Intermediates.noindex/SingleThread.build/Debug-watchsimulator/SingleThreadWatch.build/Objects-normal/arm64/SingleThreadWatch_const_extract_protocols.json -Xcc -iquote -Xcc /Users/vardy/dev/alanvardy-var-1014-lower-deployment-targets-from-ios-187watchos-265-to-the/DerivedData/Build/Intermediates.noindex/SingleThread.build/Debug-watchsimulator/SingleThreadWatch.build/SingleThreadWatch-generated-files.hmap -Xcc -I/Users/vardy/dev/alanvardy-var-1014-lower-deployment-targets-from-ios-187watchos-265-to-the/DerivedData/Build/Intermediates.noindex/SingleThread.build/Debug-watchsimulator/SingleThreadWatch.build/SingleThreadWatch-own-target-headers.hmap -Xcc -I/Users/vardy/dev/alanvardy-var-1014-lower-deployment-targets-from-ios-187watchos-265-to-the/DerivedData/Build/Intermediates.noindex/SingleThread.build/Debug-watchsimulator/SingleThreadWatch.build/SingleThreadWatch-all-non-framework-target-headers.hmap -Xcc -ivfsoverlay -Xcc /Users/vardy/dev/alanvardy-var-1014-lower-deployment-targets-from-ios-187watchos-265-to-the/DerivedData/Build/Intermediates.noindex/SingleThread.build/Debug-watchsimulator/SingleThread-33ec346c36bc7f11d2672a35e2382a55-VFS-watchsimulator/all-product-headers.yaml -Xcc -iquote -Xcc /Users/vardy/dev/alanvardy-var-1014-lower-deployment-targets-from-ios-187watchos-265-to-the/DerivedData/Build/Intermediates.noindex/SingleThread.build/Debug-watchsimulator/SingleThreadWatch.build/SingleThreadWatch-project-headers.hmap -Xcc -I/Users/vardy/dev/alanvardy-var-1014-lower-deployment-targets-from-ios-187watchos-265-to-the/DerivedData/Build/Products/Debug-watchsimulator/include -Xcc -I/Users/vardy/dev/alanvardy-var-1014-lower-deployment-targets-from-ios-187watchos-265-to-the/DerivedData/Build/Intermediates.noindex/SingleThread.build/Debug-watchsimulator/SingleThreadWatch.build/DerivedSources-normal/arm64 -Xcc -I/Users/vardy/dev/alanvardy-var-1014-lower-deployment-targets-from-ios-187watchos-265-to-the/DerivedData/Build/Intermediates.noindex/SingleThread.build/Debug-watchsimulator/SingleThreadWatch.build/DerivedSources/arm64 -Xcc -I/Users/vardy/dev/alanvardy-var-1014-lower-deployment-targets-from-ios-187watchos-265-to-the/DerivedData/Build/Intermediates.noindex/SingleThread.build/Debug-watchsimulator/SingleThreadWatch.build/DerivedSources -Xcc -DDEBUG\=1 -emit-objc-header -emit-objc-header-path /Users/vardy/dev/alanvardy-var-1014-lower-deployment-targets-from-ios-187watchos-265-to-the/DerivedData/Build/Intermediates.noindex/SingleThread.build/Debug-watchsimulator/SingleThreadWatch.build/Objects-normal/arm64/SingleThreadWatch-Swift.h -working-directory /Users/vardy/dev/alanvardy-var-1014-lower-deployment-targets-from-ios-187watchos-265-to-the -experimental-emit-module-separately -disable-cmo

SwiftDriverJobDiscovery normal arm64 Compiling ReminderDeepLink.swift, ReminderDictationParser.swift, ReminderDisplay.swift, ReminderIntents.swift (in target 'SingleThreadCore' from project 'SingleThreadCore')

SwiftDriverJobDiscovery normal arm64 Compiling PendingCompletionLogic.swift, PendingCompletionStore.swift, PreferenceHolder.swift, ReminderDateFilter.swift (in target 'SingleThreadCore' from project 'SingleThreadCore')

SwiftDriverJobDiscovery normal x86_64 Compiling MinimumDisplayDuration.swift, NotificationPreference.swift, NotificationScheduler.swift, OrientationPreference.swift (in target 'SingleThreadCore' from project 'SingleThreadCore')

SwiftDriverJobDiscovery normal arm64 Compiling ReminderRecurrenceFormatter.swift, ReminderSkip.swift, ReminderSort.swift, ReminderStore.swift (in target 'SingleThreadCore' from project 'SingleThreadCore')

SwiftDriverJobDiscovery normal x86_64 Compiling ResumptionGate.swift, SkipCountStore.swift, SkippedReminderSyncService.swift (in target 'SingleThreadCore' from project 'SingleThreadCore')

SwiftDriverJobDiscovery normal arm64 Compiling CompletionCounterStore.swift, CompletionGlow.swift, CompletionMomentumOverlay.swift, DailyCompletionStore.swift (in target 'SingleThreadCore' from project 'SingleThreadCore')

SwiftDriverJobDiscovery normal arm64 Compiling UITestingSeed.swift, UndoStore.swift, UserNotificationCentering.swift (in target 'SingleThreadCore' from project 'SingleThreadCore')

SwiftDriver\ Compilation SingleThreadCore normal arm64 com.apple.xcode.tools.swift.compiler (in target 'SingleThreadCore' from project 'SingleThreadCore')
    cd /Users/vardy/dev/alanvardy-var-1014-lower-deployment-targets-from-ios-187watchos-265-to-the/SingleThread.xcodeproj
    builtin-Swift-Compilation -- /Applications/Xcode.app/Contents/Developer/Toolchains/XcodeDefault.xctoolchain/usr/bin/swiftc -parse-as-library -module-name SingleThreadCore -Onone @/Users/vardy/dev/alanvardy-var-1014-lower-deployment-targets-from-ios-187watchos-265-to-the/DerivedData/Build/Intermediates.noindex/SingleThreadCore.build/Debug-watchsimulator/SingleThreadCore-t.build/Objects-normal/arm64/SingleThreadCore.SwiftFileList -DSWIFT_PACKAGE -DDEBUG -DSWIFT_MODULE_RESOURCE_BUNDLE_AVAILABLE -DXcode -plugin-path /Applications/Xcode.app/Contents/Developer/Toolchains/XcodeDefault.xctoolchain/usr/lib/swift/host/plugins/testing -enable-experimental-feature DebugDescriptionMacro -sdk /Applications/Xcode.app/Contents/Developer/Platforms/WatchSimulator.platform/Developer/SDKs/WatchSimulator27.0.sdk -target arm64-apple-watchos11.0-simulator -g -module-cache-path /Users/vardy/dev/alanvardy-var-1014-lower-deployment-targets-from-ios-187watchos-265-to-the/DerivedData/ModuleCache.noindex -Xfrontend -serialize-debugging-options -profile-coverage-mapping -profile-generate -enable-testing -index-store-path /Users/vardy/dev/alanvardy-var-1014-lower-deployment-targets-from-ios-187watchos-265-to-the/DerivedData/Index.noindex/DataStore -Xcc -D_LIBCPP_HARDENING_MODE\=_LIBCPP_HARDENING_MODE_DEBUG -swift-version 6 -I /Users/vardy/dev/alanvardy-var-1014-lower-deployment-targets-from-ios-187watchos-265-to-the/DerivedData/Build/Products/Debug-watchsimulator -Isystem /Applications/Xcode.app/Contents/Developer/Platforms/WatchSimulator.platform/Developer/usr/lib -F /Users/vardy/dev/alanvardy-var-1014-lower-deployment-targets-from-ios-187watchos-265-to-the/DerivedData/Build/Products/Debug-watchsimulator -F /Applications/Xcode.app/Contents/Developer/Platforms/WatchSimulator.platform/Developer/Library/Frameworks -F /Applications/Xcode.app/Contents/Developer/Platforms/WatchSimulator.platform/Developer/SDKs/WatchSimulator27.0.sdk/Developer/Library/Frameworks -c -j12 -enable-batch-mode -incremental -Xcc -ivfsstatcache -Xcc /Users/vardy/dev/alanvardy-var-1014-lower-deployment-targets-from-ios-187watchos-265-to-the/DerivedData/SDKStatCaches.noindex/watchsimulator27.0-24R360-c50668d93734557a32a78b937f5ceaf1.sdkstatcache -output-file-map /Users/vardy/dev/alanvardy-var-1014-lower-deployment-targets-from-ios-187watchos-265-to-the/DerivedData/Build/Intermediates.noindex/SingleThreadCore.build/Debug-watchsimulator/SingleThreadCore-t.build/Objects-normal/arm64/SingleThreadCore-OutputFileMap.json -save-temps -no-color-diagnostics -explicit-module-build -module-cache-path /Users/vardy/dev/alanvardy-var-1014-lower-deployment-targets-from-ios-187watchos-265-to-the/DerivedData/Build/Intermediates.noindex/SwiftExplicitPrecompiledModules -clang-scanner-module-cache-path /Users/vardy/dev/alanvardy-var-1014-lower-deployment-targets-from-ios-187watchos-265-to-the/DerivedData/ModuleCache.noindex -sdk-module-cache-path /Users/vardy/dev/alanvardy-var-1014-lower-deployment-targets-from-ios-187watchos-265-to-the/DerivedData/SDKExplicitPrecompiledModules -emit-dependencies -emit-module -emit-module-path /Users/vardy/dev/alanvardy-var-1014-lower-deployment-targets-from-ios-187watchos-265-to-the/DerivedData/Build/Intermediates.noindex/SingleThreadCore.build/Debug-watchsimulator/SingleThreadCore-t.build/Objects-normal/arm64/SingleThreadCore.swiftmodule -serialize-diagnostics -dependency-scan-serialize-diagnostics-path /Users/vardy/dev/alanvardy-var-1014-lower-deployment-targets-from-ios-187watchos-265-to-the/DerivedData/Build/Intermediates.noindex/SingleThreadCore.build/Debug-watchsimulator/SingleThreadCore-t.build/Objects-normal/arm64/SingleThreadCore-dependency-scan.dia -validate-clang-modules-once -clang-build-session-file /Users/vardy/dev/alanvardy-var-1014-lower-deployment-targets-from-ios-187watchos-265-to-the/DerivedData/ModuleCache.noindex/Session.modulevalidation -Xcc -fmodules-prune-interval\=86400 -Xcc -fmodules-prune-after\=345600 -package-name singlethreadcore -emit-const-values -const-gather-protocols-list /Users/vardy/dev/alanvardy-var-1014-lower-deployment-targets-from-ios-187watchos-265-to-the/DerivedData/Build/Intermediates.noindex/SingleThreadCore.build/Debug-watchsimulator/SingleThreadCore-t.build/Objects-normal/arm64/SingleThreadCore_const_extract_protocols.json -Xcc -I/Users/vardy/dev/alanvardy-var-1014-lower-deployment-targets-from-ios-187watchos-265-to-the/DerivedData/Build/Products/Debug-watchsimulator/include -Xcc -I/Users/vardy/dev/alanvardy-var-1014-lower-deployment-targets-from-ios-187watchos-265-to-the/DerivedData/Build/Intermediates.noindex/SingleThreadCore.build/Debug-watchsimulator/SingleThreadCore-t.build/DerivedSources-normal/arm64 -Xcc -I/Users/vardy/dev/alanvardy-var-1014-lower-deployment-targets-from-ios-187watchos-265-to-the/DerivedData/Build/Intermediates.noindex/SingleThreadCore.build/Debug-watchsimulator/SingleThreadCore-t.build/DerivedSources/arm64 -Xcc -I/Users/vardy/dev/alanvardy-var-1014-lower-deployment-targets-from-ios-187watchos-265-to-the/DerivedData/Build/Intermediates.noindex/SingleThreadCore.build/Debug-watchsimulator/SingleThreadCore-t.build/DerivedSources -Xcc -DSWIFT_PACKAGE -Xcc -DDEBUG\=1 -emit-objc-header -emit-objc-header-path /Users/vardy/dev/alanvardy-var-1014-lower-deployment-targets-from-ios-187watchos-265-to-the/DerivedData/Build/Intermediates.noindex/SingleThreadCore.build/Debug-watchsimulator/SingleThreadCore-t.build/Objects-normal/arm64/SingleThreadCore-Swift.h -working-directory /Users/vardy/dev/alanvardy-var-1014-lower-deployment-targets-from-ios-187watchos-265-to-the/SingleThread.xcodeproj -experimental-emit-module-separately -disable-cmo

Ld /Users/vardy/dev/alanvardy-var-1014-lower-deployment-targets-from-ios-187watchos-265-to-the/DerivedData/Build/Intermediates.noindex/SingleThreadCore.build/Debug-watchsimulator/SingleThreadCore-t.build/Objects-normal/arm64/Binary/SingleThreadCore.o normal arm64 (in target 'SingleThreadCore' from project 'SingleThreadCore')
    cd /Users/vardy/dev/alanvardy-var-1014-lower-deployment-targets-from-ios-187watchos-265-to-the/SingleThreadCore
    /Applications/Xcode.app/Contents/Developer/Toolchains/XcodeDefault.xctoolchain/usr/bin/clang -Xlinker -reproducible -target arm64-apple-watchos11.0-simulator -r -isysroot /Applications/Xcode.app/Contents/Developer/Platforms/WatchSimulator.platform/Developer/SDKs/WatchSimulator27.0.sdk -O0 -Xlinker -no_warn_duplicate_libraries -F/Users/vardy/dev/alanvardy-var-1014-lower-deployment-targets-from-ios-187watchos-265-to-the/DerivedData/Build/Intermediates.noindex/EagerLinkingTBDs/Debug-watchsimulator -F/Users/vardy/dev/alanvardy-var-1014-lower-deployment-targets-from-ios-187watchos-265-to-the/DerivedData/Build/Products/Debug-watchsimulator -iframework /Applications/Xcode.app/Contents/Developer/Platforms/WatchSimulator.platform/Developer/Library/Frameworks -iframework /Applications/Xcode.app/Contents/Developer/Platforms/WatchSimulator.platform/Developer/SDKs/WatchSimulator27.0.sdk/Developer/Library/Frameworks -filelist /Users/vardy/dev/alanvardy-var-1014-lower-deployment-targets-from-ios-187watchos-265-to-the/DerivedData/Build/Intermediates.noindex/SingleThreadCore.build/Debug-watchsimulator/SingleThreadCore-t.build/Objects-normal/arm64/SingleThreadCore.LinkFileList -nostdlib -Xlinker -object_path_lto -Xlinker /Users/vardy/dev/alanvardy-var-1014-lower-deployment-targets-from-ios-187watchos-265-to-the/DerivedData/Build/Intermediates.noindex/SingleThreadCore.build/Debug-watchsimulator/SingleThreadCore-t.build/Objects-normal/arm64/SingleThreadCore_lto.o -Xlinker -no_deduplicate -Xlinker -objc_abi_version -Xlinker 2 -Xlinker -debug_variant -Xlinker -dependency_info -Xlinker /Users/vardy/dev/alanvardy-var-1014-lower-deployment-targets-from-ios-187watchos-265-to-the/DerivedData/Build/Intermediates.noindex/SingleThreadCore.build/Debug-watchsimulator/SingleThreadCore-t.build/Objects-normal/arm64/SingleThreadCore_dependency_info.dat -fobjc-link-runtime -L/Applications/Xcode.app/Contents/Developer/Toolchains/XcodeDefault.xctoolchain/usr/lib/swift/watchsimulator -L/usr/lib/swift -Xlinker -add_ast_path -Xlinker /Users/vardy/dev/alanvardy-var-1014-lower-deployment-targets-from-ios-187watchos-265-to-the/DerivedData/Build/Intermediates.noindex/SingleThreadCore.build/Debug-watchsimulator/SingleThreadCore-t.build/Objects-normal/arm64/SingleThreadCore.swiftmodule -o /Users/vardy/dev/alanvardy-var-1014-lower-deployment-targets-from-ios-187watchos-265-to-the/DerivedData/Build/Intermediates.noindex/SingleThreadCore.build/Debug-watchsimulator/SingleThreadCore-t.build/Objects-normal/arm64/Binary/SingleThreadCore.o

SwiftCompile normal arm64 Compiling\ SingleThreadWatchApp.swift /Users/vardy/dev/alanvardy-var-1014-lower-deployment-targets-from-ios-187watchos-265-to-the/SingleThreadWatch/SingleThreadWatchApp.swift (in target 'SingleThreadWatch' from project 'SingleThread')

SwiftCompile normal arm64 /Users/vardy/dev/alanvardy-var-1014-lower-deployment-targets-from-ios-187watchos-265-to-the/SingleThreadWatch/SingleThreadWatchApp.swift (in target 'SingleThreadWatch' from project 'SingleThread')
    cd /Users/vardy/dev/alanvardy-var-1014-lower-deployment-targets-from-ios-187watchos-265-to-the
    builtin-SwiftPerFileCompile SingleThreadWatchApp.swift

SwiftCompile normal arm64 Compiling\ GeneratedAssetSymbols.swift /Users/vardy/dev/alanvardy-var-1014-lower-deployment-targets-from-ios-187watchos-265-to-the/DerivedData/Build/Intermediates.noindex/SingleThread.build/Debug-watchsimulator/SingleThreadWatch.build/DerivedSources/GeneratedAssetSymbols.swift (in target 'SingleThreadWatch' from project 'SingleThread')

SwiftCompile normal arm64 /Users/vardy/dev/alanvardy-var-1014-lower-deployment-targets-from-ios-187watchos-265-to-the/DerivedData/Build/Intermediates.noindex/SingleThread.build/Debug-watchsimulator/SingleThreadWatch.build/DerivedSources/GeneratedAssetSymbols.swift (in target 'SingleThreadWatch' from project 'SingleThread')
    cd /Users/vardy/dev/alanvardy-var-1014-lower-deployment-targets-from-ios-187watchos-265-to-the
    builtin-SwiftPerFileCompile GeneratedAssetSymbols.swift

SwiftCompile normal arm64 Compiling\ ShowAlarmsState.swift /Users/vardy/dev/alanvardy-var-1014-lower-deployment-targets-from-ios-187watchos-265-to-the/SingleThreadWatch/ShowAlarmsState.swift (in target 'SingleThreadWatch' from project 'SingleThread')

SwiftCompile normal arm64 /Users/vardy/dev/alanvardy-var-1014-lower-deployment-targets-from-ios-187watchos-265-to-the/SingleThreadWatch/ShowAlarmsState.swift (in target 'SingleThreadWatch' from project 'SingleThread')
    cd /Users/vardy/dev/alanvardy-var-1014-lower-deployment-targets-from-ios-187watchos-265-to-the
    builtin-SwiftPerFileCompile ShowAlarmsState.swift

SwiftEmitModule normal arm64 Emitting\ module\ for\ SingleThreadWatch (in target 'SingleThreadWatch' from project 'SingleThread')

SwiftCompile normal arm64 (in target 'SingleThreadWatch' from project 'SingleThread')
    cd /Users/vardy/dev/alanvardy-var-1014-lower-deployment-targets-from-ios-187watchos-265-to-the
    

SwiftCompile normal arm64 Compiling\ WatchReminderViewModel.swift /Users/vardy/dev/alanvardy-var-1014-lower-deployment-targets-from-ios-187watchos-265-to-the/SingleThreadWatch/WatchReminderViewModel.swift (in target 'SingleThreadWatch' from project 'SingleThread')

SwiftCompile normal arm64 /Users/vardy/dev/alanvardy-var-1014-lower-deployment-targets-from-ios-187watchos-265-to-the/SingleThreadWatch/WatchReminderViewModel.swift (in target 'SingleThreadWatch' from project 'SingleThread')
    cd /Users/vardy/dev/alanvardy-var-1014-lower-deployment-targets-from-ios-187watchos-265-to-the
    builtin-SwiftPerFileCompile WatchReminderViewModel.swift

SwiftCompile normal arm64 Compiling\ ShowListState.swift /Users/vardy/dev/alanvardy-var-1014-lower-deployment-targets-from-ios-187watchos-265-to-the/SingleThreadWatch/ShowListState.swift (in target 'SingleThreadWatch' from project 'SingleThread')

SwiftCompile normal arm64 /Users/vardy/dev/alanvardy-var-1014-lower-deployment-targets-from-ios-187watchos-265-to-the/SingleThreadWatch/ShowListState.swift (in target 'SingleThreadWatch' from project 'SingleThread')
    cd /Users/vardy/dev/alanvardy-var-1014-lower-deployment-targets-from-ios-187watchos-265-to-the
    builtin-SwiftPerFileCompile ShowListState.swift

SwiftCompile normal arm64 Compiling\ WatchReminderView.swift /Users/vardy/dev/alanvardy-var-1014-lower-deployment-targets-from-ios-187watchos-265-to-the/SingleThreadWatch/WatchReminderView.swift (in target 'SingleThreadWatch' from project 'SingleThread')

SwiftCompile normal arm64 /Users/vardy/dev/alanvardy-var-1014-lower-deployment-targets-from-ios-187watchos-265-to-the/SingleThreadWatch/WatchReminderView.swift (in target 'SingleThreadWatch' from project 'SingleThread')
    cd /Users/vardy/dev/alanvardy-var-1014-lower-deployment-targets-from-ios-187watchos-265-to-the
    builtin-SwiftPerFileCompile WatchReminderView.swift

SwiftCompile normal arm64 Compiling\ ShowDateState.swift /Users/vardy/dev/alanvardy-var-1014-lower-deployment-targets-from-ios-187watchos-265-to-the/SingleThreadWatch/ShowDateState.swift (in target 'SingleThreadWatch' from project 'SingleThread')

SwiftCompile normal arm64 /Users/vardy/dev/alanvardy-var-1014-lower-deployment-targets-from-ios-187watchos-265-to-the/SingleThreadWatch/ShowDateState.swift (in target 'SingleThreadWatch' from project 'SingleThread')
    cd /Users/vardy/dev/alanvardy-var-1014-lower-deployment-targets-from-ios-187watchos-265-to-the
    builtin-SwiftPerFileCompile ShowDateState.swift

SwiftEmitModule normal x86_64 Emitting\ module\ for\ SingleThreadWatch (in target 'SingleThreadWatch' from project 'SingleThread')

SwiftCompile normal x86_64 (in target 'SingleThreadWatch' from project 'SingleThread')
    cd /Users/vardy/dev/alanvardy-var-1014-lower-deployment-targets-from-ios-187watchos-265-to-the
    

SwiftCompile normal x86_64 Compiling\ WatchReminderView.swift /Users/vardy/dev/alanvardy-var-1014-lower-deployment-targets-from-ios-187watchos-265-to-the/SingleThreadWatch/WatchReminderView.swift (in target 'SingleThreadWatch' from project 'SingleThread')

SwiftCompile normal x86_64 /Users/vardy/dev/alanvardy-var-1014-lower-deployment-targets-from-ios-187watchos-265-to-the/SingleThreadWatch/WatchReminderView.swift (in target 'SingleThreadWatch' from project 'SingleThread')
    cd /Users/vardy/dev/alanvardy-var-1014-lower-deployment-targets-from-ios-187watchos-265-to-the
    builtin-SwiftPerFileCompile WatchReminderView.swift

SwiftDriverJobDiscovery normal x86_64 Compiling EntitlementState.swift, EntitlementStore.swift, EventKitStoring.swift, EventStoreChangedObserver.swift (in target 'SingleThreadCore' from project 'SingleThreadCore')

SwiftCompile normal x86_64 Compiling\ ShowEnableActionButtonsState.swift /Users/vardy/dev/alanvardy-var-1014-lower-deployment-targets-from-ios-187watchos-265-to-the/SingleThreadWatch/ShowEnableActionButtonsState.swift (in target 'SingleThreadWatch' from project 'SingleThread')

SwiftCompile normal x86_64 /Users/vardy/dev/alanvardy-var-1014-lower-deployment-targets-from-ios-187watchos-265-to-the/SingleThreadWatch/ShowEnableActionButtonsState.swift (in target 'SingleThreadWatch' from project 'SingleThread')
    cd /Users/vardy/dev/alanvardy-var-1014-lower-deployment-targets-from-ios-187watchos-265-to-the
    builtin-SwiftPerFileCompile ShowEnableActionButtonsState.swift

SwiftDriverJobDiscovery normal arm64 Compiling GeneratedAssetSymbols.swift (in target 'SingleThreadWatch' from project 'SingleThread')

SwiftCompile normal x86_64 Compiling\ ShowListState.swift /Users/vardy/dev/alanvardy-var-1014-lower-deployment-targets-from-ios-187watchos-265-to-the/SingleThreadWatch/ShowListState.swift (in target 'SingleThreadWatch' from project 'SingleThread')

SwiftCompile normal x86_64 /Users/vardy/dev/alanvardy-var-1014-lower-deployment-targets-from-ios-187watchos-265-to-the/SingleThreadWatch/ShowListState.swift (in target 'SingleThreadWatch' from project 'SingleThread')
    cd /Users/vardy/dev/alanvardy-var-1014-lower-deployment-targets-from-ios-187watchos-265-to-the
    builtin-SwiftPerFileCompile ShowListState.swift

SwiftDriverJobDiscovery normal arm64 Compiling ShowAlarmsState.swift (in target 'SingleThreadWatch' from project 'SingleThread')

SwiftCompile normal x86_64 Compiling\ WatchReminderViewModel.swift /Users/vardy/dev/alanvardy-var-1014-lower-deployment-targets-from-ios-187watchos-265-to-the/SingleThreadWatch/WatchReminderViewModel.swift (in target 'SingleThreadWatch' from project 'SingleThread')

SwiftCompile normal x86_64 /Users/vardy/dev/alanvardy-var-1014-lower-deployment-targets-from-ios-187watchos-265-to-the/SingleThreadWatch/WatchReminderViewModel.swift (in target 'SingleThreadWatch' from project 'SingleThread')
    cd /Users/vardy/dev/alanvardy-var-1014-lower-deployment-targets-from-ios-187watchos-265-to-the
    builtin-SwiftPerFileCompile WatchReminderViewModel.swift

SwiftCompile normal x86_64 Compiling\ ShowDateState.swift /Users/vardy/dev/alanvardy-var-1014-lower-deployment-targets-from-ios-187watchos-265-to-the/SingleThreadWatch/ShowDateState.swift (in target 'SingleThreadWatch' from project 'SingleThread')

SwiftCompile normal x86_64 /Users/vardy/dev/alanvardy-var-1014-lower-deployment-targets-from-ios-187watchos-265-to-the/SingleThreadWatch/ShowDateState.swift (in target 'SingleThreadWatch' from project 'SingleThread')
    cd /Users/vardy/dev/alanvardy-var-1014-lower-deployment-targets-from-ios-187watchos-265-to-the
    builtin-SwiftPerFileCompile ShowDateState.swift

SwiftDriverJobDiscovery normal arm64 Compiling ShowListState.swift (in target 'SingleThreadWatch' from project 'SingleThread')

SwiftDriverJobDiscovery normal arm64 Compiling ShowDateState.swift (in target 'SingleThreadWatch' from project 'SingleThread')

SwiftCompile normal x86_64 Compiling\ SingleThreadWatchApp.swift /Users/vardy/dev/alanvardy-var-1014-lower-deployment-targets-from-ios-187watchos-265-to-the/SingleThreadWatch/SingleThreadWatchApp.swift (in target 'SingleThreadWatch' from project 'SingleThread')

SwiftCompile normal x86_64 /Users/vardy/dev/alanvardy-var-1014-lower-deployment-targets-from-ios-187watchos-265-to-the/SingleThreadWatch/SingleThreadWatchApp.swift (in target 'SingleThreadWatch' from project 'SingleThread')
    cd /Users/vardy/dev/alanvardy-var-1014-lower-deployment-targets-from-ios-187watchos-265-to-the
    builtin-SwiftPerFileCompile SingleThreadWatchApp.swift

SwiftDriverJobDiscovery normal arm64 Compiling SingleThreadWatchApp.swift (in target 'SingleThreadWatch' from project 'SingleThread')

SwiftCompile normal x86_64 Compiling\ ShowAlarmsState.swift /Users/vardy/dev/alanvardy-var-1014-lower-deployment-targets-from-ios-187watchos-265-to-the/SingleThreadWatch/ShowAlarmsState.swift (in target 'SingleThreadWatch' from project 'SingleThread')

SwiftCompile normal x86_64 /Users/vardy/dev/alanvardy-var-1014-lower-deployment-targets-from-ios-187watchos-265-to-the/SingleThreadWatch/ShowAlarmsState.swift (in target 'SingleThreadWatch' from project 'SingleThread')
    cd /Users/vardy/dev/alanvardy-var-1014-lower-deployment-targets-from-ios-187watchos-265-to-the
    builtin-SwiftPerFileCompile ShowAlarmsState.swift

SwiftDriverJobDiscovery normal x86_64 Compiling ReminderRecurrenceFormatter.swift, ReminderSkip.swift, ReminderSort.swift, ReminderStore.swift (in target 'SingleThreadCore' from project 'SingleThreadCore')

SwiftCompile normal x86_64 Compiling\ WatchAppViewModel.swift /Users/vardy/dev/alanvardy-var-1014-lower-deployment-targets-from-ios-187watchos-265-to-the/SingleThreadWatch/WatchAppViewModel.swift (in target 'SingleThreadWatch' from project 'SingleThread')

SwiftCompile normal x86_64 /Users/vardy/dev/alanvardy-var-1014-lower-deployment-targets-from-ios-187watchos-265-to-the/SingleThreadWatch/WatchAppViewModel.swift (in target 'SingleThreadWatch' from project 'SingleThread')
    cd /Users/vardy/dev/alanvardy-var-1014-lower-deployment-targets-from-ios-187watchos-265-to-the
    builtin-SwiftPerFileCompile WatchAppViewModel.swift

SwiftDriverJobDiscovery normal x86_64 Compiling ShowEnableActionButtonsState.swift (in target 'SingleThreadWatch' from project 'SingleThread')

SwiftCompile normal x86_64 Compiling\ GeneratedAssetSymbols.swift /Users/vardy/dev/alanvardy-var-1014-lower-deployment-targets-from-ios-187watchos-265-to-the/DerivedData/Build/Intermediates.noindex/SingleThread.build/Debug-watchsimulator/SingleThreadWatch.build/DerivedSources/GeneratedAssetSymbols.swift (in target 'SingleThreadWatch' from project 'SingleThread')

SwiftCompile normal x86_64 /Users/vardy/dev/alanvardy-var-1014-lower-deployment-targets-from-ios-187watchos-265-to-the/DerivedData/Build/Intermediates.noindex/SingleThread.build/Debug-watchsimulator/SingleThreadWatch.build/DerivedSources/GeneratedAssetSymbols.swift (in target 'SingleThreadWatch' from project 'SingleThread')
    cd /Users/vardy/dev/alanvardy-var-1014-lower-deployment-targets-from-ios-187watchos-265-to-the
    builtin-SwiftPerFileCompile GeneratedAssetSymbols.swift

SwiftDriverJobDiscovery normal x86_64 Compiling ShowListState.swift (in target 'SingleThreadWatch' from project 'SingleThread')

SwiftCompile normal arm64 Compiling\ ShowEnableActionButtonsState.swift /Users/vardy/dev/alanvardy-var-1014-lower-deployment-targets-from-ios-187watchos-265-to-the/SingleThreadWatch/ShowEnableActionButtonsState.swift (in target 'SingleThreadWatch' from project 'SingleThread')

SwiftCompile normal arm64 /Users/vardy/dev/alanvardy-var-1014-lower-deployment-targets-from-ios-187watchos-265-to-the/SingleThreadWatch/ShowEnableActionButtonsState.swift (in target 'SingleThreadWatch' from project 'SingleThread')
    cd /Users/vardy/dev/alanvardy-var-1014-lower-deployment-targets-from-ios-187watchos-265-to-the
    builtin-SwiftPerFileCompile ShowEnableActionButtonsState.swift

SwiftDriverJobDiscovery normal x86_64 Compiling ShowDateState.swift (in target 'SingleThreadWatch' from project 'SingleThread')

SwiftCompile normal arm64 Compiling\ ShowCompletionGlowState.swift /Users/vardy/dev/alanvardy-var-1014-lower-deployment-targets-from-ios-187watchos-265-to-the/SingleThreadWatch/ShowCompletionGlowState.swift (in target 'SingleThreadWatch' from project 'SingleThread')

SwiftCompile normal arm64 /Users/vardy/dev/alanvardy-var-1014-lower-deployment-targets-from-ios-187watchos-265-to-the/SingleThreadWatch/ShowCompletionGlowState.swift (in target 'SingleThreadWatch' from project 'SingleThread')
    cd /Users/vardy/dev/alanvardy-var-1014-lower-deployment-targets-from-ios-187watchos-265-to-the
    builtin-SwiftPerFileCompile ShowCompletionGlowState.swift

SwiftDriverJobDiscovery normal arm64 Emitting module for SingleThreadWatch (in target 'SingleThreadWatch' from project 'SingleThread')

SwiftDriver\ Compilation\ Requirements SingleThreadWatch normal arm64 com.apple.xcode.tools.swift.compiler (in target 'SingleThreadWatch' from project 'SingleThread')
    cd /Users/vardy/dev/alanvardy-var-1014-lower-deployment-targets-from-ios-187watchos-265-to-the
    builtin-Swift-Compilation-Requirements -- /Applications/Xcode.app/Contents/Developer/Toolchains/XcodeDefault.xctoolchain/usr/bin/swiftc -module-name SingleThreadWatch -Onone @/Users/vardy/dev/alanvardy-var-1014-lower-deployment-targets-from-ios-187watchos-265-to-the/DerivedData/Build/Intermediates.noindex/SingleThread.build/Debug-watchsimulator/SingleThreadWatch.build/Objects-normal/arm64/SingleThreadWatch.SwiftFileList -DDEBUG -default-isolation\=MainActor -enable-upcoming-feature InferIsolatedConformances -enable-upcoming-feature NonisolatedNonsendingByDefault -enable-experimental-feature DebugDescriptionMacro -sdk /Applications/Xcode.app/Contents/Developer/Platforms/WatchSimulator.platform/Developer/SDKs/WatchSimulator27.0.sdk -target arm64-apple-watchos11.0-simulator -g -module-cache-path /Users/vardy/dev/alanvardy-var-1014-lower-deployment-targets-from-ios-187watchos-265-to-the/DerivedData/ModuleCache.noindex -Xfrontend -serialize-debugging-options -profile-coverage-mapping -profile-generate -enable-testing -warnings-as-errors -index-store-path /Users/vardy/dev/alanvardy-var-1014-lower-deployment-targets-from-ios-187watchos-265-to-the/DerivedData/Index.noindex/DataStore -Xcc -D_LIBCPP_HARDENING_MODE\=_LIBCPP_HARDENING_MODE_DEBUG -swift-version 6 -I /Users/vardy/dev/alanvardy-var-1014-lower-deployment-targets-from-ios-187watchos-265-to-the/DerivedData/Build/Products/Debug-watchsimulator -F /Users/vardy/dev/alanvardy-var-1014-lower-deployment-targets-from-ios-187watchos-265-to-the/DerivedData/Build/Products/Debug-watchsimulator/PackageFrameworks -F /Users/vardy/dev/alanvardy-var-1014-lower-deployment-targets-from-ios-187watchos-265-to-the/DerivedData/Build/Products/Debug-watchsimulator -emit-localized-strings -emit-localized-strings-path /Users/vardy/dev/alanvardy-var-1014-lower-deployment-targets-from-ios-187watchos-265-to-the/DerivedData/Build/Intermediates.noindex/SingleThread.build/Debug-watchsimulator/SingleThreadWatch.build/Objects-normal/arm64 -c -j12 -enable-batch-mode -incremental -Xcc -ivfsstatcache -Xcc /Users/vardy/dev/alanvardy-var-1014-lower-deployment-targets-from-ios-187watchos-265-to-the/DerivedData/SDKStatCaches.noindex/watchsimulator27.0-24R360-c50668d93734557a32a78b937f5ceaf1.sdkstatcache -output-file-map /Users/vardy/dev/alanvardy-var-1014-lower-deployment-targets-from-ios-187watchos-265-to-the/DerivedData/Build/Intermediates.noindex/SingleThread.build/Debug-watchsimulator/SingleThreadWatch.build/Objects-normal/arm64/SingleThreadWatch-OutputFileMap.json -save-temps -no-color-diagnostics -explicit-module-build -module-cache-path /Users/vardy/dev/alanvardy-var-1014-lower-deployment-targets-from-ios-187watchos-265-to-the/DerivedData/Build/Intermediates.noindex/SwiftExplicitPrecompiledModules -clang-scanner-module-cache-path /Users/vardy/dev/alanvardy-var-1014-lower-deployment-targets-from-ios-187watchos-265-to-the/DerivedData/ModuleCache.noindex -sdk-module-cache-path /Users/vardy/dev/alanvardy-var-1014-lower-deployment-targets-from-ios-187watchos-265-to-the/DerivedData/SDKExplicitPrecompiledModules -emit-dependencies -emit-module -emit-module-path /Users/vardy/dev/alanvardy-var-1014-lower-deployment-targets-from-ios-187watchos-265-to-the/DerivedData/Build/Intermediates.noindex/SingleThread.build/Debug-watchsimulator/SingleThreadWatch.build/Objects-normal/arm64/SingleThreadWatch.swiftmodule -serialize-diagnostics -dependency-scan-serialize-diagnostics-path /Users/vardy/dev/alanvardy-var-1014-lower-deployment-targets-from-ios-187watchos-265-to-the/DerivedData/Build/Intermediates.noindex/SingleThread.build/Debug-watchsimulator/SingleThreadWatch.build/Objects-normal/arm64/SingleThreadWatch-dependency-scan.dia -validate-clang-modules-once -clang-build-session-file /Users/vardy/dev/alanvardy-var-1014-lower-deployment-targets-from-ios-187watchos-265-to-the/DerivedData/ModuleCache.noindex/Session.modulevalidation -Xcc -fmodules-prune-interval\=86400 -Xcc -fmodules-prune-after\=345600 -emit-const-values -const-gather-protocols-list /Users/vardy/dev/alanvardy-var-1014-lower-deployment-targets-from-ios-187watchos-265-to-the/DerivedData/Build/Intermediates.noindex/SingleThread.build/Debug-watchsimulator/SingleThreadWatch.build/Objects-normal/arm64/SingleThreadWatch_const_extract_protocols.json -Xcc -iquote -Xcc /Users/vardy/dev/alanvardy-var-1014-lower-deployment-targets-from-ios-187watchos-265-to-the/DerivedData/Build/Intermediates.noindex/SingleThread.build/Debug-watchsimulator/SingleThreadWatch.build/SingleThreadWatch-generated-files.hmap -Xcc -I/Users/vardy/dev/alanvardy-var-1014-lower-deployment-targets-from-ios-187watchos-265-to-the/DerivedData/Build/Intermediates.noindex/SingleThread.build/Debug-watchsimulator/SingleThreadWatch.build/SingleThreadWatch-own-target-headers.hmap -Xcc -I/Users/vardy/dev/alanvardy-var-1014-lower-deployment-targets-from-ios-187watchos-265-to-the/DerivedData/Build/Intermediates.noindex/SingleThread.build/Debug-watchsimulator/SingleThreadWatch.build/SingleThreadWatch-all-non-framework-target-headers.hmap -Xcc -ivfsoverlay -Xcc /Users/vardy/dev/alanvardy-var-1014-lower-deployment-targets-from-ios-187watchos-265-to-the/DerivedData/Build/Intermediates.noindex/SingleThread.build/Debug-watchsimulator/SingleThread-33ec346c36bc7f11d2672a35e2382a55-VFS-watchsimulator/all-product-headers.yaml -Xcc -iquote -Xcc /Users/vardy/dev/alanvardy-var-1014-lower-deployment-targets-from-ios-187watchos-265-to-the/DerivedData/Build/Intermediates.noindex/SingleThread.build/Debug-watchsimulator/SingleThreadWatch.build/SingleThreadWatch-project-headers.hmap -Xcc -I/Users/vardy/dev/alanvardy-var-1014-lower-deployment-targets-from-ios-187watchos-265-to-the/DerivedData/Build/Products/Debug-watchsimulator/include -Xcc -I/Users/vardy/dev/alanvardy-var-1014-lower-deployment-targets-from-ios-187watchos-265-to-the/DerivedData/Build/Intermediates.noindex/SingleThread.build/Debug-watchsimulator/SingleThreadWatch.build/DerivedSources-normal/arm64 -Xcc -I/Users/vardy/dev/alanvardy-var-1014-lower-deployment-targets-from-ios-187watchos-265-to-the/DerivedData/Build/Intermediates.noindex/SingleThread.build/Debug-watchsimulator/SingleThreadWatch.build/DerivedSources/arm64 -Xcc -I/Users/vardy/dev/alanvardy-var-1014-lower-deployment-targets-from-ios-187watchos-265-to-the/DerivedData/Build/Intermediates.noindex/SingleThread.build/Debug-watchsimulator/SingleThreadWatch.build/DerivedSources -Xcc -DDEBUG\=1 -emit-objc-header -emit-objc-header-path /Users/vardy/dev/alanvardy-var-1014-lower-deployment-targets-from-ios-187watchos-265-to-the/DerivedData/Build/Intermediates.noindex/SingleThread.build/Debug-watchsimulator/SingleThreadWatch.build/Objects-normal/arm64/SingleThreadWatch-Swift.h -working-directory /Users/vardy/dev/alanvardy-var-1014-lower-deployment-targets-from-ios-187watchos-265-to-the -experimental-emit-module-separately -disable-cmo

SwiftDriverJobDiscovery normal arm64 Compiling WatchReminderViewModel.swift (in target 'SingleThreadWatch' from project 'SingleThread')

SwiftCompile normal arm64 Compiling\ WatchAppViewModel.swift /Users/vardy/dev/alanvardy-var-1014-lower-deployment-targets-from-ios-187watchos-265-to-the/SingleThreadWatch/WatchAppViewModel.swift (in target 'SingleThreadWatch' from project 'SingleThread')

SwiftCompile normal arm64 /Users/vardy/dev/alanvardy-var-1014-lower-deployment-targets-from-ios-187watchos-265-to-the/SingleThreadWatch/WatchAppViewModel.swift (in target 'SingleThreadWatch' from project 'SingleThread')
    cd /Users/vardy/dev/alanvardy-var-1014-lower-deployment-targets-from-ios-187watchos-265-to-the
    builtin-SwiftPerFileCompile WatchAppViewModel.swift

Copy /Users/vardy/dev/alanvardy-var-1014-lower-deployment-targets-from-ios-187watchos-265-to-the/DerivedData/Build/Products/Debug-watchsimulator/SingleThreadWatch.swiftmodule/arm64-apple-watchos-simulator.swiftmodule /Users/vardy/dev/alanvardy-var-1014-lower-deployment-targets-from-ios-187watchos-265-to-the/DerivedData/Build/Intermediates.noindex/SingleThread.build/Debug-watchsimulator/SingleThreadWatch.build/Objects-normal/arm64/SingleThreadWatch.swiftmodule (in target 'SingleThreadWatch' from project 'SingleThread')
    cd /Users/vardy/dev/alanvardy-var-1014-lower-deployment-targets-from-ios-187watchos-265-to-the
    builtin-copy -exclude .DS_Store -exclude CVS -exclude .svn -exclude .git -exclude .hg -resolve-src-symlinks -rename /Users/vardy/dev/alanvardy-var-1014-lower-deployment-targets-from-ios-187watchos-265-to-the/DerivedData/Build/Intermediates.noindex/SingleThread.build/Debug-watchsimulator/SingleThreadWatch.build/Objects-normal/arm64/SingleThreadWatch.swiftmodule /Users/vardy/dev/alanvardy-var-1014-lower-deployment-targets-from-ios-187watchos-265-to-the/DerivedData/Build/Products/Debug-watchsimulator/SingleThreadWatch.swiftmodule/arm64-apple-watchos-simulator.swiftmodule

SwiftDriverJobDiscovery normal x86_64 Compiling SingleThreadWatchApp.swift (in target 'SingleThreadWatch' from project 'SingleThread')

Copy /Users/vardy/dev/alanvardy-var-1014-lower-deployment-targets-from-ios-187watchos-265-to-the/DerivedData/Build/Products/Debug-watchsimulator/SingleThreadWatch.swiftmodule/arm64-apple-watchos-simulator.swiftdoc /Users/vardy/dev/alanvardy-var-1014-lower-deployment-targets-from-ios-187watchos-265-to-the/DerivedData/Build/Intermediates.noindex/SingleThread.build/Debug-watchsimulator/SingleThreadWatch.build/Objects-normal/arm64/SingleThreadWatch.swiftdoc (in target 'SingleThreadWatch' from project 'SingleThread')
    cd /Users/vardy/dev/alanvardy-var-1014-lower-deployment-targets-from-ios-187watchos-265-to-the
    builtin-copy -exclude .DS_Store -exclude CVS -exclude .svn -exclude .git -exclude .hg -resolve-src-symlinks -rename /Users/vardy/dev/alanvardy-var-1014-lower-deployment-targets-from-ios-187watchos-265-to-the/DerivedData/Build/Intermediates.noindex/SingleThread.build/Debug-watchsimulator/SingleThreadWatch.build/Objects-normal/arm64/SingleThreadWatch.swiftdoc /Users/vardy/dev/alanvardy-var-1014-lower-deployment-targets-from-ios-187watchos-265-to-the/DerivedData/Build/Products/Debug-watchsimulator/SingleThreadWatch.swiftmodule/arm64-apple-watchos-simulator.swiftdoc

Copy /Users/vardy/dev/alanvardy-var-1014-lower-deployment-targets-from-ios-187watchos-265-to-the/DerivedData/Build/Products/Debug-watchsimulator/SingleThreadWatch.swiftmodule/arm64-apple-watchos-simulator.abi.json /Users/vardy/dev/alanvardy-var-1014-lower-deployment-targets-from-ios-187watchos-265-to-the/DerivedData/Build/Intermediates.noindex/SingleThread.build/Debug-watchsimulator/SingleThreadWatch.build/Objects-normal/arm64/SingleThreadWatch.abi.json (in target 'SingleThreadWatch' from project 'SingleThread')
    cd /Users/vardy/dev/alanvardy-var-1014-lower-deployment-targets-from-ios-187watchos-265-to-the
    builtin-copy -exclude .DS_Store -exclude CVS -exclude .svn -exclude .git -exclude .hg -resolve-src-symlinks -rename /Users/vardy/dev/alanvardy-var-1014-lower-deployment-targets-from-ios-187watchos-265-to-the/DerivedData/Build/Intermediates.noindex/SingleThread.build/Debug-watchsimulator/SingleThreadWatch.build/Objects-normal/arm64/SingleThreadWatch.abi.json /Users/vardy/dev/alanvardy-var-1014-lower-deployment-targets-from-ios-187watchos-265-to-the/DerivedData/Build/Products/Debug-watchsimulator/SingleThreadWatch.swiftmodule/arm64-apple-watchos-simulator.abi.json

Copy /Users/vardy/dev/alanvardy-var-1014-lower-deployment-targets-from-ios-187watchos-265-to-the/DerivedData/Build/Products/Debug-watchsimulator/SingleThreadWatch.swiftmodule/Project/arm64-apple-watchos-simulator.swiftsourceinfo /Users/vardy/dev/alanvardy-var-1014-lower-deployment-targets-from-ios-187watchos-265-to-the/DerivedData/Build/Intermediates.noindex/SingleThread.build/Debug-watchsimulator/SingleThreadWatch.build/Objects-normal/arm64/SingleThreadWatch.swiftsourceinfo (in target 'SingleThreadWatch' from project 'SingleThread')
    cd /Users/vardy/dev/alanvardy-var-1014-lower-deployment-targets-from-ios-187watchos-265-to-the
    builtin-copy -exclude .DS_Store -exclude CVS -exclude .svn -exclude .git -exclude .hg -resolve-src-symlinks -rename /Users/vardy/dev/alanvardy-var-1014-lower-deployment-targets-from-ios-187watchos-265-to-the/DerivedData/Build/Intermediates.noindex/SingleThread.build/Debug-watchsimulator/SingleThreadWatch.build/Objects-normal/arm64/SingleThreadWatch.swiftsourceinfo /Users/vardy/dev/alanvardy-var-1014-lower-deployment-targets-from-ios-187watchos-265-to-the/DerivedData/Build/Products/Debug-watchsimulator/SingleThreadWatch.swiftmodule/Project/arm64-apple-watchos-simulator.swiftsourceinfo

SwiftCompile normal x86_64 Compiling\ ShowRecurrenceState.swift /Users/vardy/dev/alanvardy-var-1014-lower-deployment-targets-from-ios-187watchos-265-to-the/SingleThreadWatch/ShowRecurrenceState.swift (in target 'SingleThreadWatch' from project 'SingleThread')

SwiftCompile normal x86_64 /Users/vardy/dev/alanvardy-var-1014-lower-deployment-targets-from-ios-187watchos-265-to-the/SingleThreadWatch/ShowRecurrenceState.swift (in target 'SingleThreadWatch' from project 'SingleThread')
    cd /Users/vardy/dev/alanvardy-var-1014-lower-deployment-targets-from-ios-187watchos-265-to-the
    builtin-SwiftPerFileCompile ShowRecurrenceState.swift

SwiftCompile normal x86_64 Compiling\ ShowCompletionGlowState.swift /Users/vardy/dev/alanvardy-var-1014-lower-deployment-targets-from-ios-187watchos-265-to-the/SingleThreadWatch/ShowCompletionGlowState.swift (in target 'SingleThreadWatch' from project 'SingleThread')

SwiftCompile normal x86_64 /Users/vardy/dev/alanvardy-var-1014-lower-deployment-targets-from-ios-187watchos-265-to-the/SingleThreadWatch/ShowCompletionGlowState.swift (in target 'SingleThreadWatch' from project 'SingleThread')
    cd /Users/vardy/dev/alanvardy-var-1014-lower-deployment-targets-from-ios-187watchos-265-to-the
    builtin-SwiftPerFileCompile ShowCompletionGlowState.swift

SwiftDriverJobDiscovery normal x86_64 Emitting module for SingleThreadWatch (in target 'SingleThreadWatch' from project 'SingleThread')

SwiftDriver\ Compilation\ Requirements SingleThreadWatch normal x86_64 com.apple.xcode.tools.swift.compiler (in target 'SingleThreadWatch' from project 'SingleThread')
    cd /Users/vardy/dev/alanvardy-var-1014-lower-deployment-targets-from-ios-187watchos-265-to-the
    builtin-Swift-Compilation-Requirements -- /Applications/Xcode.app/Contents/Developer/Toolchains/XcodeDefault.xctoolchain/usr/bin/swiftc -module-name SingleThreadWatch -Onone @/Users/vardy/dev/alanvardy-var-1014-lower-deployment-targets-from-ios-187watchos-265-to-the/DerivedData/Build/Intermediates.noindex/SingleThread.build/Debug-watchsimulator/SingleThreadWatch.build/Objects-normal/x86_64/SingleThreadWatch.SwiftFileList -DDEBUG -default-isolation\=MainActor -enable-upcoming-feature InferIsolatedConformances -enable-upcoming-feature NonisolatedNonsendingByDefault -enable-experimental-feature DebugDescriptionMacro -sdk /Applications/Xcode.app/Contents/Developer/Platforms/WatchSimulator.platform/Developer/SDKs/WatchSimulator27.0.sdk -target x86_64-apple-watchos11.0-simulator -g -module-cache-path /Users/vardy/dev/alanvardy-var-1014-lower-deployment-targets-from-ios-187watchos-265-to-the/DerivedData/ModuleCache.noindex -Xfrontend -serialize-debugging-options -profile-coverage-mapping -profile-generate -enable-testing -warnings-as-errors -index-store-path /Users/vardy/dev/alanvardy-var-1014-lower-deployment-targets-from-ios-187watchos-265-to-the/DerivedData/Index.noindex/DataStore -Xcc -D_LIBCPP_HARDENING_MODE\=_LIBCPP_HARDENING_MODE_DEBUG -swift-version 6 -I /Users/vardy/dev/alanvardy-var-1014-lower-deployment-targets-from-ios-187watchos-265-to-the/DerivedData/Build/Products/Debug-watchsimulator -F /Users/vardy/dev/alanvardy-var-1014-lower-deployment-targets-from-ios-187watchos-265-to-the/DerivedData/Build/Products/Debug-watchsimulator/PackageFrameworks -F /Users/vardy/dev/alanvardy-var-1014-lower-deployment-targets-from-ios-187watchos-265-to-the/DerivedData/Build/Products/Debug-watchsimulator -emit-localized-strings -emit-localized-strings-path /Users/vardy/dev/alanvardy-var-1014-lower-deployment-targets-from-ios-187watchos-265-to-the/DerivedData/Build/Intermediates.noindex/SingleThread.build/Debug-watchsimulator/SingleThreadWatch.build/Objects-normal/x86_64 -c -j12 -enable-batch-mode -incremental -Xcc -ivfsstatcache -Xcc /Users/vardy/dev/alanvardy-var-1014-lower-deployment-targets-from-ios-187watchos-265-to-the/DerivedData/SDKStatCaches.noindex/watchsimulator27.0-24R360-c50668d93734557a32a78b937f5ceaf1.sdkstatcache -output-file-map /Users/vardy/dev/alanvardy-var-1014-lower-deployment-targets-from-ios-187watchos-265-to-the/DerivedData/Build/Intermediates.noindex/SingleThread.build/Debug-watchsimulator/SingleThreadWatch.build/Objects-normal/x86_64/SingleThreadWatch-OutputFileMap.json -save-temps -no-color-diagnostics -explicit-module-build -module-cache-path /Users/vardy/dev/alanvardy-var-1014-lower-deployment-targets-from-ios-187watchos-265-to-the/DerivedData/Build/Intermediates.noindex/SwiftExplicitPrecompiledModules -clang-scanner-module-cache-path /Users/vardy/dev/alanvardy-var-1014-lower-deployment-targets-from-ios-187watchos-265-to-the/DerivedData/ModuleCache.noindex -sdk-module-cache-path /Users/vardy/dev/alanvardy-var-1014-lower-deployment-targets-from-ios-187watchos-265-to-the/DerivedData/SDKExplicitPrecompiledModules -emit-dependencies -emit-module -emit-module-path /Users/vardy/dev/alanvardy-var-1014-lower-deployment-targets-from-ios-187watchos-265-to-the/DerivedData/Build/Intermediates.noindex/SingleThread.build/Debug-watchsimulator/SingleThreadWatch.build/Objects-normal/x86_64/SingleThreadWatch.swiftmodule -serialize-diagnostics -dependency-scan-serialize-diagnostics-path /Users/vardy/dev/alanvardy-var-1014-lower-deployment-targets-from-ios-187watchos-265-to-the/DerivedData/Build/Intermediates.noindex/SingleThread.build/Debug-watchsimulator/SingleThreadWatch.build/Objects-normal/x86_64/SingleThreadWatch-dependency-scan.dia -validate-clang-modules-once -clang-build-session-file /Users/vardy/dev/alanvardy-var-1014-lower-deployment-targets-from-ios-187watchos-265-to-the/DerivedData/ModuleCache.noindex/Session.modulevalidation -Xcc -fmodules-prune-interval\=86400 -Xcc -fmodules-prune-after\=345600 -emit-const-values -const-gather-protocols-list /Users/vardy/dev/alanvardy-var-1014-lower-deployment-targets-from-ios-187watchos-265-to-the/DerivedData/Build/Intermediates.noindex/SingleThread.build/Debug-watchsimulator/SingleThreadWatch.build/Objects-normal/x86_64/SingleThreadWatch_const_extract_protocols.json -Xcc -iquote -Xcc /Users/vardy/dev/alanvardy-var-1014-lower-deployment-targets-from-ios-187watchos-265-to-the/DerivedData/Build/Intermediates.noindex/SingleThread.build/Debug-watchsimulator/SingleThreadWatch.build/SingleThreadWatch-generated-files.hmap -Xcc -I/Users/vardy/dev/alanvardy-var-1014-lower-deployment-targets-from-ios-187watchos-265-to-the/DerivedData/Build/Intermediates.noindex/SingleThread.build/Debug-watchsimulator/SingleThreadWatch.build/SingleThreadWatch-own-target-headers.hmap -Xcc -I/Users/vardy/dev/alanvardy-var-1014-lower-deployment-targets-from-ios-187watchos-265-to-the/DerivedData/Build/Intermediates.noindex/SingleThread.build/Debug-watchsimulator/SingleThreadWatch.build/SingleThreadWatch-all-non-framework-target-headers.hmap -Xcc -ivfsoverlay -Xcc /Users/vardy/dev/alanvardy-var-1014-lower-deployment-targets-from-ios-187watchos-265-to-the/DerivedData/Build/Intermediates.noindex/SingleThread.build/Debug-watchsimulator/SingleThread-33ec346c36bc7f11d2672a35e2382a55-VFS-watchsimulator/all-product-headers.yaml -Xcc -iquote -Xcc /Users/vardy/dev/alanvardy-var-1014-lower-deployment-targets-from-ios-187watchos-265-to-the/DerivedData/Build/Intermediates.noindex/SingleThread.build/Debug-watchsimulator/SingleThreadWatch.build/SingleThreadWatch-project-headers.hmap -Xcc -I/Users/vardy/dev/alanvardy-var-1014-lower-deployment-targets-from-ios-187watchos-265-to-the/DerivedData/Build/Products/Debug-watchsimulator/include -Xcc -I/Users/vardy/dev/alanvardy-var-1014-lower-deployment-targets-from-ios-187watchos-265-to-the/DerivedData/Build/Intermediates.noindex/SingleThread.build/Debug-watchsimulator/SingleThreadWatch.build/DerivedSources-normal/x86_64 -Xcc -I/Users/vardy/dev/alanvardy-var-1014-lower-deployment-targets-from-ios-187watchos-265-to-the/DerivedData/Build/Intermediates.noindex/SingleThread.build/Debug-watchsimulator/SingleThreadWatch.build/DerivedSources/x86_64 -Xcc -I/Users/vardy/dev/alanvardy-var-1014-lower-deployment-targets-from-ios-187watchos-265-to-the/DerivedData/Build/Intermediates.noindex/SingleThread.build/Debug-watchsimulator/SingleThreadWatch.build/DerivedSources -Xcc -DDEBUG\=1 -emit-objc-header -emit-objc-header-path /Users/vardy/dev/alanvardy-var-1014-lower-deployment-targets-from-ios-187watchos-265-to-the/DerivedData/Build/Intermediates.noindex/SingleThread.build/Debug-watchsimulator/SingleThreadWatch.build/Objects-normal/x86_64/SingleThreadWatch-Swift.h -working-directory /Users/vardy/dev/alanvardy-var-1014-lower-deployment-targets-from-ios-187watchos-265-to-the -experimental-emit-module-separately -disable-cmo

SwiftDriverJobDiscovery normal x86_64 Compiling GeneratedAssetSymbols.swift (in target 'SingleThreadWatch' from project 'SingleThread')

SwiftCompile normal arm64 Compiling\ ShowRecurrenceState.swift /Users/vardy/dev/alanvardy-var-1014-lower-deployment-targets-from-ios-187watchos-265-to-the/SingleThreadWatch/ShowRecurrenceState.swift (in target 'SingleThreadWatch' from project 'SingleThread')

SwiftCompile normal arm64 /Users/vardy/dev/alanvardy-var-1014-lower-deployment-targets-from-ios-187watchos-265-to-the/SingleThreadWatch/ShowRecurrenceState.swift (in target 'SingleThreadWatch' from project 'SingleThread')
    cd /Users/vardy/dev/alanvardy-var-1014-lower-deployment-targets-from-ios-187watchos-265-to-the
    builtin-SwiftPerFileCompile ShowRecurrenceState.swift

Copy /Users/vardy/dev/alanvardy-var-1014-lower-deployment-targets-from-ios-187watchos-265-to-the/DerivedData/Build/Products/Debug-watchsimulator/SingleThreadWatch.swiftmodule/x86_64-apple-watchos-simulator.swiftmodule /Users/vardy/dev/alanvardy-var-1014-lower-deployment-targets-from-ios-187watchos-265-to-the/DerivedData/Build/Intermediates.noindex/SingleThread.build/Debug-watchsimulator/SingleThreadWatch.build/Objects-normal/x86_64/SingleThreadWatch.swiftmodule (in target 'SingleThreadWatch' from project 'SingleThread')
    cd /Users/vardy/dev/alanvardy-var-1014-lower-deployment-targets-from-ios-187watchos-265-to-the
    builtin-copy -exclude .DS_Store -exclude CVS -exclude .svn -exclude .git -exclude .hg -resolve-src-symlinks -rename /Users/vardy/dev/alanvardy-var-1014-lower-deployment-targets-from-ios-187watchos-265-to-the/DerivedData/Build/Intermediates.noindex/SingleThread.build/Debug-watchsimulator/SingleThreadWatch.build/Objects-normal/x86_64/SingleThreadWatch.swiftmodule /Users/vardy/dev/alanvardy-var-1014-lower-deployment-targets-from-ios-187watchos-265-to-the/DerivedData/Build/Products/Debug-watchsimulator/SingleThreadWatch.swiftmodule/x86_64-apple-watchos-simulator.swiftmodule

SwiftDriverJobDiscovery normal x86_64 Compiling ShowAlarmsState.swift (in target 'SingleThreadWatch' from project 'SingleThread')

Copy /Users/vardy/dev/alanvardy-var-1014-lower-deployment-targets-from-ios-187watchos-265-to-the/DerivedData/Build/Products/Debug-watchsimulator/SingleThreadWatch.swiftmodule/x86_64-apple-watchos-simulator.swiftdoc /Users/vardy/dev/alanvardy-var-1014-lower-deployment-targets-from-ios-187watchos-265-to-the/DerivedData/Build/Intermediates.noindex/SingleThread.build/Debug-watchsimulator/SingleThreadWatch.build/Objects-normal/x86_64/SingleThreadWatch.swiftdoc (in target 'SingleThreadWatch' from project 'SingleThread')
    cd /Users/vardy/dev/alanvardy-var-1014-lower-deployment-targets-from-ios-187watchos-265-to-the
    builtin-copy -exclude .DS_Store -exclude CVS -exclude .svn -exclude .git -exclude .hg -resolve-src-symlinks -rename /Users/vardy/dev/alanvardy-var-1014-lower-deployment-targets-from-ios-187watchos-265-to-the/DerivedData/Build/Intermediates.noindex/SingleThread.build/Debug-watchsimulator/SingleThreadWatch.build/Objects-normal/x86_64/SingleThreadWatch.swiftdoc /Users/vardy/dev/alanvardy-var-1014-lower-deployment-targets-from-ios-187watchos-265-to-the/DerivedData/Build/Products/Debug-watchsimulator/SingleThreadWatch.swiftmodule/x86_64-apple-watchos-simulator.swiftdoc

Copy /Users/vardy/dev/alanvardy-var-1014-lower-deployment-targets-from-ios-187watchos-265-to-the/DerivedData/Build/Products/Debug-watchsimulator/SingleThreadWatch.swiftmodule/x86_64-apple-watchos-simulator.abi.json /Users/vardy/dev/alanvardy-var-1014-lower-deployment-targets-from-ios-187watchos-265-to-the/DerivedData/Build/Intermediates.noindex/SingleThread.build/Debug-watchsimulator/SingleThreadWatch.build/Objects-normal/x86_64/SingleThreadWatch.abi.json (in target 'SingleThreadWatch' from project 'SingleThread')
    cd /Users/vardy/dev/alanvardy-var-1014-lower-deployment-targets-from-ios-187watchos-265-to-the
    builtin-copy -exclude .DS_Store -exclude CVS -exclude .svn -exclude .git -exclude .hg -resolve-src-symlinks -rename /Users/vardy/dev/alanvardy-var-1014-lower-deployment-targets-from-ios-187watchos-265-to-the/DerivedData/Build/Intermediates.noindex/SingleThread.build/Debug-watchsimulator/SingleThreadWatch.build/Objects-normal/x86_64/SingleThreadWatch.abi.json /Users/vardy/dev/alanvardy-var-1014-lower-deployment-targets-from-ios-187watchos-265-to-the/DerivedData/Build/Products/Debug-watchsimulator/SingleThreadWatch.swiftmodule/x86_64-apple-watchos-simulator.abi.json

Copy /Users/vardy/dev/alanvardy-var-1014-lower-deployment-targets-from-ios-187watchos-265-to-the/DerivedData/Build/Products/Debug-watchsimulator/SingleThreadWatch.swiftmodule/Project/x86_64-apple-watchos-simulator.swiftsourceinfo /Users/vardy/dev/alanvardy-var-1014-lower-deployment-targets-from-ios-187watchos-265-to-the/DerivedData/Build/Intermediates.noindex/SingleThread.build/Debug-watchsimulator/SingleThreadWatch.build/Objects-normal/x86_64/SingleThreadWatch.swiftsourceinfo (in target 'SingleThreadWatch' from project 'SingleThread')
    cd /Users/vardy/dev/alanvardy-var-1014-lower-deployment-targets-from-ios-187watchos-265-to-the
    builtin-copy -exclude .DS_Store -exclude CVS -exclude .svn -exclude .git -exclude .hg -resolve-src-symlinks -rename /Users/vardy/dev/alanvardy-var-1014-lower-deployment-targets-from-ios-187watchos-265-to-the/DerivedData/Build/Intermediates.noindex/SingleThread.build/Debug-watchsimulator/SingleThreadWatch.build/Objects-normal/x86_64/SingleThreadWatch.swiftsourceinfo /Users/vardy/dev/alanvardy-var-1014-lower-deployment-targets-from-ios-187watchos-265-to-the/DerivedData/Build/Products/Debug-watchsimulator/SingleThreadWatch.swiftmodule/Project/x86_64-apple-watchos-simulator.swiftsourceinfo

SwiftDriver\ Compilation SingleThreadCore normal x86_64 com.apple.xcode.tools.swift.compiler (in target 'SingleThreadCore' from project 'SingleThreadCore')
    cd /Users/vardy/dev/alanvardy-var-1014-lower-deployment-targets-from-ios-187watchos-265-to-the/SingleThread.xcodeproj
    builtin-Swift-Compilation -- /Applications/Xcode.app/Contents/Developer/Toolchains/XcodeDefault.xctoolchain/usr/bin/swiftc -parse-as-library -module-name SingleThreadCore -Onone @/Users/vardy/dev/alanvardy-var-1014-lower-deployment-targets-from-ios-187watchos-265-to-the/DerivedData/Build/Intermediates.noindex/SingleThreadCore.build/Debug-watchsimulator/SingleThreadCore-t.build/Objects-normal/x86_64/SingleThreadCore.SwiftFileList -DSWIFT_PACKAGE -DDEBUG -DSWIFT_MODULE_RESOURCE_BUNDLE_AVAILABLE -DXcode -plugin-path /Applications/Xcode.app/Contents/Developer/Toolchains/XcodeDefault.xctoolchain/usr/lib/swift/host/plugins/testing -enable-experimental-feature DebugDescriptionMacro -sdk /Applications/Xcode.app/Contents/Developer/Platforms/WatchSimulator.platform/Developer/SDKs/WatchSimulator27.0.sdk -target x86_64-apple-watchos11.0-simulator -g -module-cache-path /Users/vardy/dev/alanvardy-var-1014-lower-deployment-targets-from-ios-187watchos-265-to-the/DerivedData/ModuleCache.noindex -Xfrontend -serialize-debugging-options -profile-coverage-mapping -profile-generate -enable-testing -index-store-path /Users/vardy/dev/alanvardy-var-1014-lower-deployment-targets-from-ios-187watchos-265-to-the/DerivedData/Index.noindex/DataStore -Xcc -D_LIBCPP_HARDENING_MODE\=_LIBCPP_HARDENING_MODE_DEBUG -swift-version 6 -I /Users/vardy/dev/alanvardy-var-1014-lower-deployment-targets-from-ios-187watchos-265-to-the/DerivedData/Build/Products/Debug-watchsimulator -Isystem /Applications/Xcode.app/Contents/Developer/Platforms/WatchSimulator.platform/Developer/usr/lib -F /Users/vardy/dev/alanvardy-var-1014-lower-deployment-targets-from-ios-187watchos-265-to-the/DerivedData/Build/Products/Debug-watchsimulator -F /Applications/Xcode.app/Contents/Developer/Platforms/WatchSimulator.platform/Developer/Library/Frameworks -F /Applications/Xcode.app/Contents/Developer/Platforms/WatchSimulator.platform/Developer/SDKs/WatchSimulator27.0.sdk/Developer/Library/Frameworks -c -j12 -enable-batch-mode -incremental -Xcc -ivfsstatcache -Xcc /Users/vardy/dev/alanvardy-var-1014-lower-deployment-targets-from-ios-187watchos-265-to-the/DerivedData/SDKStatCaches.noindex/watchsimulator27.0-24R360-c50668d93734557a32a78b937f5ceaf1.sdkstatcache -output-file-map /Users/vardy/dev/alanvardy-var-1014-lower-deployment-targets-from-ios-187watchos-265-to-the/DerivedData/Build/Intermediates.noindex/SingleThreadCore.build/Debug-watchsimulator/SingleThreadCore-t.build/Objects-normal/x86_64/SingleThreadCore-OutputFileMap.json -save-temps -no-color-diagnostics -explicit-module-build -module-cache-path /Users/vardy/dev/alanvardy-var-1014-lower-deployment-targets-from-ios-187watchos-265-to-the/DerivedData/Build/Intermediates.noindex/SwiftExplicitPrecompiledModules -clang-scanner-module-cache-path /Users/vardy/dev/alanvardy-var-1014-lower-deployment-targets-from-ios-187watchos-265-to-the/DerivedData/ModuleCache.noindex -sdk-module-cache-path /Users/vardy/dev/alanvardy-var-1014-lower-deployment-targets-from-ios-187watchos-265-to-the/DerivedData/SDKExplicitPrecompiledModules -emit-dependencies -emit-module -emit-module-path /Users/vardy/dev/alanvardy-var-1014-lower-deployment-targets-from-ios-187watchos-265-to-the/DerivedData/Build/Intermediates.noindex/SingleThreadCore.build/Debug-watchsimulator/SingleThreadCore-t.build/Objects-normal/x86_64/SingleThreadCore.swiftmodule -serialize-diagnostics -dependency-scan-serialize-diagnostics-path /Users/vardy/dev/alanvardy-var-1014-lower-deployment-targets-from-ios-187watchos-265-to-the/DerivedData/Build/Intermediates.noindex/SingleThreadCore.build/Debug-watchsimulator/SingleThreadCore-t.build/Objects-normal/x86_64/SingleThreadCore-dependency-scan.dia -validate-clang-modules-once -clang-build-session-file /Users/vardy/dev/alanvardy-var-1014-lower-deployment-targets-from-ios-187watchos-265-to-the/DerivedData/ModuleCache.noindex/Session.modulevalidation -Xcc -fmodules-prune-interval\=86400 -Xcc -fmodules-prune-after\=345600 -package-name singlethreadcore -emit-const-values -const-gather-protocols-list /Users/vardy/dev/alanvardy-var-1014-lower-deployment-targets-from-ios-187watchos-265-to-the/DerivedData/Build/Intermediates.noindex/SingleThreadCore.build/Debug-watchsimulator/SingleThreadCore-t.build/Objects-normal/x86_64/SingleThreadCore_const_extract_protocols.json -Xcc -I/Users/vardy/dev/alanvardy-var-1014-lower-deployment-targets-from-ios-187watchos-265-to-the/DerivedData/Build/Products/Debug-watchsimulator/include -Xcc -I/Users/vardy/dev/alanvardy-var-1014-lower-deployment-targets-from-ios-187watchos-265-to-the/DerivedData/Build/Intermediates.noindex/SingleThreadCore.build/Debug-watchsimulator/SingleThreadCore-t.build/DerivedSources-normal/x86_64 -Xcc -I/Users/vardy/dev/alanvardy-var-1014-lower-deployment-targets-from-ios-187watchos-265-to-the/DerivedData/Build/Intermediates.noindex/SingleThreadCore.build/Debug-watchsimulator/SingleThreadCore-t.build/DerivedSources/x86_64 -Xcc -I/Users/vardy/dev/alanvardy-var-1014-lower-deployment-targets-from-ios-187watchos-265-to-the/DerivedData/Build/Intermediates.noindex/SingleThreadCore.build/Debug-watchsimulator/SingleThreadCore-t.build/DerivedSources -Xcc -DSWIFT_PACKAGE -Xcc -DDEBUG\=1 -emit-objc-header -emit-objc-header-path /Users/vardy/dev/alanvardy-var-1014-lower-deployment-targets-from-ios-187watchos-265-to-the/DerivedData/Build/Intermediates.noindex/SingleThreadCore.build/Debug-watchsimulator/SingleThreadCore-t.build/Objects-normal/x86_64/SingleThreadCore-Swift.h -working-directory /Users/vardy/dev/alanvardy-var-1014-lower-deployment-targets-from-ios-187watchos-265-to-the/SingleThread.xcodeproj -experimental-emit-module-separately -disable-cmo

Ld /Users/vardy/dev/alanvardy-var-1014-lower-deployment-targets-from-ios-187watchos-265-to-the/DerivedData/Build/Intermediates.noindex/SingleThreadCore.build/Debug-watchsimulator/SingleThreadCore-t.build/Objects-normal/x86_64/Binary/SingleThreadCore.o normal x86_64 (in target 'SingleThreadCore' from project 'SingleThreadCore')
    cd /Users/vardy/dev/alanvardy-var-1014-lower-deployment-targets-from-ios-187watchos-265-to-the/SingleThreadCore
    /Applications/Xcode.app/Contents/Developer/Toolchains/XcodeDefault.xctoolchain/usr/bin/clang -Xlinker -reproducible -target x86_64-apple-watchos11.0-simulator -r -isysroot /Applications/Xcode.app/Contents/Developer/Platforms/WatchSimulator.platform/Developer/SDKs/WatchSimulator27.0.sdk -O0 -Xlinker -no_warn_duplicate_libraries -F/Users/vardy/dev/alanvardy-var-1014-lower-deployment-targets-from-ios-187watchos-265-to-the/DerivedData/Build/Intermediates.noindex/EagerLinkingTBDs/Debug-watchsimulator -F/Users/vardy/dev/alanvardy-var-1014-lower-deployment-targets-from-ios-187watchos-265-to-the/DerivedData/Build/Products/Debug-watchsimulator -iframework /Applications/Xcode.app/Contents/Developer/Platforms/WatchSimulator.platform/Developer/Library/Frameworks -iframework /Applications/Xcode.app/Contents/Developer/Platforms/WatchSimulator.platform/Developer/SDKs/WatchSimulator27.0.sdk/Developer/Library/Frameworks -filelist /Users/vardy/dev/alanvardy-var-1014-lower-deployment-targets-from-ios-187watchos-265-to-the/DerivedData/Build/Intermediates.noindex/SingleThreadCore.build/Debug-watchsimulator/SingleThreadCore-t.build/Objects-normal/x86_64/SingleThreadCore.LinkFileList -nostdlib -Xlinker -object_path_lto -Xlinker /Users/vardy/dev/alanvardy-var-1014-lower-deployment-targets-from-ios-187watchos-265-to-the/DerivedData/Build/Intermediates.noindex/SingleThreadCore.build/Debug-watchsimulator/SingleThreadCore-t.build/Objects-normal/x86_64/SingleThreadCore_lto.o -Xlinker -no_deduplicate -Xlinker -objc_abi_version -Xlinker 2 -Xlinker -debug_variant -Xlinker -dependency_info -Xlinker /Users/vardy/dev/alanvardy-var-1014-lower-deployment-targets-from-ios-187watchos-265-to-the/DerivedData/Build/Intermediates.noindex/SingleThreadCore.build/Debug-watchsimulator/SingleThreadCore-t.build/Objects-normal/x86_64/SingleThreadCore_dependency_info.dat -fobjc-link-runtime -L/Applications/Xcode.app/Contents/Developer/Toolchains/XcodeDefault.xctoolchain/usr/lib/swift/watchsimulator -L/usr/lib/swift -Xlinker -add_ast_path -Xlinker /Users/vardy/dev/alanvardy-var-1014-lower-deployment-targets-from-ios-187watchos-265-to-the/DerivedData/Build/Intermediates.noindex/SingleThreadCore.build/Debug-watchsimulator/SingleThreadCore-t.build/Objects-normal/x86_64/SingleThreadCore.swiftmodule -o /Users/vardy/dev/alanvardy-var-1014-lower-deployment-targets-from-ios-187watchos-265-to-the/DerivedData/Build/Intermediates.noindex/SingleThreadCore.build/Debug-watchsimulator/SingleThreadCore-t.build/Objects-normal/x86_64/Binary/SingleThreadCore.o

SwiftDriverJobDiscovery normal arm64 Compiling ShowEnableActionButtonsState.swift (in target 'SingleThreadWatch' from project 'SingleThread')

CreateUniversalBinary /Users/vardy/dev/alanvardy-var-1014-lower-deployment-targets-from-ios-187watchos-265-to-the/DerivedData/Build/Products/Debug-watchsimulator/SingleThreadCore.o normal arm64\ x86_64 (in target 'SingleThreadCore' from project 'SingleThreadCore')
    cd /Users/vardy/dev/alanvardy-var-1014-lower-deployment-targets-from-ios-187watchos-265-to-the/SingleThreadCore
    /Applications/Xcode.app/Contents/Developer/Toolchains/XcodeDefault.xctoolchain/usr/bin/lipo -create /Users/vardy/dev/alanvardy-var-1014-lower-deployment-targets-from-ios-187watchos-265-to-the/DerivedData/Build/Intermediates.noindex/SingleThreadCore.build/Debug-watchsimulator/SingleThreadCore-t.build/Objects-normal/arm64/Binary/SingleThreadCore.o /Users/vardy/dev/alanvardy-var-1014-lower-deployment-targets-from-ios-187watchos-265-to-the/DerivedData/Build/Intermediates.noindex/SingleThreadCore.build/Debug-watchsimulator/SingleThreadCore-t.build/Objects-normal/x86_64/Binary/SingleThreadCore.o -output /Users/vardy/dev/alanvardy-var-1014-lower-deployment-targets-from-ios-187watchos-265-to-the/DerivedData/Build/Products/Debug-watchsimulator/SingleThreadCore.o

SwiftDriverJobDiscovery normal arm64 Compiling ShowCompletionGlowState.swift (in target 'SingleThreadWatch' from project 'SingleThread')

ExtractAppIntentsMetadata (in target 'SingleThreadCore' from project 'SingleThreadCore')
    cd /Users/vardy/dev/alanvardy-var-1014-lower-deployment-targets-from-ios-187watchos-265-to-the/SingleThreadCore
    /Applications/Xcode.app/Contents/Developer/Toolchains/XcodeDefault.xctoolchain/usr/bin/appintentsmetadataprocessor --toolchain-dir /Applications/Xcode.app/Contents/Developer/Toolchains/XcodeDefault.xctoolchain --module-name SingleThreadCore --sdk-root /Applications/Xcode.app/Contents/Developer/Platforms/WatchSimulator.platform/Developer/SDKs/WatchSimulator27.0.sdk --xcode-version 27A266a --platform-family watchOS --deployment-target 11.0 --bundle-identifier singlethreadcore.SingleThreadCore --output /Users/vardy/dev/alanvardy-var-1014-lower-deployment-targets-from-ios-187watchos-265-to-the/DerivedData/Build/Products/Debug-watchsimulator/SingleThreadCore.appintents --target-triple arm64-apple-watchos11.0-simulator --target-triple x86_64-apple-watchos11.0-simulator --binary-file /Users/vardy/dev/alanvardy-var-1014-lower-deployment-targets-from-ios-187watchos-265-to-the/DerivedData/Build/Products/Debug-watchsimulator/SingleThreadCore.o --dependency-file /Users/vardy/dev/alanvardy-var-1014-lower-deployment-targets-from-ios-187watchos-265-to-the/DerivedData/Build/Intermediates.noindex/SingleThreadCore.build/Debug-watchsimulator/SingleThreadCore-t.build/Objects-normal/arm64/SingleThreadCore_dependency_info.dat --dependency-file /Users/vardy/dev/alanvardy-var-1014-lower-deployment-targets-from-ios-187watchos-265-to-the/DerivedData/Build/Intermediates.noindex/SingleThreadCore.build/Debug-watchsimulator/SingleThreadCore-t.build/Objects-normal/x86_64/SingleThreadCore_dependency_info.dat --stringsdata-file /Users/vardy/dev/alanvardy-var-1014-lower-deployment-targets-from-ios-187watchos-265-to-the/DerivedData/Build/Intermediates.noindex/SingleThreadCore.build/Debug-watchsimulator/SingleThreadCore-t.build/Objects-normal/arm64/ExtractedAppShortcutsMetadata.stringsdata --stringsdata-file /Users/vardy/dev/alanvardy-var-1014-lower-deployment-targets-from-ios-187watchos-265-to-the/DerivedData/Build/Intermediates.noindex/SingleThreadCore.build/Debug-watchsimulator/SingleThreadCore-t.build/Objects-normal/x86_64/ExtractedAppShortcutsMetadata.stringsdata --source-file-list /Users/vardy/dev/alanvardy-var-1014-lower-deployment-targets-from-ios-187watchos-265-to-the/DerivedData/Build/Intermediates.noindex/SingleThreadCore.build/Debug-watchsimulator/SingleThreadCore-t.build/Objects-normal/arm64/SingleThreadCore.SwiftFileList --source-file-list /Users/vardy/dev/alanvardy-var-1014-lower-deployment-targets-from-ios-187watchos-265-to-the/DerivedData/Build/Intermediates.noindex/SingleThreadCore.build/Debug-watchsimulator/SingleThreadCore-t.build/Objects-normal/x86_64/SingleThreadCore.SwiftFileList --metadata-file-list /Users/vardy/dev/alanvardy-var-1014-lower-deployment-targets-from-ios-187watchos-265-to-the/DerivedData/Build/Intermediates.noindex/SingleThreadCore.build/Debug-watchsimulator/SingleThreadCore-t.build/SingleThreadCore.DependencyMetadataFileList --static-metadata-file-list /Users/vardy/dev/alanvardy-var-1014-lower-deployment-targets-from-ios-187watchos-265-to-the/DerivedData/Build/Intermediates.noindex/SingleThreadCore.build/Debug-watchsimulator/SingleThreadCore-t.build/SingleThreadCore.DependencyStaticMetadataFileList --swift-const-vals-list /Users/vardy/dev/alanvardy-var-1014-lower-deployment-targets-from-ios-187watchos-265-to-the/DerivedData/Build/Intermediates.noindex/SingleThreadCore.build/Debug-watchsimulator/SingleThreadCore-t.build/Objects-normal/arm64/SingleThreadCore.SwiftConstValuesFileList --swift-const-vals-list /Users/vardy/dev/alanvardy-var-1014-lower-deployment-targets-from-ios-187watchos-265-to-the/DerivedData/Build/Intermediates.noindex/SingleThreadCore.build/Debug-watchsimulator/SingleThreadCore-t.build/Objects-normal/x86_64/SingleThreadCore.SwiftConstValuesFileList --force --compile-time-extraction --deployment-aware-processing --no-app-shortcuts-localization
2026-09-15 20:37:17.661 appintentsmetadataprocessor[56372:17012451] Starting appintentsmetadataprocessor export
2026-09-15 20:37:17.704 appintentsmetadataprocessor[56372:17012451] Writing Metadata.appintents
2026-09-15 20:37:17.704 appintentsmetadataprocessor[56372:17012451] Metadata root: /Users/vardy/dev/alanvardy-var-1014-lower-deployment-targets-from-ios-187watchos-265-to-the/DerivedData/Build/Products/Debug-watchsimulator/SingleThreadCore.appintents/Metadata.appintents

SwiftDriverJobDiscovery normal x86_64 Compiling ShowRecurrenceState.swift (in target 'SingleThreadWatch' from project 'SingleThread')

SwiftDriverJobDiscovery normal x86_64 Compiling ShowCompletionGlowState.swift (in target 'SingleThreadWatch' from project 'SingleThread')

Ld /Users/vardy/dev/alanvardy-var-1014-lower-deployment-targets-from-ios-187watchos-265-to-the/DerivedData/Build/Intermediates.noindex/SingleThread.build/Debug-watchsimulator/SingleThreadWatch.build/Objects-normal/arm64/Binary/__preview.dylib normal arm64 (in target 'SingleThreadWatch' from project 'SingleThread')
    cd /Users/vardy/dev/alanvardy-var-1014-lower-deployment-targets-from-ios-187watchos-265-to-the
    /Applications/Xcode.app/Contents/Developer/Toolchains/XcodeDefault.xctoolchain/usr/bin/clang -Xlinker -reproducible -target arm64-apple-watchos11.0-simulator -dynamiclib -isysroot /Applications/Xcode.app/Contents/Developer/Platforms/WatchSimulator.platform/Developer/SDKs/WatchSimulator27.0.sdk -O0 -Xlinker -no_warn_duplicate_libraries -L/Users/vardy/dev/alanvardy-var-1014-lower-deployment-targets-from-ios-187watchos-265-to-the/DerivedData/Build/Products/Debug-watchsimulator -F/Users/vardy/dev/alanvardy-var-1014-lower-deployment-targets-from-ios-187watchos-265-to-the/DerivedData/Build/Products/Debug-watchsimulator/PackageFrameworks -F/Users/vardy/dev/alanvardy-var-1014-lower-deployment-targets-from-ios-187watchos-265-to-the/DerivedData/Build/Products/Debug-watchsimulator -install_name @rpath/SingleThreadWatch.debug.dylib -Xlinker -dead_strip -rdynamic -Xlinker -no_deduplicate -Xlinker -objc_abi_version -Xlinker 2 -Xlinker -debug_variant -Xlinker -dependency_info -Xlinker /Users/vardy/dev/alanvardy-var-1014-lower-deployment-targets-from-ios-187watchos-265-to-the/DerivedData/Build/Intermediates.noindex/SingleThread.build/Debug-watchsimulator/SingleThreadWatch.build/Objects-normal/arm64/SingleThreadWatch_dependency_info.dat -Xlinker -sectcreate -Xlinker __TEXT -Xlinker __entitlements -Xlinker /Users/vardy/dev/alanvardy-var-1014-lower-deployment-targets-from-ios-187watchos-265-to-the/DerivedData/Build/Intermediates.noindex/SingleThread.build/Debug-watchsimulator/SingleThreadWatch.build/SingleThreadWatch.app-Simulated.xcent -Xlinker -sectcreate -Xlinker __TEXT -Xlinker __ents_der -Xlinker /Users/vardy/dev/alanvardy-var-1014-lower-deployment-targets-from-ios-187watchos-265-to-the/DerivedData/Build/Intermediates.noindex/SingleThread.build/Debug-watchsimulator/SingleThreadWatch.build/SingleThreadWatch.app-Simulated.xcent.der -Xlinker -no_adhoc_codesign -o /Users/vardy/dev/alanvardy-var-1014-lower-deployment-targets-from-ios-187watchos-265-to-the/DerivedData/Build/Intermediates.noindex/SingleThread.build/Debug-watchsimulator/SingleThreadWatch.build/Objects-normal/arm64/Binary/__preview.dylib

Ld /Users/vardy/dev/alanvardy-var-1014-lower-deployment-targets-from-ios-187watchos-265-to-the/DerivedData/Build/Intermediates.noindex/SingleThread.build/Debug-watchsimulator/SingleThreadWatch.build/Objects-normal/x86_64/Binary/__preview.dylib normal x86_64 (in target 'SingleThreadWatch' from project 'SingleThread')
    cd /Users/vardy/dev/alanvardy-var-1014-lower-deployment-targets-from-ios-187watchos-265-to-the
    /Applications/Xcode.app/Contents/Developer/Toolchains/XcodeDefault.xctoolchain/usr/bin/clang -Xlinker -reproducible -target x86_64-apple-watchos11.0-simulator -dynamiclib -isysroot /Applications/Xcode.app/Contents/Developer/Platforms/WatchSimulator.platform/Developer/SDKs/WatchSimulator27.0.sdk -O0 -Xlinker -no_warn_duplicate_libraries -L/Users/vardy/dev/alanvardy-var-1014-lower-deployment-targets-from-ios-187watchos-265-to-the/DerivedData/Build/Products/Debug-watchsimulator -F/Users/vardy/dev/alanvardy-var-1014-lower-deployment-targets-from-ios-187watchos-265-to-the/DerivedData/Build/Products/Debug-watchsimulator/PackageFrameworks -F/Users/vardy/dev/alanvardy-var-1014-lower-deployment-targets-from-ios-187watchos-265-to-the/DerivedData/Build/Products/Debug-watchsimulator -install_name @rpath/SingleThreadWatch.debug.dylib -Xlinker -dead_strip -rdynamic -Xlinker -no_deduplicate -Xlinker -objc_abi_version -Xlinker 2 -Xlinker -debug_variant -Xlinker -dependency_info -Xlinker /Users/vardy/dev/alanvardy-var-1014-lower-deployment-targets-from-ios-187watchos-265-to-the/DerivedData/Build/Intermediates.noindex/SingleThread.build/Debug-watchsimulator/SingleThreadWatch.build/Objects-normal/x86_64/SingleThreadWatch_dependency_info.dat -Xlinker -sectcreate -Xlinker __TEXT -Xlinker __entitlements -Xlinker /Users/vardy/dev/alanvardy-var-1014-lower-deployment-targets-from-ios-187watchos-265-to-the/DerivedData/Build/Intermediates.noindex/SingleThread.build/Debug-watchsimulator/SingleThreadWatch.build/SingleThreadWatch.app-Simulated.xcent -Xlinker -sectcreate -Xlinker __TEXT -Xlinker __ents_der -Xlinker /Users/vardy/dev/alanvardy-var-1014-lower-deployment-targets-from-ios-187watchos-265-to-the/DerivedData/Build/Intermediates.noindex/SingleThread.build/Debug-watchsimulator/SingleThreadWatch.build/SingleThreadWatch.app-Simulated.xcent.der -Xlinker -no_adhoc_codesign -o /Users/vardy/dev/alanvardy-var-1014-lower-deployment-targets-from-ios-187watchos-265-to-the/DerivedData/Build/Intermediates.noindex/SingleThread.build/Debug-watchsimulator/SingleThreadWatch.build/Objects-normal/x86_64/Binary/__preview.dylib

Copy /Users/vardy/dev/alanvardy-var-1014-lower-deployment-targets-from-ios-187watchos-265-to-the/DerivedData/Build/Products/Debug-watchsimulator/SingleThreadWatch.app/SingleThreadCore_SingleThreadCore.bundle /Users/vardy/dev/alanvardy-var-1014-lower-deployment-targets-from-ios-187watchos-265-to-the/DerivedData/Build/Products/Debug-watchsimulator/SingleThreadCore_SingleThreadCore.bundle (in target 'SingleThreadWatch' from project 'SingleThread')
    cd /Users/vardy/dev/alanvardy-var-1014-lower-deployment-targets-from-ios-187watchos-265-to-the
    builtin-copy -exclude .DS_Store -exclude CVS -exclude .svn -exclude .git -exclude .hg -resolve-src-symlinks /Users/vardy/dev/alanvardy-var-1014-lower-deployment-targets-from-ios-187watchos-265-to-the/DerivedData/Build/Products/Debug-watchsimulator/SingleThreadCore_SingleThreadCore.bundle /Users/vardy/dev/alanvardy-var-1014-lower-deployment-targets-from-ios-187watchos-265-to-the/DerivedData/Build/Products/Debug-watchsimulator/SingleThreadWatch.app

SwiftDriverJobDiscovery normal x86_64 Compiling WatchReminderViewModel.swift (in target 'SingleThreadWatch' from project 'SingleThread')

CreateUniversalBinary /Users/vardy/dev/alanvardy-var-1014-lower-deployment-targets-from-ios-187watchos-265-to-the/DerivedData/Build/Products/Debug-watchsimulator/SingleThreadWatch.app/__preview.dylib normal arm64\ x86_64 (in target 'SingleThreadWatch' from project 'SingleThread')
    cd /Users/vardy/dev/alanvardy-var-1014-lower-deployment-targets-from-ios-187watchos-265-to-the
    /Applications/Xcode.app/Contents/Developer/Toolchains/XcodeDefault.xctoolchain/usr/bin/lipo -create /Users/vardy/dev/alanvardy-var-1014-lower-deployment-targets-from-ios-187watchos-265-to-the/DerivedData/Build/Intermediates.noindex/SingleThread.build/Debug-watchsimulator/SingleThreadWatch.build/Objects-normal/arm64/Binary/__preview.dylib /Users/vardy/dev/alanvardy-var-1014-lower-deployment-targets-from-ios-187watchos-265-to-the/DerivedData/Build/Intermediates.noindex/SingleThread.build/Debug-watchsimulator/SingleThreadWatch.build/Objects-normal/x86_64/Binary/__preview.dylib -output /Users/vardy/dev/alanvardy-var-1014-lower-deployment-targets-from-ios-187watchos-265-to-the/DerivedData/Build/Products/Debug-watchsimulator/SingleThreadWatch.app/__preview.dylib

SwiftDriverJobDiscovery normal arm64 Compiling ShowRecurrenceState.swift (in target 'SingleThreadWatch' from project 'SingleThread')

SwiftDriverJobDiscovery normal x86_64 Compiling WatchAppViewModel.swift (in target 'SingleThreadWatch' from project 'SingleThread')

SwiftDriverJobDiscovery normal arm64 Compiling WatchAppViewModel.swift (in target 'SingleThreadWatch' from project 'SingleThread')

SwiftDriverJobDiscovery normal arm64 Compiling WatchReminderView.swift (in target 'SingleThreadWatch' from project 'SingleThread')

SwiftDriver\ Compilation SingleThreadWatch normal arm64 com.apple.xcode.tools.swift.compiler (in target 'SingleThreadWatch' from project 'SingleThread')
    cd /Users/vardy/dev/alanvardy-var-1014-lower-deployment-targets-from-ios-187watchos-265-to-the
    builtin-Swift-Compilation -- /Applications/Xcode.app/Contents/Developer/Toolchains/XcodeDefault.xctoolchain/usr/bin/swiftc -module-name SingleThreadWatch -Onone @/Users/vardy/dev/alanvardy-var-1014-lower-deployment-targets-from-ios-187watchos-265-to-the/DerivedData/Build/Intermediates.noindex/SingleThread.build/Debug-watchsimulator/SingleThreadWatch.build/Objects-normal/arm64/SingleThreadWatch.SwiftFileList -DDEBUG -default-isolation\=MainActor -enable-upcoming-feature InferIsolatedConformances -enable-upcoming-feature NonisolatedNonsendingByDefault -enable-experimental-feature DebugDescriptionMacro -sdk /Applications/Xcode.app/Contents/Developer/Platforms/WatchSimulator.platform/Developer/SDKs/WatchSimulator27.0.sdk -target arm64-apple-watchos11.0-simulator -g -module-cache-path /Users/vardy/dev/alanvardy-var-1014-lower-deployment-targets-from-ios-187watchos-265-to-the/DerivedData/ModuleCache.noindex -Xfrontend -serialize-debugging-options -profile-coverage-mapping -profile-generate -enable-testing -warnings-as-errors -index-store-path /Users/vardy/dev/alanvardy-var-1014-lower-deployment-targets-from-ios-187watchos-265-to-the/DerivedData/Index.noindex/DataStore -Xcc -D_LIBCPP_HARDENING_MODE\=_LIBCPP_HARDENING_MODE_DEBUG -swift-version 6 -I /Users/vardy/dev/alanvardy-var-1014-lower-deployment-targets-from-ios-187watchos-265-to-the/DerivedData/Build/Products/Debug-watchsimulator -F /Users/vardy/dev/alanvardy-var-1014-lower-deployment-targets-from-ios-187watchos-265-to-the/DerivedData/Build/Products/Debug-watchsimulator/PackageFrameworks -F /Users/vardy/dev/alanvardy-var-1014-lower-deployment-targets-from-ios-187watchos-265-to-the/DerivedData/Build/Products/Debug-watchsimulator -emit-localized-strings -emit-localized-strings-path /Users/vardy/dev/alanvardy-var-1014-lower-deployment-targets-from-ios-187watchos-265-to-the/DerivedData/Build/Intermediates.noindex/SingleThread.build/Debug-watchsimulator/SingleThreadWatch.build/Objects-normal/arm64 -c -j12 -enable-batch-mode -incremental -Xcc -ivfsstatcache -Xcc /Users/vardy/dev/alanvardy-var-1014-lower-deployment-targets-from-ios-187watchos-265-to-the/DerivedData/SDKStatCaches.noindex/watchsimulator27.0-24R360-c50668d93734557a32a78b937f5ceaf1.sdkstatcache -output-file-map /Users/vardy/dev/alanvardy-var-1014-lower-deployment-targets-from-ios-187watchos-265-to-the/DerivedData/Build/Intermediates.noindex/SingleThread.build/Debug-watchsimulator/SingleThreadWatch.build/Objects-normal/arm64/SingleThreadWatch-OutputFileMap.json -save-temps -no-color-diagnostics -explicit-module-build -module-cache-path /Users/vardy/dev/alanvardy-var-1014-lower-deployment-targets-from-ios-187watchos-265-to-the/DerivedData/Build/Intermediates.noindex/SwiftExplicitPrecompiledModules -clang-scanner-module-cache-path /Users/vardy/dev/alanvardy-var-1014-lower-deployment-targets-from-ios-187watchos-265-to-the/DerivedData/ModuleCache.noindex -sdk-module-cache-path /Users/vardy/dev/alanvardy-var-1014-lower-deployment-targets-from-ios-187watchos-265-to-the/DerivedData/SDKExplicitPrecompiledModules -emit-dependencies -emit-module -emit-module-path /Users/vardy/dev/alanvardy-var-1014-lower-deployment-targets-from-ios-187watchos-265-to-the/DerivedData/Build/Intermediates.noindex/SingleThread.build/Debug-watchsimulator/SingleThreadWatch.build/Objects-normal/arm64/SingleThreadWatch.swiftmodule -serialize-diagnostics -dependency-scan-serialize-diagnostics-path /Users/vardy/dev/alanvardy-var-1014-lower-deployment-targets-from-ios-187watchos-265-to-the/DerivedData/Build/Intermediates.noindex/SingleThread.build/Debug-watchsimulator/SingleThreadWatch.build/Objects-normal/arm64/SingleThreadWatch-dependency-scan.dia -validate-clang-modules-once -clang-build-session-file /Users/vardy/dev/alanvardy-var-1014-lower-deployment-targets-from-ios-187watchos-265-to-the/DerivedData/ModuleCache.noindex/Session.modulevalidation -Xcc -fmodules-prune-interval\=86400 -Xcc -fmodules-prune-after\=345600 -emit-const-values -const-gather-protocols-list /Users/vardy/dev/alanvardy-var-1014-lower-deployment-targets-from-ios-187watchos-265-to-the/DerivedData/Build/Intermediates.noindex/SingleThread.build/Debug-watchsimulator/SingleThreadWatch.build/Objects-normal/arm64/SingleThreadWatch_const_extract_protocols.json -Xcc -iquote -Xcc /Users/vardy/dev/alanvardy-var-1014-lower-deployment-targets-from-ios-187watchos-265-to-the/DerivedData/Build/Intermediates.noindex/SingleThread.build/Debug-watchsimulator/SingleThreadWatch.build/SingleThreadWatch-generated-files.hmap -Xcc -I/Users/vardy/dev/alanvardy-var-1014-lower-deployment-targets-from-ios-187watchos-265-to-the/DerivedData/Build/Intermediates.noindex/SingleThread.build/Debug-watchsimulator/SingleThreadWatch.build/SingleThreadWatch-own-target-headers.hmap -Xcc -I/Users/vardy/dev/alanvardy-var-1014-lower-deployment-targets-from-ios-187watchos-265-to-the/DerivedData/Build/Intermediates.noindex/SingleThread.build/Debug-watchsimulator/SingleThreadWatch.build/SingleThreadWatch-all-non-framework-target-headers.hmap -Xcc -ivfsoverlay -Xcc /Users/vardy/dev/alanvardy-var-1014-lower-deployment-targets-from-ios-187watchos-265-to-the/DerivedData/Build/Intermediates.noindex/SingleThread.build/Debug-watchsimulator/SingleThread-33ec346c36bc7f11d2672a35e2382a55-VFS-watchsimulator/all-product-headers.yaml -Xcc -iquote -Xcc /Users/vardy/dev/alanvardy-var-1014-lower-deployment-targets-from-ios-187watchos-265-to-the/DerivedData/Build/Intermediates.noindex/SingleThread.build/Debug-watchsimulator/SingleThreadWatch.build/SingleThreadWatch-project-headers.hmap -Xcc -I/Users/vardy/dev/alanvardy-var-1014-lower-deployment-targets-from-ios-187watchos-265-to-the/DerivedData/Build/Products/Debug-watchsimulator/include -Xcc -I/Users/vardy/dev/alanvardy-var-1014-lower-deployment-targets-from-ios-187watchos-265-to-the/DerivedData/Build/Intermediates.noindex/SingleThread.build/Debug-watchsimulator/SingleThreadWatch.build/DerivedSources-normal/arm64 -Xcc -I/Users/vardy/dev/alanvardy-var-1014-lower-deployment-targets-from-ios-187watchos-265-to-the/DerivedData/Build/Intermediates.noindex/SingleThread.build/Debug-watchsimulator/SingleThreadWatch.build/DerivedSources/arm64 -Xcc -I/Users/vardy/dev/alanvardy-var-1014-lower-deployment-targets-from-ios-187watchos-265-to-the/DerivedData/Build/Intermediates.noindex/SingleThread.build/Debug-watchsimulator/SingleThreadWatch.build/DerivedSources -Xcc -DDEBUG\=1 -emit-objc-header -emit-objc-header-path /Users/vardy/dev/alanvardy-var-1014-lower-deployment-targets-from-ios-187watchos-265-to-the/DerivedData/Build/Intermediates.noindex/SingleThread.build/Debug-watchsimulator/SingleThreadWatch.build/Objects-normal/arm64/SingleThreadWatch-Swift.h -working-directory /Users/vardy/dev/alanvardy-var-1014-lower-deployment-targets-from-ios-187watchos-265-to-the -experimental-emit-module-separately -disable-cmo

Ld /Users/vardy/dev/alanvardy-var-1014-lower-deployment-targets-from-ios-187watchos-265-to-the/DerivedData/Build/Intermediates.noindex/SingleThread.build/Debug-watchsimulator/SingleThreadWatch.build/Objects-normal/arm64/Binary/SingleThreadWatch.debug.dylib normal arm64 (in target 'SingleThreadWatch' from project 'SingleThread')
    cd /Users/vardy/dev/alanvardy-var-1014-lower-deployment-targets-from-ios-187watchos-265-to-the
    /Applications/Xcode.app/Contents/Developer/Toolchains/XcodeDefault.xctoolchain/usr/bin/clang -Xlinker -reproducible -target arm64-apple-watchos11.0-simulator -dynamiclib -isysroot /Applications/Xcode.app/Contents/Developer/Platforms/WatchSimulator.platform/Developer/SDKs/WatchSimulator27.0.sdk -O0 -Xlinker -no_warn_duplicate_libraries -L/Users/vardy/dev/alanvardy-var-1014-lower-deployment-targets-from-ios-187watchos-265-to-the/DerivedData/Build/Intermediates.noindex/EagerLinkingTBDs/Debug-watchsimulator -L/Users/vardy/dev/alanvardy-var-1014-lower-deployment-targets-from-ios-187watchos-265-to-the/DerivedData/Build/Products/Debug-watchsimulator -F/Users/vardy/dev/alanvardy-var-1014-lower-deployment-targets-from-ios-187watchos-265-to-the/DerivedData/Build/Intermediates.noindex/EagerLinkingTBDs/Debug-watchsimulator -F/Users/vardy/dev/alanvardy-var-1014-lower-deployment-targets-from-ios-187watchos-265-to-the/DerivedData/Build/Products/Debug-watchsimulator/PackageFrameworks -F/Users/vardy/dev/alanvardy-var-1014-lower-deployment-targets-from-ios-187watchos-265-to-the/DerivedData/Build/Products/Debug-watchsimulator -filelist /Users/vardy/dev/alanvardy-var-1014-lower-deployment-targets-from-ios-187watchos-265-to-the/DerivedData/Build/Intermediates.noindex/SingleThread.build/Debug-watchsimulator/SingleThreadWatch.build/Objects-normal/arm64/SingleThreadWatch.LinkFileList -install_name @rpath/SingleThreadWatch.debug.dylib -Xlinker -rpath -Xlinker /usr/lib/swift -Xlinker -rpath -Xlinker @loader_path -Xlinker -rpath -Xlinker /Users/vardy/dev/alanvardy-var-1014-lower-deployment-targets-from-ios-187watchos-265-to-the/DerivedData/Build/Products/Debug-watchsimulator/PackageFrameworks -Xlinker -dead_strip -Xlinker -object_path_lto -Xlinker /Users/vardy/dev/alanvardy-var-1014-lower-deployment-targets-from-ios-187watchos-265-to-the/DerivedData/Build/Intermediates.noindex/SingleThread.build/Debug-watchsimulator/SingleThreadWatch.build/Objects-normal/arm64/SingleThreadWatch_lto.o -rdynamic -Xlinker -no_deduplicate -Xlinker -objc_abi_version -Xlinker 2 -Xlinker -debug_variant -Xlinker -dependency_info -Xlinker /Users/vardy/dev/alanvardy-var-1014-lower-deployment-targets-from-ios-187watchos-265-to-the/DerivedData/Build/Intermediates.noindex/SingleThread.build/Debug-watchsimulator/SingleThreadWatch.build/Objects-normal/arm64/SingleThreadWatch_dependency_info.dat -fobjc-link-runtime -fprofile-instr-generate -L/Applications/Xcode.app/Contents/Developer/Toolchains/XcodeDefault.xctoolchain/usr/lib/swift/watchsimulator -L/usr/lib/swift -Xlinker -add_ast_path -Xlinker /Users/vardy/dev/alanvardy-var-1014-lower-deployment-targets-from-ios-187watchos-265-to-the/DerivedData/Build/Intermediates.noindex/SingleThread.build/Debug-watchsimulator/SingleThreadWatch.build/Objects-normal/arm64/SingleThreadWatch.swiftmodule -Xlinker -alias -Xlinker _main -Xlinker ___debug_main_executable_dylib_entry_point -Xlinker -no_adhoc_codesign -o /Users/vardy/dev/alanvardy-var-1014-lower-deployment-targets-from-ios-187watchos-265-to-the/DerivedData/Build/Intermediates.noindex/SingleThread.build/Debug-watchsimulator/SingleThreadWatch.build/Objects-normal/arm64/Binary/SingleThreadWatch.debug.dylib

LinkAssetCatalog /Users/vardy/dev/alanvardy-var-1014-lower-deployment-targets-from-ios-187watchos-265-to-the/SingleThreadWatch/Assets.xcassets (in target 'SingleThreadWatch' from project 'SingleThread')
    cd /Users/vardy/dev/alanvardy-var-1014-lower-deployment-targets-from-ios-187watchos-265-to-the
    builtin-linkAssetCatalog --thinned /Users/vardy/dev/alanvardy-var-1014-lower-deployment-targets-from-ios-187watchos-265-to-the/DerivedData/Build/Intermediates.noindex/SingleThread.build/Debug-watchsimulator/SingleThreadWatch.build/assetcatalog_output/thinned --thinned-dependencies /Users/vardy/dev/alanvardy-var-1014-lower-deployment-targets-from-ios-187watchos-265-to-the/DerivedData/Build/Intermediates.noindex/SingleThread.build/Debug-watchsimulator/SingleThreadWatch.build/assetcatalog_dependencies_thinned --thinned-info-plist-content /Users/vardy/dev/alanvardy-var-1014-lower-deployment-targets-from-ios-187watchos-265-to-the/DerivedData/Build/Intermediates.noindex/SingleThread.build/Debug-watchsimulator/SingleThreadWatch.build/assetcatalog_generated_info.plist_thinned --unthinned /Users/vardy/dev/alanvardy-var-1014-lower-deployment-targets-from-ios-187watchos-265-to-the/DerivedData/Build/Intermediates.noindex/SingleThread.build/Debug-watchsimulator/SingleThreadWatch.build/assetcatalog_output/unthinned --unthinned-dependencies /Users/vardy/dev/alanvardy-var-1014-lower-deployment-targets-from-ios-187watchos-265-to-the/DerivedData/Build/Intermediates.noindex/SingleThread.build/Debug-watchsimulator/SingleThreadWatch.build/assetcatalog_dependencies_unthinned --unthinned-info-plist-content /Users/vardy/dev/alanvardy-var-1014-lower-deployment-targets-from-ios-187watchos-265-to-the/DerivedData/Build/Intermediates.noindex/SingleThread.build/Debug-watchsimulator/SingleThreadWatch.build/assetcatalog_generated_info.plist_unthinned --output /Users/vardy/dev/alanvardy-var-1014-lower-deployment-targets-from-ios-187watchos-265-to-the/DerivedData/Build/Products/Debug-watchsimulator/SingleThreadWatch.app --plist-output /Users/vardy/dev/alanvardy-var-1014-lower-deployment-targets-from-ios-187watchos-265-to-the/DerivedData/Build/Intermediates.noindex/SingleThread.build/Debug-watchsimulator/SingleThreadWatch.build/assetcatalog_generated_info.plist
note: Emplaced /Users/vardy/dev/alanvardy-var-1014-lower-deployment-targets-from-ios-187watchos-265-to-the/DerivedData/Build/Products/Debug-watchsimulator/SingleThreadWatch.app/Assets.car (in target 'SingleThreadWatch' from project 'SingleThread')

ProcessInfoPlistFile /Users/vardy/dev/alanvardy-var-1014-lower-deployment-targets-from-ios-187watchos-265-to-the/DerivedData/Build/Products/Debug-watchsimulator/SingleThreadWatch.app/Info.plist /Users/vardy/dev/alanvardy-var-1014-lower-deployment-targets-from-ios-187watchos-265-to-the/DerivedData/Build/Intermediates.noindex/SingleThread.build/Debug-watchsimulator/SingleThreadWatch.build/empty-SingleThreadWatch.plist (in target 'SingleThreadWatch' from project 'SingleThread')
    cd /Users/vardy/dev/alanvardy-var-1014-lower-deployment-targets-from-ios-187watchos-265-to-the
    builtin-infoPlistUtility /Users/vardy/dev/alanvardy-var-1014-lower-deployment-targets-from-ios-187watchos-265-to-the/DerivedData/Build/Intermediates.noindex/SingleThread.build/Debug-watchsimulator/SingleThreadWatch.build/empty-SingleThreadWatch.plist -producttype com.apple.product-type.application -genpkginfo /Users/vardy/dev/alanvardy-var-1014-lower-deployment-targets-from-ios-187watchos-265-to-the/DerivedData/Build/Products/Debug-watchsimulator/SingleThreadWatch.app/PkgInfo -expandbuildsettings -format binary -platform watchsimulator -additionalcontentfile /Users/vardy/dev/alanvardy-var-1014-lower-deployment-targets-from-ios-187watchos-265-to-the/DerivedData/Build/Intermediates.noindex/SingleThread.build/Debug-watchsimulator/SingleThreadWatch.build/assetcatalog_generated_info.plist -scanforprivacyfile /Users/vardy/dev/alanvardy-var-1014-lower-deployment-targets-from-ios-187watchos-265-to-the/DerivedData/Build/Products/Debug-watchsimulator/SingleThreadWatch.app/SingleThreadCore_SingleThreadCore.bundle -o /Users/vardy/dev/alanvardy-var-1014-lower-deployment-targets-from-ios-187watchos-265-to-the/DerivedData/Build/Products/Debug-watchsimulator/SingleThreadWatch.app/Info.plist

SwiftDriverJobDiscovery normal x86_64 Compiling WatchReminderView.swift (in target 'SingleThreadWatch' from project 'SingleThread')

SwiftDriver\ Compilation SingleThreadWatch normal x86_64 com.apple.xcode.tools.swift.compiler (in target 'SingleThreadWatch' from project 'SingleThread')
    cd /Users/vardy/dev/alanvardy-var-1014-lower-deployment-targets-from-ios-187watchos-265-to-the
    builtin-Swift-Compilation -- /Applications/Xcode.app/Contents/Developer/Toolchains/XcodeDefault.xctoolchain/usr/bin/swiftc -module-name SingleThreadWatch -Onone @/Users/vardy/dev/alanvardy-var-1014-lower-deployment-targets-from-ios-187watchos-265-to-the/DerivedData/Build/Intermediates.noindex/SingleThread.build/Debug-watchsimulator/SingleThreadWatch.build/Objects-normal/x86_64/SingleThreadWatch.SwiftFileList -DDEBUG -default-isolation\=MainActor -enable-upcoming-feature InferIsolatedConformances -enable-upcoming-feature NonisolatedNonsendingByDefault -enable-experimental-feature DebugDescriptionMacro -sdk /Applications/Xcode.app/Contents/Developer/Platforms/WatchSimulator.platform/Developer/SDKs/WatchSimulator27.0.sdk -target x86_64-apple-watchos11.0-simulator -g -module-cache-path /Users/vardy/dev/alanvardy-var-1014-lower-deployment-targets-from-ios-187watchos-265-to-the/DerivedData/ModuleCache.noindex -Xfrontend -serialize-debugging-options -profile-coverage-mapping -profile-generate -enable-testing -warnings-as-errors -index-store-path /Users/vardy/dev/alanvardy-var-1014-lower-deployment-targets-from-ios-187watchos-265-to-the/DerivedData/Index.noindex/DataStore -Xcc -D_LIBCPP_HARDENING_MODE\=_LIBCPP_HARDENING_MODE_DEBUG -swift-version 6 -I /Users/vardy/dev/alanvardy-var-1014-lower-deployment-targets-from-ios-187watchos-265-to-the/DerivedData/Build/Products/Debug-watchsimulator -F /Users/vardy/dev/alanvardy-var-1014-lower-deployment-targets-from-ios-187watchos-265-to-the/DerivedData/Build/Products/Debug-watchsimulator/PackageFrameworks -F /Users/vardy/dev/alanvardy-var-1014-lower-deployment-targets-from-ios-187watchos-265-to-the/DerivedData/Build/Products/Debug-watchsimulator -emit-localized-strings -emit-localized-strings-path /Users/vardy/dev/alanvardy-var-1014-lower-deployment-targets-from-ios-187watchos-265-to-the/DerivedData/Build/Intermediates.noindex/SingleThread.build/Debug-watchsimulator/SingleThreadWatch.build/Objects-normal/x86_64 -c -j12 -enable-batch-mode -incremental -Xcc -ivfsstatcache -Xcc /Users/vardy/dev/alanvardy-var-1014-lower-deployment-targets-from-ios-187watchos-265-to-the/DerivedData/SDKStatCaches.noindex/watchsimulator27.0-24R360-c50668d93734557a32a78b937f5ceaf1.sdkstatcache -output-file-map /Users/vardy/dev/alanvardy-var-1014-lower-deployment-targets-from-ios-187watchos-265-to-the/DerivedData/Build/Intermediates.noindex/SingleThread.build/Debug-watchsimulator/SingleThreadWatch.build/Objects-normal/x86_64/SingleThreadWatch-OutputFileMap.json -save-temps -no-color-diagnostics -explicit-module-build -module-cache-path /Users/vardy/dev/alanvardy-var-1014-lower-deployment-targets-from-ios-187watchos-265-to-the/DerivedData/Build/Intermediates.noindex/SwiftExplicitPrecompiledModules -clang-scanner-module-cache-path /Users/vardy/dev/alanvardy-var-1014-lower-deployment-targets-from-ios-187watchos-265-to-the/DerivedData/ModuleCache.noindex -sdk-module-cache-path /Users/vardy/dev/alanvardy-var-1014-lower-deployment-targets-from-ios-187watchos-265-to-the/DerivedData/SDKExplicitPrecompiledModules -emit-dependencies -emit-module -emit-module-path /Users/vardy/dev/alanvardy-var-1014-lower-deployment-targets-from-ios-187watchos-265-to-the/DerivedData/Build/Intermediates.noindex/SingleThread.build/Debug-watchsimulator/SingleThreadWatch.build/Objects-normal/x86_64/SingleThreadWatch.swiftmodule -serialize-diagnostics -dependency-scan-serialize-diagnostics-path /Users/vardy/dev/alanvardy-var-1014-lower-deployment-targets-from-ios-187watchos-265-to-the/DerivedData/Build/Intermediates.noindex/SingleThread.build/Debug-watchsimulator/SingleThreadWatch.build/Objects-normal/x86_64/SingleThreadWatch-dependency-scan.dia -validate-clang-modules-once -clang-build-session-file /Users/vardy/dev/alanvardy-var-1014-lower-deployment-targets-from-ios-187watchos-265-to-the/DerivedData/ModuleCache.noindex/Session.modulevalidation -Xcc -fmodules-prune-interval\=86400 -Xcc -fmodules-prune-after\=345600 -emit-const-values -const-gather-protocols-list /Users/vardy/dev/alanvardy-var-1014-lower-deployment-targets-from-ios-187watchos-265-to-the/DerivedData/Build/Intermediates.noindex/SingleThread.build/Debug-watchsimulator/SingleThreadWatch.build/Objects-normal/x86_64/SingleThreadWatch_const_extract_protocols.json -Xcc -iquote -Xcc /Users/vardy/dev/alanvardy-var-1014-lower-deployment-targets-from-ios-187watchos-265-to-the/DerivedData/Build/Intermediates.noindex/SingleThread.build/Debug-watchsimulator/SingleThreadWatch.build/SingleThreadWatch-generated-files.hmap -Xcc -I/Users/vardy/dev/alanvardy-var-1014-lower-deployment-targets-from-ios-187watchos-265-to-the/DerivedData/Build/Intermediates.noindex/SingleThread.build/Debug-watchsimulator/SingleThreadWatch.build/SingleThreadWatch-own-target-headers.hmap -Xcc -I/Users/vardy/dev/alanvardy-var-1014-lower-deployment-targets-from-ios-187watchos-265-to-the/DerivedData/Build/Intermediates.noindex/SingleThread.build/Debug-watchsimulator/SingleThreadWatch.build/SingleThreadWatch-all-non-framework-target-headers.hmap -Xcc -ivfsoverlay -Xcc /Users/vardy/dev/alanvardy-var-1014-lower-deployment-targets-from-ios-187watchos-265-to-the/DerivedData/Build/Intermediates.noindex/SingleThread.build/Debug-watchsimulator/SingleThread-33ec346c36bc7f11d2672a35e2382a55-VFS-watchsimulator/all-product-headers.yaml -Xcc -iquote -Xcc /Users/vardy/dev/alanvardy-var-1014-lower-deployment-targets-from-ios-187watchos-265-to-the/DerivedData/Build/Intermediates.noindex/SingleThread.build/Debug-watchsimulator/SingleThreadWatch.build/SingleThreadWatch-project-headers.hmap -Xcc -I/Users/vardy/dev/alanvardy-var-1014-lower-deployment-targets-from-ios-187watchos-265-to-the/DerivedData/Build/Products/Debug-watchsimulator/include -Xcc -I/Users/vardy/dev/alanvardy-var-1014-lower-deployment-targets-from-ios-187watchos-265-to-the/DerivedData/Build/Intermediates.noindex/SingleThread.build/Debug-watchsimulator/SingleThreadWatch.build/DerivedSources-normal/x86_64 -Xcc -I/Users/vardy/dev/alanvardy-var-1014-lower-deployment-targets-from-ios-187watchos-265-to-the/DerivedData/Build/Intermediates.noindex/SingleThread.build/Debug-watchsimulator/SingleThreadWatch.build/DerivedSources/x86_64 -Xcc -I/Users/vardy/dev/alanvardy-var-1014-lower-deployment-targets-from-ios-187watchos-265-to-the/DerivedData/Build/Intermediates.noindex/SingleThread.build/Debug-watchsimulator/SingleThreadWatch.build/DerivedSources -Xcc -DDEBUG\=1 -emit-objc-header -emit-objc-header-path /Users/vardy/dev/alanvardy-var-1014-lower-deployment-targets-from-ios-187watchos-265-to-the/DerivedData/Build/Intermediates.noindex/SingleThread.build/Debug-watchsimulator/SingleThreadWatch.build/Objects-normal/x86_64/SingleThreadWatch-Swift.h -working-directory /Users/vardy/dev/alanvardy-var-1014-lower-deployment-targets-from-ios-187watchos-265-to-the -experimental-emit-module-separately -disable-cmo

Ld /Users/vardy/dev/alanvardy-var-1014-lower-deployment-targets-from-ios-187watchos-265-to-the/DerivedData/Build/Intermediates.noindex/SingleThread.build/Debug-watchsimulator/SingleThreadWatch.build/Objects-normal/x86_64/Binary/SingleThreadWatch.debug.dylib normal x86_64 (in target 'SingleThreadWatch' from project 'SingleThread')
    cd /Users/vardy/dev/alanvardy-var-1014-lower-deployment-targets-from-ios-187watchos-265-to-the
    /Applications/Xcode.app/Contents/Developer/Toolchains/XcodeDefault.xctoolchain/usr/bin/clang -Xlinker -reproducible -target x86_64-apple-watchos11.0-simulator -dynamiclib -isysroot /Applications/Xcode.app/Contents/Developer/Platforms/WatchSimulator.platform/Developer/SDKs/WatchSimulator27.0.sdk -O0 -Xlinker -no_warn_duplicate_libraries -L/Users/vardy/dev/alanvardy-var-1014-lower-deployment-targets-from-ios-187watchos-265-to-the/DerivedData/Build/Intermediates.noindex/EagerLinkingTBDs/Debug-watchsimulator -L/Users/vardy/dev/alanvardy-var-1014-lower-deployment-targets-from-ios-187watchos-265-to-the/DerivedData/Build/Products/Debug-watchsimulator -F/Users/vardy/dev/alanvardy-var-1014-lower-deployment-targets-from-ios-187watchos-265-to-the/DerivedData/Build/Intermediates.noindex/EagerLinkingTBDs/Debug-watchsimulator -F/Users/vardy/dev/alanvardy-var-1014-lower-deployment-targets-from-ios-187watchos-265-to-the/DerivedData/Build/Products/Debug-watchsimulator/PackageFrameworks -F/Users/vardy/dev/alanvardy-var-1014-lower-deployment-targets-from-ios-187watchos-265-to-the/DerivedData/Build/Products/Debug-watchsimulator -filelist /Users/vardy/dev/alanvardy-var-1014-lower-deployment-targets-from-ios-187watchos-265-to-the/DerivedData/Build/Intermediates.noindex/SingleThread.build/Debug-watchsimulator/SingleThreadWatch.build/Objects-normal/x86_64/SingleThreadWatch.LinkFileList -install_name @rpath/SingleThreadWatch.debug.dylib -Xlinker -rpath -Xlinker /usr/lib/swift -Xlinker -rpath -Xlinker @loader_path -Xlinker -rpath -Xlinker /Users/vardy/dev/alanvardy-var-1014-lower-deployment-targets-from-ios-187watchos-265-to-the/DerivedData/Build/Products/Debug-watchsimulator/PackageFrameworks -Xlinker -dead_strip -Xlinker -object_path_lto -Xlinker /Users/vardy/dev/alanvardy-var-1014-lower-deployment-targets-from-ios-187watchos-265-to-the/DerivedData/Build/Intermediates.noindex/SingleThread.build/Debug-watchsimulator/SingleThreadWatch.build/Objects-normal/x86_64/SingleThreadWatch_lto.o -rdynamic -Xlinker -no_deduplicate -Xlinker -objc_abi_version -Xlinker 2 -Xlinker -debug_variant -Xlinker -dependency_info -Xlinker /Users/vardy/dev/alanvardy-var-1014-lower-deployment-targets-from-ios-187watchos-265-to-the/DerivedData/Build/Intermediates.noindex/SingleThread.build/Debug-watchsimulator/SingleThreadWatch.build/Objects-normal/x86_64/SingleThreadWatch_dependency_info.dat -fobjc-link-runtime -fprofile-instr-generate -L/Applications/Xcode.app/Contents/Developer/Toolchains/XcodeDefault.xctoolchain/usr/lib/swift/watchsimulator -L/usr/lib/swift -Xlinker -add_ast_path -Xlinker /Users/vardy/dev/alanvardy-var-1014-lower-deployment-targets-from-ios-187watchos-265-to-the/DerivedData/Build/Intermediates.noindex/SingleThread.build/Debug-watchsimulator/SingleThreadWatch.build/Objects-normal/x86_64/SingleThreadWatch.swiftmodule -Xlinker -alias -Xlinker _main -Xlinker ___debug_main_executable_dylib_entry_point -Xlinker -no_adhoc_codesign -o /Users/vardy/dev/alanvardy-var-1014-lower-deployment-targets-from-ios-187watchos-265-to-the/DerivedData/Build/Intermediates.noindex/SingleThread.build/Debug-watchsimulator/SingleThreadWatch.build/Objects-normal/x86_64/Binary/SingleThreadWatch.debug.dylib

ConstructStubExecutorLinkFileList /Users/vardy/dev/alanvardy-var-1014-lower-deployment-targets-from-ios-187watchos-265-to-the/DerivedData/Build/Intermediates.noindex/SingleThread.build/Debug-watchsimulator/SingleThreadWatch.build/SingleThreadWatch-ExecutorLinkFileList-normal-arm64.txt (in target 'SingleThreadWatch' from project 'SingleThread')
    cd /Users/vardy/dev/alanvardy-var-1014-lower-deployment-targets-from-ios-187watchos-265-to-the
    construct-stub-executor-link-file-list /Users/vardy/dev/alanvardy-var-1014-lower-deployment-targets-from-ios-187watchos-265-to-the/DerivedData/Build/Intermediates.noindex/SingleThread.build/Debug-watchsimulator/SingleThreadWatch.build/Objects-normal/arm64/Binary/SingleThreadWatch.debug.dylib /Applications/Xcode.app/Contents/Developer/Platforms/WatchSimulator.platform/Developer/usr/lib/libPreviewsJITStubExecutor_no_swift_entry_point.a /Applications/Xcode.app/Contents/Developer/Platforms/WatchSimulator.platform/Developer/usr/lib/libPreviewsJITStubExecutor.a --output /Users/vardy/dev/alanvardy-var-1014-lower-deployment-targets-from-ios-187watchos-265-to-the/DerivedData/Build/Intermediates.noindex/SingleThread.build/Debug-watchsimulator/SingleThreadWatch.build/SingleThreadWatch-ExecutorLinkFileList-normal-arm64.txt
note: Using stub executor library with Swift entry point. (in target 'SingleThreadWatch' from project 'SingleThread')

ConstructStubExecutorLinkFileList /Users/vardy/dev/alanvardy-var-1014-lower-deployment-targets-from-ios-187watchos-265-to-the/DerivedData/Build/Intermediates.noindex/SingleThread.build/Debug-watchsimulator/SingleThreadWatch.build/SingleThreadWatch-ExecutorLinkFileList-normal-x86_64.txt (in target 'SingleThreadWatch' from project 'SingleThread')
    cd /Users/vardy/dev/alanvardy-var-1014-lower-deployment-targets-from-ios-187watchos-265-to-the
    construct-stub-executor-link-file-list /Users/vardy/dev/alanvardy-var-1014-lower-deployment-targets-from-ios-187watchos-265-to-the/DerivedData/Build/Intermediates.noindex/SingleThread.build/Debug-watchsimulator/SingleThreadWatch.build/Objects-normal/x86_64/Binary/SingleThreadWatch.debug.dylib /Applications/Xcode.app/Contents/Developer/Platforms/WatchSimulator.platform/Developer/usr/lib/libPreviewsJITStubExecutor_no_swift_entry_point.a /Applications/Xcode.app/Contents/Developer/Platforms/WatchSimulator.platform/Developer/usr/lib/libPreviewsJITStubExecutor.a --output /Users/vardy/dev/alanvardy-var-1014-lower-deployment-targets-from-ios-187watchos-265-to-the/DerivedData/Build/Intermediates.noindex/SingleThread.build/Debug-watchsimulator/SingleThreadWatch.build/SingleThreadWatch-ExecutorLinkFileList-normal-x86_64.txt
note: Using stub executor library with Swift entry point. (in target 'SingleThreadWatch' from project 'SingleThread')

CreateUniversalBinary /Users/vardy/dev/alanvardy-var-1014-lower-deployment-targets-from-ios-187watchos-265-to-the/DerivedData/Build/Products/Debug-watchsimulator/SingleThreadWatch.app/SingleThreadWatch.debug.dylib normal arm64\ x86_64 (in target 'SingleThreadWatch' from project 'SingleThread')
    cd /Users/vardy/dev/alanvardy-var-1014-lower-deployment-targets-from-ios-187watchos-265-to-the
    /Applications/Xcode.app/Contents/Developer/Toolchains/XcodeDefault.xctoolchain/usr/bin/lipo -create /Users/vardy/dev/alanvardy-var-1014-lower-deployment-targets-from-ios-187watchos-265-to-the/DerivedData/Build/Intermediates.noindex/SingleThread.build/Debug-watchsimulator/SingleThreadWatch.build/Objects-normal/arm64/Binary/SingleThreadWatch.debug.dylib /Users/vardy/dev/alanvardy-var-1014-lower-deployment-targets-from-ios-187watchos-265-to-the/DerivedData/Build/Intermediates.noindex/SingleThread.build/Debug-watchsimulator/SingleThreadWatch.build/Objects-normal/x86_64/Binary/SingleThreadWatch.debug.dylib -output /Users/vardy/dev/alanvardy-var-1014-lower-deployment-targets-from-ios-187watchos-265-to-the/DerivedData/Build/Products/Debug-watchsimulator/SingleThreadWatch.app/SingleThreadWatch.debug.dylib

Ld /Users/vardy/dev/alanvardy-var-1014-lower-deployment-targets-from-ios-187watchos-265-to-the/DerivedData/Build/Intermediates.noindex/SingleThread.build/Debug-watchsimulator/SingleThreadWatch.build/Objects-normal/x86_64/Binary/SingleThreadWatch normal x86_64 (in target 'SingleThreadWatch' from project 'SingleThread')
    cd /Users/vardy/dev/alanvardy-var-1014-lower-deployment-targets-from-ios-187watchos-265-to-the
    /Applications/Xcode.app/Contents/Developer/Toolchains/XcodeDefault.xctoolchain/usr/bin/clang -Xlinker -reproducible -target x86_64-apple-watchos11.0-simulator -isysroot /Applications/Xcode.app/Contents/Developer/Platforms/WatchSimulator.platform/Developer/SDKs/WatchSimulator27.0.sdk -O0 -Xlinker -no_warn_duplicate_libraries -L/Users/vardy/dev/alanvardy-var-1014-lower-deployment-targets-from-ios-187watchos-265-to-the/DerivedData/Build/Products/Debug-watchsimulator -F/Users/vardy/dev/alanvardy-var-1014-lower-deployment-targets-from-ios-187watchos-265-to-the/DerivedData/Build/Products/Debug-watchsimulator/PackageFrameworks -F/Users/vardy/dev/alanvardy-var-1014-lower-deployment-targets-from-ios-187watchos-265-to-the/DerivedData/Build/Products/Debug-watchsimulator -Xlinker -rpath -Xlinker @executable_path -Xlinker -rpath -Xlinker @loader_path -Xlinker -rpath -Xlinker /Users/vardy/dev/alanvardy-var-1014-lower-deployment-targets-from-ios-187watchos-265-to-the/DerivedData/Build/Products/Debug-watchsimulator/PackageFrameworks -rdynamic -Xlinker -no_deduplicate -Xlinker -objc_abi_version -Xlinker 2 -Xlinker -debug_variant -e ___debug_blank_executor_main -Xlinker -sectcreate -Xlinker __TEXT -Xlinker __debug_dylib -Xlinker /Users/vardy/dev/alanvardy-var-1014-lower-deployment-targets-from-ios-187watchos-265-to-the/DerivedData/Build/Intermediates.noindex/SingleThread.build/Debug-watchsimulator/SingleThreadWatch.build/SingleThreadWatch-DebugDylibPath-normal-x86_64.txt -Xlinker -sectcreate -Xlinker __TEXT -Xlinker __debug_instlnm -Xlinker /Users/vardy/dev/alanvardy-var-1014-lower-deployment-targets-from-ios-187watchos-265-to-the/DerivedData/Build/Intermediates.noindex/SingleThread.build/Debug-watchsimulator/SingleThreadWatch.build/SingleThreadWatch-DebugDylibInstallName-normal-x86_64.txt -Xlinker -filelist -Xlinker /Users/vardy/dev/alanvardy-var-1014-lower-deployment-targets-from-ios-187watchos-265-to-the/DerivedData/Build/Intermediates.noindex/SingleThread.build/Debug-watchsimulator/SingleThreadWatch.build/SingleThreadWatch-ExecutorLinkFileList-normal-x86_64.txt -Xlinker -sectcreate -Xlinker __TEXT -Xlinker __entitlements -Xlinker /Users/vardy/dev/alanvardy-var-1014-lower-deployment-targets-from-ios-187watchos-265-to-the/DerivedData/Build/Intermediates.noindex/SingleThread.build/Debug-watchsimulator/SingleThreadWatch.build/SingleThreadWatch.app-Simulated.xcent -Xlinker -sectcreate -Xlinker __TEXT -Xlinker __ents_der -Xlinker /Users/vardy/dev/alanvardy-var-1014-lower-deployment-targets-from-ios-187watchos-265-to-the/DerivedData/Build/Intermediates.noindex/SingleThread.build/Debug-watchsimulator/SingleThreadWatch.build/SingleThreadWatch.app-Simulated.xcent.der /Users/vardy/dev/alanvardy-var-1014-lower-deployment-targets-from-ios-187watchos-265-to-the/DerivedData/Build/Intermediates.noindex/SingleThread.build/Debug-watchsimulator/SingleThreadWatch.build/Objects-normal/x86_64/Binary/SingleThreadWatch.debug.dylib -Xlinker -no_adhoc_codesign -o /Users/vardy/dev/alanvardy-var-1014-lower-deployment-targets-from-ios-187watchos-265-to-the/DerivedData/Build/Intermediates.noindex/SingleThread.build/Debug-watchsimulator/SingleThreadWatch.build/Objects-normal/x86_64/Binary/SingleThreadWatch

Ld /Users/vardy/dev/alanvardy-var-1014-lower-deployment-targets-from-ios-187watchos-265-to-the/DerivedData/Build/Intermediates.noindex/SingleThread.build/Debug-watchsimulator/SingleThreadWatch.build/Objects-normal/arm64/Binary/SingleThreadWatch normal arm64 (in target 'SingleThreadWatch' from project 'SingleThread')
    cd /Users/vardy/dev/alanvardy-var-1014-lower-deployment-targets-from-ios-187watchos-265-to-the
    /Applications/Xcode.app/Contents/Developer/Toolchains/XcodeDefault.xctoolchain/usr/bin/clang -Xlinker -reproducible -target arm64-apple-watchos11.0-simulator -isysroot /Applications/Xcode.app/Contents/Developer/Platforms/WatchSimulator.platform/Developer/SDKs/WatchSimulator27.0.sdk -O0 -Xlinker -no_warn_duplicate_libraries -L/Users/vardy/dev/alanvardy-var-1014-lower-deployment-targets-from-ios-187watchos-265-to-the/DerivedData/Build/Products/Debug-watchsimulator -F/Users/vardy/dev/alanvardy-var-1014-lower-deployment-targets-from-ios-187watchos-265-to-the/DerivedData/Build/Products/Debug-watchsimulator/PackageFrameworks -F/Users/vardy/dev/alanvardy-var-1014-lower-deployment-targets-from-ios-187watchos-265-to-the/DerivedData/Build/Products/Debug-watchsimulator -Xlinker -rpath -Xlinker @executable_path -Xlinker -rpath -Xlinker @loader_path -Xlinker -rpath -Xlinker /Users/vardy/dev/alanvardy-var-1014-lower-deployment-targets-from-ios-187watchos-265-to-the/DerivedData/Build/Products/Debug-watchsimulator/PackageFrameworks -rdynamic -Xlinker -no_deduplicate -Xlinker -objc_abi_version -Xlinker 2 -Xlinker -debug_variant -e ___debug_blank_executor_main -Xlinker -sectcreate -Xlinker __TEXT -Xlinker __debug_dylib -Xlinker /Users/vardy/dev/alanvardy-var-1014-lower-deployment-targets-from-ios-187watchos-265-to-the/DerivedData/Build/Intermediates.noindex/SingleThread.build/Debug-watchsimulator/SingleThreadWatch.build/SingleThreadWatch-DebugDylibPath-normal-arm64.txt -Xlinker -sectcreate -Xlinker __TEXT -Xlinker __debug_instlnm -Xlinker /Users/vardy/dev/alanvardy-var-1014-lower-deployment-targets-from-ios-187watchos-265-to-the/DerivedData/Build/Intermediates.noindex/SingleThread.build/Debug-watchsimulator/SingleThreadWatch.build/SingleThreadWatch-DebugDylibInstallName-normal-arm64.txt -Xlinker -filelist -Xlinker /Users/vardy/dev/alanvardy-var-1014-lower-deployment-targets-from-ios-187watchos-265-to-the/DerivedData/Build/Intermediates.noindex/SingleThread.build/Debug-watchsimulator/SingleThreadWatch.build/SingleThreadWatch-ExecutorLinkFileList-normal-arm64.txt -Xlinker -sectcreate -Xlinker __TEXT -Xlinker __entitlements -Xlinker /Users/vardy/dev/alanvardy-var-1014-lower-deployment-targets-from-ios-187watchos-265-to-the/DerivedData/Build/Intermediates.noindex/SingleThread.build/Debug-watchsimulator/SingleThreadWatch.build/SingleThreadWatch.app-Simulated.xcent -Xlinker -sectcreate -Xlinker __TEXT -Xlinker __ents_der -Xlinker /Users/vardy/dev/alanvardy-var-1014-lower-deployment-targets-from-ios-187watchos-265-to-the/DerivedData/Build/Intermediates.noindex/SingleThread.build/Debug-watchsimulator/SingleThreadWatch.build/SingleThreadWatch.app-Simulated.xcent.der /Users/vardy/dev/alanvardy-var-1014-lower-deployment-targets-from-ios-187watchos-265-to-the/DerivedData/Build/Intermediates.noindex/SingleThread.build/Debug-watchsimulator/SingleThreadWatch.build/Objects-normal/arm64/Binary/SingleThreadWatch.debug.dylib -Xlinker -no_adhoc_codesign -o /Users/vardy/dev/alanvardy-var-1014-lower-deployment-targets-from-ios-187watchos-265-to-the/DerivedData/Build/Intermediates.noindex/SingleThread.build/Debug-watchsimulator/SingleThreadWatch.build/Objects-normal/arm64/Binary/SingleThreadWatch

CreateUniversalBinary /Users/vardy/dev/alanvardy-var-1014-lower-deployment-targets-from-ios-187watchos-265-to-the/DerivedData/Build/Products/Debug-watchsimulator/SingleThreadWatch.app/SingleThreadWatch normal arm64\ x86_64 (in target 'SingleThreadWatch' from project 'SingleThread')
    cd /Users/vardy/dev/alanvardy-var-1014-lower-deployment-targets-from-ios-187watchos-265-to-the
    /Applications/Xcode.app/Contents/Developer/Toolchains/XcodeDefault.xctoolchain/usr/bin/lipo -create /Users/vardy/dev/alanvardy-var-1014-lower-deployment-targets-from-ios-187watchos-265-to-the/DerivedData/Build/Intermediates.noindex/SingleThread.build/Debug-watchsimulator/SingleThreadWatch.build/Objects-normal/arm64/Binary/SingleThreadWatch /Users/vardy/dev/alanvardy-var-1014-lower-deployment-targets-from-ios-187watchos-265-to-the/DerivedData/Build/Intermediates.noindex/SingleThread.build/Debug-watchsimulator/SingleThreadWatch.build/Objects-normal/x86_64/Binary/SingleThreadWatch -output /Users/vardy/dev/alanvardy-var-1014-lower-deployment-targets-from-ios-187watchos-265-to-the/DerivedData/Build/Products/Debug-watchsimulator/SingleThreadWatch.app/SingleThreadWatch

CopySwiftLibs /Users/vardy/dev/alanvardy-var-1014-lower-deployment-targets-from-ios-187watchos-265-to-the/DerivedData/Build/Products/Debug-watchsimulator/SingleThreadWatch.app (in target 'SingleThreadWatch' from project 'SingleThread')
    cd /Users/vardy/dev/alanvardy-var-1014-lower-deployment-targets-from-ios-187watchos-265-to-the
    builtin-swiftStdLibTool --copy --verbose --sign - --scan-executable /Users/vardy/dev/alanvardy-var-1014-lower-deployment-targets-from-ios-187watchos-265-to-the/DerivedData/Build/Products/Debug-watchsimulator/SingleThreadWatch.app/SingleThreadWatch.debug.dylib --scan-folder /Users/vardy/dev/alanvardy-var-1014-lower-deployment-targets-from-ios-187watchos-265-to-the/DerivedData/Build/Products/Debug-watchsimulator/SingleThreadWatch.app/Frameworks --scan-folder /Users/vardy/dev/alanvardy-var-1014-lower-deployment-targets-from-ios-187watchos-265-to-the/DerivedData/Build/Products/Debug-watchsimulator/SingleThreadWatch.app/PlugIns --scan-folder /Users/vardy/dev/alanvardy-var-1014-lower-deployment-targets-from-ios-187watchos-265-to-the/DerivedData/Build/Products/Debug-watchsimulator/SingleThreadWatch.app/SystemExtensions --scan-folder /Users/vardy/dev/alanvardy-var-1014-lower-deployment-targets-from-ios-187watchos-265-to-the/DerivedData/Build/Products/Debug-watchsimulator/SingleThreadWatch.app/Extensions --platform watchsimulator --toolchain /Applications/Xcode.app/Contents/Developer/Toolchains/XcodeDefault.xctoolchain --destination /Users/vardy/dev/alanvardy-var-1014-lower-deployment-targets-from-ios-187watchos-265-to-the/DerivedData/Build/Products/Debug-watchsimulator/SingleThreadWatch.app/Frameworks --strip-bitcode --strip-bitcode-tool /Applications/Xcode.app/Contents/Developer/Toolchains/XcodeDefault.xctoolchain/usr/bin/bitcode_strip --emit-dependency-info /Users/vardy/dev/alanvardy-var-1014-lower-deployment-targets-from-ios-187watchos-265-to-the/DerivedData/Build/Intermediates.noindex/SingleThread.build/Debug-watchsimulator/SingleThreadWatch.build/SwiftStdLibToolInputDependencies.dep --filter-for-swift-os --back-deploy-swift-span

ExtractAppIntentsMetadata (in target 'SingleThreadWatch' from project 'SingleThread')
    cd /Users/vardy/dev/alanvardy-var-1014-lower-deployment-targets-from-ios-187watchos-265-to-the
    /Applications/Xcode.app/Contents/Developer/Toolchains/XcodeDefault.xctoolchain/usr/bin/appintentsmetadataprocessor --toolchain-dir /Applications/Xcode.app/Contents/Developer/Toolchains/XcodeDefault.xctoolchain --module-name SingleThreadWatch --sdk-root /Applications/Xcode.app/Contents/Developer/Platforms/WatchSimulator.platform/Developer/SDKs/WatchSimulator27.0.sdk --xcode-version 27A266a --platform-family watchOS --deployment-target 11.0 --bundle-identifier app.alanvardy.SingleThread.watchkitapp --output /Users/vardy/dev/alanvardy-var-1014-lower-deployment-targets-from-ios-187watchos-265-to-the/DerivedData/Build/Products/Debug-watchsimulator/SingleThreadWatch.app --target-triple arm64-apple-watchos11.0-simulator --target-triple x86_64-apple-watchos11.0-simulator --binary-file /Users/vardy/dev/alanvardy-var-1014-lower-deployment-targets-from-ios-187watchos-265-to-the/DerivedData/Build/Products/Debug-watchsimulator/SingleThreadWatch.app/SingleThreadWatch --dependency-file /Users/vardy/dev/alanvardy-var-1014-lower-deployment-targets-from-ios-187watchos-265-to-the/DerivedData/Build/Intermediates.noindex/SingleThread.build/Debug-watchsimulator/SingleThreadWatch.build/Objects-normal/arm64/SingleThreadWatch_dependency_info.dat --dependency-file /Users/vardy/dev/alanvardy-var-1014-lower-deployment-targets-from-ios-187watchos-265-to-the/DerivedData/Build/Intermediates.noindex/SingleThread.build/Debug-watchsimulator/SingleThreadWatch.build/Objects-normal/x86_64/SingleThreadWatch_dependency_info.dat --stringsdata-file /Users/vardy/dev/alanvardy-var-1014-lower-deployment-targets-from-ios-187watchos-265-to-the/DerivedData/Build/Intermediates.noindex/SingleThread.build/Debug-watchsimulator/SingleThreadWatch.build/Objects-normal/arm64/ExtractedAppShortcutsMetadata.stringsdata --stringsdata-file /Users/vardy/dev/alanvardy-var-1014-lower-deployment-targets-from-ios-187watchos-265-to-the/DerivedData/Build/Intermediates.noindex/SingleThread.build/Debug-watchsimulator/SingleThreadWatch.build/Objects-normal/x86_64/ExtractedAppShortcutsMetadata.stringsdata --source-file-list /Users/vardy/dev/alanvardy-var-1014-lower-deployment-targets-from-ios-187watchos-265-to-the/DerivedData/Build/Intermediates.noindex/SingleThread.build/Debug-watchsimulator/SingleThreadWatch.build/Objects-normal/arm64/SingleThreadWatch.SwiftFileList --source-file-list /Users/vardy/dev/alanvardy-var-1014-lower-deployment-targets-from-ios-187watchos-265-to-the/DerivedData/Build/Intermediates.noindex/SingleThread.build/Debug-watchsimulator/SingleThreadWatch.build/Objects-normal/x86_64/SingleThreadWatch.SwiftFileList --metadata-file-list /Users/vardy/dev/alanvardy-var-1014-lower-deployment-targets-from-ios-187watchos-265-to-the/DerivedData/Build/Intermediates.noindex/SingleThread.build/Debug-watchsimulator/SingleThreadWatch.build/SingleThreadWatch.DependencyMetadataFileList --static-metadata-file-list /Users/vardy/dev/alanvardy-var-1014-lower-deployment-targets-from-ios-187watchos-265-to-the/DerivedData/Build/Intermediates.noindex/SingleThread.build/Debug-watchsimulator/SingleThreadWatch.build/SingleThreadWatch.DependencyStaticMetadataFileList --swift-const-vals-list /Users/vardy/dev/alanvardy-var-1014-lower-deployment-targets-from-ios-187watchos-265-to-the/DerivedData/Build/Intermediates.noindex/SingleThread.build/Debug-watchsimulator/SingleThreadWatch.build/Objects-normal/arm64/SingleThreadWatch.SwiftConstValuesFileList --swift-const-vals-list /Users/vardy/dev/alanvardy-var-1014-lower-deployment-targets-from-ios-187watchos-265-to-the/DerivedData/Build/Intermediates.noindex/SingleThread.build/Debug-watchsimulator/SingleThreadWatch.build/Objects-normal/x86_64/SingleThreadWatch.SwiftConstValuesFileList --compile-time-extraction --deployment-aware-processing --no-app-shortcuts-localization
2026-09-15 20:37:18.224 appintentsmetadataprocessor[56581:17012824] Starting appintentsmetadataprocessor export
2026-09-15 20:37:18.258 appintentsmetadataprocessor[56581:17012824] Writing Metadata.appintents
2026-09-15 20:37:18.258 appintentsmetadataprocessor[56581:17012824] Metadata root: /Users/vardy/dev/alanvardy-var-1014-lower-deployment-targets-from-ios-187watchos-265-to-the/DerivedData/Build/Products/Debug-watchsimulator/SingleThreadWatch.app/Metadata.appintents

CodeSign /Users/vardy/dev/alanvardy-var-1014-lower-deployment-targets-from-ios-187watchos-265-to-the/DerivedData/Build/Products/Debug-watchsimulator/SingleThreadWatch.app/SingleThreadWatch.debug.dylib (in target 'SingleThreadWatch' from project 'SingleThread')
    cd /Users/vardy/dev/alanvardy-var-1014-lower-deployment-targets-from-ios-187watchos-265-to-the
    
    Signing Identity:     "Sign to Run Locally"
    
    /usr/bin/codesign --force --sign - --timestamp\=none --generate-entitlement-der /Users/vardy/dev/alanvardy-var-1014-lower-deployment-targets-from-ios-187watchos-265-to-the/DerivedData/Build/Products/Debug-watchsimulator/SingleThreadWatch.app/SingleThreadWatch.debug.dylib

CodeSign /Users/vardy/dev/alanvardy-var-1014-lower-deployment-targets-from-ios-187watchos-265-to-the/DerivedData/Build/Products/Debug-watchsimulator/SingleThreadWatch.app/__preview.dylib (in target 'SingleThreadWatch' from project 'SingleThread')
    cd /Users/vardy/dev/alanvardy-var-1014-lower-deployment-targets-from-ios-187watchos-265-to-the
    
    Signing Identity:     "Sign to Run Locally"
    
    /usr/bin/codesign --force --sign - --timestamp\=none --generate-entitlement-der /Users/vardy/dev/alanvardy-var-1014-lower-deployment-targets-from-ios-187watchos-265-to-the/DerivedData/Build/Products/Debug-watchsimulator/SingleThreadWatch.app/__preview.dylib

CodeSign /Users/vardy/dev/alanvardy-var-1014-lower-deployment-targets-from-ios-187watchos-265-to-the/DerivedData/Build/Products/Debug-watchsimulator/SingleThreadWatch.app (in target 'SingleThreadWatch' from project 'SingleThread')
    cd /Users/vardy/dev/alanvardy-var-1014-lower-deployment-targets-from-ios-187watchos-265-to-the
    
    Signing Identity:     "Sign to Run Locally"
    
    /usr/bin/codesign --force --sign - --timestamp\=none --generate-entitlement-der /Users/vardy/dev/alanvardy-var-1014-lower-deployment-targets-from-ios-187watchos-265-to-the/DerivedData/Build/Products/Debug-watchsimulator/SingleThreadWatch.app

Validate /Users/vardy/dev/alanvardy-var-1014-lower-deployment-targets-from-ios-187watchos-265-to-the/DerivedData/Build/Products/Debug-watchsimulator/SingleThreadWatch.app (in target 'SingleThreadWatch' from project 'SingleThread')
    cd /Users/vardy/dev/alanvardy-var-1014-lower-deployment-targets-from-ios-187watchos-265-to-the
    builtin-validationUtility /Users/vardy/dev/alanvardy-var-1014-lower-deployment-targets-from-ios-187watchos-265-to-the/DerivedData/Build/Products/Debug-watchsimulator/SingleThreadWatch.app -shallow-bundle -infoplist-subpath Info.plist

PruneExplicitPrecompiledModules /Users/vardy/dev/alanvardy-var-1014-lower-deployment-targets-from-ios-187watchos-265-to-the/DerivedData/Build/Intermediates.noindex/ExplicitPrecompiledModules

PruneExplicitPrecompiledModules /Users/vardy/dev/alanvardy-var-1014-lower-deployment-targets-from-ios-187watchos-265-to-the/DerivedData/Build/Intermediates.noindex/SwiftExplicitPrecompiledModules

PruneExplicitPrecompiledModules /Users/vardy/dev/alanvardy-var-1014-lower-deployment-targets-from-ios-187watchos-265-to-the/DerivedData/SDKExplicitPrecompiledModules

** BUILD SUCCEEDED **

